country_code,event_date,total_view_minutes,total_views,total_purchases,avg_purchase_amount,temperature_2m_max,precipitation_sum,weathercode,is_rainy,temp_bin,temp_bin_cold,temp_bin_mild,temp_bin_hot,lag1_total_views,lag7_total_views,rolling_3day_avg,rolling_7day_avg,demand_level,simulated_purchases,base_revenue,dynamic_price,dynamic_revenue,predicted_demand
AE,2024-04-01,91.63333333333334,2,5.99,5.99,26.3,0.0,3.0,0,hot,False,False,True,2.0,2.0,1.6666666666666667,1.7142857142857142,High,0,0,110.00000000000001,0.0,Medium
AE,2024-04-15,92.01666666666667,2,599.0,599.0,31.5,0.0,3.0,0,hot,False,False,True,2.0,2.0,2.0,1.7142857142857142,High,0,0,110.00000000000001,0.0,Medium
AE,2024-11-05,91.98333333333333,2,14.99,14.99,33.9,0.0,0.0,0,hot,False,False,True,2.0,2.0,2.0,1.7142857142857142,High,0,0,110.00000000000001,0.0,Medium
AE,2024-12-27,0.0,1,2.99,2.99,27.5,0.0,0.0,0,hot,False,False,True,2.0,2.0,1.6666666666666667,1.5714285714285714,Medium,0,0,110.00000000000001,0.0,Medium
AE,2024-12-28,106.41666666666667,1,0.0,,27.2,0.0,3.0,0,hot,False,False,True,1.0,1.0,1.3333333333333333,1.5714285714285714,High,0,0,110.00000000000001,0.0,Medium
AE,2025-02-04,0.0,3,297.0,99.0,23.0,0.0,0.0,0,mild,False,True,False,1.0,1.0,1.6666666666666667,1.8571428571428572,Medium,0,0,110.00000000000001,0.0,Medium
AE,2025-02-05,0.0,6,594.0,99.0,23.7,0.0,2.0,0,mild,False,True,False,3.0,2.0,3.3333333333333335,2.4285714285714284,Medium,0,0,110.00000000000001,0.0,Medium
AE,2025-02-06,0.0,5,495.0,99.0,28.1,0.0,3.0,0,hot,False,False,True,6.0,2.0,4.666666666666667,2.857142857142857,Medium,0,0,110.00000000000001,0.0,Medium
AE,2025-02-07,0.0,3,297.0,99.0,28.1,0.0,3.0,0,hot,False,False,True,5.0,2.0,4.666666666666667,3.0,Medium,0,0,110.00000000000001,0.0,Medium
AE,2025-02-08,0.0,2,198.0,99.0,26.8,0.0,1.0,0,hot,False,False,True,3.0,2.0,3.3333333333333335,3.0,Medium,0,0,110.00000000000001,0.0,Medium
AE,2025-02-09,0.0,2,198.0,99.0,22.9,0.0,3.0,0,mild,False,True,False,2.0,1.0,2.3333333333333335,3.142857142857143,Medium,0,0,110.00000000000001,0.0,Medium
AE,2025-02-10,0.0,10,990.0,99.0,21.7,0.0,3.0,0,mild,False,True,False,2.0,1.0,4.666666666666667,4.428571428571429,Medium,0,0,110.00000000000001,0.0,Medium
AE,2025-02-12,0.0,2,198.0,99.0,28.1,0.0,3.0,0,hot,False,False,True,10.0,3.0,4.666666666666667,4.285714285714286,Medium,0,0,110.00000000000001,0.0,Medium
AE,2025-02-14,0.0,3,297.0,99.0,27.8,0.0,3.0,0,hot,False,False,True,2.0,6.0,5.0,3.857142857142857,Medium,0,0,110.00000000000001,0.0,Medium
AE,2025-02-15,0.0,1,99.0,99.0,24.8,0.0,3.0,0,mild,False,True,False,3.0,5.0,2.0,3.2857142857142856,Medium,0,0,110.00000000000001,0.0,Medium
AE,2025-02-17,0.0,8,792.0,99.0,28.0,1.8,51.0,1,hot,False,False,True,1.0,3.0,4.0,4.0,Medium,0,0,110.00000000000001,0.0,Medium
AE,2025-02-18,0.0,5,495.0,99.0,26.4,1.2,53.0,1,hot,False,False,True,8.0,2.0,4.666666666666667,4.428571428571429,Medium,0,0,110.00000000000001,0.0,Medium
AE,2025-05-26,14.466666666666665,4,0.0,0.0,41.9,0.0,0.0,0,,False,False,False,5.0,2.0,5.666666666666667,4.714285714285714,Medium,0,0,110.00000000000001,0.0,Medium
AE,2025-05-27,83.13333333333334,2,0.0,0.0,36.3,0.0,0.0,0,hot,False,False,True,4.0,10.0,3.6666666666666665,3.5714285714285716,High,0,0,110.00000000000001,0.0,Medium
AE,2025-06-01,0.0,1,0.0,0.0,38.0,0.0,3.0,0,hot,False,False,True,2.0,2.0,2.3333333333333335,3.4285714285714284,Medium,0,0,110.00000000000001,0.0,Medium
AE,2025-06-12,42.983333333333334,2,0.0,0.0,42.5,0.0,0.0,0,,False,False,False,1.0,3.0,1.6666666666666667,3.2857142857142856,Medium,0,0,110.00000000000001,0.0,Medium
KE,2019-09-19,12.133333333333333,1,0.0,,26.2,0.0,3.0,0,hot,False,False,True,2.0,2.0,1.3333333333333333,1.2857142857142858,Medium,0,0,110.00000000000001,0.0,Medium
KE,2019-09-26,15.666666666666666,2,600.0,600.0,23.1,31.7,65.0,1,mild,False,True,False,1.0,1.0,1.6666666666666667,1.4285714285714286,Medium,0,0,110.00000000000001,0.0,Medium
KE,2019-09-27,61.86666666666667,2,200.0,200.0,22.3,6.7,55.0,1,mild,False,True,False,2.0,1.0,1.6666666666666667,1.5714285714285714,High,0,0,110.00000000000001,0.0,Medium
KE,2019-09-28,0.0,1,400.0,400.0,25.9,0.9,51.0,0,hot,False,False,True,2.0,1.0,1.6666666666666667,1.5714285714285714,Medium,0,0,110.00000000000001,0.0,Medium
KE,2019-09-29,0.0,1,600.0,600.0,26.6,0.2,51.0,0,hot,False,False,True,1.0,2.0,1.3333333333333333,1.4285714285714286,Medium,0,0,110.00000000000001,0.0,Medium
KE,2019-09-30,135.28333333333333,5,200.0,200.0,28.8,1.2,51.0,1,hot,False,False,True,1.0,1.0,2.3333333333333335,2.0,High,0,0,110.00000000000001,0.0,Medium
KE,2019-10-05,59.016666666666666,3,300.0,150.0,23.1,11.3,61.0,1,mild,False,True,False,5.0,2.0,3.0,2.142857142857143,Medium,0,0,110.00000000000001,0.0,Medium
KE,2019-10-09,0.0,1,200.0,200.0,22.8,18.0,65.0,1,mild,False,True,False,3.0,1.0,3.0,2.142857142857143,Medium,0,0,110.00000000000001,0.0,Medium
KE,2019-10-12,0.0,1,100.0,100.0,24.5,20.4,65.0,1,mild,False,True,False,1.0,2.0,1.6666666666666667,2.0,Medium,0,0,110.00000000000001,0.0,Medium
KE,2019-10-13,96.33333333333333,19,1800.0,105.88235294117646,22.5,9.1,61.0,1,mild,False,True,False,1.0,2.0,7.0,4.428571428571429,High,0,0,120.0,0.0,High
KE,2019-10-14,89.73333333333333,6,500.0,166.66666666666666,24.2,7.6,61.0,1,mild,False,True,False,19.0,1.0,8.666666666666666,5.142857142857143,High,0,0,120.0,0.0,High
KE,2019-10-15,97.7,2,400.0,400.0,24.8,3.2,53.0,1,mild,False,True,False,6.0,1.0,9.0,5.285714285714286,High,0,0,120.0,0.0,High
KE,2019-10-16,90.53333333333333,4,600.0,300.0,24.2,2.2,53.0,1,mild,False,True,False,2.0,5.0,4.0,5.142857142857143,High,0,0,110.00000000000001,0.0,Medium
KE,2019-10-18,95.41666666666667,2,100.0,100.0,22.6,21.5,65.0,1,mild,False,True,False,4.0,3.0,2.6666666666666665,5.0,High,0,0,120.0,0.0,High
KE,2019-10-19,223.06666666666666,9,800.0,160.0,20.1,59.5,65.0,1,mild,False,True,False,2.0,1.0,5.0,6.142857142857143,High,0,0,120.0,0.0,High
KE,2019-10-20,60.13333333333333,2,200.0,200.0,24.3,11.0,61.0,1,mild,False,True,False,9.0,1.0,4.333333333333333,6.285714285714286,Medium,0,0,110.00000000000001,0.0,Medium
KE,2019-10-21,44.43333333333333,1,0.0,,24.6,14.9,65.0,1,mild,False,True,False,2.0,19.0,4.0,3.7142857142857144,Medium,0,0,110.00000000000001,0.0,Medium
KE,2019-10-23,71.15,3,300.0,150.0,22.8,23.5,63.0,1,mild,False,True,False,1.0,6.0,2.0,3.2857142857142856,High,0,0,110.00000000000001,0.0,Medium
KE,2019-10-24,1.5166666666666666,1,0.0,,23.0,63.1,65.0,1,mild,False,True,False,3.0,2.0,1.6666666666666667,3.142857142857143,Medium,0,0,110.00000000000001,0.0,Medium
KE,2019-10-26,41.483333333333334,7,1300.0,216.66666666666666,21.6,21.2,63.0,1,mild,False,True,False,1.0,4.0,3.6666666666666665,3.5714285714285716,Medium,0,0,110.00000000000001,0.0,Medium
KE,2019-10-28,41.53333333333333,2,100.0,100.0,23.4,6.3,61.0,1,mild,False,True,False,7.0,2.0,3.3333333333333335,3.5714285714285716,Medium,0,0,110.00000000000001,0.0,Medium
KE,2019-10-30,0.0,1,400.0,400.0,22.2,13.4,63.0,1,mild,False,True,False,2.0,9.0,3.3333333333333335,2.4285714285714284,Medium,0,0,110.00000000000001,0.0,Medium
KE,2019-11-02,0.0,1,100.0,100.0,23.7,2.8,61.0,1,mild,False,True,False,1.0,2.0,1.3333333333333333,2.2857142857142856,Medium,0,0,110.00000000000001,0.0,Medium
KE,2019-11-03,153.66666666666666,5,200.0,100.0,23.6,5.2,61.0,1,mild,False,True,False,1.0,1.0,2.3333333333333335,2.857142857142857,High,0,0,110.00000000000001,0.0,Medium
KE,2019-11-05,59.016666666666666,2,200.0,200.0,24.7,0.2,51.0,0,mild,False,True,False,5.0,3.0,2.6666666666666665,2.7142857142857144,Medium,0,0,110.00000000000001,0.0,Medium
KE,2019-11-06,62.53333333333333,4,400.0,200.0,25.2,2.5,53.0,1,hot,False,False,True,2.0,1.0,3.6666666666666665,3.142857142857143,High,0,0,110.00000000000001,0.0,Medium
KE,2019-11-07,86.3,4,100.0,33.333333333333336,24.6,13.3,63.0,1,mild,False,True,False,4.0,7.0,3.3333333333333335,2.7142857142857144,High,0,0,110.00000000000001,0.0,Medium
KE,2019-11-08,53.516666666666666,2,400.0,400.0,23.4,17.7,65.0,1,mild,False,True,False,4.0,2.0,3.3333333333333335,2.7142857142857144,Medium,0,0,110.00000000000001,0.0,Medium
KE,2019-11-09,61.166666666666664,2,600.0,600.0,24.4,4.6,55.0,1,mild,False,True,False,2.0,1.0,2.6666666666666665,2.857142857142857,High,0,0,110.00000000000001,0.0,Medium
KE,2019-11-14,0.7,13,4400.0,400.0,21.3,11.5,61.0,1,mild,False,True,False,2.0,1.0,5.666666666666667,4.571428571428571,Medium,0,0,120.0,0.0,High
KE,2019-11-16,35.7,2,200.0,200.0,24.4,1.2,51.0,1,mild,False,True,False,13.0,5.0,5.666666666666667,4.142857142857143,Medium,0,0,110.00000000000001,0.0,Medium
KE,2019-11-17,0.0,3,1000.0,333.3333333333333,24.2,2.2,51.0,1,mild,False,True,False,2.0,2.0,6.0,4.285714285714286,Medium,0,0,110.00000000000001,0.0,Medium
KE,2019-11-18,61.666666666666664,1,0.0,,23.8,3.2,61.0,1,mild,False,True,False,3.0,4.0,2.0,3.857142857142857,High,0,0,110.00000000000001,0.0,Medium
KE,2019-11-19,62.83333333333333,5,1400.0,466.6666666666667,24.0,16.8,63.0,1,mild,False,True,False,1.0,4.0,3.0,4.0,High,0,0,110.00000000000001,0.0,Medium
KE,2019-11-26,75.66666666666667,2,600.0,600.0,22.0,24.2,63.0,1,mild,False,True,False,5.0,2.0,2.6666666666666665,4.0,High,0,0,120.0,0.0,High
KE,2019-11-30,62.61666666666667,6,400.0,133.33333333333334,20.4,32.2,63.0,1,mild,False,True,False,2.0,2.0,4.333333333333333,4.571428571428571,High,0,0,120.0,0.0,High
KE,2019-12-01,71.03333333333333,2,100.0,100.0,21.8,17.0,63.0,1,mild,False,True,False,6.0,13.0,3.3333333333333335,3.0,High,0,0,110.00000000000001,0.0,Medium
KE,2019-12-02,0.0,1,100.0,100.0,22.2,14.7,63.0,1,mild,False,True,False,2.0,2.0,3.0,2.857142857142857,Medium,0,0,110.00000000000001,0.0,Medium
KE,2019-12-06,13.516666666666667,2,400.0,400.0,23.4,5.4,53.0,1,mild,False,True,False,1.0,3.0,1.6666666666666667,2.7142857142857144,Medium,0,0,110.00000000000001,0.0,Medium
KE,2019-12-07,6.033333333333333,2,600.0,600.0,22.8,6.1,55.0,1,mild,False,True,False,2.0,1.0,1.6666666666666667,2.857142857142857,Medium,0,0,110.00000000000001,0.0,Medium
KE,2019-12-14,83.66666666666666,4,200.0,100.0,22.4,4.8,53.0,1,mild,False,True,False,2.0,5.0,2.6666666666666665,2.7142857142857144,High,0,0,110.00000000000001,0.0,Medium
KE,2019-12-15,98.98333333333333,26,4700.0,195.83333333333334,22.9,2.8,53.0,1,mild,False,True,False,4.0,2.0,10.666666666666666,6.142857142857143,High,0,0,120.0,0.0,High
KE,2019-12-16,71.03333333333333,2,100.0,100.0,23.9,4.0,61.0,1,mild,False,True,False,26.0,6.0,10.666666666666666,5.571428571428571,High,0,0,120.0,0.0,High
KE,2019-12-19,141.61666666666667,4,300.0,150.0,23.6,0.4,51.0,0,mild,False,True,False,2.0,2.0,10.666666666666666,5.857142857142857,High,0,0,120.0,0.0,High
KE,2019-12-23,109.56666666666666,2,200.0,200.0,23.4,3.1,53.0,1,mild,False,True,False,4.0,1.0,2.6666666666666665,6.0,High,0,0,120.0,0.0,High
KE,2019-12-24,179.83333333333334,4,200.0,100.0,23.2,34.3,63.0,1,mild,False,True,False,2.0,2.0,3.3333333333333335,6.285714285714286,High,0,0,120.0,0.0,High
KE,2019-12-25,0.0,1,200.0,200.0,23.6,7.4,63.0,1,mild,False,True,False,4.0,2.0,2.3333333333333335,6.142857142857143,Medium,0,0,110.00000000000001,0.0,Medium
KE,2019-12-26,94.0,4,300.0,150.0,23.7,13.9,63.0,1,mild,False,True,False,1.0,4.0,3.0,6.142857142857143,High,0,0,120.0,0.0,High
KE,2019-12-27,0.0,8,1100.0,137.5,24.6,2.5,53.0,1,mild,False,True,False,4.0,26.0,4.333333333333333,3.5714285714285716,Medium,0,0,110.00000000000001,0.0,Medium
KE,2019-12-29,89.78333333333333,2,100.0,100.0,23.1,3.4,53.0,1,mild,False,True,False,8.0,2.0,4.666666666666667,3.5714285714285716,High,0,0,110.00000000000001,0.0,Medium
KE,2020-01-02,4.783333333333333,1,0.0,,23.3,0.9,51.0,0,mild,False,True,False,2.0,4.0,3.6666666666666665,3.142857142857143,Medium,0,0,110.00000000000001,0.0,Medium
KE,2020-01-04,61.666666666666664,2,600.0,600.0,23.1,2.4,53.0,1,mild,False,True,False,1.0,2.0,1.6666666666666667,3.142857142857143,High,0,0,110.00000000000001,0.0,Medium
KE,2020-01-05,0.0,2,100.0,100.0,25.2,0.0,3.0,0,hot,False,False,True,2.0,4.0,1.6666666666666667,2.857142857142857,Medium,0,0,110.00000000000001,0.0,Medium
KE,2020-01-09,156.33333333333331,5,1200.0,400.0,23.1,2.9,53.0,1,mild,False,True,False,2.0,1.0,3.0,3.4285714285714284,High,0,0,110.00000000000001,0.0,Medium
KE,2020-01-10,47.666666666666664,1,0.0,,24.8,1.7,51.0,1,mild,False,True,False,5.0,4.0,2.6666666666666665,3.0,Medium,0,0,110.00000000000001,0.0,Medium
KE,2020-01-11,0.0,8,900.0,128.57142857142858,25.3,1.0,53.0,0,hot,False,False,True,1.0,8.0,4.666666666666667,3.0,Medium,0,0,110.00000000000001,0.0,Medium
KE,2020-01-12,165.0,7,300.0,100.0,24.1,8.1,63.0,1,mild,False,True,False,8.0,2.0,5.333333333333333,3.7142857142857144,High,0,0,110.00000000000001,0.0,Medium
KE,2020-01-14,0.0,1,0.0,,23.5,8.4,63.0,1,mild,False,True,False,7.0,1.0,5.333333333333333,3.7142857142857144,Medium,0,0,110.00000000000001,0.0,Medium
KE,2020-01-18,46.61666666666667,2,100.0,100.0,24.4,2.6,53.0,1,mild,False,True,False,1.0,2.0,3.3333333333333335,3.7142857142857144,Medium,0,0,110.00000000000001,0.0,Medium
KE,2020-01-19,226.10000000000002,6,300.0,100.0,24.0,1.7,51.0,1,mild,False,True,False,2.0,2.0,3.0,4.285714285714286,High,0,0,110.00000000000001,0.0,Medium
KE,2020-01-22,196.71666666666667,4,200.0,100.0,24.9,0.5,51.0,0,mild,False,True,False,6.0,5.0,4.0,4.142857142857143,High,0,0,110.00000000000001,0.0,Medium
KE,2020-01-26,7.016666666666667,2,100.0,100.0,21.2,20.1,63.0,1,mild,False,True,False,4.0,1.0,4.0,4.285714285714286,Medium,0,0,110.00000000000001,0.0,Medium
KE,2020-01-27,0.0,1,200.0,200.0,19.9,15.2,63.0,1,mild,False,True,False,2.0,8.0,2.3333333333333335,3.2857142857142856,Medium,0,0,110.00000000000001,0.0,Medium
KE,2020-01-29,0.0,1,100.0,100.0,23.7,18.3,63.0,1,mild,False,True,False,1.0,7.0,1.3333333333333333,2.4285714285714284,Medium,0,0,110.00000000000001,0.0,Medium
KE,2020-01-30,85.66666666666667,1,0.0,,23.3,9.4,63.0,1,mild,False,True,False,1.0,1.0,1.0,2.4285714285714284,High,0,0,110.00000000000001,0.0,Medium
KE,2020-02-02,0.0,1,100.0,100.0,23.2,8.1,61.0,1,mild,False,True,False,1.0,2.0,1.0,2.2857142857142856,Medium,0,0,110.00000000000001,0.0,Medium
KE,2020-02-04,0.0,26,2600.0,100.0,24.4,1.5,53.0,1,mild,False,True,False,1.0,6.0,9.333333333333334,5.142857142857143,Medium,0,0,120.0,0.0,High
KE,2020-02-08,215.83333333333334,4,300.0,150.0,24.4,0.4,51.0,0,mild,False,True,False,26.0,4.0,10.333333333333334,5.142857142857143,High,0,0,120.0,0.0,High
KE,2020-02-09,167.75,5,400.0,133.33333333333334,24.4,0.2,51.0,0,mild,False,True,False,4.0,2.0,11.666666666666666,5.571428571428571,High,0,0,110.00000000000001,0.0,Medium
KE,2020-02-12,119.66666666666667,2,200.0,200.0,25.9,0.3,51.0,0,hot,False,False,True,5.0,1.0,3.6666666666666665,5.714285714285714,High,0,0,110.00000000000001,0.0,Medium
KE,2020-02-13,119.66666666666667,3,600.0,300.0,24.2,18.9,63.0,1,mild,False,True,False,2.0,1.0,3.3333333333333335,6.0,High,0,0,110.00000000000001,0.0,Medium
KE,2020-02-14,341.48333333333335,8,500.0,125.0,23.2,2.7,53.0,1,mild,False,True,False,3.0,1.0,4.333333333333333,7.0,High,0,0,120.0,0.0,High
KE,2020-02-15,648.6333333333333,18,1400.0,140.0,22.9,4.8,53.0,1,mild,False,True,False,8.0,1.0,9.666666666666666,9.428571428571429,High,0,0,120.0,0.0,High
KE,2020-02-16,10714.516666666666,249,16200.0,120.8955223880597,22.8,5.9,61.0,1,mild,False,True,False,18.0,26.0,91.66666666666667,41.285714285714285,High,2,998,120.0,240.0,High
KE,2020-02-17,4191.666666666667,90,4600.0,102.22222222222223,24.8,3.0,53.0,1,mild,False,True,False,249.0,4.0,119.0,53.57142857142857,High,0,0,120.0,0.0,High
KE,2020-02-18,3956.616666666667,92,4700.0,102.17391304347827,24.6,4.5,53.0,1,mild,False,True,False,90.0,5.0,143.66666666666666,66.0,High,0,0,120.0,0.0,High
KE,2020-02-19,2464.9,65,4500.0,128.57142857142858,24.2,2.0,51.0,1,mild,False,True,False,92.0,2.0,82.33333333333333,75.0,High,0,0,120.0,0.0,High
KE,2020-02-20,2058.0833333333335,52,3000.0,111.11111111111111,25.7,0.9,51.0,0,hot,False,False,True,65.0,3.0,69.66666666666667,82.0,High,0,0,120.0,0.0,High
KE,2020-02-21,3274.7000000000003,80,5700.0,123.91304347826087,25.3,12.9,63.0,1,hot,False,False,True,52.0,8.0,65.66666666666667,92.28571428571429,High,0,0,120.0,0.0,High
KE,2020-02-22,3231.8,69,4000.0,117.6470588235294,25.0,2.9,51.0,1,mild,False,True,False,80.0,18.0,67.0,99.57142857142857,High,0,0,120.0,0.0,High
KE,2020-02-23,1948.45,43,2400.0,114.28571428571429,24.8,2.3,51.0,1,mild,False,True,False,69.0,249.0,64.0,70.14285714285714,High,0,0,120.0,0.0,High
KE,2020-02-24,1050.05,23,1700.0,130.76923076923077,24.6,2.2,53.0,1,mild,False,True,False,43.0,90.0,45.0,60.57142857142857,High,0,0,120.0,0.0,High
KE,2020-02-25,527.8333333333334,13,800.0,100.0,26.6,2.0,61.0,1,hot,False,False,True,23.0,92.0,26.333333333333332,49.285714285714285,High,0,0,120.0,0.0,High
KE,2020-02-26,829.1333333333333,18,1200.0,133.33333333333334,25.9,4.3,61.0,1,hot,False,False,True,13.0,65.0,18.0,42.57142857142857,High,0,0,120.0,0.0,High
KE,2020-02-27,503.26666666666665,11,600.0,100.0,24.6,58.9,65.0,1,mild,False,True,False,18.0,52.0,14.0,36.714285714285715,High,0,0,120.0,0.0,High
KE,2020-02-28,415.1,11,700.0,100.0,25.4,3.9,53.0,1,hot,False,False,True,11.0,80.0,13.333333333333334,26.857142857142858,High,0,0,120.0,0.0,High
KE,2020-02-29,1084.65,22,1200.0,109.0909090909091,26.6,0.2,51.0,0,hot,False,False,True,11.0,69.0,14.666666666666666,20.142857142857142,High,0,0,120.0,0.0,High
KE,2020-03-01,730.4833333333333,15,1400.0,175.0,26.7,2.3,55.0,1,hot,False,False,True,22.0,43.0,16.0,16.142857142857142,High,0,0,120.0,0.0,High
KE,2020-03-02,317.25,14,1200.0,133.33333333333334,24.4,16.5,63.0,1,mild,False,True,False,15.0,23.0,17.0,14.857142857142858,High,0,0,120.0,0.0,High
KE,2020-03-03,616.0500000000001,11,700.0,140.0,24.4,5.9,61.0,1,mild,False,True,False,14.0,13.0,13.333333333333334,14.571428571428571,High,0,0,120.0,0.0,High
KE,2020-03-04,174.76666666666665,5,300.0,100.0,25.3,3.2,55.0,1,hot,False,False,True,11.0,18.0,10.0,12.714285714285714,High,0,0,120.0,0.0,High
KE,2020-03-05,914.1,22,1200.0,109.0909090909091,26.3,18.3,65.0,1,hot,False,False,True,5.0,11.0,12.666666666666666,14.285714285714286,High,0,0,120.0,0.0,High
KE,2020-03-06,603.7666666666667,13,800.0,114.28571428571429,26.8,0.0,3.0,0,hot,False,False,True,22.0,11.0,13.333333333333334,14.571428571428571,High,0,0,120.0,0.0,High
KE,2020-03-07,178.91666666666666,9,600.0,100.0,26.0,38.9,63.0,1,hot,False,False,True,13.0,22.0,14.666666666666666,12.714285714285714,High,0,0,120.0,0.0,High
KE,2020-03-08,318.9,8,600.0,150.0,24.4,2.7,51.0,1,mild,False,True,False,9.0,15.0,10.0,11.714285714285714,High,0,0,120.0,0.0,High
KE,2020-03-09,373.3166666666667,8,400.0,100.0,24.7,34.6,65.0,1,mild,False,True,False,8.0,14.0,8.333333333333334,10.857142857142858,High,0,0,120.0,0.0,High
KE,2020-03-10,421.70000000000005,9,500.0,125.0,24.7,3.2,51.0,1,mild,False,True,False,8.0,11.0,8.333333333333334,10.571428571428571,High,0,0,120.0,0.0,High
KE,2020-03-11,0.0,1,100.0,100.0,24.7,16.0,63.0,1,mild,False,True,False,9.0,5.0,6.0,10.0,Medium,0,0,120.0,0.0,High
KE,2020-03-12,414.0,8,1700.0,425.0,24.5,5.8,61.0,1,mild,False,True,False,1.0,22.0,6.0,8.0,High,0,0,120.0,0.0,High
KE,2020-03-13,406.0,7,700.0,233.33333333333334,25.1,2.0,51.0,1,hot,False,False,True,8.0,13.0,5.333333333333333,7.142857142857143,High,0,0,120.0,0.0,High
KE,2020-03-14,513.95,10,500.0,100.0,24.6,3.3,55.0,1,mild,False,True,False,7.0,9.0,8.333333333333334,7.285714285714286,High,0,0,120.0,0.0,High
KE,2020-03-15,810.25,16,1100.0,137.5,26.3,2.4,51.0,1,hot,False,False,True,10.0,8.0,11.0,8.428571428571429,High,0,0,120.0,0.0,High
KE,2020-03-16,545.9166666666667,12,600.0,100.0,25.9,1.0,51.0,0,hot,False,False,True,16.0,8.0,12.666666666666666,9.0,High,0,0,120.0,0.0,High
KE,2020-03-17,578.9666666666667,13,1100.0,157.14285714285714,24.8,4.0,53.0,1,mild,False,True,False,12.0,9.0,13.666666666666666,9.571428571428571,High,0,0,120.0,0.0,High
KE,2020-03-18,819.9166666666667,19,1000.0,100.0,23.8,40.2,65.0,1,mild,False,True,False,13.0,1.0,14.666666666666666,12.142857142857142,High,0,0,120.0,0.0,High
KE,2020-03-19,1707.8166666666666,41,2600.0,118.18181818181819,23.6,5.7,53.0,1,mild,False,True,False,19.0,8.0,24.333333333333332,16.857142857142858,High,0,0,120.0,0.0,High
KE,2020-03-20,1204.15,30,1700.0,106.25,22.5,9.8,63.0,1,mild,False,True,False,41.0,7.0,30.0,20.142857142857142,High,0,0,120.0,0.0,High
KE,2020-03-21,503.8333333333333,15,900.0,100.0,24.6,17.3,65.0,1,mild,False,True,False,30.0,10.0,28.666666666666668,20.857142857142858,High,0,0,120.0,0.0,High
KE,2020-03-22,1982.65,43,2700.0,128.57142857142858,24.4,2.7,53.0,1,mild,False,True,False,15.0,16.0,29.333333333333332,24.714285714285715,High,0,0,120.0,0.0,High
KE,2020-03-23,1224.0833333333333,27,1500.0,107.14285714285714,23.7,7.5,63.0,1,mild,False,True,False,43.0,12.0,28.333333333333332,26.857142857142858,High,0,0,120.0,0.0,High
KE,2020-03-24,1401.3666666666668,34,2300.0,135.2941176470588,24.4,5.9,55.0,1,mild,False,True,False,27.0,13.0,34.666666666666664,29.857142857142858,High,0,0,120.0,0.0,High
KE,2020-03-25,943.15,19,1000.0,100.0,25.2,5.1,53.0,1,hot,False,False,True,34.0,19.0,26.666666666666668,29.857142857142858,High,0,0,120.0,0.0,High
KE,2020-03-26,1013.35,25,2000.0,142.85714285714286,25.2,13.8,63.0,1,hot,False,False,True,19.0,41.0,26.0,27.571428571428573,High,0,0,120.0,0.0,High
KE,2020-03-27,629.8166666666666,13,1000.0,142.85714285714286,22.1,24.5,63.0,1,mild,False,True,False,25.0,30.0,19.0,25.142857142857142,High,0,0,120.0,0.0,High
KE,2020-03-28,3185.55,65,4400.0,133.33333333333334,24.3,6.3,63.0,1,mild,False,True,False,13.0,15.0,34.333333333333336,32.285714285714285,High,0,0,120.0,0.0,High
KE,2020-03-29,1232.8333333333333,27,1600.0,123.07692307692308,23.7,6.8,61.0,1,mild,False,True,False,65.0,43.0,35.0,30.0,High,0,0,120.0,0.0,High
KE,2020-03-30,656.5833333333334,16,900.0,100.0,24.9,4.2,61.0,1,mild,False,True,False,27.0,27.0,36.0,28.428571428571427,High,0,0,120.0,0.0,High
KE,2020-03-31,870.9833333333333,16,700.0,100.0,24.5,1.9,51.0,1,mild,False,True,False,16.0,34.0,19.666666666666668,25.857142857142858,High,0,0,120.0,0.0,High
KE,2020-04-01,430.65000000000003,9,400.0,100.0,25.0,3.8,53.0,1,mild,False,True,False,16.0,19.0,13.666666666666666,24.428571428571427,High,0,0,120.0,0.0,High
KE,2020-04-02,193.43333333333334,7,800.0,200.0,25.5,3.5,53.0,1,hot,False,False,True,9.0,25.0,10.666666666666666,21.857142857142858,High,0,0,120.0,0.0,High
KE,2020-04-03,205.6,4,200.0,100.0,24.6,2.8,51.0,1,mild,False,True,False,7.0,13.0,6.666666666666667,20.571428571428573,High,0,0,120.0,0.0,High
KE,2020-04-04,730.5833333333334,16,900.0,100.0,23.9,1.9,51.0,1,mild,False,True,False,4.0,65.0,9.0,13.571428571428571,High,0,0,120.0,0.0,High
KE,2020-04-05,718.5833333333334,16,800.0,100.0,23.5,8.0,63.0,1,mild,False,True,False,16.0,27.0,12.0,12.0,High,0,0,120.0,0.0,High
KE,2020-04-06,0.0,1,100.0,100.0,23.8,1.8,51.0,1,mild,False,True,False,16.0,16.0,11.0,9.857142857142858,Medium,0,0,120.0,0.0,High
KE,2020-04-07,305.4,7,500.0,125.0,23.9,1.5,51.0,1,mild,False,True,False,1.0,16.0,8.0,8.571428571428571,High,0,0,120.0,0.0,High
KE,2020-04-08,490.0833333333333,8,300.0,100.0,24.6,1.0,53.0,0,mild,False,True,False,7.0,9.0,5.333333333333333,8.428571428571429,High,0,0,120.0,0.0,High
KE,2020-04-09,424.7,12,800.0,114.28571428571429,23.8,2.7,51.0,1,mild,False,True,False,8.0,7.0,9.0,9.142857142857142,High,0,0,120.0,0.0,High
KE,2020-04-10,212.2,7,600.0,150.0,24.7,2.7,51.0,1,mild,False,True,False,12.0,4.0,9.0,9.571428571428571,High,0,0,120.0,0.0,High
KE,2020-04-11,393.1666666666667,9,1000.0,250.0,24.9,1.6,51.0,1,mild,False,True,False,7.0,16.0,9.333333333333334,8.571428571428571,High,0,0,120.0,0.0,High
KE,2020-04-12,374.45,11,900.0,150.0,25.3,1.0,51.0,0,hot,False,False,True,9.0,16.0,9.0,7.857142857142857,High,0,0,120.0,0.0,High
KE,2020-04-13,157.16666666666666,6,600.0,150.0,24.3,13.4,63.0,1,mild,False,True,False,11.0,1.0,8.666666666666666,8.571428571428571,High,0,0,120.0,0.0,High
KE,2020-04-14,141.43333333333334,3,600.0,600.0,23.9,22.2,63.0,1,mild,False,True,False,6.0,7.0,6.666666666666667,8.0,High,0,0,120.0,0.0,High
KE,2020-04-15,184.18333333333334,5,300.0,100.0,25.7,63.2,65.0,1,hot,False,False,True,3.0,8.0,4.666666666666667,7.571428571428571,High,0,0,120.0,0.0,High
KE,2020-04-16,118.16666666666667,4,1200.0,400.0,24.9,25.6,65.0,1,mild,False,True,False,5.0,12.0,4.0,6.428571428571429,High,0,0,120.0,0.0,High
KE,2020-04-17,1218.6000000000001,25,1600.0,123.07692307692308,24.6,5.8,61.0,1,mild,False,True,False,4.0,7.0,11.333333333333334,9.0,High,0,0,120.0,0.0,High
KE,2020-04-18,598.8166666666667,20,1100.0,110.0,24.8,13.9,63.0,1,mild,False,True,False,25.0,9.0,16.333333333333332,10.571428571428571,High,0,0,120.0,0.0,High
KE,2020-04-19,841.3166666666667,19,1000.0,100.0,22.3,4.6,55.0,1,mild,False,True,False,20.0,11.0,21.333333333333332,11.714285714285714,High,0,0,120.0,0.0,High
KE,2020-04-20,959.25,22,1200.0,109.0909090909091,21.8,4.8,61.0,1,mild,False,True,False,19.0,6.0,20.333333333333332,14.0,High,0,0,120.0,0.0,High
KE,2020-04-21,735.7,16,1300.0,162.5,22.3,9.6,61.0,1,mild,False,True,False,22.0,3.0,19.0,15.857142857142858,High,0,0,120.0,0.0,High
KE,2020-04-22,532.1166666666667,13,700.0,100.0,22.7,26.1,65.0,1,mild,False,True,False,16.0,5.0,17.0,17.0,High,0,0,120.0,0.0,High
KE,2020-04-23,446.26666666666665,9,400.0,100.0,19.5,17.2,63.0,1,mild,False,True,False,13.0,4.0,12.666666666666666,17.714285714285715,High,0,0,120.0,0.0,High
KE,2020-04-24,524.0666666666667,9,700.0,175.0,23.9,14.4,63.0,1,mild,False,True,False,9.0,25.0,10.333333333333334,15.428571428571429,High,0,0,120.0,0.0,High
KE,2020-04-25,265.68333333333334,6,300.0,100.0,21.0,25.8,63.0,1,mild,False,True,False,9.0,20.0,8.0,13.428571428571429,High,0,0,120.0,0.0,High
KE,2020-04-26,291.8666666666667,11,1400.0,200.0,22.3,5.8,55.0,1,mild,False,True,False,6.0,19.0,8.666666666666666,12.285714285714286,High,0,0,120.0,0.0,High
KE,2020-04-27,354.3833333333333,9,600.0,120.0,23.4,9.8,61.0,1,mild,False,True,False,11.0,22.0,8.666666666666666,10.428571428571429,High,0,0,120.0,0.0,High
KE,2020-04-28,373.15000000000003,9,800.0,160.0,23.5,12.4,65.0,1,mild,False,True,False,9.0,16.0,9.666666666666666,9.428571428571429,High,0,0,120.0,0.0,High
KE,2020-04-29,105.16666666666667,3,300.0,150.0,22.7,14.1,63.0,1,mild,False,True,False,9.0,13.0,7.0,8.0,High,0,0,120.0,0.0,High
KE,2020-04-30,544.35,11,700.0,140.0,22.6,3.3,51.0,1,mild,False,True,False,3.0,9.0,7.666666666666667,8.285714285714286,High,0,0,120.0,0.0,High
KE,2020-05-01,213.81666666666666,7,400.0,100.0,22.9,7.3,53.0,1,mild,False,True,False,11.0,9.0,7.0,8.0,High,0,0,120.0,0.0,High
KE,2020-05-02,166.83333333333331,4,300.0,150.0,23.4,3.1,53.0,1,mild,False,True,False,7.0,6.0,7.333333333333333,7.714285714285714,High,0,0,120.0,0.0,High
KE,2020-05-03,206.2,5,300.0,100.0,23.0,2.7,51.0,1,mild,False,True,False,4.0,11.0,5.333333333333333,6.857142857142857,High,0,0,120.0,0.0,High
KE,2020-05-04,304.81666666666666,12,700.0,116.66666666666667,24.6,13.4,63.0,1,mild,False,True,False,5.0,9.0,7.0,7.285714285714286,High,0,0,120.0,0.0,High
KE,2020-05-05,103.1,2,100.0,100.0,24.1,7.9,63.0,1,mild,False,True,False,12.0,9.0,6.333333333333333,6.285714285714286,High,0,0,120.0,0.0,High
KE,2020-05-06,19.716666666666665,6,300.0,100.0,24.2,11.5,63.0,1,mild,False,True,False,2.0,3.0,6.666666666666667,6.714285714285714,Medium,0,0,110.00000000000001,0.0,Medium
KE,2020-05-07,132.8,4,200.0,100.0,23.2,2.7,53.0,1,mild,False,True,False,6.0,11.0,4.0,5.714285714285714,High,0,0,120.0,0.0,High
KE,2020-05-08,55.43333333333333,2,100.0,100.0,21.9,3.8,53.0,1,mild,False,True,False,4.0,7.0,4.0,5.0,Medium,0,0,120.0,0.0,High
KE,2020-05-09,120.96666666666667,4,200.0,100.0,22.6,4.5,53.0,1,mild,False,True,False,2.0,4.0,3.3333333333333335,5.0,High,0,0,120.0,0.0,High
KE,2020-05-10,105.16666666666667,2,100.0,100.0,21.6,2.3,53.0,1,mild,False,True,False,4.0,5.0,2.6666666666666665,4.571428571428571,High,0,0,120.0,0.0,High
KE,2020-05-11,107.16666666666667,2,100.0,100.0,22.5,15.8,63.0,1,mild,False,True,False,2.0,12.0,2.6666666666666665,3.142857142857143,High,0,0,110.00000000000001,0.0,Medium
KE,2020-05-12,235.95,8,600.0,150.0,23.4,1.9,51.0,1,mild,False,True,False,2.0,2.0,4.0,4.0,High,0,0,110.00000000000001,0.0,Medium
KE,2020-05-13,107.16666666666667,2,100.0,100.0,25.1,1.3,51.0,1,hot,False,False,True,8.0,6.0,4.0,3.4285714285714284,High,0,0,110.00000000000001,0.0,Medium
KE,2020-05-14,200.76666666666665,4,200.0,100.0,24.8,0.7,51.0,0,mild,False,True,False,2.0,4.0,4.666666666666667,3.4285714285714284,High,0,0,110.00000000000001,0.0,Medium
KE,2020-05-15,612.7833333333333,14,1000.0,142.85714285714286,21.4,22.9,63.0,1,mild,False,True,False,4.0,2.0,6.666666666666667,5.142857142857143,High,0,0,120.0,0.0,High
KE,2020-05-16,1071.1000000000001,27,2200.0,129.41176470588235,22.2,3.8,53.0,1,mild,False,True,False,14.0,4.0,15.0,8.428571428571429,High,0,0,120.0,0.0,High
KE,2020-05-17,482.71666666666664,13,800.0,114.28571428571429,22.0,0.8,51.0,0,mild,False,True,False,27.0,2.0,18.0,10.0,High,0,0,120.0,0.0,High
KE,2020-05-18,807.5333333333333,20,1400.0,140.0,23.4,0.3,51.0,0,mild,False,True,False,13.0,2.0,20.0,12.571428571428571,High,0,0,120.0,0.0,High
KE,2020-05-19,632.3333333333334,11,500.0,125.0,23.5,0.4,51.0,0,mild,False,True,False,20.0,8.0,14.666666666666666,13.0,High,0,0,120.0,0.0,High
KE,2020-05-20,107.16666666666667,4,200.0,100.0,22.3,2.4,53.0,1,mild,False,True,False,11.0,2.0,11.666666666666666,13.285714285714286,High,0,0,120.0,0.0,High
KE,2020-05-21,88.56666666666668,4,200.0,100.0,21.5,1.1,51.0,1,mild,False,True,False,4.0,4.0,6.333333333333333,13.285714285714286,High,0,0,120.0,0.0,High
KE,2020-05-22,160.2833333333333,5,300.0,100.0,22.4,1.5,51.0,1,mild,False,True,False,4.0,14.0,4.333333333333333,12.0,High,0,0,120.0,0.0,High
KE,2020-05-23,212.83333333333334,4,200.0,100.0,23.0,0.0,3.0,0,mild,False,True,False,5.0,27.0,4.333333333333333,8.714285714285714,High,0,0,120.0,0.0,High
KE,2020-05-24,171.68333333333334,6,700.0,175.0,23.6,0.7,51.0,0,mild,False,True,False,4.0,13.0,5.0,7.714285714285714,High,0,0,120.0,0.0,High
KE,2020-05-25,120.43333333333334,6,600.0,150.0,23.9,0.0,3.0,0,mild,False,True,False,6.0,20.0,5.333333333333333,5.714285714285714,High,0,0,120.0,0.0,High
KE,2020-05-26,103.51666666666667,4,300.0,100.0,23.0,0.3,51.0,0,mild,False,True,False,6.0,11.0,5.333333333333333,4.714285714285714,High,0,0,120.0,0.0,High
KE,2020-05-27,194.08333333333334,9,900.0,180.0,23.8,0.4,51.0,0,mild,False,True,False,4.0,4.0,6.333333333333333,5.428571428571429,High,0,0,120.0,0.0,High
KE,2020-05-28,398.6166666666667,9,1100.0,220.0,23.6,2.7,53.0,1,mild,False,True,False,9.0,4.0,7.333333333333333,6.142857142857143,High,0,0,120.0,0.0,High
KE,2020-05-29,457.3,19,1203.0,109.36363636363636,24.6,0.3,51.0,0,mild,False,True,False,9.0,5.0,12.333333333333334,8.142857142857142,High,0,0,120.0,0.0,High
KE,2020-05-30,524.3,17,1500.0,150.0,24.2,0.0,3.0,0,mild,False,True,False,19.0,4.0,15.0,10.0,High,0,0,120.0,0.0,High
KE,2020-05-31,1072.15,22,1100.0,100.0,24.0,0.0,3.0,0,mild,False,True,False,17.0,6.0,19.333333333333332,12.285714285714286,High,0,0,120.0,0.0,High
KE,2020-06-01,1301.75,26,2000.0,153.84615384615384,23.6,0.0,3.0,0,mild,False,True,False,22.0,6.0,21.666666666666668,15.142857142857142,High,0,0,120.0,0.0,High
KE,2020-06-02,108.46666666666667,6,300.0,100.0,23.4,1.0,53.0,0,mild,False,True,False,26.0,4.0,18.0,15.428571428571429,High,0,0,120.0,0.0,High
KE,2020-06-03,430.08333333333337,8,900.0,225.0,23.1,0.7,51.0,0,mild,False,True,False,6.0,9.0,13.333333333333334,15.285714285714286,High,0,0,120.0,0.0,High
KE,2020-06-04,105.13333333333334,2,100.0,100.0,24.6,0.1,51.0,0,mild,False,True,False,8.0,9.0,5.333333333333333,14.285714285714286,High,0,0,120.0,0.0,High
KE,2020-06-05,381.26666666666665,7,600.0,200.0,24.6,0.0,3.0,0,mild,False,True,False,2.0,19.0,5.666666666666667,12.571428571428571,High,0,0,120.0,0.0,High
KE,2020-06-06,127.38333333333334,9,1100.0,183.33333333333334,25.1,0.0,3.0,0,hot,False,False,True,7.0,17.0,6.0,11.428571428571429,High,0,0,120.0,0.0,High
KE,2020-06-07,0.0,2,200.0,100.0,23.1,1.8,53.0,1,mild,False,True,False,9.0,22.0,6.0,8.571428571428571,Medium,0,0,120.0,0.0,High
KE,2020-06-08,223.0,7,700.0,175.0,19.7,8.0,55.0,1,mild,False,True,False,2.0,26.0,6.0,5.857142857142857,High,0,0,120.0,0.0,High
KE,2020-06-09,205.28333333333333,4,500.0,250.0,21.9,0.7,51.0,0,mild,False,True,False,7.0,6.0,4.333333333333333,5.571428571428571,High,0,0,120.0,0.0,High
KE,2020-06-10,252.78333333333336,13,2400.0,342.85714285714283,18.4,7.2,55.0,1,mild,False,True,False,4.0,8.0,8.0,6.285714285714286,High,0,0,120.0,0.0,High
KE,2020-06-11,107.16666666666667,2,100.0,100.0,23.1,2.0,51.0,1,mild,False,True,False,13.0,2.0,6.333333333333333,6.285714285714286,High,0,0,120.0,0.0,High
KE,2020-06-13,211.61666666666667,5,600.0,200.0,22.7,4.3,53.0,1,mild,False,True,False,2.0,7.0,6.666666666666667,6.0,High,0,0,120.0,0.0,High
KE,2020-06-14,183.66666666666669,4,500.0,250.0,22.4,10.3,61.0,1,mild,False,True,False,5.0,9.0,3.6666666666666665,5.285714285714286,High,0,0,120.0,0.0,High
KE,2020-06-15,188.21666666666667,4,200.0,100.0,20.0,0.1,51.0,0,mild,False,True,False,4.0,2.0,4.333333333333333,5.571428571428571,High,0,0,110.00000000000001,0.0,Medium
KE,2020-06-17,61.666666666666664,2,200.0,200.0,20.6,0.7,51.0,0,mild,False,True,False,4.0,7.0,3.3333333333333335,4.857142857142857,High,0,0,110.00000000000001,0.0,Medium
KE,2020-06-19,103.16666666666667,2,100.0,100.0,22.0,0.0,3.0,0,mild,False,True,False,2.0,4.0,2.6666666666666665,4.571428571428571,High,0,0,120.0,0.0,High
KE,2020-06-20,103.16666666666667,4,200.0,100.0,22.4,0.1,51.0,0,mild,False,True,False,2.0,13.0,2.6666666666666665,3.2857142857142856,High,0,0,110.00000000000001,0.0,Medium
KE,2020-06-21,272.78333333333336,5,200.0,100.0,21.9,0.6,51.0,0,mild,False,True,False,4.0,2.0,3.6666666666666665,3.7142857142857144,High,0,0,110.00000000000001,0.0,Medium
KE,2020-06-23,418.08333333333337,9,800.0,160.0,23.3,0.6,51.0,0,mild,False,True,False,5.0,5.0,6.0,4.285714285714286,High,0,0,120.0,0.0,High
KE,2020-06-25,0.0,1,800.0,800.0,22.3,0.1,51.0,0,mild,False,True,False,9.0,4.0,5.0,3.857142857142857,Medium,0,0,110.00000000000001,0.0,Medium
KE,2020-06-26,107.16666666666667,2,100.0,100.0,22.1,0.0,3.0,0,mild,False,True,False,1.0,4.0,4.0,3.5714285714285716,High,0,0,110.00000000000001,0.0,Medium
KE,2020-06-27,104.51666666666667,3,700.0,350.0,22.6,1.0,51.0,0,mild,False,True,False,2.0,2.0,2.0,3.7142857142857144,High,0,0,110.00000000000001,0.0,Medium
KE,2020-06-28,208.75,8,500.0,100.0,23.0,0.0,3.0,0,mild,False,True,False,3.0,2.0,4.333333333333333,4.571428571428571,High,0,0,110.00000000000001,0.0,Medium
KE,2020-06-29,17.5,5,0.0,0.0,23.0,0.0,3.0,0,mild,False,True,False,8.0,4.0,5.333333333333333,4.714285714285714,Medium,0,0,120.0,0.0,High
KE,2020-07-01,173.1,4,500.0,250.0,21.6,0.6,51.0,0,mild,False,True,False,5.0,5.0,5.666666666666667,4.571428571428571,High,0,0,120.0,0.0,High
KE,2020-07-03,107.46666666666667,2,100.0,100.0,20.9,0.8,51.0,0,mild,False,True,False,4.0,9.0,3.6666666666666665,3.5714285714285716,High,0,0,110.00000000000001,0.0,Medium
KE,2020-07-04,53.516666666666666,3,500.0,250.0,22.5,0.0,3.0,0,mild,False,True,False,2.0,1.0,3.0,3.857142857142857,Medium,0,0,110.00000000000001,0.0,Medium
KE,2020-07-05,393.3166666666667,19,1800.0,163.63636363636363,21.1,0.1,51.0,0,mild,False,True,False,3.0,2.0,8.0,6.285714285714286,High,0,0,120.0,0.0,High
KE,2020-07-06,208.5,6,400.0,133.33333333333334,21.6,0.3,51.0,0,mild,False,True,False,19.0,3.0,9.333333333333334,6.714285714285714,High,0,0,120.0,0.0,High
KE,2020-07-07,0.2,2,100.0,100.0,22.9,0.5,51.0,0,mild,False,True,False,6.0,8.0,9.0,5.857142857142857,Medium,0,0,120.0,0.0,High
KE,2020-07-08,247.15000000000003,10,850.0,141.66666666666666,22.4,0.8,51.0,0,mild,False,True,False,2.0,5.0,6.0,6.571428571428571,High,0,0,120.0,0.0,High
KE,2020-07-10,198.85000000000002,6,400.0,133.33333333333334,22.9,2.3,51.0,1,mild,False,True,False,10.0,4.0,6.0,6.857142857142857,High,0,0,120.0,0.0,High
KE,2020-07-11,237.58333333333334,3,0.0,,23.1,0.0,3.0,0,mild,False,True,False,6.0,2.0,6.333333333333333,7.0,High,0,0,120.0,0.0,High
KE,2020-07-12,13.633333333333333,2,100.0,100.0,23.5,0.3,51.0,0,mild,False,True,False,3.0,3.0,3.6666666666666665,6.857142857142857,Medium,0,0,110.00000000000001,0.0,Medium
KE,2020-07-13,21.033333333333335,2,0.0,0.0,21.8,0.9,51.0,0,mild,False,True,False,2.0,19.0,2.3333333333333335,4.428571428571429,Medium,0,0,110.00000000000001,0.0,Medium
KE,2020-07-14,169.03333333333333,10,225.0,37.5,22.0,4.2,61.0,1,mild,False,True,False,2.0,6.0,4.666666666666667,5.0,High,0,0,120.0,0.0,High
KE,2020-07-15,334.3666666666667,16,300.0,37.5,21.5,1.2,51.0,1,mild,False,True,False,10.0,2.0,9.333333333333334,7.0,High,0,0,120.0,0.0,High
KE,2020-07-16,11.666666666666666,2,100.0,100.0,20.2,4.3,61.0,1,mild,False,True,False,16.0,10.0,9.333333333333334,5.857142857142857,Medium,0,0,120.0,0.0,High
KE,2020-07-17,196.01666666666668,9,405.0,81.0,22.0,0.0,3.0,0,mild,False,True,False,2.0,6.0,9.0,6.285714285714286,High,0,0,120.0,0.0,High
KE,2020-07-18,2.033333333333333,2,5.0,5.0,20.8,0.1,51.0,0,mild,False,True,False,9.0,3.0,4.333333333333333,6.142857142857143,Medium,0,0,110.00000000000001,0.0,Medium
KE,2020-07-19,20.4,11,80.0,13.333333333333334,19.7,0.4,51.0,0,mild,False,True,False,2.0,2.0,7.333333333333333,7.428571428571429,Medium,0,0,120.0,0.0,High
KE,2020-07-20,2.033333333333333,5,210.0,70.0,19.5,0.0,3.0,0,mild,False,True,False,11.0,2.0,6.0,7.857142857142857,Medium,0,0,120.0,0.0,High
KE,2020-07-21,540.2166666666667,12,500.0,83.33333333333333,21.3,1.7,53.0,1,mild,False,True,False,5.0,10.0,9.333333333333334,8.142857142857142,High,0,0,120.0,0.0,High
KE,2020-07-22,150.16666666666669,10,225.0,37.5,22.9,3.7,53.0,1,mild,False,True,False,12.0,16.0,9.0,7.285714285714286,High,0,0,120.0,0.0,High
KE,2020-07-23,363.28333333333336,8,200.0,66.66666666666667,24.2,0.3,51.0,0,mild,False,True,False,10.0,2.0,10.0,8.142857142857142,High,0,0,110.00000000000001,0.0,Medium
KE,2020-07-24,165.9,8,820.0,205.0,23.2,0.0,3.0,0,mild,False,True,False,8.0,9.0,8.666666666666666,8.0,High,0,0,120.0,0.0,High
KE,2020-07-25,9.166666666666666,1,0.0,,23.3,0.0,3.0,0,mild,False,True,False,8.0,2.0,5.666666666666667,7.857142857142857,Medium,0,0,120.0,0.0,High
KE,2020-07-26,0.0,1,5.0,5.0,23.0,0.0,3.0,0,mild,False,True,False,1.0,11.0,3.3333333333333335,6.428571428571429,Medium,0,0,120.0,0.0,High
KE,2020-07-27,2.033333333333333,3,200.0,200.0,21.2,0.6,51.0,0,mild,False,True,False,1.0,5.0,1.6666666666666667,6.142857142857143,Medium,0,0,110.00000000000001,0.0,Medium
KE,2020-07-28,213.13333333333333,5,220.0,73.33333333333333,19.5,0.6,51.0,0,mild,False,True,False,3.0,12.0,3.0,5.142857142857143,High,0,0,120.0,0.0,High
KE,2020-07-29,56.666666666666664,2,400.0,400.0,21.6,0.6,51.0,0,mild,False,True,False,5.0,10.0,3.3333333333333335,4.0,Medium,0,0,110.00000000000001,0.0,Medium
KE,2020-07-30,1.6666666666666667,4,100.0,100.0,22.1,0.3,51.0,0,mild,False,True,False,2.0,8.0,3.6666666666666665,3.4285714285714284,Medium,0,0,110.00000000000001,0.0,Medium
KE,2020-07-31,107.16666666666667,5,350.0,116.66666666666667,22.8,0.8,51.0,0,mild,False,True,False,4.0,8.0,3.6666666666666665,3.0,High,0,0,110.00000000000001,0.0,Medium
KE,2020-08-01,217.78333333333336,43,920.0,35.38461538461539,23.0,0.0,3.0,0,mild,False,True,False,5.0,1.0,17.333333333333332,9.0,High,0,0,110.00000000000001,0.0,Medium
KE,2020-08-02,519.0166666666667,43,1165.0,52.95454545454545,22.2,0.2,51.0,0,mild,False,True,False,43.0,1.0,30.333333333333332,15.0,High,0,0,120.0,0.0,High
KE,2020-08-03,110.38333333333333,26,330.0,27.5,22.4,0.0,3.0,0,mild,False,True,False,43.0,3.0,37.333333333333336,18.285714285714285,High,0,0,120.0,0.0,High
KE,2020-08-04,148.33333333333334,15,450.0,50.0,22.7,0.0,3.0,0,mild,False,True,False,26.0,5.0,28.0,19.714285714285715,High,0,0,120.0,0.0,High
KE,2020-08-05,103.44999999999999,5,115.0,38.333333333333336,22.6,0.0,3.0,0,mild,False,True,False,15.0,2.0,15.333333333333334,20.142857142857142,High,0,0,120.0,0.0,High
KE,2020-08-06,32.666666666666664,9,180.0,36.0,25.4,0.2,51.0,0,hot,False,False,True,5.0,4.0,9.666666666666666,20.857142857142858,Medium,0,0,110.00000000000001,0.0,Medium
KE,2020-08-07,7.166666666666667,3,114.0,57.0,25.3,0.1,51.0,0,hot,False,False,True,9.0,5.0,5.666666666666667,20.571428571428573,Medium,0,0,110.00000000000001,0.0,Medium
KE,2020-08-08,206.33333333333334,3,100.0,100.0,23.9,0.3,51.0,0,mild,False,True,False,3.0,43.0,5.0,14.857142857142858,High,0,0,120.0,0.0,High
KE,2020-08-09,228.31666666666666,14,750.0,93.75,22.7,0.0,3.0,0,mild,False,True,False,3.0,43.0,6.666666666666667,10.714285714285714,High,0,0,120.0,0.0,High
KE,2020-08-10,73.83333333333334,6,320.0,80.0,25.2,0.3,51.0,0,hot,False,False,True,14.0,26.0,7.666666666666667,7.857142857142857,High,0,0,120.0,0.0,High
KE,2020-08-11,14.5,6,140.0,35.0,26.7,0.8,51.0,0,hot,False,False,True,6.0,15.0,8.666666666666666,6.571428571428571,Medium,0,0,120.0,0.0,High
KE,2020-08-12,119.5,5,115.0,57.5,23.7,5.1,53.0,1,mild,False,True,False,6.0,5.0,5.666666666666667,6.571428571428571,High,0,0,120.0,0.0,High
KE,2020-08-14,114.36666666666667,4,10.0,10.0,23.2,4.0,53.0,1,mild,False,True,False,5.0,9.0,5.0,5.857142857142857,High,0,0,120.0,0.0,High
KE,2020-08-16,0.0,1,15.0,15.0,21.8,0.0,3.0,0,mild,False,True,False,4.0,3.0,3.3333333333333335,5.571428571428571,Medium,0,0,110.00000000000001,0.0,Medium
KE,2020-08-17,8.166666666666666,5,35.0,17.5,22.9,1.2,51.0,1,mild,False,True,False,1.0,3.0,3.3333333333333335,5.857142857142857,Medium,0,0,110.00000000000001,0.0,Medium
KE,2020-08-18,103.16666666666667,2,100.0,100.0,24.6,0.1,51.0,0,mild,False,True,False,5.0,14.0,2.6666666666666665,4.142857142857143,High,0,0,110.00000000000001,0.0,Medium
KE,2020-08-19,231.16666666666669,14,305.0,43.57142857142857,21.7,0.6,51.0,0,mild,False,True,False,2.0,6.0,7.0,5.285714285714286,High,0,0,120.0,0.0,High
KE,2020-08-20,127.21666666666667,3,100.0,100.0,22.2,2.2,53.0,1,mild,False,True,False,14.0,6.0,6.333333333333333,4.857142857142857,High,0,0,120.0,0.0,High
KE,2020-08-22,270.1166666666667,8,480.0,120.0,21.5,3.3,53.0,1,mild,False,True,False,3.0,5.0,8.333333333333334,5.285714285714286,High,0,0,120.0,0.0,High
KE,2020-08-23,226.83333333333334,4,380.0,190.0,20.0,3.8,53.0,1,mild,False,True,False,8.0,4.0,5.0,5.285714285714286,High,0,0,120.0,0.0,High
KE,2020-08-24,170.83333333333334,6,560.0,140.0,20.9,4.9,53.0,1,mild,False,True,False,4.0,1.0,6.0,6.0,High,0,0,120.0,0.0,High
KE,2020-08-25,118.1,2,600.0,600.0,23.4,1.0,51.0,0,mild,False,True,False,6.0,5.0,4.0,5.571428571428571,High,0,0,120.0,0.0,High
KE,2020-08-28,105.05,2,100.0,100.0,23.9,1.4,51.0,1,mild,False,True,False,2.0,2.0,3.3333333333333335,5.571428571428571,High,0,0,110.00000000000001,0.0,Medium
KE,2020-08-29,214.33333333333334,3,100.0,100.0,24.5,0.0,3.0,0,mild,False,True,False,2.0,14.0,2.3333333333333335,4.0,High,0,0,110.00000000000001,0.0,Medium
KE,2020-08-30,34.166666666666664,9,205.0,41.0,25.7,0.0,3.0,0,hot,False,False,True,3.0,3.0,4.666666666666667,4.857142857142857,Medium,0,0,110.00000000000001,0.0,Medium
KE,2020-08-31,8.066666666666666,2,50.0,50.0,24.9,0.0,2.0,0,mild,False,True,False,9.0,8.0,4.666666666666667,4.0,Medium,0,0,110.00000000000001,0.0,Medium
KE,2020-09-03,14.166666666666666,2,25.0,25.0,24.0,0.0,3.0,0,mild,False,True,False,2.0,4.0,4.333333333333333,3.7142857142857144,Medium,0,0,110.00000000000001,0.0,Medium
KE,2020-09-04,30.633333333333336,4,15.0,15.0,24.3,3.8,61.0,1,mild,False,True,False,2.0,6.0,2.6666666666666665,3.4285714285714284,Medium,0,0,110.00000000000001,0.0,Medium
KE,2020-09-05,343.6666666666667,8,399.0,133.0,22.2,14.5,65.0,1,mild,False,True,False,4.0,2.0,4.666666666666667,4.285714285714286,High,0,0,120.0,0.0,High
KE,2020-09-07,0.0,1,599.0,599.0,17.1,4.9,53.0,1,mild,False,True,False,8.0,2.0,4.333333333333333,4.142857142857143,Medium,0,0,110.00000000000001,0.0,Medium
KE,2020-09-08,0.0,9,873.0,97.0,19.9,0.8,51.0,0,mild,False,True,False,1.0,3.0,6.0,5.0,Medium,0,0,110.00000000000001,0.0,Medium
KE,2020-09-09,0.0,1,5.0,5.0,20.2,0.4,51.0,0,mild,False,True,False,9.0,9.0,3.6666666666666665,3.857142857142857,Medium,0,0,110.00000000000001,0.0,Medium
KE,2020-09-12,0.0,4,717.0,239.0,22.4,0.6,51.0,0,mild,False,True,False,1.0,2.0,4.666666666666667,4.142857142857143,Medium,0,0,110.00000000000001,0.0,Medium
KE,2020-09-13,0.0,1,599.0,599.0,25.0,0.1,51.0,0,mild,False,True,False,4.0,2.0,2.0,4.0,Medium,0,0,110.00000000000001,0.0,Medium
KE,2020-09-14,0.0,1,10.0,10.0,25.0,0.0,3.0,0,mild,False,True,False,1.0,4.0,2.0,3.5714285714285716,Medium,0,0,110.00000000000001,0.0,Medium
KE,2020-09-15,346.6666666666667,9,588.0,117.6,24.1,1.1,51.0,1,mild,False,True,False,1.0,8.0,3.6666666666666665,3.7142857142857144,High,0,0,110.00000000000001,0.0,Medium
KE,2020-09-16,167.83333333333334,8,414.0,138.0,26.6,0.0,3.0,0,hot,False,False,True,9.0,1.0,6.0,4.714285714285714,High,0,0,110.00000000000001,0.0,Medium
KE,2020-09-17,222.83333333333334,5,115.0,57.5,26.1,0.0,3.0,0,hot,False,False,True,8.0,9.0,7.333333333333333,4.142857142857143,High,0,0,110.00000000000001,0.0,Medium
KE,2020-09-18,193.5,5,299.0,149.5,24.7,0.2,51.0,0,mild,False,True,False,5.0,1.0,6.0,4.714285714285714,High,0,0,110.00000000000001,0.0,Medium
KE,2020-09-19,157.5,5,597.0,199.0,23.3,2.2,53.0,1,mild,False,True,False,5.0,4.0,5.0,4.857142857142857,High,0,0,120.0,0.0,High
KE,2020-09-20,230.53333333333333,8,513.0,128.25,23.1,1.3,51.0,1,mild,False,True,False,5.0,1.0,6.0,5.857142857142857,High,0,0,120.0,0.0,High
KE,2020-09-21,89.05,1,0.0,,24.1,0.9,51.0,0,mild,False,True,False,8.0,1.0,4.666666666666667,5.857142857142857,High,0,0,110.00000000000001,0.0,Medium
KE,2020-09-23,107.43333333333334,1,0.0,,26.0,0.3,51.0,0,hot,False,False,True,1.0,9.0,3.3333333333333335,4.714285714285714,High,0,0,110.00000000000001,0.0,Medium
KE,2020-09-24,1.5666666666666667,2,0.0,0.0,23.4,0.8,51.0,0,mild,False,True,False,1.0,8.0,1.3333333333333333,3.857142857142857,Medium,0,0,110.00000000000001,0.0,Medium
KE,2020-09-25,214.33333333333334,4,398.0,199.0,23.4,14.7,63.0,1,mild,False,True,False,2.0,5.0,2.3333333333333335,3.7142857142857144,High,0,0,110.00000000000001,0.0,Medium
KE,2020-09-26,0.6333333333333333,3,214.0,107.0,23.8,7.4,63.0,1,mild,False,True,False,4.0,5.0,3.0,3.4285714285714284,Medium,0,0,110.00000000000001,0.0,Medium
KE,2020-09-27,200.61666666666667,6,398.0,199.0,25.7,0.0,3.0,0,hot,False,False,True,3.0,5.0,4.333333333333333,3.5714285714285716,High,0,0,110.00000000000001,0.0,Medium
KE,2020-09-28,13.333333333333334,3,50.0,50.0,24.2,0.2,51.0,0,mild,False,True,False,6.0,8.0,4.0,2.857142857142857,Medium,0,0,110.00000000000001,0.0,Medium
KE,2020-09-29,113.55,8,319.0,79.75,25.9,0.2,51.0,0,hot,False,False,True,3.0,1.0,5.666666666666667,3.857142857142857,High,0,0,110.00000000000001,0.0,Medium
KE,2020-09-30,306.7166666666667,10,305.0,61.0,25.9,1.4,51.0,1,hot,False,False,True,8.0,1.0,7.0,5.142857142857143,High,0,0,110.00000000000001,0.0,Medium
KE,2020-10-01,431.4666666666667,14,530.0,75.71428571428571,25.2,1.2,51.0,1,hot,False,False,True,10.0,2.0,10.666666666666666,6.857142857142857,High,0,0,110.00000000000001,0.0,Medium
KE,2020-10-02,121.71666666666667,8,459.0,91.8,25.8,1.7,55.0,1,hot,False,False,True,14.0,4.0,10.666666666666666,7.428571428571429,High,0,0,120.0,0.0,High
KE,2020-10-03,105.16666666666667,2,100.0,100.0,25.9,3.2,61.0,1,hot,False,False,True,8.0,3.0,8.0,7.285714285714286,High,0,0,120.0,0.0,High
KE,2020-10-04,333.3833333333333,9,600.0,100.0,27.0,0.0,3.0,0,hot,False,False,True,2.0,6.0,6.333333333333333,7.714285714285714,High,0,0,110.00000000000001,0.0,Medium
KE,2020-10-05,500.06666666666666,12,798.0,133.0,26.7,0.0,3.0,0,hot,False,False,True,9.0,3.0,7.666666666666667,9.0,High,0,0,110.00000000000001,0.0,Medium
KE,2020-10-06,140.66666666666669,3,99.0,99.0,27.0,0.0,3.0,0,hot,False,False,True,12.0,8.0,8.0,8.285714285714286,High,0,0,120.0,0.0,High
KE,2020-10-07,187.58333333333331,8,316.0,79.0,28.0,0.0,3.0,0,hot,False,False,True,3.0,10.0,7.666666666666667,8.0,High,0,0,110.00000000000001,0.0,Medium
KE,2020-10-09,5.666666666666667,2,0.0,0.0,26.9,0.1,51.0,0,hot,False,False,True,8.0,14.0,4.333333333333333,6.285714285714286,Medium,0,0,110.00000000000001,0.0,Medium
KE,2020-10-10,103.08333333333333,2,199.0,199.0,27.0,2.1,53.0,1,hot,False,False,True,2.0,8.0,4.0,5.428571428571429,High,0,0,110.00000000000001,0.0,Medium
KE,2020-10-11,112.81666666666668,5,242.0,80.66666666666667,27.2,1.3,53.0,1,hot,False,False,True,2.0,2.0,3.0,5.857142857142857,High,0,0,110.00000000000001,0.0,Medium
KE,2020-10-12,44.166666666666664,2,99.0,99.0,25.7,0.8,51.0,0,hot,False,False,True,5.0,9.0,3.0,4.857142857142857,Medium,0,0,110.00000000000001,0.0,Medium
KE,2020-10-13,0.0,1,14.0,14.0,27.7,0.0,3.0,0,hot,False,False,True,2.0,12.0,2.6666666666666665,3.2857142857142856,Medium,0,0,110.00000000000001,0.0,Medium
KE,2020-10-14,0.0,1,99.0,99.0,25.7,1.3,51.0,1,hot,False,False,True,1.0,3.0,1.3333333333333333,3.0,Medium,0,0,110.00000000000001,0.0,Medium
KE,2020-10-15,522.9166666666667,12,894.0,149.0,27.1,0.3,51.0,0,hot,False,False,True,1.0,8.0,4.666666666666667,3.5714285714285716,High,0,0,110.00000000000001,0.0,Medium
KE,2020-10-16,81.83333333333334,4,123.0,61.5,25.4,10.3,63.0,1,hot,False,False,True,12.0,2.0,5.666666666666667,3.857142857142857,High,0,0,110.00000000000001,0.0,Medium
KE,2020-10-18,44.016666666666666,4,398.0,199.0,23.7,2.1,53.0,1,mild,False,True,False,4.0,2.0,6.666666666666667,4.142857142857143,Medium,0,0,110.00000000000001,0.0,Medium
KE,2020-10-19,245.23333333333335,5,298.0,149.0,25.0,5.5,63.0,1,mild,False,True,False,4.0,5.0,4.333333333333333,4.142857142857143,High,0,0,110.00000000000001,0.0,Medium
KE,2020-10-20,275.35,6,497.0,165.66666666666666,22.7,12.4,63.0,1,mild,False,True,False,5.0,2.0,5.0,4.714285714285714,High,0,0,120.0,0.0,High
KE,2020-10-21,119.08333333333334,5,402.0,134.0,24.5,1.3,51.0,1,mild,False,True,False,6.0,1.0,5.333333333333333,5.285714285714286,High,0,0,110.00000000000001,0.0,Medium
KE,2020-10-22,102.66666666666667,2,99.0,99.0,26.5,0.0,3.0,0,hot,False,False,True,5.0,1.0,4.333333333333333,5.428571428571429,High,0,0,110.00000000000001,0.0,Medium
KE,2020-10-23,230.10000000000002,6,447.0,149.0,25.5,0.7,51.0,0,hot,False,False,True,2.0,12.0,4.333333333333333,4.571428571428571,High,0,0,110.00000000000001,0.0,Medium
KE,2020-10-24,19.116666666666667,2,49.0,49.0,25.8,0.9,51.0,0,hot,False,False,True,6.0,4.0,3.3333333333333335,4.285714285714286,Medium,0,0,110.00000000000001,0.0,Medium
KE,2020-10-25,84.76666666666667,3,99.0,99.0,24.0,2.8,53.0,1,mild,False,True,False,2.0,4.0,3.6666666666666665,4.142857142857143,High,0,0,110.00000000000001,0.0,Medium
KE,2020-10-26,0.0,1,129.0,129.0,21.6,3.7,53.0,1,mild,False,True,False,3.0,5.0,2.0,3.5714285714285716,Medium,0,0,110.00000000000001,0.0,Medium
KE,2020-10-30,2.033333333333333,2,19.0,19.0,21.8,12.7,63.0,1,mild,False,True,False,1.0,6.0,2.0,3.0,Medium,0,0,110.00000000000001,0.0,Medium
KE,2020-11-01,0.0,2,419.0,209.5,23.9,1.8,51.0,1,mild,False,True,False,2.0,5.0,1.6666666666666667,2.5714285714285716,Medium,0,0,110.00000000000001,0.0,Medium
KE,2020-11-05,2.6666666666666665,4,302.0,100.66666666666667,22.8,13.2,61.0,1,mild,False,True,False,2.0,2.0,2.6666666666666665,2.857142857142857,Medium,0,0,110.00000000000001,0.0,Medium
KE,2020-11-06,71.75,4,298.0,149.0,22.3,7.2,53.0,1,mild,False,True,False,4.0,6.0,3.3333333333333335,2.5714285714285716,High,0,0,110.00000000000001,0.0,Medium
KE,2020-11-07,61.016666666666666,6,207.0,69.0,23.9,1.7,51.0,1,mild,False,True,False,4.0,2.0,4.666666666666667,3.142857142857143,High,0,0,110.00000000000001,0.0,Medium
KE,2020-11-08,56.33333333333333,9,390.0,78.0,24.0,3.2,53.0,1,mild,False,True,False,6.0,3.0,6.333333333333333,4.0,Medium,0,0,110.00000000000001,0.0,Medium
KE,2020-11-09,99.31666666666668,5,157.0,52.333333333333336,23.7,3.1,53.0,1,mild,False,True,False,9.0,1.0,6.666666666666667,4.571428571428571,High,0,0,120.0,0.0,High
KE,2020-11-10,182.78333333333333,9,719.0,119.83333333333333,22.6,3.2,53.0,1,mild,False,True,False,5.0,2.0,7.666666666666667,5.571428571428571,High,0,0,120.0,0.0,High
KE,2020-11-12,9.333333333333334,4,18.0,9.0,24.4,1.5,51.0,1,mild,False,True,False,9.0,2.0,6.0,5.857142857142857,Medium,0,0,110.00000000000001,0.0,Medium
KE,2020-11-14,245.2,41,3795.0,180.71428571428572,22.9,2.9,53.0,1,mild,False,True,False,4.0,4.0,18.0,11.142857142857142,High,0,0,120.0,0.0,High
KE,2020-11-15,218.75,17,1532.0,191.5,23.8,0.9,51.0,0,mild,False,True,False,41.0,4.0,20.666666666666668,13.0,High,0,0,120.0,0.0,High
KE,2020-11-16,12.666666666666666,4,157.0,52.333333333333336,22.2,1.8,51.0,1,mild,False,True,False,17.0,6.0,20.666666666666668,12.714285714285714,Medium,0,0,120.0,0.0,High
KE,2020-11-17,28.366666666666667,17,585.0,58.5,24.2,1.8,51.0,1,mild,False,True,False,4.0,9.0,12.666666666666666,13.857142857142858,Medium,0,0,110.00000000000001,0.0,Medium
KE,2020-11-18,20.766666666666666,9,339.0,56.5,25.1,1.0,51.0,0,hot,False,False,True,17.0,5.0,10.0,14.428571428571429,Medium,0,0,120.0,0.0,High
KE,2020-11-19,0.0,8,311.0,77.75,25.2,2.9,55.0,1,hot,False,False,True,9.0,9.0,11.333333333333334,14.285714285714286,Medium,0,0,120.0,0.0,High
KE,2020-11-20,101.11666666666666,9,768.0,109.71428571428571,22.5,4.3,61.0,1,mild,False,True,False,8.0,4.0,8.666666666666666,15.0,High,0,0,120.0,0.0,High
KE,2020-11-21,7.116666666666666,3,59.0,59.0,25.1,0.3,51.0,0,hot,False,False,True,9.0,41.0,6.666666666666667,9.571428571428571,Medium,0,0,120.0,0.0,High
KE,2020-11-22,75.66666666666667,3,59.0,59.0,24.0,3.7,53.0,1,mild,False,True,False,3.0,17.0,5.0,7.571428571428571,High,0,0,120.0,0.0,High
KE,2020-11-23,7.166666666666667,2,49.0,49.0,25.4,1.3,51.0,1,hot,False,False,True,3.0,4.0,2.6666666666666665,7.285714285714286,Medium,0,0,110.00000000000001,0.0,Medium
KE,2020-11-24,3.3,12,37.0,6.166666666666667,25.1,1.0,51.0,0,hot,False,False,True,2.0,17.0,5.666666666666667,6.571428571428571,Medium,0,0,110.00000000000001,0.0,Medium
KE,2020-11-25,103.16666666666667,4,199.0,66.33333333333333,25.9,0.3,51.0,0,hot,False,False,True,12.0,9.0,6.0,5.857142857142857,High,0,0,120.0,0.0,High
KE,2020-11-26,109.33333333333334,3,99.0,99.0,25.1,2.6,53.0,1,hot,False,False,True,4.0,8.0,6.333333333333333,5.142857142857143,High,0,0,120.0,0.0,High
KE,2020-11-28,45.983333333333334,6,498.0,166.0,20.6,13.8,63.0,1,mild,False,True,False,3.0,9.0,4.333333333333333,4.714285714285714,Medium,0,0,120.0,0.0,High
KE,2020-11-29,186.25,7,275.0,55.0,21.6,3.5,53.0,1,mild,False,True,False,6.0,3.0,5.333333333333333,5.285714285714286,High,0,0,120.0,0.0,High
KE,2020-11-30,118.16666666666667,2,199.0,199.0,25.2,0.0,3.0,0,hot,False,False,True,7.0,3.0,5.0,5.142857142857143,High,0,0,110.00000000000001,0.0,Medium
KE,2020-12-01,0.0,2,49.0,24.5,24.7,2.2,53.0,1,mild,False,True,False,2.0,2.0,3.6666666666666665,5.142857142857143,Medium,0,0,110.00000000000001,0.0,Medium
KE,2020-12-03,0.0,1,49.0,49.0,23.4,0.8,51.0,0,mild,False,True,False,2.0,12.0,1.6666666666666667,3.5714285714285716,Medium,0,0,110.00000000000001,0.0,Medium
KE,2020-12-04,0.0,1,39.0,39.0,23.9,0.6,51.0,0,mild,False,True,False,1.0,4.0,1.3333333333333333,3.142857142857143,Medium,0,0,110.00000000000001,0.0,Medium
KE,2020-12-05,0.0,1,19.0,19.0,24.9,0.2,51.0,0,mild,False,True,False,1.0,3.0,1.0,2.857142857142857,Medium,0,0,110.00000000000001,0.0,Medium
KE,2020-12-06,4.666666666666667,2,9.0,9.0,24.0,0.8,51.0,0,mild,False,True,False,1.0,6.0,1.3333333333333333,2.2857142857142856,Medium,0,0,110.00000000000001,0.0,Medium
KE,2020-12-07,6.666666666666667,2,19.0,19.0,24.9,0.8,51.0,0,mild,False,True,False,2.0,7.0,1.6666666666666667,1.5714285714285714,Medium,0,0,110.00000000000001,0.0,Medium
KE,2020-12-08,25.733333333333334,6,117.0,39.0,24.0,12.7,63.0,1,mild,False,True,False,2.0,2.0,3.3333333333333335,2.142857142857143,Medium,0,0,110.00000000000001,0.0,Medium
KE,2020-12-10,0.0,2,179.0,89.5,23.6,0.5,51.0,0,mild,False,True,False,6.0,2.0,3.3333333333333335,2.142857142857143,Medium,0,0,110.00000000000001,0.0,Medium
KE,2020-12-11,3.1666666666666665,3,38.0,19.0,24.1,0.2,51.0,0,mild,False,True,False,2.0,1.0,3.6666666666666665,2.4285714285714284,Medium,0,0,110.00000000000001,0.0,Medium
KE,2020-12-12,2.033333333333333,2,9.0,9.0,25.1,0.0,3.0,0,hot,False,False,True,3.0,1.0,2.3333333333333335,2.5714285714285716,Medium,0,0,110.00000000000001,0.0,Medium
KE,2020-12-14,0.0,2,28.0,14.0,25.1,0.0,3.0,0,hot,False,False,True,2.0,1.0,2.3333333333333335,2.7142857142857144,Medium,0,0,110.00000000000001,0.0,Medium
KE,2020-12-18,7.05,2,19.0,19.0,24.5,0.0,3.0,0,mild,False,True,False,2.0,2.0,2.0,2.7142857142857144,Medium,0,0,110.00000000000001,0.0,Medium
KE,2020-12-19,0.0,1,9.0,9.0,23.9,0.9,53.0,0,mild,False,True,False,2.0,2.0,1.6666666666666667,2.5714285714285716,Medium,0,0,110.00000000000001,0.0,Medium
KE,2020-12-23,60.666666666666664,2,199.0,199.0,24.5,0.0,2.0,0,mild,False,True,False,1.0,6.0,1.6666666666666667,2.0,High,0,0,110.00000000000001,0.0,Medium
KE,2020-12-24,0.0,1,59.0,59.0,25.4,1.1,51.0,1,hot,False,False,True,2.0,2.0,1.3333333333333333,1.8571428571428572,Medium,0,0,110.00000000000001,0.0,Medium
KE,2020-12-26,19.833333333333332,4,118.0,59.0,25.3,0.3,51.0,0,hot,False,False,True,1.0,3.0,2.3333333333333335,2.0,Medium,0,0,110.00000000000001,0.0,Medium
KE,2020-12-28,20.333333333333332,4,118.0,59.0,25.8,0.0,3.0,0,hot,False,False,True,4.0,2.0,3.0,2.2857142857142856,Medium,0,0,110.00000000000001,0.0,Medium
KE,2020-12-29,9.666666666666666,2,59.0,59.0,25.7,0.0,3.0,0,hot,False,False,True,4.0,2.0,3.3333333333333335,2.2857142857142856,Medium,0,0,110.00000000000001,0.0,Medium
KE,2020-12-31,0.0,1,49.0,49.0,24.1,4.0,61.0,1,mild,False,True,False,2.0,2.0,2.3333333333333335,2.142857142857143,Medium,0,0,110.00000000000001,0.0,Medium
KE,2021-01-01,0.6666666666666666,2,29.0,29.0,22.3,4.4,61.0,1,mild,False,True,False,1.0,1.0,1.6666666666666667,2.2857142857142856,Medium,0,0,110.00000000000001,0.0,Medium
KE,2021-01-02,84.31666666666668,5,187.0,62.333333333333336,25.2,0.7,51.0,0,hot,False,False,True,2.0,2.0,2.6666666666666665,2.7142857142857144,High,0,0,110.00000000000001,0.0,Medium
KE,2021-01-03,110.33333333333334,4,398.0,199.0,25.9,0.3,51.0,0,hot,False,False,True,5.0,1.0,3.6666666666666665,3.142857142857143,High,0,0,110.00000000000001,0.0,Medium
KE,2021-01-05,2.1666666666666665,2,29.0,29.0,26.6,0.1,51.0,0,hot,False,False,True,4.0,4.0,3.6666666666666665,2.857142857142857,Medium,0,0,110.00000000000001,0.0,Medium
KE,2021-01-06,6.166666666666667,4,37.0,12.333333333333334,25.6,0.4,51.0,0,hot,False,False,True,2.0,4.0,3.3333333333333335,2.857142857142857,Medium,0,0,110.00000000000001,0.0,Medium
KE,2021-01-07,19.333333333333332,4,118.0,59.0,26.9,0.0,3.0,0,hot,False,False,True,4.0,2.0,3.3333333333333335,3.142857142857143,Medium,0,0,110.00000000000001,0.0,Medium
KE,2021-01-08,117.73333333333333,4,398.0,199.0,25.3,0.2,51.0,0,hot,False,False,True,4.0,1.0,4.0,3.5714285714285716,High,0,0,110.00000000000001,0.0,Medium
KE,2021-01-09,402.23333333333335,7,128.0,64.0,23.4,7.3,61.0,1,mild,False,True,False,4.0,2.0,5.0,4.285714285714286,High,0,0,120.0,0.0,High
KE,2021-01-11,0.0,1,199.0,199.0,23.3,2.1,53.0,1,mild,False,True,False,7.0,5.0,4.0,3.7142857142857144,Medium,0,0,110.00000000000001,0.0,Medium
KE,2021-01-12,0.0,1,9.0,9.0,22.3,1.1,51.0,1,mild,False,True,False,1.0,4.0,3.0,3.2857142857142856,Medium,0,0,110.00000000000001,0.0,Medium
KE,2021-01-13,20.666666666666668,2,199.0,199.0,24.1,0.0,3.0,0,mild,False,True,False,1.0,2.0,1.3333333333333333,3.2857142857142856,Medium,0,0,110.00000000000001,0.0,Medium
KE,2021-01-15,4.616666666666666,2,9.0,9.0,25.3,0.0,2.0,0,hot,False,False,True,2.0,4.0,1.6666666666666667,3.0,Medium,0,0,110.00000000000001,0.0,Medium
KE,2021-01-16,0.0,1,19.0,19.0,24.5,0.4,51.0,0,mild,False,True,False,2.0,4.0,1.6666666666666667,2.5714285714285716,Medium,0,0,110.00000000000001,0.0,Medium
KE,2021-01-18,23.700000000000003,5,38.0,19.0,26.6,3.2,61.0,1,hot,False,False,True,1.0,4.0,2.6666666666666665,2.7142857142857144,Medium,0,0,110.00000000000001,0.0,Medium
KE,2021-01-19,19.316666666666666,6,376.0,94.0,25.3,3.9,61.0,1,hot,False,False,True,5.0,7.0,4.0,2.5714285714285716,Medium,0,0,110.00000000000001,0.0,Medium
KE,2021-01-21,6.033333333333333,1,0.0,,25.2,0.0,3.0,0,hot,False,False,True,6.0,1.0,4.0,2.5714285714285716,Medium,0,0,110.00000000000001,0.0,Medium
KE,2021-01-23,7.666666666666667,3,378.0,189.0,22.9,4.2,53.0,1,mild,False,True,False,1.0,1.0,3.3333333333333335,2.857142857142857,Medium,0,0,110.00000000000001,0.0,Medium
KE,2021-01-29,9.166666666666666,2,59.0,59.0,26.5,0.5,51.0,0,hot,False,False,True,3.0,2.0,2.0,2.857142857142857,Medium,0,0,110.00000000000001,0.0,Medium
KE,2021-01-30,10.166666666666666,3,78.0,39.0,25.5,0.0,3.0,0,hot,False,False,True,2.0,2.0,2.6666666666666665,3.0,Medium,0,0,110.00000000000001,0.0,Medium
KE,2021-01-31,0.0,4,86.0,21.5,26.2,0.0,3.0,0,hot,False,False,True,3.0,1.0,3.0,3.4285714285714284,Medium,0,0,110.00000000000001,0.0,Medium
KE,2021-02-01,0.0,12,378.0,31.5,26.6,0.0,3.0,0,hot,False,False,True,4.0,5.0,6.333333333333333,4.428571428571429,Medium,0,0,110.00000000000001,0.0,Medium
KE,2021-02-02,0.0,6,274.0,45.666666666666664,27.9,0.0,3.0,0,hot,False,False,True,12.0,6.0,7.333333333333333,4.428571428571429,Medium,0,0,110.00000000000001,0.0,Medium
KE,2021-02-03,6.666666666666667,1,0.0,,26.3,0.1,51.0,0,hot,False,False,True,6.0,1.0,6.333333333333333,4.428571428571429,Medium,0,0,110.00000000000001,0.0,Medium
KE,2021-02-04,0.0,1,599.0,599.0,28.5,0.0,3.0,0,hot,False,False,True,1.0,3.0,2.6666666666666665,4.142857142857143,Medium,0,0,110.00000000000001,0.0,Medium
KE,2021-02-06,8.166666666666666,3,78.0,39.0,27.1,2.9,61.0,1,hot,False,False,True,1.0,2.0,1.6666666666666667,4.285714285714286,Medium,0,0,110.00000000000001,0.0,Medium
KE,2021-02-07,58.31666666666666,2,0.0,,24.0,6.6,61.0,1,mild,False,True,False,3.0,3.0,2.0,4.142857142857143,Medium,0,0,110.00000000000001,0.0,Medium
KE,2021-02-10,146.36666666666667,5,398.0,199.0,23.4,6.0,61.0,1,mild,False,True,False,2.0,4.0,3.3333333333333335,4.285714285714286,High,0,0,120.0,0.0,High
KE,2021-02-11,10.166666666666666,1,0.0,,22.5,3.5,53.0,1,mild,False,True,False,5.0,12.0,2.6666666666666665,2.7142857142857144,Medium,0,0,110.00000000000001,0.0,Medium
KE,2021-02-14,132.31666666666666,3,199.0,199.0,24.5,1.3,51.0,1,mild,False,True,False,1.0,6.0,3.0,2.2857142857142856,High,0,0,110.00000000000001,0.0,Medium
KE,2021-02-15,0.0,1,19.0,19.0,25.6,0.0,3.0,0,hot,False,False,True,3.0,1.0,1.6666666666666667,2.2857142857142856,Medium,0,0,110.00000000000001,0.0,Medium
KE,2021-02-16,80.36666666666666,5,208.0,104.0,26.1,0.0,3.0,0,hot,False,False,True,1.0,1.0,3.0,2.857142857142857,High,0,0,110.00000000000001,0.0,Medium
KE,2021-02-17,119.66666666666667,2,199.0,199.0,27.3,0.0,3.0,0,hot,False,False,True,5.0,3.0,2.6666666666666665,2.7142857142857144,High,0,0,110.00000000000001,0.0,Medium
KE,2021-02-18,54.666666666666664,1,0.0,,27.2,0.0,3.0,0,hot,False,False,True,2.0,2.0,2.6666666666666665,2.5714285714285716,Medium,0,0,110.00000000000001,0.0,Medium
KE,2021-02-19,0.0,1,199.0,199.0,27.8,0.0,3.0,0,hot,False,False,True,1.0,5.0,1.3333333333333333,2.0,Medium,0,0,110.00000000000001,0.0,Medium
KE,2021-02-21,13.166666666666666,2,29.0,29.0,25.2,3.7,53.0,1,hot,False,False,True,1.0,1.0,1.3333333333333333,2.142857142857143,Medium,0,0,110.00000000000001,0.0,Medium
KE,2021-02-27,0.0,1,19.0,19.0,28.7,0.0,1.0,0,hot,False,False,True,2.0,3.0,1.3333333333333333,1.8571428571428572,Medium,0,0,110.00000000000001,0.0,Medium
KE,2021-02-28,1.6666666666666667,2,9.0,9.0,28.7,0.0,3.0,0,hot,False,False,True,1.0,1.0,1.6666666666666667,2.0,Medium,0,0,110.00000000000001,0.0,Medium
KE,2021-03-02,14.716666666666667,4,78.0,39.0,26.8,0.0,2.0,0,hot,False,False,True,2.0,5.0,2.3333333333333335,1.8571428571428572,Medium,0,0,110.00000000000001,0.0,Medium
KE,2021-03-03,54.666666666666664,1,0.0,,27.3,0.0,3.0,0,hot,False,False,True,4.0,2.0,2.3333333333333335,1.7142857142857142,Medium,0,0,110.00000000000001,0.0,Medium
KE,2021-03-04,33.2,6,87.0,29.0,26.0,0.4,51.0,0,hot,False,False,True,1.0,1.0,3.6666666666666665,2.4285714285714284,Medium,0,0,110.00000000000001,0.0,Medium
KE,2021-03-05,10.166666666666666,2,59.0,59.0,26.7,2.4,53.0,1,hot,False,False,True,6.0,1.0,3.0,2.5714285714285716,Medium,0,0,110.00000000000001,0.0,Medium
KE,2021-03-06,113.66666666666667,2,249.0,249.0,27.1,0.9,53.0,0,hot,False,False,True,2.0,2.0,3.3333333333333335,2.5714285714285716,High,0,0,110.00000000000001,0.0,Medium
KE,2021-03-08,99.28333333333335,4,128.0,64.0,26.7,0.0,3.0,0,hot,False,False,True,2.0,1.0,2.6666666666666665,3.0,High,0,0,110.00000000000001,0.0,Medium
KE,2021-03-12,18.183333333333334,5,28.0,14.0,27.6,0.0,3.0,0,hot,False,False,True,4.0,2.0,3.6666666666666665,3.4285714285714284,Medium,0,0,110.00000000000001,0.0,Medium
KE,2021-03-13,118.01666666666667,2,99.0,99.0,28.3,0.0,3.0,0,hot,False,False,True,5.0,4.0,3.6666666666666665,3.142857142857143,High,0,0,110.00000000000001,0.0,Medium
KE,2021-03-15,28.1,11,115.39,19.231666666666666,27.2,0.1,51.0,0,hot,False,False,True,2.0,1.0,6.0,4.571428571428571,Medium,0,0,110.00000000000001,0.0,Medium
KE,2021-03-16,4.666666666666667,2,9.0,9.0,24.8,3.4,53.0,1,mild,False,True,False,11.0,6.0,5.0,4.0,Medium,0,0,110.00000000000001,0.0,Medium
KE,2021-03-18,107.16666666666667,2,199.0,199.0,25.6,0.0,3.0,0,hot,False,False,True,2.0,2.0,5.0,4.0,High,0,0,110.00000000000001,0.0,Medium
KE,2021-03-20,3.0833333333333335,2,9.0,9.0,25.3,1.4,51.0,1,hot,False,False,True,2.0,2.0,2.0,4.0,Medium,0,0,110.00000000000001,0.0,Medium
KE,2021-03-21,61.666666666666664,3,298.0,149.0,24.1,2.7,51.0,1,mild,False,True,False,2.0,4.0,2.3333333333333335,3.857142857142857,High,0,0,110.00000000000001,0.0,Medium
KE,2021-03-22,29.25,4,38.0,19.0,25.5,0.8,51.0,0,hot,False,False,True,3.0,5.0,3.0,3.7142857142857144,Medium,0,0,110.00000000000001,0.0,Medium
KE,2021-03-23,9.666666666666666,3,38.0,19.0,26.3,2.5,53.0,1,hot,False,False,True,4.0,2.0,3.3333333333333335,3.857142857142857,Medium,0,0,110.00000000000001,0.0,Medium
KE,2021-03-25,124.13333333333334,11,357.0,119.0,28.5,0.2,51.0,0,hot,False,False,True,3.0,11.0,6.0,3.857142857142857,High,0,0,110.00000000000001,0.0,Medium
KE,2021-03-26,0.0,1,19.0,19.0,27.1,0.0,3.0,0,hot,False,False,True,11.0,2.0,5.0,3.7142857142857144,Medium,0,0,110.00000000000001,0.0,Medium
KE,2021-03-29,114.06666666666666,2,249.0,249.0,28.0,1.8,53.0,1,hot,False,False,True,1.0,2.0,4.666666666666667,3.7142857142857144,High,0,0,110.00000000000001,0.0,Medium
KE,2021-03-31,5.833333333333334,5,227.0,75.66666666666667,26.4,2.0,51.0,1,hot,False,False,True,2.0,2.0,2.6666666666666665,4.142857142857143,Medium,0,0,110.00000000000001,0.0,Medium
KE,2021-04-01,0.0,1,19.0,19.0,26.1,2.8,51.0,1,hot,False,False,True,5.0,3.0,2.6666666666666665,3.857142857142857,Medium,0,0,110.00000000000001,0.0,Medium
KE,2021-04-03,48.03333333333333,2,199.0,199.0,27.9,1.9,51.0,1,hot,False,False,True,1.0,4.0,2.6666666666666665,3.5714285714285716,Medium,0,0,110.00000000000001,0.0,Medium
KE,2021-04-04,180.6,5,407.0,135.66666666666666,24.2,5.0,53.0,1,mild,False,True,False,2.0,3.0,2.6666666666666665,3.857142857142857,High,0,0,110.00000000000001,0.0,Medium
KE,2021-04-05,4.666666666666667,2,199.0,199.0,24.8,20.5,63.0,1,mild,False,True,False,5.0,11.0,3.0,2.5714285714285716,Medium,0,0,110.00000000000001,0.0,Medium
KE,2021-04-06,103.16666666666667,1,0.0,,23.6,32.5,65.0,1,mild,False,True,False,2.0,1.0,2.6666666666666665,2.5714285714285716,High,0,0,120.0,0.0,High
KE,2021-04-07,59.666666666666664,1,0.0,,24.7,2.7,53.0,1,mild,False,True,False,1.0,2.0,1.3333333333333333,2.4285714285714284,Medium,0,0,110.00000000000001,0.0,Medium
KE,2021-04-09,71.23333333333333,15,3191.99,227.9992857142857,24.3,2.1,51.0,1,mild,False,True,False,1.0,5.0,5.666666666666667,3.857142857142857,High,0,0,110.00000000000001,0.0,Medium
KE,2021-04-11,103.66666666666667,3,258.0,129.0,23.8,6.3,53.0,1,mild,False,True,False,15.0,1.0,6.333333333333333,4.142857142857143,High,0,0,110.00000000000001,0.0,Medium
KE,2021-04-12,124.60000000000001,3,29.0,29.0,24.1,3.8,53.0,1,mild,False,True,False,3.0,2.0,7.0,4.285714285714286,High,0,0,110.00000000000001,0.0,Medium
KE,2021-04-13,123.44999999999999,2,0.0,,23.9,3.5,53.0,1,mild,False,True,False,3.0,5.0,2.6666666666666665,3.857142857142857,High,0,0,110.00000000000001,0.0,Medium
KE,2021-04-14,224.33333333333334,3,249.0,249.0,24.7,1.5,51.0,1,mild,False,True,False,2.0,2.0,2.6666666666666665,4.0,High,0,0,110.00000000000001,0.0,Medium
KE,2021-04-15,340.3,4,249.0,249.0,23.7,3.3,53.0,1,mild,False,True,False,3.0,1.0,3.0,4.428571428571429,High,0,0,110.00000000000001,0.0,Medium
KE,2021-04-16,109.01666666666667,4,277.0,92.33333333333333,24.6,1.1,51.0,1,mild,False,True,False,4.0,1.0,3.6666666666666665,4.857142857142857,High,0,0,110.00000000000001,0.0,Medium
KE,2021-04-17,27.7,8,367.0,122.33333333333333,24.4,0.9,51.0,0,mild,False,True,False,4.0,15.0,5.333333333333333,3.857142857142857,Medium,0,0,110.00000000000001,0.0,Medium
KE,2021-04-19,17.666666666666664,3,19.0,19.0,23.5,4.8,53.0,1,mild,False,True,False,8.0,3.0,5.0,3.857142857142857,Medium,0,0,110.00000000000001,0.0,Medium
KE,2021-04-21,314.3,7,996.0,249.0,24.6,8.5,63.0,1,mild,False,True,False,3.0,3.0,6.0,4.428571428571429,High,0,0,110.00000000000001,0.0,Medium
KE,2021-04-22,77.05,1,0.0,,23.9,3.2,55.0,1,mild,False,True,False,7.0,2.0,3.6666666666666665,4.285714285714286,High,0,0,110.00000000000001,0.0,Medium
KE,2021-04-26,0.0,2,18.0,9.0,23.3,1.5,51.0,1,mild,False,True,False,1.0,3.0,3.3333333333333335,4.142857142857143,Medium,0,0,110.00000000000001,0.0,Medium
KE,2021-04-27,0.65,2,199.0,199.0,23.6,2.1,51.0,1,mild,False,True,False,2.0,4.0,1.6666666666666667,3.857142857142857,Medium,0,0,110.00000000000001,0.0,Medium
KE,2021-04-30,52.166666666666664,2,199.0,199.0,24.1,1.8,51.0,1,mild,False,True,False,2.0,4.0,2.0,3.5714285714285716,Medium,0,0,110.00000000000001,0.0,Medium
KE,2021-05-01,8.166666666666666,2,9.0,9.0,23.8,1.6,51.0,1,mild,False,True,False,2.0,8.0,2.0,2.7142857142857144,Medium,0,0,110.00000000000001,0.0,Medium
KE,2021-05-03,124.78333333333333,6,347.0,115.66666666666667,23.4,28.6,65.0,1,mild,False,True,False,2.0,3.0,3.3333333333333335,3.142857142857143,High,0,0,120.0,0.0,High
KE,2021-05-04,7.666666666666667,3,148.0,74.0,23.5,6.4,63.0,1,mild,False,True,False,6.0,7.0,3.6666666666666665,2.5714285714285716,Medium,0,0,110.00000000000001,0.0,Medium
KE,2021-05-05,2.0166666666666666,2,9.0,9.0,23.1,5.5,61.0,1,mild,False,True,False,3.0,1.0,3.6666666666666665,2.7142857142857144,Medium,0,0,110.00000000000001,0.0,Medium
KE,2021-05-06,43.666666666666664,3,608.0,304.0,23.8,1.2,51.0,1,mild,False,True,False,2.0,2.0,2.6666666666666665,2.857142857142857,Medium,0,0,110.00000000000001,0.0,Medium
KE,2021-05-08,74.16666666666667,1,0.0,,24.1,19.5,63.0,1,mild,False,True,False,3.0,2.0,2.0,2.7142857142857144,High,0,0,110.00000000000001,0.0,Medium
KE,2021-05-09,14.666666666666666,5,176.0,44.0,22.3,3.1,53.0,1,mild,False,True,False,1.0,2.0,3.0,3.142857142857143,Medium,0,0,110.00000000000001,0.0,Medium
KE,2021-05-10,110.61666666666666,2,0.0,,22.3,9.5,61.0,1,mild,False,True,False,5.0,2.0,2.6666666666666665,3.142857142857143,High,0,0,110.00000000000001,0.0,Medium
KE,2021-05-12,9.166666666666666,3,28.0,14.0,20.6,7.3,53.0,1,mild,False,True,False,2.0,6.0,3.3333333333333335,2.7142857142857144,Medium,0,0,110.00000000000001,0.0,Medium
KE,2021-05-13,0.08333333333333333,16,1115.0,74.33333333333333,22.9,15.6,63.0,1,mild,False,True,False,3.0,3.0,7.0,4.571428571428571,Medium,0,0,120.0,0.0,High
KE,2021-05-14,29.333333333333332,3,49.0,49.0,22.0,6.9,61.0,1,mild,False,True,False,16.0,2.0,7.333333333333333,4.714285714285714,Medium,0,0,120.0,0.0,High
KE,2021-05-15,118.2,7,248.0,124.0,22.8,0.3,51.0,0,mild,False,True,False,3.0,3.0,8.666666666666666,5.285714285714286,High,0,0,120.0,0.0,High
KE,2021-05-17,15.833333333333332,5,167.0,55.666666666666664,24.2,0.7,51.0,0,mild,False,True,False,7.0,1.0,5.0,5.857142857142857,Medium,0,0,110.00000000000001,0.0,Medium
KE,2021-05-18,4.033333333333333,2,0.0,,23.4,0.9,51.0,0,mild,False,True,False,5.0,5.0,4.666666666666667,5.428571428571429,Medium,0,0,120.0,0.0,High
KE,2021-05-19,0.0,2,368.0,184.0,23.6,0.2,51.0,0,mild,False,True,False,2.0,2.0,3.0,5.428571428571429,Medium,0,0,110.00000000000001,0.0,Medium
KE,2021-05-20,335.6666666666667,7,747.0,249.0,23.8,0.0,3.0,0,mild,False,True,False,2.0,3.0,3.6666666666666665,6.0,High,0,0,110.00000000000001,0.0,Medium
KE,2021-05-21,238.91666666666669,6,647.0,215.66666666666666,24.4,0.0,3.0,0,mild,False,True,False,7.0,16.0,5.0,4.571428571428571,High,0,0,120.0,0.0,High
KE,2021-05-22,380.95,13,3043.0,434.7142857142857,23.8,0.0,3.0,0,mild,False,True,False,6.0,3.0,8.666666666666666,6.0,High,0,0,120.0,0.0,High
KE,2021-05-23,121.25,5,698.0,349.0,24.9,0.5,51.0,0,mild,False,True,False,13.0,7.0,8.0,5.714285714285714,High,0,0,120.0,0.0,High
KE,2021-05-24,216.53333333333336,7,377.0,125.66666666666667,22.5,5.3,55.0,1,mild,False,True,False,5.0,5.0,8.333333333333334,6.0,High,0,0,120.0,0.0,High
KE,2021-05-25,113.16666666666667,6,865.0,173.0,22.9,1.2,51.0,1,mild,False,True,False,7.0,2.0,6.0,6.571428571428571,High,0,0,120.0,0.0,High
KE,2021-05-26,53.68333333333333,7,365.0,73.0,21.6,0.0,3.0,0,mild,False,True,False,6.0,2.0,6.666666666666667,7.285714285714286,Medium,0,0,120.0,0.0,High
KE,2021-05-27,11.8,5,97.0,32.333333333333336,22.3,0.0,3.0,0,mild,False,True,False,7.0,7.0,6.0,7.0,Medium,0,0,120.0,0.0,High
KE,2021-05-28,95.66666666666667,3,149.0,149.0,22.8,0.6,51.0,0,mild,False,True,False,5.0,6.0,5.0,6.571428571428571,High,0,0,120.0,0.0,High
KE,2021-05-29,0.0,2,698.0,349.0,23.5,2.4,53.0,1,mild,False,True,False,3.0,13.0,3.3333333333333335,5.0,Medium,0,0,110.00000000000001,0.0,Medium
KE,2021-05-31,52.333333333333336,1,0.0,,22.4,0.3,51.0,0,mild,False,True,False,2.0,5.0,2.0,4.428571428571429,Medium,0,0,110.00000000000001,0.0,Medium
KE,2021-06-01,47.33333333333333,8,334.0,83.5,22.6,0.3,51.0,0,mild,False,True,False,1.0,7.0,3.6666666666666665,4.571428571428571,Medium,0,0,120.0,0.0,High
KE,2021-06-02,3.1666666666666665,4,149.0,49.666666666666664,23.5,0.0,3.0,0,mild,False,True,False,8.0,6.0,4.333333333333333,4.285714285714286,Medium,0,0,110.00000000000001,0.0,Medium
KE,2021-06-03,28.299999999999997,5,398.0,199.0,23.5,0.3,51.0,0,mild,False,True,False,4.0,7.0,5.666666666666667,4.0,Medium,0,0,110.00000000000001,0.0,Medium
KE,2021-06-04,0.0,2,598.0,299.0,23.3,1.1,51.0,1,mild,False,True,False,5.0,5.0,3.6666666666666665,3.5714285714285716,Medium,0,0,110.00000000000001,0.0,Medium
KE,2021-06-05,167.7,3,199.0,199.0,21.6,0.1,51.0,0,mild,False,True,False,2.0,3.0,3.3333333333333335,3.5714285714285716,High,0,0,110.00000000000001,0.0,Medium
KE,2021-06-08,3.0833333333333335,2,19.0,19.0,22.3,0.2,51.0,0,mild,False,True,False,3.0,2.0,2.3333333333333335,3.5714285714285716,Medium,0,0,110.00000000000001,0.0,Medium
KE,2021-06-09,0.0,1,19.0,19.0,20.4,4.1,53.0,1,mild,False,True,False,2.0,1.0,2.0,3.5714285714285716,Medium,0,0,110.00000000000001,0.0,Medium
KE,2021-06-17,2.5166666666666666,2,99.0,99.0,22.1,0.5,51.0,0,mild,False,True,False,1.0,8.0,1.6666666666666667,2.7142857142857144,Medium,0,0,110.00000000000001,0.0,Medium
KE,2021-07-01,0.0,1,249.0,249.0,23.6,0.2,51.0,0,mild,False,True,False,2.0,4.0,1.3333333333333333,2.2857142857142856,Medium,0,0,110.00000000000001,0.0,Medium
KE,2021-07-02,17.15,1,0.0,,23.1,0.0,3.0,0,mild,False,True,False,1.0,5.0,1.3333333333333333,1.7142857142857142,Medium,0,0,110.00000000000001,0.0,Medium
KE,2021-07-04,84.66666666666667,9,1081.38,135.1725,22.1,0.0,3.0,0,mild,False,True,False,1.0,2.0,3.6666666666666665,2.7142857142857144,High,0,0,110.00000000000001,0.0,Medium
KE,2021-07-06,114.06666666666666,1,0.0,,21.6,0.0,3.0,0,mild,False,True,False,9.0,3.0,3.6666666666666665,2.4285714285714284,High,0,0,110.00000000000001,0.0,Medium
KE,2021-07-08,2.0166666666666666,2,9.0,9.0,19.3,1.5,51.0,1,mild,False,True,False,1.0,2.0,4.0,2.4285714285714284,Medium,0,0,110.00000000000001,0.0,Medium
KE,2021-07-10,10.166666666666666,3,308.0,154.0,19.3,0.1,51.0,0,mild,False,True,False,2.0,1.0,2.0,2.7142857142857144,Medium,0,0,110.00000000000001,0.0,Medium
KE,2021-07-12,11.183333333333334,3,59.0,59.0,17.8,3.7,55.0,1,mild,False,True,False,3.0,2.0,2.6666666666666665,2.857142857142857,Medium,0,0,110.00000000000001,0.0,Medium
KE,2021-07-20,0.0,1,19.0,19.0,21.7,0.0,3.0,0,mild,False,True,False,3.0,1.0,2.3333333333333335,2.857142857142857,Medium,0,0,110.00000000000001,0.0,Medium
KE,2021-07-23,174.33333333333334,3,99.0,99.0,22.3,1.0,53.0,0,mild,False,True,False,1.0,1.0,2.3333333333333335,3.142857142857143,High,0,0,110.00000000000001,0.0,Medium
KE,2021-07-24,32.46666666666667,2,199.0,199.0,23.5,0.0,3.0,0,mild,False,True,False,3.0,9.0,2.0,2.142857142857143,Medium,0,0,110.00000000000001,0.0,Medium
KE,2021-07-25,59.33333333333333,4,198.0,99.0,22.0,0.0,3.0,0,mild,False,True,False,2.0,1.0,3.0,2.5714285714285716,Medium,0,0,110.00000000000001,0.0,Medium
KE,2021-07-27,0.0,1,49.0,49.0,21.6,0.0,3.0,0,mild,False,True,False,4.0,2.0,2.3333333333333335,2.4285714285714284,Medium,0,0,110.00000000000001,0.0,Medium
KE,2021-07-28,14.266666666666667,8,343.0,49.0,19.9,0.0,3.0,0,mild,False,True,False,1.0,3.0,4.333333333333333,3.142857142857143,Medium,0,0,110.00000000000001,0.0,Medium
KE,2021-07-29,7.966666666666667,2,199.0,199.0,18.9,0.5,51.0,0,mild,False,True,False,8.0,3.0,3.6666666666666665,3.0,Medium,0,0,110.00000000000001,0.0,Medium
KE,2021-07-31,0.0,1,249.0,249.0,23.2,0.0,3.0,0,mild,False,True,False,2.0,1.0,3.6666666666666665,3.0,Medium,0,0,110.00000000000001,0.0,Medium
KE,2021-08-01,0.0,1,299.0,299.0,20.7,0.2,51.0,0,mild,False,True,False,1.0,3.0,1.3333333333333333,2.7142857142857144,Medium,0,0,110.00000000000001,0.0,Medium
KE,2021-08-02,0.0,1,59.0,59.0,20.4,0.6,51.0,0,mild,False,True,False,1.0,2.0,1.0,2.5714285714285716,Medium,0,0,110.00000000000001,0.0,Medium
KE,2021-08-08,84.68333333333334,2,199.0,199.0,22.2,0.0,3.0,0,mild,False,True,False,1.0,4.0,1.3333333333333333,2.2857142857142856,High,0,0,110.00000000000001,0.0,Medium
KE,2021-08-09,64.5,2,99.0,99.0,24.1,4.2,61.0,1,mild,False,True,False,2.0,1.0,1.6666666666666667,2.4285714285714284,High,0,0,110.00000000000001,0.0,Medium
KE,2021-08-10,0.0,3,697.0,232.33333333333334,24.7,25.9,65.0,1,mild,False,True,False,2.0,8.0,2.3333333333333335,1.7142857142857142,Medium,0,0,110.00000000000001,0.0,Medium
KE,2021-08-14,0.0,1,19.0,19.0,19.8,0.3,51.0,0,mild,False,True,False,3.0,2.0,2.0,1.5714285714285714,Medium,0,0,110.00000000000001,0.0,Medium
KE,2021-08-15,0.0,1,349.0,349.0,21.6,0.1,51.0,0,mild,False,True,False,1.0,1.0,1.6666666666666667,1.5714285714285714,Medium,0,0,110.00000000000001,0.0,Medium
KE,2021-08-19,5.766666666666667,3,308.0,154.0,22.9,2.0,53.0,1,mild,False,True,False,1.0,1.0,1.6666666666666667,1.8571428571428572,Medium,0,0,110.00000000000001,0.0,Medium
KE,2021-08-20,0.0,1,199.0,199.0,22.5,3.7,53.0,1,mild,False,True,False,3.0,1.0,1.6666666666666667,1.8571428571428572,Medium,0,0,110.00000000000001,0.0,Medium
KE,2021-08-21,0.0,3,417.0,139.0,23.8,0.0,3.0,0,mild,False,True,False,1.0,2.0,2.3333333333333335,2.0,Medium,0,0,110.00000000000001,0.0,Medium
KE,2021-08-22,0.0,1,419.0,419.0,25.2,3.5,55.0,1,hot,False,False,True,3.0,2.0,1.6666666666666667,1.8571428571428572,Medium,0,0,110.00000000000001,0.0,Medium
KE,2021-08-24,0.0,1,49.0,49.0,24.7,0.0,1.0,0,mild,False,True,False,1.0,3.0,1.6666666666666667,1.5714285714285714,Medium,0,0,110.00000000000001,0.0,Medium
KE,2021-08-25,0.0,8,421.0,60.142857142857146,24.6,0.0,3.0,0,mild,False,True,False,1.0,1.0,3.3333333333333335,2.5714285714285716,Medium,0,0,110.00000000000001,0.0,Medium
KE,2021-08-26,0.0,2,68.0,34.0,24.4,0.0,2.0,0,mild,False,True,False,8.0,1.0,3.6666666666666665,2.7142857142857144,Medium,0,0,110.00000000000001,0.0,Medium
KE,2021-08-27,0.0,2,338.0,169.0,26.1,0.0,2.0,0,hot,False,False,True,2.0,3.0,4.0,2.5714285714285716,Medium,0,0,110.00000000000001,0.0,Medium
KE,2021-09-06,0.0,1,19.0,19.0,22.5,0.6,51.0,0,mild,False,True,False,2.0,1.0,1.6666666666666667,2.5714285714285716,Medium,0,0,110.00000000000001,0.0,Medium
KE,2021-09-07,6.016666666666667,1,0.0,,22.7,1.1,51.0,1,mild,False,True,False,1.0,3.0,1.3333333333333333,2.2857142857142856,Medium,0,0,110.00000000000001,0.0,Medium
KE,2021-09-18,119.11666666666666,2,147.0,147.0,26.5,1.7,53.0,1,hot,False,False,True,1.0,1.0,1.3333333333333333,2.4285714285714284,High,0,0,110.00000000000001,0.0,Medium
KE,2021-09-20,0.0,2,526.0,263.0,26.0,0.0,3.0,0,hot,False,False,True,2.0,1.0,1.6666666666666667,2.5714285714285716,Medium,0,0,110.00000000000001,0.0,Medium
KE,2021-09-21,4.85,1,0.0,,25.3,0.5,51.0,0,hot,False,False,True,2.0,8.0,1.6666666666666667,1.5714285714285714,Medium,0,0,110.00000000000001,0.0,Medium
KE,2021-09-22,0.0,20,5980.0,299.0,24.1,0.4,51.0,0,mild,False,True,False,1.0,2.0,7.666666666666667,4.142857142857143,Medium,0,0,110.00000000000001,0.0,Medium
KE,2021-09-23,0.0,5,1495.0,299.0,23.8,0.1,51.0,0,mild,False,True,False,20.0,2.0,8.666666666666666,4.571428571428571,Medium,0,0,110.00000000000001,0.0,Medium
KE,2021-09-25,0.0,5,1495.0,299.0,24.9,0.5,51.0,0,mild,False,True,False,5.0,1.0,10.0,5.142857142857143,Medium,0,0,110.00000000000001,0.0,Medium
KE,2021-09-26,0.0,12,1816.0,151.33333333333334,24.8,0.4,51.0,0,mild,False,True,False,5.0,1.0,7.333333333333333,6.714285714285714,Medium,0,0,110.00000000000001,0.0,Medium
KE,2021-09-29,0.0,1,19.0,19.0,27.9,0.0,3.0,0,hot,False,False,True,12.0,2.0,6.0,6.571428571428571,Medium,0,0,110.00000000000001,0.0,Medium
KE,2021-10-01,0.0,1,179.0,179.0,25.4,0.6,51.0,0,hot,False,False,True,1.0,2.0,4.666666666666667,6.428571428571429,Medium,0,0,110.00000000000001,0.0,Medium
KE,2021-10-03,0.0,1,349.0,349.0,27.6,0.5,51.0,0,hot,False,False,True,1.0,1.0,1.0,6.428571428571429,Medium,0,0,110.00000000000001,0.0,Medium
KE,2021-10-05,0.0,2,155.0,77.5,27.3,0.0,3.0,0,hot,False,False,True,1.0,20.0,1.3333333333333333,3.857142857142857,Medium,0,0,110.00000000000001,0.0,Medium
KE,2021-10-06,0.0,4,1018.0,254.5,28.3,0.0,3.0,0,hot,False,False,True,2.0,5.0,2.3333333333333335,3.7142857142857144,Medium,0,0,110.00000000000001,0.0,Medium
KE,2021-10-08,0.0,2,492.0,246.0,26.3,0.4,51.0,0,hot,False,False,True,4.0,5.0,2.6666666666666665,3.2857142857142856,Medium,0,0,110.00000000000001,0.0,Medium
KE,2021-10-09,0.0,2,156.0,78.0,24.9,1.1,51.0,1,mild,False,True,False,2.0,12.0,2.6666666666666665,1.8571428571428572,Medium,0,0,110.00000000000001,0.0,Medium
KE,2021-10-10,0.0,1,19.0,19.0,26.2,0.7,51.0,0,hot,False,False,True,2.0,1.0,1.6666666666666667,1.8571428571428572,Medium,0,0,110.00000000000001,0.0,Medium
KE,2021-10-14,0.0,3,618.0,309.0,27.2,0.6,51.0,0,hot,False,False,True,1.0,1.0,2.0,2.142857142857143,Medium,0,0,110.00000000000001,0.0,Medium
KE,2021-10-17,0.0,2,66.0,33.0,27.6,4.1,63.0,1,hot,False,False,True,3.0,1.0,2.0,2.2857142857142856,Medium,0,0,110.00000000000001,0.0,Medium
KE,2021-10-18,0.0,2,75.0,37.5,27.2,0.0,3.0,0,hot,False,False,True,2.0,2.0,2.3333333333333335,2.2857142857142856,Medium,0,0,110.00000000000001,0.0,Medium
KE,2021-10-20,0.0,2,397.0,198.5,22.2,3.8,53.0,1,mild,False,True,False,2.0,4.0,2.0,2.0,Medium,0,0,110.00000000000001,0.0,Medium
KE,2021-10-21,0.0,3,297.0,99.0,24.7,1.4,51.0,1,mild,False,True,False,2.0,2.0,2.3333333333333335,2.142857142857143,Medium,0,0,110.00000000000001,0.0,Medium
KE,2021-10-23,15.733333333333333,3,218.0,109.0,27.3,0.6,51.0,0,hot,False,False,True,3.0,2.0,2.6666666666666665,2.2857142857142856,Medium,0,0,110.00000000000001,0.0,Medium
KE,2021-10-24,91.45,1,0.0,,27.9,0.0,3.0,0,hot,False,False,True,3.0,1.0,2.3333333333333335,2.2857142857142856,High,0,0,110.00000000000001,0.0,Medium
KE,2021-10-25,0.0,1,19.0,19.0,27.0,1.0,51.0,0,hot,False,False,True,1.0,3.0,1.6666666666666667,2.0,Medium,0,0,110.00000000000001,0.0,Medium
KE,2021-10-26,0.0,1,19.0,19.0,27.8,1.1,51.0,1,hot,False,False,True,1.0,2.0,1.0,1.8571428571428572,Medium,0,0,110.00000000000001,0.0,Medium
KE,2021-10-27,0.0,1,19.0,19.0,26.9,2.1,53.0,1,hot,False,False,True,1.0,2.0,1.0,1.7142857142857142,Medium,0,0,110.00000000000001,0.0,Medium
KE,2021-10-31,0.0,2,198.0,99.0,26.2,0.7,51.0,0,hot,False,False,True,1.0,2.0,1.3333333333333333,1.7142857142857142,Medium,0,0,110.00000000000001,0.0,Medium
KE,2021-11-02,0.0,2,368.0,184.0,26.7,0.2,51.0,0,hot,False,False,True,2.0,3.0,1.6666666666666667,1.5714285714285714,Medium,0,0,110.00000000000001,0.0,Medium
KE,2021-11-03,0.0,1,199.0,199.0,27.4,0.5,51.0,0,hot,False,False,True,2.0,3.0,1.6666666666666667,1.2857142857142858,Medium,0,0,110.00000000000001,0.0,Medium
KE,2021-11-08,0.0,2,99.0,99.0,27.8,0.0,3.0,0,hot,False,False,True,1.0,1.0,1.6666666666666667,1.4285714285714286,Medium,0,0,110.00000000000001,0.0,Medium
KE,2021-11-11,0.0,2,28.0,14.0,26.9,0.3,51.0,0,hot,False,False,True,2.0,1.0,1.6666666666666667,1.5714285714285714,Medium,0,0,110.00000000000001,0.0,Medium
KE,2021-11-15,0.0,3,108.0,54.0,26.5,1.9,51.0,1,hot,False,False,True,2.0,1.0,2.3333333333333335,1.8571428571428572,Medium,0,0,110.00000000000001,0.0,Medium
KE,2021-11-16,0.0,2,118.0,59.0,25.9,3.0,51.0,1,hot,False,False,True,3.0,1.0,2.3333333333333335,2.0,Medium,0,0,110.00000000000001,0.0,Medium
KE,2021-11-17,0.0,2,38.0,19.0,26.1,0.7,51.0,0,hot,False,False,True,2.0,2.0,2.3333333333333335,2.0,Medium,0,0,110.00000000000001,0.0,Medium
KE,2021-11-19,0.0,1,19.0,19.0,27.8,0.6,51.0,0,hot,False,False,True,2.0,2.0,1.6666666666666667,1.8571428571428572,Medium,0,0,110.00000000000001,0.0,Medium
KE,2021-11-22,2.1666666666666665,2,0.0,,26.8,0.9,51.0,0,hot,False,False,True,1.0,1.0,1.6666666666666667,2.0,Medium,0,0,110.00000000000001,0.0,Medium
KE,2021-11-23,37.333333333333336,1,0.0,,28.6,0.0,3.0,0,hot,False,False,True,2.0,2.0,1.3333333333333333,1.8571428571428572,Medium,0,0,110.00000000000001,0.0,Medium
KE,2021-11-24,2.033333333333333,1,0.0,,28.5,0.0,1.0,0,hot,False,False,True,1.0,2.0,1.3333333333333333,1.7142857142857142,Medium,0,0,110.00000000000001,0.0,Medium
KE,2021-12-02,0.0,1,149.0,149.0,22.0,3.2,61.0,1,mild,False,True,False,1.0,3.0,1.0,1.4285714285714286,Medium,0,0,110.00000000000001,0.0,Medium
KE,2021-12-03,5.5,3,308.0,154.0,21.4,8.4,63.0,1,mild,False,True,False,1.0,2.0,1.6666666666666667,1.5714285714285714,Medium,0,0,110.00000000000001,0.0,Medium
KE,2021-12-04,0.0,10,1400.0,140.0,22.3,3.0,51.0,1,mild,False,True,False,3.0,2.0,4.666666666666667,2.7142857142857144,Medium,0,0,110.00000000000001,0.0,Medium
KE,2021-12-05,0.0,27,3953.0,146.40740740740742,23.0,3.2,51.0,1,mild,False,True,False,10.0,1.0,13.333333333333334,6.428571428571429,Medium,0,0,120.0,0.0,High
KE,2021-12-07,0.0,3,393.0,131.0,24.1,2.9,51.0,1,mild,False,True,False,27.0,2.0,13.333333333333334,6.571428571428571,Medium,0,0,120.0,0.0,High
KE,2021-12-08,0.0,1,299.0,299.0,24.8,3.5,53.0,1,mild,False,True,False,3.0,1.0,10.333333333333334,6.571428571428571,Medium,0,0,110.00000000000001,0.0,Medium
KE,2021-12-09,0.0,3,308.0,154.0,24.2,2.7,61.0,1,mild,False,True,False,1.0,1.0,2.3333333333333335,6.857142857142857,Medium,0,0,110.00000000000001,0.0,Medium
KE,2021-12-10,0.0,38,11362.0,299.0,24.5,2.7,53.0,1,mild,False,True,False,3.0,1.0,14.0,12.142857142857142,Medium,0,0,110.00000000000001,0.0,Medium
KE,2021-12-11,15.0,1,0.0,,24.2,1.7,51.0,1,mild,False,True,False,38.0,3.0,14.0,11.857142857142858,Medium,0,0,110.00000000000001,0.0,Medium
KE,2021-12-12,0.0,3,623.0,207.66666666666666,22.7,0.3,51.0,0,mild,False,True,False,1.0,10.0,14.0,10.857142857142858,Medium,0,0,120.0,0.0,High
KE,2021-12-13,0.0,2,420.0,210.0,23.2,2.8,53.0,1,mild,False,True,False,3.0,27.0,2.0,7.285714285714286,Medium,0,0,110.00000000000001,0.0,Medium
KE,2021-12-14,0.0,1,126.0,126.0,23.1,4.0,51.0,1,mild,False,True,False,2.0,3.0,2.0,7.0,Medium,0,0,110.00000000000001,0.0,Medium
KE,2021-12-15,0.0,4,756.0,189.0,23.4,3.9,51.0,1,mild,False,True,False,1.0,1.0,2.3333333333333335,7.428571428571429,Medium,0,0,110.00000000000001,0.0,Medium
KE,2021-12-16,0.0,1,299.0,299.0,23.8,3.3,51.0,1,mild,False,True,False,4.0,3.0,2.0,7.142857142857143,Medium,0,0,110.00000000000001,0.0,Medium
KE,2021-12-18,2.85,1,0.0,,24.4,2.7,61.0,1,mild,False,True,False,1.0,38.0,2.0,1.8571428571428572,Medium,0,0,110.00000000000001,0.0,Medium
KE,2021-12-19,0.0,1,299.0,299.0,22.4,4.5,63.0,1,mild,False,True,False,1.0,1.0,1.0,1.8571428571428572,Medium,0,0,110.00000000000001,0.0,Medium
KE,2021-12-20,0.0,1,299.0,299.0,24.7,2.0,51.0,1,mild,False,True,False,1.0,3.0,1.0,1.5714285714285714,Medium,0,0,110.00000000000001,0.0,Medium
KE,2021-12-21,1.0,1,0.0,,22.7,8.0,61.0,1,mild,False,True,False,1.0,2.0,1.0,1.4285714285714286,Medium,0,0,110.00000000000001,0.0,Medium
KE,2021-12-22,0.0,5,207.0,41.4,24.5,3.3,53.0,1,mild,False,True,False,1.0,1.0,2.3333333333333335,2.0,Medium,0,0,110.00000000000001,0.0,Medium
KE,2021-12-23,0.0,2,558.0,279.0,24.4,4.3,53.0,1,mild,False,True,False,5.0,4.0,2.6666666666666665,1.7142857142857142,Medium,0,0,110.00000000000001,0.0,Medium
KE,2021-12-26,0.0,2,348.0,174.0,22.8,8.6,61.0,1,mild,False,True,False,2.0,1.0,3.0,1.8571428571428572,Medium,0,0,110.00000000000001,0.0,Medium
KE,2021-12-27,0.0,1,209.0,209.0,24.1,10.0,63.0,1,mild,False,True,False,2.0,1.0,1.6666666666666667,1.8571428571428572,Medium,0,0,110.00000000000001,0.0,Medium
KE,2021-12-28,0.0,1,419.0,419.0,24.0,2.0,53.0,1,mild,False,True,False,1.0,1.0,1.3333333333333333,1.8571428571428572,Medium,0,0,110.00000000000001,0.0,Medium
KE,2021-12-31,0.0,1,100.0,100.0,25.5,0.0,3.0,0,hot,False,False,True,1.0,1.0,1.0,1.8571428571428572,Medium,0,0,110.00000000000001,0.0,Medium
KE,2022-01-01,0.0,1,249.0,249.0,25.9,0.0,3.0,0,hot,False,False,True,1.0,1.0,1.0,1.8571428571428572,Medium,0,0,110.00000000000001,0.0,Medium
KE,2022-01-02,0.0,3,1195.0,398.3333333333333,26.3,0.0,3.0,0,hot,False,False,True,1.0,5.0,1.6666666666666667,1.5714285714285714,Medium,0,0,110.00000000000001,0.0,Medium
KE,2022-01-04,0.0,2,349.0,174.5,26.6,0.0,3.0,0,hot,False,False,True,3.0,2.0,2.0,1.5714285714285714,Medium,0,0,110.00000000000001,0.0,Medium
KE,2022-01-07,0.0,1,0.0,0.0,24.6,0.5,51.0,0,mild,False,True,False,2.0,2.0,2.0,1.4285714285714286,Medium,0,0,110.00000000000001,0.0,Medium
KE,2022-01-08,0.0,10,483.0,48.3,25.4,0.9,53.0,0,hot,False,False,True,1.0,1.0,4.333333333333333,2.7142857142857144,Medium,0,0,110.00000000000001,0.0,Medium
KE,2022-01-09,0.0,1,100.0,100.0,26.0,0.6,51.0,0,hot,False,False,True,10.0,1.0,4.0,2.7142857142857144,Medium,0,0,110.00000000000001,0.0,Medium
KE,2022-01-11,0.0,1,150.0,150.0,25.1,0.0,3.0,0,hot,False,False,True,1.0,1.0,4.0,2.7142857142857144,Medium,0,0,110.00000000000001,0.0,Medium
KE,2022-01-13,0.0,1,150.0,150.0,26.8,0.0,3.0,0,hot,False,False,True,1.0,1.0,1.0,2.7142857142857144,Medium,0,0,110.00000000000001,0.0,Medium
KE,2022-01-14,0.0,3,399.0,133.0,28.1,0.0,3.0,0,hot,False,False,True,1.0,3.0,1.6666666666666667,2.7142857142857144,Medium,0,0,110.00000000000001,0.0,Medium
KE,2022-01-15,0.0,4,917.0,229.25,26.6,0.4,51.0,0,hot,False,False,True,3.0,2.0,2.6666666666666665,3.0,Medium,0,0,110.00000000000001,0.0,Medium
KE,2022-01-16,0.0,2,225.0,112.5,26.8,0.2,51.0,0,hot,False,False,True,4.0,1.0,3.0,3.142857142857143,Medium,0,0,110.00000000000001,0.0,Medium
KE,2022-01-17,0.0,1,50.0,50.0,23.6,4.5,61.0,1,mild,False,True,False,2.0,10.0,2.3333333333333335,1.8571428571428572,Medium,0,0,110.00000000000001,0.0,Medium
KE,2022-01-20,0.0,2,59.0,29.5,26.7,0.0,3.0,0,hot,False,False,True,1.0,1.0,1.6666666666666667,2.0,Medium,0,0,110.00000000000001,0.0,Medium
KE,2022-01-21,0.0,1,149.0,149.0,25.4,0.1,51.0,0,hot,False,False,True,2.0,1.0,1.3333333333333333,2.0,Medium,0,0,110.00000000000001,0.0,Medium
KE,2022-01-22,0.0,3,328.0,109.33333333333333,25.1,0.1,51.0,0,hot,False,False,True,1.0,1.0,2.0,2.2857142857142856,Medium,0,0,110.00000000000001,0.0,Medium
KE,2022-01-23,0.0,1,150.0,150.0,26.1,0.0,3.0,0,hot,False,False,True,3.0,3.0,1.6666666666666667,2.0,Medium,0,0,110.00000000000001,0.0,Medium
KE,2022-01-28,0.0,2,998.0,499.0,27.6,0.0,3.0,0,hot,False,False,True,1.0,4.0,2.0,1.7142857142857142,Medium,0,0,110.00000000000001,0.0,Medium
KE,2022-01-30,0.0,4,1397.0,349.25,26.5,0.1,51.0,0,hot,False,False,True,2.0,2.0,2.3333333333333335,2.0,Medium,0,0,110.00000000000001,0.0,Medium
KE,2022-01-31,0.0,5,2495.0,499.0,25.6,0.3,51.0,0,hot,False,False,True,4.0,1.0,3.6666666666666665,2.5714285714285716,Medium,0,0,110.00000000000001,0.0,Medium
KE,2022-02-01,0.0,3,667.0,222.33333333333334,25.9,1.1,53.0,1,hot,False,False,True,5.0,2.0,4.0,2.7142857142857144,Medium,0,0,110.00000000000001,0.0,Medium
KE,2022-02-02,0.0,1,299.0,299.0,27.1,2.2,55.0,1,hot,False,False,True,3.0,1.0,3.0,2.7142857142857144,Medium,0,0,110.00000000000001,0.0,Medium
KE,2022-02-06,0.0,3,807.0,269.0,28.4,0.3,51.0,0,hot,False,False,True,1.0,3.0,2.3333333333333335,2.7142857142857144,Medium,0,0,110.00000000000001,0.0,Medium
KE,2022-02-07,0.0,2,308.0,154.0,26.6,0.5,51.0,0,hot,False,False,True,3.0,1.0,2.0,2.857142857142857,Medium,0,0,110.00000000000001,0.0,Medium
KE,2022-02-08,0.0,1,499.0,499.0,26.6,0.0,3.0,0,hot,False,False,True,2.0,2.0,2.0,2.7142857142857144,Medium,0,0,110.00000000000001,0.0,Medium
KE,2022-02-09,0.0,1,9.0,9.0,26.1,0.0,3.0,0,hot,False,False,True,1.0,4.0,1.3333333333333333,2.2857142857142856,Medium,0,0,110.00000000000001,0.0,Medium
KE,2022-02-11,0.0,2,198.0,99.0,26.8,0.0,3.0,0,hot,False,False,True,1.0,5.0,1.3333333333333333,1.8571428571428572,Medium,0,0,110.00000000000001,0.0,Medium
KE,2022-02-12,0.0,8,782.0,97.75,28.1,0.1,51.0,0,hot,False,False,True,2.0,3.0,3.6666666666666665,2.5714285714285716,Medium,0,0,110.00000000000001,0.0,Medium
KE,2022-02-13,0.0,11,1409.0,128.0909090909091,28.1,0.0,3.0,0,hot,False,False,True,8.0,1.0,7.0,4.0,Medium,0,0,110.00000000000001,0.0,Medium
KE,2022-02-14,0.0,2,998.0,499.0,29.3,0.0,3.0,0,hot,False,False,True,11.0,3.0,7.0,3.857142857142857,Medium,0,0,110.00000000000001,0.0,Medium
KE,2022-02-15,0.0,1,499.0,499.0,27.5,0.0,3.0,0,hot,False,False,True,2.0,2.0,4.666666666666667,3.7142857142857144,Medium,0,0,110.00000000000001,0.0,Medium
KE,2022-02-17,0.0,2,1098.0,549.0,29.3,0.0,3.0,0,hot,False,False,True,1.0,1.0,1.6666666666666667,3.857142857142857,Medium,0,0,110.00000000000001,0.0,Medium
KE,2022-02-24,0.0,1,199.0,199.0,23.9,1.2,51.0,1,mild,False,True,False,2.0,1.0,1.3333333333333333,3.857142857142857,Medium,0,0,110.00000000000001,0.0,Medium
KE,2022-03-04,0.0,1,149.0,149.0,28.4,0.0,2.0,0,hot,False,False,True,1.0,2.0,1.3333333333333333,3.7142857142857144,Medium,0,0,110.00000000000001,0.0,Medium
KE,2022-03-06,0.0,1,499.0,499.0,27.8,0.0,3.0,0,hot,False,False,True,1.0,8.0,1.0,2.7142857142857144,Medium,0,0,110.00000000000001,0.0,Medium
KE,2022-03-10,0.0,183,91317.0,499.0,28.9,0.0,3.0,0,hot,False,False,True,1.0,11.0,61.666666666666664,27.285714285714285,Medium,1,499,110.00000000000001,110.00000000000001,Medium
KE,2022-03-11,0.0,1,499.0,499.0,29.0,0.0,3.0,0,hot,False,False,True,183.0,2.0,61.666666666666664,27.142857142857142,Medium,0,0,110.00000000000001,0.0,Medium
KE,2022-03-12,0.0,8,1948.0,243.5,28.9,0.0,3.0,0,hot,False,False,True,1.0,1.0,64.0,28.142857142857142,Medium,0,0,110.00000000000001,0.0,Medium
KE,2022-03-13,0.0,11,2750.0,250.0,29.5,0.0,3.0,0,hot,False,False,True,8.0,2.0,6.666666666666667,29.428571428571427,Medium,0,0,110.00000000000001,0.0,Medium
KE,2022-03-14,0.0,1,250.0,250.0,29.4,0.0,3.0,0,hot,False,False,True,11.0,1.0,6.666666666666667,29.428571428571427,Medium,0,0,110.00000000000001,0.0,Medium
KE,2022-03-17,0.0,1,99.0,99.0,28.9,0.0,3.0,0,hot,False,False,True,1.0,1.0,4.333333333333333,29.428571428571427,Medium,0,0,110.00000000000001,0.0,Medium
KE,2022-03-18,0.0,1,149.0,149.0,28.1,0.0,3.0,0,hot,False,False,True,1.0,1.0,1.0,29.428571428571427,Medium,0,0,110.00000000000001,0.0,Medium
KE,2022-03-19,0.0,2,298.0,149.0,28.1,0.0,3.0,0,hot,False,False,True,1.0,183.0,1.3333333333333333,3.5714285714285716,Medium,0,0,110.00000000000001,0.0,Medium
KE,2022-03-22,0.0,3,397.0,132.33333333333334,27.1,0.2,51.0,0,hot,False,False,True,2.0,1.0,2.0,3.857142857142857,Medium,0,0,110.00000000000001,0.0,Medium
KE,2022-03-24,0.0,2,798.0,399.0,27.7,0.1,51.0,0,hot,False,False,True,3.0,8.0,2.3333333333333335,3.0,Medium,0,0,110.00000000000001,0.0,Medium
KE,2022-03-25,0.0,1,149.0,149.0,28.9,0.1,51.0,0,hot,False,False,True,2.0,11.0,2.0,1.5714285714285714,Medium,0,0,110.00000000000001,0.0,Medium
KE,2022-03-28,0.0,1,299.0,299.0,27.6,1.0,51.0,0,hot,False,False,True,1.0,1.0,1.3333333333333333,1.5714285714285714,Medium,0,0,110.00000000000001,0.0,Medium
KE,2022-03-31,0.0,1,299.0,299.0,26.0,4.4,53.0,1,hot,False,False,True,1.0,1.0,1.0,1.5714285714285714,Medium,0,0,110.00000000000001,0.0,Medium
KE,2022-04-01,0.0,1,299.0,299.0,23.9,8.7,63.0,1,mild,False,True,False,1.0,1.0,1.0,1.5714285714285714,Medium,0,0,110.00000000000001,0.0,Medium
KE,2022-04-02,0.0,3,797.0,265.6666666666667,23.5,2.5,53.0,1,mild,False,True,False,1.0,2.0,1.6666666666666667,1.7142857142857142,Medium,0,0,110.00000000000001,0.0,Medium
KE,2022-04-03,0.0,3,447.0,149.0,25.7,0.3,51.0,0,hot,False,False,True,3.0,3.0,2.3333333333333335,1.7142857142857142,Medium,0,0,110.00000000000001,0.0,Medium
KE,2022-04-06,0.0,6,1194.0,199.0,26.5,1.1,51.0,1,hot,False,False,True,3.0,2.0,4.0,2.2857142857142856,Medium,0,0,110.00000000000001,0.0,Medium
KE,2022-04-09,0.0,15,2985.0,199.0,26.2,0.0,3.0,0,hot,False,False,True,6.0,1.0,8.0,4.285714285714286,Medium,0,0,110.00000000000001,0.0,Medium
KE,2022-04-10,0.0,2,398.0,199.0,25.6,2.4,53.0,1,hot,False,False,True,15.0,1.0,7.666666666666667,4.428571428571429,Medium,0,0,110.00000000000001,0.0,Medium
KE,2022-04-12,0.0,4,796.0,199.0,27.5,0.6,51.0,0,hot,False,False,True,2.0,1.0,7.0,4.857142857142857,Medium,0,0,110.00000000000001,0.0,Medium
KE,2022-04-14,0.0,4,796.0,199.0,27.8,1.8,51.0,1,hot,False,False,True,4.0,1.0,3.3333333333333335,5.285714285714286,Medium,0,0,110.00000000000001,0.0,Medium
KE,2022-04-16,0.0,1,199.0,199.0,27.7,1.0,51.0,0,hot,False,False,True,4.0,3.0,3.0,5.0,Medium,0,0,110.00000000000001,0.0,Medium
KE,2022-04-18,0.0,2,788.0,394.0,26.2,1.6,53.0,1,hot,False,False,True,1.0,3.0,2.3333333333333335,4.857142857142857,Medium,0,0,110.00000000000001,0.0,Medium
KE,2022-04-20,0.0,1,199.0,199.0,25.1,6.6,61.0,1,hot,False,False,True,2.0,6.0,1.3333333333333333,4.142857142857143,Medium,0,0,110.00000000000001,0.0,Medium
KE,2022-04-23,0.0,1,19.0,19.0,25.4,4.9,55.0,1,hot,False,False,True,1.0,15.0,1.3333333333333333,2.142857142857143,Medium,0,0,110.00000000000001,0.0,Medium
KE,2022-04-24,0.0,1,299.0,299.0,24.2,4.2,61.0,1,mild,False,True,False,1.0,2.0,1.0,2.0,Medium,0,0,110.00000000000001,0.0,Medium
KE,2022-04-27,2.1,1,0.0,,22.8,5.9,63.0,1,mild,False,True,False,1.0,4.0,1.0,1.5714285714285714,Medium,0,0,110.00000000000001,0.0,Medium
KE,2022-05-08,13.666666666666666,3,238.0,119.0,25.1,0.8,53.0,0,hot,False,False,True,1.0,4.0,1.6666666666666667,1.4285714285714286,Medium,0,0,110.00000000000001,0.0,Medium
KE,2022-05-16,68.63333333333334,2,99.0,99.0,23.3,0.6,51.0,0,mild,False,True,False,3.0,1.0,2.0,1.5714285714285714,High,0,0,110.00000000000001,0.0,Medium
KE,2022-05-26,51.0,7,87.0,21.75,25.2,0.1,51.0,0,hot,False,False,True,2.0,2.0,4.0,2.2857142857142856,Medium,0,0,110.00000000000001,0.0,Medium
KE,2022-05-31,16.333333333333332,2,0.0,,23.1,0.2,51.0,0,mild,False,True,False,7.0,1.0,3.6666666666666665,2.4285714285714284,Medium,0,0,110.00000000000001,0.0,Medium
KE,2022-06-01,7.116666666666666,4,38.0,19.0,23.5,1.4,51.0,1,mild,False,True,False,2.0,1.0,4.333333333333333,2.857142857142857,Medium,0,0,110.00000000000001,0.0,Medium
KE,2022-06-07,0.0,1,39.0,39.0,23.7,3.2,61.0,1,mild,False,True,False,4.0,1.0,2.3333333333333335,2.857142857142857,Medium,0,0,110.00000000000001,0.0,Medium
KE,2022-06-10,3.1666666666666665,1,0.0,,22.7,0.3,51.0,0,mild,False,True,False,1.0,1.0,2.0,2.857142857142857,Medium,0,0,110.00000000000001,0.0,Medium
KE,2022-06-11,0.0,9,1361.0,151.22222222222223,22.7,0.0,3.0,0,mild,False,True,False,1.0,3.0,3.6666666666666665,3.7142857142857144,Medium,0,0,110.00000000000001,0.0,Medium
KE,2022-06-12,89.66666666666667,1,0.0,,23.3,0.2,51.0,0,mild,False,True,False,9.0,2.0,3.6666666666666665,3.5714285714285716,High,0,0,110.00000000000001,0.0,Medium
KE,2022-06-13,72.16666666666667,2,499.0,499.0,21.5,0.0,3.0,0,mild,False,True,False,1.0,7.0,4.0,2.857142857142857,High,0,0,110.00000000000001,0.0,Medium
KE,2022-06-19,96.14999999999999,5,238.0,119.0,23.0,0.3,51.0,0,mild,False,True,False,2.0,2.0,2.6666666666666665,3.2857142857142856,High,0,0,110.00000000000001,0.0,Medium
KE,2022-06-20,0.0,2,428.0,214.0,22.8,0.1,51.0,0,mild,False,True,False,5.0,4.0,3.0,3.0,Medium,0,0,110.00000000000001,0.0,Medium
KE,2022-06-23,0.6666666666666666,2,89.0,89.0,20.9,1.6,53.0,1,mild,False,True,False,2.0,1.0,3.0,3.142857142857143,Medium,0,0,110.00000000000001,0.0,Medium
KE,2022-06-29,71.03333333333333,2,199.0,199.0,20.7,0.0,3.0,0,mild,False,True,False,2.0,1.0,2.0,3.2857142857142856,High,0,0,110.00000000000001,0.0,Medium
KE,2022-07-01,4.15,3,298.0,149.0,19.3,0.1,51.0,0,mild,False,True,False,2.0,9.0,2.3333333333333335,2.4285714285714284,Medium,0,0,110.00000000000001,0.0,Medium
KE,2022-07-03,0.0,42,6258.0,149.0,23.9,0.0,3.0,0,mild,False,True,False,3.0,1.0,15.666666666666666,8.285714285714286,Medium,0,0,110.00000000000001,0.0,Medium
KE,2022-07-07,0.0,1,149.0,149.0,22.2,0.0,3.0,0,mild,False,True,False,42.0,2.0,15.333333333333334,8.142857142857142,Medium,0,0,110.00000000000001,0.0,Medium
KE,2022-07-09,0.0,10,1490.0,149.0,18.5,0.8,51.0,0,mild,False,True,False,1.0,5.0,17.666666666666668,8.857142857142858,Medium,0,0,120.0,0.0,High
KE,2022-07-11,20.1,8,745.0,124.16666666666667,22.1,1.6,51.0,1,mild,False,True,False,10.0,2.0,6.333333333333333,9.714285714285714,Medium,0,0,120.0,0.0,High
KE,2022-07-12,107.16666666666667,2,99.0,99.0,19.5,1.7,51.0,1,mild,False,True,False,8.0,2.0,6.666666666666667,9.714285714285714,High,0,0,110.00000000000001,0.0,Medium
KE,2022-07-13,0.0,1,149.0,149.0,24.0,0.5,51.0,0,mild,False,True,False,2.0,2.0,3.6666666666666665,9.571428571428571,Medium,0,0,110.00000000000001,0.0,Medium
KE,2022-07-17,74.66666666666667,2,99.0,99.0,19.9,0.1,51.0,0,mild,False,True,False,1.0,3.0,1.6666666666666667,9.428571428571429,High,0,0,110.00000000000001,0.0,Medium
KE,2022-07-18,0.0,1,249.0,249.0,21.7,0.8,51.0,0,mild,False,True,False,2.0,42.0,1.3333333333333333,3.5714285714285716,Medium,0,0,110.00000000000001,0.0,Medium
KE,2022-07-26,53.65,1,0.0,,22.5,0.3,51.0,0,mild,False,True,False,1.0,1.0,1.3333333333333333,3.5714285714285716,Medium,0,0,110.00000000000001,0.0,Medium
KE,2022-07-29,28.166666666666668,2,149.0,149.0,21.8,0.8,51.0,0,mild,False,True,False,1.0,10.0,1.3333333333333333,2.4285714285714284,Medium,0,0,110.00000000000001,0.0,Medium
KE,2022-07-31,0.0,138,39913.0,289.22463768115944,21.6,0.4,51.0,0,mild,False,True,False,2.0,8.0,47.0,21.0,Medium,1,499,110.00000000000001,110.00000000000001,Medium
KE,2022-08-05,0.0,2,398.0,199.0,19.8,0.7,51.0,0,mild,False,True,False,138.0,2.0,47.333333333333336,21.0,Medium,0,0,110.00000000000001,0.0,Medium
KE,2022-08-16,4.666666666666667,2,19.0,19.0,23.8,1.7,53.0,1,mild,False,True,False,2.0,1.0,47.333333333333336,21.142857142857142,Medium,0,0,110.00000000000001,0.0,Medium
KE,2022-08-18,5.1,4,38.0,19.0,24.2,0.0,3.0,0,mild,False,True,False,2.0,2.0,2.6666666666666665,21.428571428571427,Medium,0,0,110.00000000000001,0.0,Medium
KE,2022-08-19,9.133333333333333,7,237.0,79.0,25.7,0.0,3.0,0,hot,False,False,True,4.0,1.0,4.333333333333333,22.285714285714285,Medium,0,0,110.00000000000001,0.0,Medium
KE,2022-08-20,323.4,7,797.0,265.6666666666667,26.9,0.0,3.0,0,hot,False,False,True,7.0,1.0,6.0,23.142857142857142,High,0,0,110.00000000000001,0.0,Medium
KE,2022-08-22,0.0,1,59.0,59.0,22.6,0.0,3.0,0,mild,False,True,False,7.0,2.0,5.0,23.0,Medium,0,0,110.00000000000001,0.0,Medium
KE,2022-08-23,151.33333333333334,4,448.0,224.0,22.3,0.0,3.0,0,mild,False,True,False,1.0,138.0,4.0,3.857142857142857,High,0,0,110.00000000000001,0.0,Medium
KE,2022-08-24,11.166666666666666,1,0.0,,23.3,0.2,51.0,0,mild,False,True,False,4.0,2.0,2.0,3.7142857142857144,Medium,0,0,110.00000000000001,0.0,Medium
KE,2022-08-27,0.0,1,9.0,9.0,19.8,2.3,53.0,1,mild,False,True,False,1.0,2.0,2.0,3.5714285714285716,Medium,0,0,110.00000000000001,0.0,Medium
KE,2022-08-31,0.0,1,199.0,199.0,23.5,0.7,51.0,0,mild,False,True,False,1.0,4.0,1.0,3.142857142857143,Medium,0,0,110.00000000000001,0.0,Medium
KE,2022-09-02,121.63333333333334,85,18011.0,214.41666666666666,22.4,0.2,51.0,0,mild,False,True,False,1.0,7.0,29.0,14.285714285714286,High,0,0,120.0,0.0,High
KE,2022-09-05,85.55,2,249.0,249.0,26.0,0.1,51.0,0,hot,False,False,True,85.0,7.0,29.333333333333332,13.571428571428571,High,0,0,120.0,0.0,High
KE,2022-09-06,86.6,3,348.0,174.0,23.7,9.6,63.0,1,mild,False,True,False,2.0,1.0,30.0,13.857142857142858,High,0,0,120.0,0.0,High
KE,2022-09-08,0.0,1,249.0,249.0,19.3,1.9,51.0,1,mild,False,True,False,3.0,4.0,2.0,13.428571428571429,Medium,0,0,110.00000000000001,0.0,Medium
KE,2022-09-13,32.05,2,399.0,399.0,24.2,1.0,51.0,0,mild,False,True,False,1.0,1.0,2.0,13.571428571428571,Medium,0,0,110.00000000000001,0.0,Medium
KE,2022-09-16,204.5,4,199.0,199.0,23.4,0.0,3.0,0,mild,False,True,False,2.0,1.0,2.3333333333333335,14.0,High,0,0,110.00000000000001,0.0,Medium
KE,2022-09-18,88.66666666666667,2,249.0,249.0,22.9,0.1,51.0,0,mild,False,True,False,4.0,1.0,2.6666666666666665,14.142857142857142,High,0,0,120.0,0.0,High
KE,2022-09-21,116.16666666666667,2,249.0,249.0,25.7,0.3,51.0,0,hot,False,False,True,2.0,85.0,2.6666666666666665,2.2857142857142856,High,0,0,110.00000000000001,0.0,Medium
KE,2022-09-22,0.0,1,48.0,48.0,25.6,0.3,51.0,0,hot,False,False,True,2.0,2.0,1.6666666666666667,2.142857142857143,Medium,0,0,110.00000000000001,0.0,Medium
KE,2022-09-23,87.1,4,497.0,165.66666666666666,26.1,0.1,51.0,0,hot,False,False,True,1.0,3.0,2.3333333333333335,2.2857142857142856,High,0,0,110.00000000000001,0.0,Medium
KE,2022-09-24,154.75,5,1047.0,349.0,27.7,0.1,51.0,0,hot,False,False,True,4.0,1.0,3.3333333333333335,2.857142857142857,High,0,0,110.00000000000001,0.0,Medium
KE,2022-09-25,6.166666666666667,3,9.0,9.0,25.5,1.5,51.0,1,hot,False,False,True,5.0,2.0,4.0,3.0,Medium,0,0,110.00000000000001,0.0,Medium
KE,2022-09-26,72.76666666666667,7,796.0,199.0,25.9,1.2,51.0,1,hot,False,False,True,3.0,4.0,5.0,3.4285714285714284,High,0,0,110.00000000000001,0.0,Medium
KE,2022-09-27,66.0,8,745.0,149.0,26.9,0.1,51.0,0,hot,False,False,True,7.0,2.0,6.0,4.285714285714286,High,0,0,110.00000000000001,0.0,Medium
KE,2022-09-28,63.13333333333333,8,1393.0,199.0,26.8,0.0,3.0,0,hot,False,False,True,8.0,2.0,7.666666666666667,5.142857142857143,High,0,0,110.00000000000001,0.0,Medium
KE,2022-09-29,0.0,41,8159.0,199.0,26.3,0.0,3.0,0,hot,False,False,True,8.0,1.0,19.0,10.857142857142858,Medium,0,0,110.00000000000001,0.0,Medium
KE,2022-09-30,63.13333333333333,2,199.0,199.0,24.8,0.6,51.0,0,mild,False,True,False,41.0,4.0,17.0,10.571428571428571,High,0,0,120.0,0.0,High
KE,2022-10-02,0.0,110,21890.0,199.0,26.2,0.0,3.0,0,hot,False,False,True,2.0,5.0,51.0,25.571428571428573,Medium,1,499,110.00000000000001,110.00000000000001,Medium
KE,2022-10-04,10.616666666666667,3,398.0,199.0,25.7,1.9,61.0,1,hot,False,False,True,110.0,3.0,38.333333333333336,25.571428571428573,Medium,0,0,110.00000000000001,0.0,Medium
KE,2022-10-05,1.8333333333333335,6,556.0,139.0,26.4,0.3,51.0,0,hot,False,False,True,3.0,7.0,39.666666666666664,25.428571428571427,Medium,0,0,110.00000000000001,0.0,Medium
KE,2022-10-06,1.0833333333333335,4,448.0,224.0,24.9,1.4,51.0,1,mild,False,True,False,6.0,8.0,4.333333333333333,24.857142857142858,Medium,0,0,110.00000000000001,0.0,Medium
KE,2022-10-07,0.0,1,199.0,199.0,26.5,0.2,51.0,0,hot,False,False,True,4.0,8.0,3.6666666666666665,23.857142857142858,Medium,0,0,110.00000000000001,0.0,Medium
KE,2022-10-08,27.666666666666668,2,104.0,104.0,26.1,0.1,51.0,0,hot,False,False,True,1.0,41.0,2.3333333333333335,18.285714285714285,Medium,0,0,110.00000000000001,0.0,Medium
KE,2022-10-09,32.05,4,557.0,185.66666666666666,27.5,0.0,3.0,0,hot,False,False,True,2.0,2.0,2.3333333333333335,18.571428571428573,Medium,0,0,110.00000000000001,0.0,Medium
KE,2022-10-10,0.0,1,139.0,139.0,28.0,0.0,3.0,0,hot,False,False,True,4.0,110.0,2.3333333333333335,3.0,Medium,0,0,110.00000000000001,0.0,Medium
KE,2022-10-11,65.16666666666667,2,69.0,69.0,26.3,0.0,3.0,0,hot,False,False,True,1.0,3.0,2.3333333333333335,2.857142857142857,High,0,0,110.00000000000001,0.0,Medium
KE,2022-10-12,56.166666666666664,2,199.0,199.0,27.1,0.0,3.0,0,hot,False,False,True,2.0,6.0,1.6666666666666667,2.2857142857142856,Medium,0,0,110.00000000000001,0.0,Medium
KE,2022-10-13,64.21666666666667,3,199.0,199.0,27.4,0.0,3.0,0,hot,False,False,True,2.0,4.0,2.3333333333333335,2.142857142857143,High,0,0,110.00000000000001,0.0,Medium
KE,2022-10-14,84.16666666666667,2,249.0,249.0,27.0,0.0,3.0,0,hot,False,False,True,3.0,1.0,2.3333333333333335,2.2857142857142856,High,0,0,110.00000000000001,0.0,Medium
KE,2022-10-15,62.166666666666664,2,199.0,199.0,26.4,0.2,51.0,0,hot,False,False,True,2.0,2.0,2.3333333333333335,2.2857142857142856,High,0,0,110.00000000000001,0.0,Medium
KE,2022-10-18,0.0,1,199.0,199.0,26.0,1.7,51.0,1,hot,False,False,True,2.0,4.0,1.6666666666666667,1.8571428571428572,Medium,0,0,110.00000000000001,0.0,Medium
KE,2022-10-19,47.33333333333333,53,12649.0,248.01960784313727,26.0,0.5,51.0,0,hot,False,False,True,1.0,1.0,18.666666666666668,9.285714285714286,Medium,0,0,110.00000000000001,0.0,Medium
KE,2022-10-20,294.5,10,1419.0,236.5,26.7,0.6,51.0,0,hot,False,False,True,53.0,2.0,21.333333333333332,10.428571428571429,High,0,0,120.0,0.0,High
KE,2022-10-21,0.0,1,249.0,249.0,27.8,0.2,51.0,0,hot,False,False,True,10.0,2.0,21.333333333333332,10.285714285714286,Medium,0,0,110.00000000000001,0.0,Medium
KE,2022-10-23,14.6,2,3.99,3.99,27.0,0.4,51.0,0,hot,False,False,True,1.0,3.0,4.333333333333333,10.142857142857142,Medium,0,0,110.00000000000001,0.0,Medium
KE,2022-10-28,35.81666666666667,54,7449.0,146.05882352941177,28.5,1.4,51.0,1,hot,False,False,True,2.0,2.0,19.0,17.571428571428573,Medium,0,0,110.00000000000001,0.0,Medium
KE,2022-10-29,214.05,7,597.0,199.0,27.0,0.3,51.0,0,hot,False,False,True,54.0,2.0,21.0,18.285714285714285,High,0,0,120.0,0.0,High
KE,2022-10-30,0.0,28,4302.0,153.64285714285714,27.8,0.0,3.0,0,hot,False,False,True,7.0,1.0,29.666666666666668,22.142857142857142,Medium,0,0,110.00000000000001,0.0,Medium
KE,2022-11-01,132.75,79,14273.0,185.36363636363637,22.4,5.0,61.0,1,mild,False,True,False,28.0,53.0,38.0,25.857142857142858,High,0,0,120.0,0.0,High
KE,2022-11-02,12.666666666666666,1,0.0,,23.4,4.1,53.0,1,mild,False,True,False,79.0,10.0,36.0,24.571428571428573,Medium,0,0,120.0,0.0,High
KE,2022-11-03,88.6,7,1346.0,336.5,23.9,6.9,61.0,1,mild,False,True,False,1.0,1.0,29.0,25.428571428571427,High,0,0,110.00000000000001,0.0,Medium
KE,2022-11-04,0.0,1,139.0,139.0,25.0,10.5,63.0,1,mild,False,True,False,7.0,2.0,3.0,25.285714285714285,Medium,0,0,110.00000000000001,0.0,Medium
KE,2022-11-05,66.66666666666667,2,139.0,139.0,25.1,0.7,51.0,0,hot,False,False,True,1.0,54.0,3.3333333333333335,17.857142857142858,High,0,0,110.00000000000001,0.0,Medium
KE,2022-11-06,116.33333333333334,4,848.0,424.0,24.6,1.7,51.0,1,mild,False,True,False,2.0,7.0,2.3333333333333335,17.428571428571427,High,0,0,110.00000000000001,0.0,Medium
KE,2022-11-07,241.35000000000002,11,1609.0,268.1666666666667,24.2,3.6,53.0,1,mild,False,True,False,4.0,28.0,5.666666666666667,15.0,High,0,0,120.0,0.0,High
KE,2022-11-08,0.0,1,599.0,599.0,25.8,2.5,51.0,1,hot,False,False,True,11.0,79.0,5.333333333333333,3.857142857142857,Medium,0,0,110.00000000000001,0.0,Medium
KE,2022-11-09,0.0,2,198.0,99.0,25.4,0.6,51.0,0,hot,False,False,True,1.0,1.0,4.666666666666667,4.0,Medium,0,0,110.00000000000001,0.0,Medium
KE,2022-11-10,0.0,2,548.0,274.0,25.6,0.9,51.0,0,hot,False,False,True,2.0,7.0,1.6666666666666667,3.2857142857142856,Medium,0,0,110.00000000000001,0.0,Medium
KE,2022-11-11,147.33333333333334,45,10682.0,248.41860465116278,23.8,1.4,51.0,1,mild,False,True,False,2.0,1.0,16.333333333333332,9.571428571428571,High,0,0,110.00000000000001,0.0,Medium
KE,2022-11-12,28.166666666666668,1,0.0,,24.5,12.7,63.0,1,mild,False,True,False,45.0,2.0,16.0,9.428571428571429,Medium,0,0,110.00000000000001,0.0,Medium
KE,2022-11-13,241.33333333333334,3,224.0,224.0,24.0,0.3,51.0,0,mild,False,True,False,1.0,4.0,16.333333333333332,9.285714285714286,High,0,0,110.00000000000001,0.0,Medium
KE,2022-11-17,304.31666666666666,157,38321.0,248.83766233766235,18.0,13.3,61.0,1,mild,False,True,False,3.0,11.0,53.666666666666664,30.142857142857142,High,1,499,120.0,120.0,High
KE,2022-11-19,115.66666666666667,3,323.0,161.5,23.2,3.2,53.0,1,mild,False,True,False,157.0,1.0,54.333333333333336,30.428571428571427,High,0,0,120.0,0.0,High
KE,2022-11-20,0.0,82,12218.0,149.0,24.1,6.5,55.0,1,mild,False,True,False,3.0,2.0,80.66666666666667,41.857142857142854,Medium,0,0,110.00000000000001,0.0,Medium
KE,2022-11-21,0.0,59,8991.0,152.38983050847457,24.5,1.0,51.0,0,mild,False,True,False,82.0,2.0,48.0,50.0,Medium,0,0,110.00000000000001,0.0,Medium
KE,2022-11-22,3.0833333333333335,2,9.0,9.0,24.8,1.6,53.0,1,mild,False,True,False,59.0,45.0,47.666666666666664,43.857142857142854,Medium,0,0,120.0,0.0,High
KE,2022-11-25,170.9,7,199.0,199.0,23.3,1.6,51.0,1,mild,False,True,False,2.0,1.0,22.666666666666668,44.714285714285715,High,0,0,110.00000000000001,0.0,Medium
KE,2022-11-27,0.0,2,273.0,136.5,24.7,2.0,51.0,1,mild,False,True,False,7.0,3.0,3.6666666666666665,44.57142857142857,Medium,0,0,110.00000000000001,0.0,Medium
KE,2022-11-29,61.333333333333336,3,149.0,149.0,23.9,3.6,53.0,1,mild,False,True,False,2.0,157.0,4.0,22.571428571428573,High,0,0,120.0,0.0,High
KE,2022-12-01,30.133333333333333,4,158.0,79.0,23.3,2.9,53.0,1,mild,False,True,False,3.0,3.0,3.0,22.714285714285715,Medium,0,0,110.00000000000001,0.0,Medium
KE,2022-12-02,6.166666666666667,1,0.0,,24.5,1.9,51.0,1,mild,False,True,False,4.0,82.0,2.6666666666666665,11.142857142857142,Medium,0,0,110.00000000000001,0.0,Medium
KE,2022-12-04,0.0,1,149.0,149.0,22.4,2.5,53.0,1,mild,False,True,False,1.0,59.0,2.0,2.857142857142857,Medium,0,0,110.00000000000001,0.0,Medium
KE,2022-12-05,0.0,11,1464.0,133.0909090909091,24.5,2.5,53.0,1,mild,False,True,False,1.0,2.0,4.333333333333333,4.142857142857143,Medium,0,0,110.00000000000001,0.0,Medium
KE,2022-12-06,57.833333333333336,37,5768.99,164.8282857142857,24.7,0.6,51.0,0,mild,False,True,False,11.0,7.0,16.333333333333332,8.428571428571429,Medium,0,0,120.0,0.0,High
KE,2022-12-07,0.0,1,499.0,499.0,25.0,0.9,51.0,0,mild,False,True,False,37.0,2.0,16.333333333333332,8.285714285714286,Medium,0,0,110.00000000000001,0.0,Medium
KE,2022-12-08,0.0,2,298.0,149.0,24.0,3.9,61.0,1,mild,False,True,False,1.0,3.0,13.333333333333334,8.142857142857142,Medium,0,0,110.00000000000001,0.0,Medium
KE,2022-12-09,31.166666666666668,57,8344.0,149.0,24.8,2.0,51.0,1,mild,False,True,False,2.0,4.0,20.0,15.714285714285714,Medium,0,0,110.00000000000001,0.0,Medium
KE,2022-12-10,91.43333333333334,6,354.0,177.0,24.6,2.8,61.0,1,mild,False,True,False,57.0,1.0,21.666666666666668,16.428571428571427,High,0,0,120.0,0.0,High
KE,2022-12-11,5.833333333333334,4,103.0,51.5,25.2,6.1,63.0,1,hot,False,False,True,6.0,1.0,22.333333333333332,16.857142857142858,Medium,0,0,110.00000000000001,0.0,Medium
KE,2022-12-12,32.05,3,164.0,82.0,23.6,2.8,53.0,1,mild,False,True,False,4.0,11.0,4.333333333333333,15.714285714285714,Medium,0,0,120.0,0.0,High
KE,2022-12-13,239.39999999999998,3,0.0,,23.7,3.0,53.0,1,mild,False,True,False,3.0,37.0,3.3333333333333335,10.857142857142858,High,0,0,120.0,0.0,High
KE,2022-12-14,19.466666666666665,63,11545.0,186.20967741935485,24.4,0.4,51.0,0,mild,False,True,False,3.0,1.0,23.0,19.714285714285715,Medium,0,0,110.00000000000001,0.0,Medium
KE,2022-12-15,218.0,6,0.0,,25.0,0.5,51.0,0,mild,False,True,False,63.0,2.0,24.0,20.285714285714285,High,0,0,120.0,0.0,High
KE,2022-12-17,86.56666666666666,4,698.0,349.0,24.9,1.4,51.0,1,mild,False,True,False,6.0,57.0,24.333333333333332,12.714285714285714,High,0,0,120.0,0.0,High
KE,2022-12-18,13.266666666666667,6,97.0,32.333333333333336,25.6,0.3,51.0,0,hot,False,False,True,4.0,6.0,5.333333333333333,12.714285714285714,Medium,0,0,110.00000000000001,0.0,Medium
KE,2022-12-21,139.21666666666667,5,317.0,105.66666666666667,25.3,0.9,51.0,0,hot,False,False,True,6.0,4.0,5.0,12.857142857142858,High,0,0,110.00000000000001,0.0,Medium
KE,2022-12-22,207.31666666666666,12,1720.0,172.0,25.9,0.5,51.0,0,hot,False,False,True,5.0,3.0,7.666666666666667,14.142857142857142,High,0,0,110.00000000000001,0.0,Medium
KE,2022-12-23,30.333333333333332,3,298.0,149.0,24.1,0.8,51.0,0,mild,False,True,False,12.0,3.0,6.666666666666667,14.142857142857142,Medium,0,0,110.00000000000001,0.0,Medium
KE,2022-12-24,32.05,4,327.0,109.0,25.8,1.1,51.0,1,hot,False,False,True,3.0,63.0,6.333333333333333,5.714285714285714,Medium,0,0,110.00000000000001,0.0,Medium
KE,2022-12-25,30.783333333333335,6,461.0,115.25,25.6,0.8,51.0,0,hot,False,False,True,4.0,6.0,4.333333333333333,5.714285714285714,Medium,0,0,110.00000000000001,0.0,Medium
KE,2022-12-26,52.55,5,238.0,119.0,26.0,0.2,51.0,0,hot,False,False,True,6.0,4.0,5.0,5.857142857142857,Medium,0,0,110.00000000000001,0.0,Medium
KE,2022-12-27,28.166666666666668,3,338.0,169.0,23.6,4.4,61.0,1,mild,False,True,False,5.0,6.0,4.666666666666667,5.428571428571429,Medium,0,0,120.0,0.0,High
KE,2022-12-28,0.0,4,706.0,176.5,25.5,0.2,51.0,0,hot,False,False,True,3.0,5.0,4.0,5.285714285714286,Medium,0,0,110.00000000000001,0.0,Medium
KE,2022-12-29,0.0,1,199.0,199.0,23.9,1.6,51.0,1,mild,False,True,False,4.0,12.0,2.6666666666666665,3.7142857142857144,Medium,0,0,110.00000000000001,0.0,Medium
KE,2022-12-31,56.166666666666664,3,233.0,116.5,23.5,0.0,3.0,0,mild,False,True,False,1.0,3.0,2.6666666666666665,3.7142857142857144,Medium,0,0,110.00000000000001,0.0,Medium
KE,2023-01-01,22.166666666666668,1,0.0,,24.3,0.0,3.0,0,mild,False,True,False,3.0,4.0,1.6666666666666667,3.2857142857142856,Medium,0,0,110.00000000000001,0.0,Medium
KE,2023-01-02,88.66666666666667,1,0.0,,23.1,1.1,51.0,1,mild,False,True,False,1.0,6.0,1.6666666666666667,2.5714285714285716,High,0,0,110.00000000000001,0.0,Medium
KE,2023-01-04,1.25,2,99.0,99.0,21.7,2.1,53.0,1,mild,False,True,False,1.0,5.0,1.3333333333333333,2.142857142857143,Medium,0,0,110.00000000000001,0.0,Medium
KE,2023-01-05,213.33333333333334,3,199.0,199.0,23.8,0.5,51.0,0,mild,False,True,False,2.0,3.0,2.0,2.142857142857143,High,0,0,110.00000000000001,0.0,Medium
KE,2023-01-06,104.21666666666665,8,104.0,34.666666666666664,25.8,0.0,3.0,0,hot,False,False,True,3.0,4.0,4.333333333333333,2.7142857142857144,High,0,0,110.00000000000001,0.0,Medium
KE,2023-01-08,73.0,5,0.0,0.0,25.4,0.4,51.0,0,hot,False,False,True,8.0,1.0,5.333333333333333,3.2857142857142856,High,0,0,110.00000000000001,0.0,Medium
KE,2023-01-10,74.66666666666667,5,599.0,149.75,24.7,0.4,51.0,0,mild,False,True,False,5.0,3.0,6.0,3.5714285714285716,High,0,0,110.00000000000001,0.0,Medium
KE,2023-01-11,0.0,1,0.0,0.0,24.9,0.1,51.0,0,mild,False,True,False,5.0,1.0,3.6666666666666665,3.5714285714285716,Medium,0,0,110.00000000000001,0.0,Medium
KE,2023-01-16,0.0,5,448.0,89.6,24.9,0.0,1.0,0,mild,False,True,False,1.0,1.0,3.6666666666666665,4.142857142857143,Medium,0,0,110.00000000000001,0.0,Medium
KE,2023-01-17,0.0,2,249.0,124.5,25.7,0.0,3.0,0,hot,False,False,True,5.0,2.0,2.6666666666666665,4.142857142857143,Medium,0,0,110.00000000000001,0.0,Medium
KE,2023-01-21,0.0,4,199.0,49.75,26.8,0.0,3.0,0,hot,False,False,True,2.0,3.0,3.6666666666666665,4.285714285714286,Medium,0,0,110.00000000000001,0.0,Medium
KE,2023-01-22,0.0,1,0.0,0.0,26.2,0.0,3.0,0,hot,False,False,True,4.0,8.0,2.3333333333333335,3.2857142857142856,Medium,0,0,110.00000000000001,0.0,Medium
KE,2023-01-23,0.0,1,0.0,0.0,25.1,0.2,51.0,0,hot,False,False,True,1.0,5.0,2.0,2.7142857142857144,Medium,0,0,110.00000000000001,0.0,Medium
KE,2023-01-24,0.0,1,599.0,599.0,25.7,0.0,3.0,0,hot,False,False,True,1.0,5.0,1.0,2.142857142857143,Medium,0,0,110.00000000000001,0.0,Medium
KE,2023-01-29,0.0,1,0.0,0.0,27.5,0.0,3.0,0,hot,False,False,True,1.0,1.0,1.0,2.142857142857143,Medium,0,0,110.00000000000001,0.0,Medium
KE,2023-02-02,0.0,1,0.0,0.0,29.2,0.0,3.0,0,hot,False,False,True,1.0,5.0,1.0,1.5714285714285714,Medium,0,0,110.00000000000001,0.0,Medium
KE,2023-02-05,0.0,3,188.0,62.666666666666664,29.6,0.0,3.0,0,hot,False,False,True,1.0,2.0,1.6666666666666667,1.7142857142857142,Medium,0,0,110.00000000000001,0.0,Medium
KE,2023-02-06,0.0,2,39.0,19.5,29.5,0.0,3.0,0,hot,False,False,True,3.0,4.0,2.0,1.4285714285714286,Medium,0,0,110.00000000000001,0.0,Medium
KE,2023-02-10,0.0,1,9.0,9.0,29.7,0.0,3.0,0,hot,False,False,True,2.0,1.0,2.0,1.4285714285714286,Medium,0,0,110.00000000000001,0.0,Medium
KE,2023-02-12,0.0,1,9.0,9.0,28.1,0.0,3.0,0,hot,False,False,True,1.0,1.0,1.3333333333333333,1.4285714285714286,Medium,0,0,110.00000000000001,0.0,Medium
KE,2023-02-13,0.0,3,148.0,49.333333333333336,28.7,0.0,3.0,0,hot,False,False,True,1.0,1.0,1.6666666666666667,1.7142857142857142,Medium,0,0,110.00000000000001,0.0,Medium
KE,2023-02-14,0.0,8,646.0,80.75,28.6,0.0,3.0,0,hot,False,False,True,3.0,1.0,4.0,2.7142857142857144,Medium,0,0,110.00000000000001,0.0,Medium
KE,2023-02-15,0.0,30,3036.0,101.2,29.4,0.0,3.0,0,hot,False,False,True,8.0,1.0,13.666666666666666,6.857142857142857,Medium,0,0,110.00000000000001,0.0,Medium
KE,2023-02-16,0.0,15,2436.0,162.4,28.4,0.2,51.0,0,hot,False,False,True,30.0,3.0,17.666666666666668,8.571428571428571,Medium,0,0,110.00000000000001,0.0,Medium
KE,2023-02-17,0.0,1,0.0,0.0,27.9,0.0,3.0,0,hot,False,False,True,15.0,2.0,15.333333333333334,8.428571428571429,Medium,0,0,110.00000000000001,0.0,Medium
KE,2023-02-20,0.0,2,0.0,0.0,28.7,0.0,3.0,0,hot,False,False,True,1.0,1.0,6.0,8.571428571428571,Medium,0,0,110.00000000000001,0.0,Medium
KE,2023-02-22,0.0,1,0.0,0.0,29.3,0.0,3.0,0,hot,False,False,True,2.0,1.0,1.3333333333333333,8.571428571428571,Medium,0,0,110.00000000000001,0.0,Medium
KE,2023-02-27,0.0,1,149.0,149.0,28.2,2.3,55.0,1,hot,False,False,True,1.0,3.0,1.3333333333333333,8.285714285714286,Medium,0,0,110.00000000000001,0.0,Medium
KE,2023-03-04,0.0,1,139.0,139.0,28.7,0.0,2.0,0,hot,False,False,True,1.0,8.0,1.0,7.285714285714286,Medium,0,0,110.00000000000001,0.0,Medium
KE,2023-03-05,0.0,4,576.0,144.0,28.2,0.0,3.0,0,hot,False,False,True,1.0,30.0,2.0,3.5714285714285716,Medium,0,0,110.00000000000001,0.0,Medium
KE,2023-03-07,0.0,1,0.0,0.0,29.8,0.0,3.0,0,hot,False,False,True,4.0,15.0,2.0,1.5714285714285714,Medium,0,0,110.00000000000001,0.0,Medium
KE,2023-03-08,0.0,11,1439.0,130.8181818181818,30.3,0.0,3.0,0,hot,False,False,True,1.0,1.0,5.333333333333333,3.0,Medium,0,0,110.00000000000001,0.0,Medium
KE,2023-03-09,0.0,1,149.0,149.0,29.8,0.0,3.0,0,hot,False,False,True,11.0,2.0,4.333333333333333,2.857142857142857,Medium,0,0,110.00000000000001,0.0,Medium
KE,2023-03-10,0.0,566,112584.0,198.91166077738515,29.9,0.1,51.0,0,hot,False,False,True,1.0,1.0,192.66666666666666,83.57142857142857,Medium,5,2495,110.00000000000001,550.0000000000001,Medium
KE,2023-03-11,0.0,3,547.0,182.33333333333334,29.5,0.1,51.0,0,hot,False,False,True,566.0,1.0,190.0,83.85714285714286,Medium,0,0,110.00000000000001,0.0,Medium
KE,2023-03-12,0.0,18,2682.0,149.0,28.2,0.0,3.0,0,hot,False,False,True,3.0,1.0,195.66666666666666,86.28571428571429,Medium,0,0,110.00000000000001,0.0,Medium
KE,2023-03-13,0.0,11,1589.0,144.45454545454547,28.9,0.8,51.0,0,hot,False,False,True,18.0,4.0,10.666666666666666,87.28571428571429,Medium,0,0,110.00000000000001,0.0,Medium
KE,2023-03-14,0.0,3,447.0,149.0,27.1,1.5,53.0,1,hot,False,False,True,11.0,1.0,10.666666666666666,87.57142857142857,Medium,0,0,110.00000000000001,0.0,Medium
KE,2023-03-15,0.0,5,795.0,159.0,27.8,0.3,51.0,0,hot,False,False,True,3.0,11.0,6.333333333333333,86.71428571428571,Medium,0,0,110.00000000000001,0.0,Medium
KE,2023-03-16,0.0,1,0.0,0.0,24.8,2.1,51.0,1,mild,False,True,False,5.0,1.0,3.0,86.71428571428571,Medium,0,0,110.00000000000001,0.0,Medium
KE,2023-03-17,68.61666666666666,5,596.0,149.0,24.8,2.2,51.0,1,mild,False,True,False,1.0,566.0,3.6666666666666665,6.571428571428571,High,0,0,110.00000000000001,0.0,Medium
KE,2023-03-18,0.0,6,894.0,149.0,27.7,0.1,51.0,0,hot,False,False,True,5.0,3.0,4.0,7.0,Medium,0,0,110.00000000000001,0.0,Medium
KE,2023-03-19,0.0,1,149.0,149.0,27.4,0.8,51.0,0,hot,False,False,True,6.0,18.0,4.0,4.571428571428571,Medium,0,0,110.00000000000001,0.0,Medium
KE,2023-03-22,0.0,2,298.0,149.0,26.3,2.6,55.0,1,hot,False,False,True,1.0,11.0,3.0,3.2857142857142856,Medium,0,0,110.00000000000001,0.0,Medium
KE,2023-03-23,0.0,1,0.0,0.0,26.3,7.6,61.0,1,hot,False,False,True,2.0,3.0,1.3333333333333333,3.0,Medium,0,0,110.00000000000001,0.0,Medium
KE,2023-03-26,0.0,2,298.0,149.0,24.3,6.5,63.0,1,mild,False,True,False,1.0,5.0,1.6666666666666667,2.5714285714285716,Medium,0,0,110.00000000000001,0.0,Medium
KE,2023-03-27,0.0,4,0.0,0.0,25.9,0.7,51.0,0,hot,False,False,True,2.0,1.0,2.3333333333333335,3.0,Medium,0,0,110.00000000000001,0.0,Medium
KE,2023-03-28,0.0,1,0.0,0.0,25.9,2.1,53.0,1,hot,False,False,True,4.0,5.0,2.3333333333333335,2.4285714285714284,Medium,0,0,110.00000000000001,0.0,Medium
KE,2023-03-29,0.0,10,743.0,74.3,24.9,8.4,63.0,1,mild,False,True,False,1.0,6.0,5.0,3.0,Medium,0,0,110.00000000000001,0.0,Medium
KE,2023-03-30,0.0,2,0.0,0.0,26.0,1.5,51.0,1,hot,False,False,True,10.0,1.0,4.333333333333333,3.142857142857143,Medium,0,0,110.00000000000001,0.0,Medium
KE,2023-03-31,0.0,65,6939.0,106.75384615384615,25.3,3.0,53.0,1,hot,False,False,True,2.0,2.0,25.666666666666668,12.142857142857142,Medium,0,0,110.00000000000001,0.0,Medium
KE,2023-04-01,0.0,2,198.0,99.0,26.0,0.4,51.0,0,hot,False,False,True,65.0,1.0,23.0,12.285714285714286,Medium,0,0,120.0,0.0,High
KE,2023-04-02,0.0,1,149.0,149.0,25.8,1.5,51.0,1,hot,False,False,True,2.0,2.0,22.666666666666668,12.142857142857142,Medium,0,0,110.00000000000001,0.0,Medium
KE,2023-04-05,0.0,2,348.0,174.0,24.7,3.1,53.0,1,mild,False,True,False,1.0,4.0,1.6666666666666667,11.857142857142858,Medium,0,0,110.00000000000001,0.0,Medium
KE,2023-04-06,0.0,1,99.0,99.0,24.6,2.6,53.0,1,mild,False,True,False,2.0,1.0,1.3333333333333333,11.857142857142858,Medium,0,0,110.00000000000001,0.0,Medium
KE,2023-04-11,2.0166666666666666,3,398.0,199.0,23.8,11.0,65.0,1,mild,False,True,False,1.0,10.0,2.0,10.857142857142858,Medium,0,0,110.00000000000001,0.0,Medium
KE,2023-04-12,0.0,1,0.0,0.0,24.1,2.3,53.0,1,mild,False,True,False,3.0,2.0,1.6666666666666667,10.714285714285714,Medium,0,0,110.00000000000001,0.0,Medium
KE,2023-04-14,0.0,1,99.0,99.0,23.2,3.2,53.0,1,mild,False,True,False,1.0,65.0,1.6666666666666667,1.5714285714285714,Medium,0,0,110.00000000000001,0.0,Medium
KE,2023-04-16,0.0,2,0.0,0.0,24.4,3.9,55.0,1,mild,False,True,False,1.0,2.0,1.3333333333333333,1.5714285714285714,Medium,0,0,110.00000000000001,0.0,Medium
KE,2023-04-17,0.0,4,546.0,136.5,25.3,4.6,61.0,1,hot,False,False,True,2.0,1.0,2.3333333333333335,2.0,Medium,0,0,110.00000000000001,0.0,Medium
KE,2023-04-21,0.0,1,199.0,199.0,26.1,0.9,51.0,0,hot,False,False,True,4.0,2.0,2.3333333333333335,1.8571428571428572,Medium,0,0,110.00000000000001,0.0,Medium
KE,2023-04-24,0.0,1,499.0,499.0,24.9,1.6,51.0,1,mild,False,True,False,1.0,1.0,2.0,1.8571428571428572,Medium,0,0,110.00000000000001,0.0,Medium
KE,2023-04-29,12.183333333333334,37,3564.0,99.0,22.0,1.4,51.0,1,mild,False,True,False,1.0,3.0,13.0,6.714285714285714,Medium,0,0,110.00000000000001,0.0,Medium
KE,2023-04-30,0.0,1,249.0,249.0,23.8,15.8,63.0,1,mild,False,True,False,37.0,1.0,13.0,6.714285714285714,Medium,0,0,120.0,0.0,High
KE,2023-05-02,0.0,4,396.0,99.0,23.3,4.2,61.0,1,mild,False,True,False,1.0,1.0,14.0,7.142857142857143,Medium,0,0,120.0,0.0,High
KE,2023-05-05,53.1,1,0.0,,24.5,1.4,51.0,1,mild,False,True,False,4.0,2.0,2.0,7.0,Medium,0,0,110.00000000000001,0.0,Medium
KE,2023-05-06,0.0,5,745.0,149.0,23.7,1.9,51.0,1,mild,False,True,False,1.0,4.0,3.3333333333333335,7.142857142857143,Medium,0,0,120.0,0.0,High
KE,2023-05-07,0.0,1,149.0,149.0,24.2,2.3,51.0,1,mild,False,True,False,5.0,1.0,2.3333333333333335,7.142857142857143,Medium,0,0,110.00000000000001,0.0,Medium
KE,2023-05-08,0.0,2,298.0,149.0,24.5,2.4,51.0,1,mild,False,True,False,1.0,1.0,2.6666666666666665,7.285714285714286,Medium,0,0,110.00000000000001,0.0,Medium
KE,2023-05-09,0.0,2,173.0,86.5,24.1,3.9,53.0,1,mild,False,True,False,2.0,37.0,1.6666666666666667,2.2857142857142856,Medium,0,0,110.00000000000001,0.0,Medium
KE,2023-05-10,117.03333333333333,5,598.0,299.0,23.9,4.4,53.0,1,mild,False,True,False,2.0,1.0,3.0,2.857142857142857,High,0,0,110.00000000000001,0.0,Medium
KE,2023-05-13,32.53333333333333,3,0.0,0.0,24.9,3.0,53.0,1,mild,False,True,False,5.0,4.0,3.3333333333333335,2.7142857142857144,Medium,0,0,110.00000000000001,0.0,Medium
KE,2023-05-14,0.0,3,327.0,109.0,24.7,1.1,51.0,1,mild,False,True,False,3.0,1.0,3.6666666666666665,3.0,Medium,0,0,110.00000000000001,0.0,Medium
KE,2023-05-16,1.0,2,0.0,,25.5,2.6,61.0,1,hot,False,False,True,3.0,5.0,2.6666666666666665,2.5714285714285716,Medium,0,0,110.00000000000001,0.0,Medium
KE,2023-05-17,54.4,4,0.0,,23.8,0.8,51.0,0,mild,False,True,False,2.0,1.0,3.0,3.0,Medium,0,0,110.00000000000001,0.0,Medium
KE,2023-05-18,165.85,2,0.0,,25.8,2.7,61.0,1,hot,False,False,True,4.0,2.0,2.6666666666666665,3.0,High,0,0,110.00000000000001,0.0,Medium
KE,2023-05-19,0.5,2,149.0,149.0,24.6,0.3,51.0,0,mild,False,True,False,2.0,2.0,2.6666666666666665,3.0,Medium,0,0,110.00000000000001,0.0,Medium
KE,2023-05-20,118.06666666666666,2,3.0,3.0,26.3,0.0,3.0,0,hot,False,False,True,2.0,5.0,2.0,2.5714285714285716,High,0,0,110.00000000000001,0.0,Medium
KE,2023-05-23,0.0,1,249.0,249.0,25.7,1.4,51.0,1,hot,False,False,True,2.0,3.0,1.6666666666666667,2.2857142857142856,Medium,0,0,110.00000000000001,0.0,Medium
KE,2023-05-26,2.95,2,19.0,19.0,23.3,0.1,51.0,0,mild,False,True,False,1.0,3.0,1.6666666666666667,2.142857142857143,Medium,0,0,110.00000000000001,0.0,Medium
KE,2023-05-27,0.0,15,1042.0,69.46666666666667,24.4,2.4,51.0,1,mild,False,True,False,2.0,2.0,6.0,4.0,Medium,0,0,110.00000000000001,0.0,Medium
KE,2023-05-29,0.0,1,149.0,149.0,22.9,9.2,61.0,1,mild,False,True,False,15.0,4.0,6.0,3.5714285714285716,Medium,0,0,120.0,0.0,High
KE,2023-05-30,0.65,3,78.0,39.0,21.9,5.7,53.0,1,mild,False,True,False,1.0,2.0,6.333333333333333,3.7142857142857144,Medium,0,0,110.00000000000001,0.0,Medium
KE,2023-06-01,15.05,2,0.0,,24.0,3.1,53.0,1,mild,False,True,False,3.0,2.0,2.0,3.7142857142857144,Medium,0,0,110.00000000000001,0.0,Medium
KE,2023-06-03,4.533333333333333,2,0.0,0.0,23.8,3.0,53.0,1,mild,False,True,False,2.0,2.0,2.3333333333333335,3.7142857142857144,Medium,0,0,110.00000000000001,0.0,Medium
KE,2023-06-04,0.0,1,99.0,99.0,23.2,3.2,53.0,1,mild,False,True,False,2.0,1.0,1.6666666666666667,3.7142857142857144,Medium,0,0,110.00000000000001,0.0,Medium
KE,2023-06-05,0.0,1,0.0,0.0,24.8,0.0,3.0,0,mild,False,True,False,1.0,2.0,1.3333333333333333,3.5714285714285716,Medium,0,0,110.00000000000001,0.0,Medium
KE,2023-06-07,93.5,5,0.0,0.0,25.5,0.0,3.0,0,hot,False,False,True,1.0,15.0,2.3333333333333335,2.142857142857143,High,0,0,110.00000000000001,0.0,Medium
KE,2023-06-09,0.0,1,0.0,0.0,25.1,0.4,51.0,0,hot,False,False,True,5.0,1.0,2.3333333333333335,2.142857142857143,Medium,0,0,110.00000000000001,0.0,Medium
KE,2023-06-10,72.01666666666667,4,0.0,0.0,26.2,0.1,51.0,0,hot,False,False,True,1.0,3.0,3.3333333333333335,2.2857142857142856,High,0,0,110.00000000000001,0.0,Medium
KE,2023-06-11,0.45,2,0.0,0.0,26.7,0.0,3.0,0,hot,False,False,True,4.0,2.0,2.3333333333333335,2.2857142857142856,Medium,0,0,110.00000000000001,0.0,Medium
KE,2023-06-14,12.033333333333335,10,158.0,19.75,26.7,0.2,51.0,0,hot,False,False,True,2.0,2.0,5.333333333333333,3.4285714285714284,Medium,0,0,110.00000000000001,0.0,Medium
KE,2023-06-15,0.0,27,4275.0,158.33333333333334,24.2,1.2,53.0,1,mild,False,True,False,10.0,1.0,13.0,7.142857142857143,Medium,0,0,110.00000000000001,0.0,Medium
KE,2023-06-16,88.01666666666667,2,0.0,0.0,26.3,0.1,51.0,0,hot,False,False,True,27.0,1.0,13.0,7.285714285714286,High,0,0,110.00000000000001,0.0,Medium
KE,2023-06-17,195.14999999999998,8,847.0,211.75,23.4,1.4,51.0,1,mild,False,True,False,2.0,5.0,12.333333333333334,7.714285714285714,High,0,0,120.0,0.0,High
KE,2023-06-18,97.03333333333333,4,0.0,0.0,23.8,0.2,51.0,0,mild,False,True,False,8.0,1.0,4.666666666666667,8.142857142857142,High,0,0,110.00000000000001,0.0,Medium
KE,2023-06-19,3.5166666666666666,2,0.0,0.0,25.5,0.0,3.0,0,hot,False,False,True,4.0,4.0,4.666666666666667,7.857142857142857,Medium,0,0,110.00000000000001,0.0,Medium
KE,2023-06-20,76.98333333333333,8,60.0,12.0,26.1,0.2,51.0,0,hot,False,False,True,2.0,2.0,4.666666666666667,8.714285714285714,High,0,0,110.00000000000001,0.0,Medium
KE,2023-06-21,119.0,2,199.0,199.0,24.2,1.4,51.0,1,mild,False,True,False,8.0,10.0,4.0,7.571428571428571,High,0,0,110.00000000000001,0.0,Medium
KE,2023-06-22,14.516666666666667,2,99.0,99.0,24.4,0.5,51.0,0,mild,False,True,False,2.0,27.0,4.0,4.0,Medium,0,0,110.00000000000001,0.0,Medium
KE,2023-06-23,0.0,5,56.0,14.0,23.9,0.8,51.0,0,mild,False,True,False,2.0,2.0,3.0,4.428571428571429,Medium,0,0,110.00000000000001,0.0,Medium
KE,2023-06-26,0.0,1,0.0,0.0,24.8,0.2,51.0,0,mild,False,True,False,5.0,8.0,2.6666666666666665,3.4285714285714284,Medium,0,0,110.00000000000001,0.0,Medium
KE,2023-06-27,0.5166666666666667,2,49.0,49.0,24.0,0.3,51.0,0,mild,False,True,False,1.0,4.0,2.6666666666666665,3.142857142857143,Medium,0,0,110.00000000000001,0.0,Medium
KE,2023-06-28,16.866666666666667,5,229.0,57.25,24.3,0.3,51.0,0,mild,False,True,False,2.0,2.0,2.6666666666666665,3.5714285714285716,Medium,0,0,110.00000000000001,0.0,Medium
KE,2023-06-30,24.366666666666667,92,10960.0,121.77777777777777,22.1,1.1,51.0,1,mild,False,True,False,5.0,8.0,33.0,15.571428571428571,Medium,0,0,110.00000000000001,0.0,Medium
KE,2023-07-01,134.3,3,149.0,149.0,21.7,0.6,51.0,0,mild,False,True,False,92.0,2.0,33.333333333333336,15.714285714285714,High,0,0,110.00000000000001,0.0,Medium
KE,2023-07-03,2.5166666666666666,2,0.0,0.0,21.0,0.6,51.0,0,mild,False,True,False,3.0,2.0,32.333333333333336,15.714285714285714,Medium,0,0,110.00000000000001,0.0,Medium
KE,2023-07-04,89.78333333333333,6,698.0,232.66666666666666,20.3,2.0,51.0,1,mild,False,True,False,2.0,5.0,3.6666666666666665,15.857142857142858,High,0,0,110.00000000000001,0.0,Medium
KE,2023-07-05,93.58333333333333,2,0.0,0.0,23.0,0.0,3.0,0,mild,False,True,False,6.0,1.0,3.3333333333333335,16.0,High,0,0,110.00000000000001,0.0,Medium
KE,2023-07-06,1.5,6,1956.0,489.0,21.4,0.1,51.0,0,mild,False,True,False,2.0,2.0,4.666666666666667,16.571428571428573,Medium,0,0,110.00000000000001,0.0,Medium
KE,2023-07-07,44.016666666666666,6,1237.0,412.3333333333333,20.0,0.0,3.0,0,mild,False,True,False,6.0,5.0,4.666666666666667,16.714285714285715,Medium,0,0,110.00000000000001,0.0,Medium
KE,2023-07-08,7.083333333333333,1,0.0,,21.2,0.3,51.0,0,mild,False,True,False,6.0,92.0,4.333333333333333,3.7142857142857144,Medium,0,0,110.00000000000001,0.0,Medium
KE,2023-07-09,33.46666666666667,4,199.0,99.5,22.6,0.1,51.0,0,mild,False,True,False,1.0,3.0,3.6666666666666665,3.857142857142857,Medium,0,0,110.00000000000001,0.0,Medium
KE,2023-07-10,3.0166666666666666,1,0.0,,26.0,0.0,3.0,0,hot,False,False,True,4.0,2.0,2.0,3.7142857142857144,Medium,0,0,110.00000000000001,0.0,Medium
KE,2023-07-11,0.48333333333333334,7,277.0,46.166666666666664,25.8,0.0,3.0,0,hot,False,False,True,1.0,6.0,4.0,3.857142857142857,Medium,0,0,110.00000000000001,0.0,Medium
KE,2023-07-12,0.5166666666666667,2,799.0,799.0,23.4,0.4,51.0,0,mild,False,True,False,7.0,2.0,3.3333333333333335,3.857142857142857,Medium,0,0,110.00000000000001,0.0,Medium
KE,2023-07-13,1.0,5,363.0,121.0,22.2,0.1,51.0,0,mild,False,True,False,2.0,6.0,4.666666666666667,3.7142857142857144,Medium,0,0,110.00000000000001,0.0,Medium
KE,2023-07-14,130.23333333333335,5,0.0,0.0,23.3,0.3,51.0,0,mild,False,True,False,5.0,6.0,4.0,3.5714285714285716,High,0,0,110.00000000000001,0.0,Medium
KE,2023-07-16,0.0,1,33.0,33.0,24.2,0.0,3.0,0,mild,False,True,False,5.0,1.0,3.6666666666666665,3.5714285714285716,Medium,0,0,110.00000000000001,0.0,Medium
KE,2023-07-17,2.0833333333333335,5,0.0,0.0,23.3,0.0,3.0,0,mild,False,True,False,1.0,4.0,3.6666666666666665,3.7142857142857144,Medium,0,0,110.00000000000001,0.0,Medium
KE,2023-07-19,0.0,1,0.0,0.0,24.6,0.0,3.0,0,mild,False,True,False,5.0,1.0,2.3333333333333335,3.7142857142857144,Medium,0,0,110.00000000000001,0.0,Medium
KE,2023-07-20,208.08333333333334,6,0.0,0.0,25.9,0.1,51.0,0,hot,False,False,True,1.0,7.0,4.0,3.5714285714285716,High,0,0,110.00000000000001,0.0,Medium
KE,2023-07-21,27.016666666666666,5,1597.0,399.25,26.9,0.0,3.0,0,hot,False,False,True,6.0,2.0,4.0,4.0,Medium,0,0,110.00000000000001,0.0,Medium
KE,2023-07-23,0.9666666666666667,3,0.0,0.0,23.2,0.2,51.0,0,mild,False,True,False,5.0,5.0,4.666666666666667,3.7142857142857144,Medium,0,0,110.00000000000001,0.0,Medium
KE,2023-07-24,0.5,3,112.0,56.0,23.4,0.2,51.0,0,mild,False,True,False,3.0,5.0,3.6666666666666665,3.4285714285714284,Medium,0,0,110.00000000000001,0.0,Medium
KE,2023-07-27,0.0,1,0.0,0.0,22.9,0.0,3.0,0,mild,False,True,False,3.0,1.0,2.3333333333333335,3.4285714285714284,Medium,0,0,110.00000000000001,0.0,Medium
KE,2023-07-29,39.516666666666666,9,67.0,16.75,23.4,0.0,3.0,0,mild,False,True,False,1.0,5.0,4.333333333333333,4.0,Medium,0,0,110.00000000000001,0.0,Medium
KE,2023-07-30,2.0,2,149.0,149.0,26.5,0.8,51.0,0,hot,False,False,True,9.0,1.0,4.0,4.142857142857143,Medium,0,0,110.00000000000001,0.0,Medium
KE,2023-07-31,10.016666666666666,4,0.0,0.0,27.5,0.0,3.0,0,hot,False,False,True,2.0,6.0,5.0,3.857142857142857,Medium,0,0,110.00000000000001,0.0,Medium
KE,2023-08-02,0.0,1,0.0,0.0,21.4,3.0,55.0,1,mild,False,True,False,4.0,5.0,2.3333333333333335,3.2857142857142856,Medium,0,0,110.00000000000001,0.0,Medium
KE,2023-08-06,56.05,4,1647.0,549.0,20.7,0.9,51.0,0,mild,False,True,False,1.0,3.0,3.0,3.4285714285714284,Medium,0,0,110.00000000000001,0.0,Medium
KE,2023-08-08,15.15,4,99.0,49.5,24.6,0.2,51.0,0,mild,False,True,False,4.0,3.0,3.0,3.5714285714285716,Medium,0,0,110.00000000000001,0.0,Medium
KE,2023-08-10,0.0,1,0.0,0.0,21.7,1.2,51.0,1,mild,False,True,False,4.0,1.0,3.0,3.5714285714285716,Medium,0,0,110.00000000000001,0.0,Medium
KE,2023-08-11,0.0,2,0.0,0.0,22.9,0.2,51.0,0,mild,False,True,False,1.0,9.0,2.3333333333333335,2.5714285714285716,Medium,0,0,110.00000000000001,0.0,Medium
KE,2023-08-15,0.0,218,54282.0,249.0,26.7,0.1,51.0,0,hot,False,False,True,2.0,2.0,73.66666666666667,33.42857142857143,Medium,2,998,110.00000000000001,220.00000000000003,Medium
KE,2023-08-16,62.55,11,1618.0,179.77777777777777,24.7,0.3,51.0,0,mild,False,True,False,218.0,4.0,77.0,34.42857142857143,High,0,0,120.0,0.0,High
KE,2023-08-17,116.83333333333333,15,517.0,86.16666666666667,24.2,0.5,51.0,0,mild,False,True,False,11.0,1.0,81.33333333333333,36.42857142857143,High,0,0,110.00000000000001,0.0,Medium
KE,2023-08-18,149.31666666666666,14,851.0,85.1,25.1,0.4,51.0,0,hot,False,False,True,15.0,4.0,13.333333333333334,37.857142857142854,High,0,0,120.0,0.0,High
KE,2023-08-19,276.9666666666667,146,9568.0,70.3529411764706,25.7,0.0,3.0,0,hot,False,False,True,14.0,4.0,58.333333333333336,58.142857142857146,High,1,499,120.0,120.0,High
KE,2023-08-20,207.56666666666666,16,1943.0,242.875,27.5,0.0,3.0,0,hot,False,False,True,146.0,1.0,58.666666666666664,60.285714285714285,High,0,0,110.00000000000001,0.0,Medium
KE,2023-08-21,103.65,10,498.0,99.6,27.2,0.0,3.0,0,hot,False,False,True,16.0,2.0,57.333333333333336,61.42857142857143,High,0,0,120.0,0.0,High
KE,2023-08-22,46.03333333333333,8,1097.0,219.4,26.3,0.2,51.0,0,hot,False,False,True,10.0,218.0,11.333333333333334,31.428571428571427,Medium,0,0,120.0,0.0,High
KE,2023-08-23,100.94999999999999,11,0.0,0.0,27.8,0.0,3.0,0,hot,False,False,True,8.0,11.0,9.666666666666666,31.428571428571427,High,0,0,110.00000000000001,0.0,Medium
KE,2023-08-24,65.31666666666666,11,1696.0,212.0,25.9,0.8,51.0,0,hot,False,False,True,11.0,15.0,10.0,30.857142857142858,High,0,0,120.0,0.0,High
KE,2023-08-25,32.5,7,1846.0,307.6666666666667,27.6,0.0,3.0,0,hot,False,False,True,11.0,14.0,9.666666666666666,29.857142857142858,Medium,0,0,110.00000000000001,0.0,Medium
KE,2023-08-26,32.516666666666666,1,0.0,,26.9,0.8,51.0,0,hot,False,False,True,7.0,146.0,6.333333333333333,9.142857142857142,Medium,0,0,110.00000000000001,0.0,Medium
KE,2023-08-27,31.0,4,249.0,124.5,28.3,0.0,3.0,0,hot,False,False,True,1.0,16.0,4.0,7.428571428571429,Medium,0,0,110.00000000000001,0.0,Medium
KE,2023-08-28,30.383333333333333,5,0.0,0.0,25.2,0.0,3.0,0,hot,False,False,True,4.0,10.0,3.3333333333333335,6.714285714285714,Medium,0,0,110.00000000000001,0.0,Medium
KE,2023-08-29,23.916666666666668,2,599.0,599.0,24.0,0.1,51.0,0,mild,False,True,False,5.0,8.0,3.6666666666666665,5.857142857142857,Medium,0,0,110.00000000000001,0.0,Medium
KE,2023-08-30,163.6,6,599.0,199.66666666666666,24.8,0.8,51.0,0,mild,False,True,False,2.0,11.0,4.333333333333333,5.142857142857143,High,0,0,110.00000000000001,0.0,Medium
KE,2023-08-31,30.516666666666666,3,49.0,24.5,24.1,0.8,51.0,0,mild,False,True,False,6.0,11.0,3.6666666666666665,4.0,Medium,0,0,110.00000000000001,0.0,Medium
KE,2023-09-01,32.53333333333333,4,597.0,199.0,25.7,0.2,51.0,0,hot,False,False,True,3.0,7.0,4.333333333333333,3.5714285714285716,Medium,0,0,110.00000000000001,0.0,Medium
KE,2023-09-02,37.03333333333333,9,1744.0,290.6666666666667,25.5,0.3,51.0,0,hot,False,False,True,4.0,1.0,5.333333333333333,4.714285714285714,Medium,0,0,110.00000000000001,0.0,Medium
KE,2023-09-03,63.33333333333333,5,747.0,249.0,27.2,0.0,3.0,0,hot,False,False,True,9.0,4.0,6.0,4.857142857142857,High,0,0,110.00000000000001,0.0,Medium
KE,2023-09-04,32.516666666666666,6,1365.0,273.0,26.8,0.0,3.0,0,hot,False,False,True,5.0,5.0,6.666666666666667,5.0,Medium,0,0,110.00000000000001,0.0,Medium
KE,2023-09-05,32.516666666666666,4,1498.0,499.3333333333333,26.7,0.4,51.0,0,hot,False,False,True,6.0,2.0,5.0,5.285714285714286,Medium,0,0,110.00000000000001,0.0,Medium
KE,2023-09-06,2.35,4,0.0,0.0,27.2,0.3,51.0,0,hot,False,False,True,4.0,6.0,4.666666666666667,5.0,Medium,0,0,110.00000000000001,0.0,Medium
KE,2023-09-07,0.0,2,249.0,124.5,28.1,3.5,61.0,1,hot,False,False,True,4.0,3.0,3.3333333333333335,4.857142857142857,Medium,0,0,110.00000000000001,0.0,Medium
KE,2023-09-08,0.0,1,149.0,149.0,25.1,1.0,51.0,0,hot,False,False,True,2.0,4.0,2.3333333333333335,4.428571428571429,Medium,0,0,110.00000000000001,0.0,Medium
KE,2023-09-09,12.283333333333333,5295,1317708.0,248.90593124291652,23.2,2.3,51.0,1,mild,False,True,False,1.0,9.0,1766.0,759.5714285714286,Medium,52,25948,110.00000000000001,5720.000000000001,Medium
KE,2023-09-10,0.0,789,196461.0,249.0,25.8,0.0,3.0,0,hot,False,False,True,5295.0,5.0,2028.3333333333333,871.5714285714286,Medium,7,3493,110.00000000000001,770.0000000000001,Medium
KE,2023-09-11,0.0,2,0.0,0.0,24.8,0.8,51.0,0,mild,False,True,False,789.0,6.0,2028.6666666666667,871.0,Medium,0,0,110.00000000000001,0.0,Medium
KE,2023-09-12,0.0,7,2546.0,363.7142857142857,26.0,1.1,51.0,1,hot,False,False,True,2.0,4.0,266.0,871.4285714285714,Medium,0,0,110.00000000000001,0.0,Medium
KE,2023-09-13,50.45,8,1346.0,224.33333333333334,25.3,2.8,61.0,1,hot,False,False,True,7.0,4.0,5.666666666666667,872.0,Medium,0,0,110.00000000000001,0.0,Medium
KE,2023-09-14,0.0,7,1795.0,256.42857142857144,25.5,3.2,61.0,1,hot,False,False,True,8.0,2.0,7.333333333333333,872.7142857142857,Medium,0,0,110.00000000000001,0.0,Medium
KE,2023-09-15,0.0,5,0.0,0.0,23.4,0.5,51.0,0,mild,False,True,False,7.0,1.0,6.666666666666667,873.2857142857143,Medium,0,0,110.00000000000001,0.0,Medium
KE,2023-09-16,7.466666666666667,6,104.0,20.8,25.7,0.1,51.0,0,hot,False,False,True,5.0,5295.0,6.0,117.71428571428571,Medium,0,0,110.00000000000001,0.0,Medium
KE,2023-09-18,42.166666666666664,10,2058.99,257.37375,27.1,0.0,3.0,0,hot,False,False,True,6.0,789.0,7.0,6.428571428571429,Medium,0,0,110.00000000000001,0.0,Medium
KE,2023-09-19,0.0,1,249.0,249.0,26.6,0.8,51.0,0,hot,False,False,True,10.0,2.0,5.666666666666667,6.285714285714286,Medium,0,0,110.00000000000001,0.0,Medium
KE,2023-09-20,1.4666666666666668,4,499.0,249.5,27.2,0.5,51.0,0,hot,False,False,True,1.0,7.0,5.0,5.857142857142857,Medium,0,0,110.00000000000001,0.0,Medium
KE,2023-09-21,91.88333333333333,17,527.0,105.4,27.9,0.8,51.0,0,hot,False,False,True,4.0,8.0,7.333333333333333,7.142857142857143,High,0,0,110.00000000000001,0.0,Medium
KE,2023-09-22,4.133333333333333,3,0.0,0.0,26.6,3.9,53.0,1,hot,False,False,True,17.0,7.0,8.0,6.571428571428571,Medium,0,0,120.0,0.0,High
KE,2023-09-24,0.0,2,103.99,51.995,24.3,0.1,51.0,0,mild,False,True,False,3.0,5.0,7.333333333333333,6.142857142857143,Medium,0,0,110.00000000000001,0.0,Medium
KE,2023-09-25,66.48333333333333,4,767.0,255.66666666666666,26.8,0.1,51.0,0,hot,False,False,True,2.0,6.0,3.0,5.857142857142857,High,0,0,110.00000000000001,0.0,Medium
KE,2023-09-27,0.5,4,149.0,49.666666666666664,26.7,0.6,51.0,0,hot,False,False,True,4.0,10.0,3.3333333333333335,5.0,Medium,0,0,110.00000000000001,0.0,Medium
KE,2023-09-28,0.0,4,447.0,111.75,25.8,0.4,51.0,0,hot,False,False,True,4.0,1.0,4.0,5.428571428571429,Medium,0,0,110.00000000000001,0.0,Medium
KE,2023-09-30,0.0,3,298.0,99.33333333333333,27.3,2.3,51.0,1,hot,False,False,True,4.0,4.0,3.6666666666666665,5.285714285714286,Medium,0,0,110.00000000000001,0.0,Medium
KE,2023-10-01,0.0,6,104.0,17.333333333333332,26.9,0.0,3.0,0,hot,False,False,True,3.0,17.0,4.333333333333333,3.7142857142857144,Medium,0,0,110.00000000000001,0.0,Medium
KE,2023-10-02,0.0,4,4.0,1.0,28.7,3.9,63.0,1,hot,False,False,True,6.0,3.0,4.333333333333333,3.857142857142857,Medium,0,0,110.00000000000001,0.0,Medium
KE,2023-10-03,0.5,19,2510.0,139.44444444444446,27.4,0.0,3.0,0,hot,False,False,True,4.0,2.0,9.666666666666666,6.285714285714286,Medium,0,0,110.00000000000001,0.0,Medium
KE,2023-10-04,0.0,8,10.0,1.25,22.2,3.4,53.0,1,mild,False,True,False,19.0,4.0,10.333333333333334,6.857142857142857,Medium,0,0,120.0,0.0,High
KE,2023-10-05,0.0,12,2909.0,242.41666666666666,24.6,5.0,61.0,1,mild,False,True,False,8.0,4.0,13.0,8.0,Medium,0,0,120.0,0.0,High
KE,2023-10-06,1.0,24,8777.0,381.60869565217394,27.8,1.2,51.0,1,hot,False,False,True,12.0,4.0,14.666666666666666,10.857142857142858,Medium,0,0,110.00000000000001,0.0,Medium
KE,2023-10-07,0.0,47,23453.0,499.0,28.2,1.3,53.0,1,hot,False,False,True,24.0,3.0,27.666666666666668,17.142857142857142,Medium,0,0,110.00000000000001,0.0,Medium
KE,2023-10-08,210.0,5,1098.0,366.0,28.4,0.0,3.0,0,hot,False,False,True,47.0,6.0,25.333333333333332,17.0,High,0,0,110.00000000000001,0.0,Medium
KE,2023-10-09,0.9666666666666667,2,0.0,,29.8,0.0,3.0,0,hot,False,False,True,5.0,4.0,18.0,16.714285714285715,Medium,0,0,110.00000000000001,0.0,Medium
KE,2023-10-10,0.0,4,2846.0,711.5,27.1,2.8,53.0,1,hot,False,False,True,2.0,19.0,3.6666666666666665,14.571428571428571,Medium,0,0,110.00000000000001,0.0,Medium
KE,2023-10-11,0.0,2,1998.0,999.0,28.8,0.4,51.0,0,hot,False,False,True,4.0,8.0,2.6666666666666665,13.714285714285714,Medium,0,0,110.00000000000001,0.0,Medium
KE,2023-10-12,0.0,1,249.0,249.0,28.8,0.3,51.0,0,hot,False,False,True,2.0,12.0,2.3333333333333335,12.142857142857142,Medium,0,0,110.00000000000001,0.0,Medium
KE,2023-10-13,0.0,2,3996.0,1998.0,29.8,0.1,51.0,0,hot,False,False,True,1.0,24.0,1.6666666666666667,9.0,Medium,0,0,110.00000000000001,0.0,Medium
KE,2023-10-14,0.0,5,2696.0,539.2,30.0,0.2,51.0,0,hot,False,False,True,2.0,47.0,2.6666666666666665,3.0,Medium,0,0,110.00000000000001,0.0,Medium
KE,2023-10-15,0.0,4,2197.0,549.25,28.5,0.7,51.0,0,hot,False,False,True,5.0,5.0,3.6666666666666665,2.857142857142857,Medium,0,0,110.00000000000001,0.0,Medium
KE,2023-10-16,0.0,5,4245.0,849.0,25.9,1.9,53.0,1,hot,False,False,True,4.0,2.0,4.666666666666667,3.2857142857142856,Medium,0,0,110.00000000000001,0.0,Medium
KE,2023-10-17,0.0,5,5244.0,1048.8,27.6,3.6,55.0,1,hot,False,False,True,5.0,4.0,4.666666666666667,3.4285714285714284,Medium,0,0,110.00000000000001,0.0,Medium
KE,2023-10-18,0.0,22,20378.0,926.2727272727273,27.3,2.4,53.0,1,hot,False,False,True,5.0,2.0,10.666666666666666,6.285714285714286,Medium,0,0,110.00000000000001,0.0,Medium
KE,2023-10-19,0.0,22,24007.0,1091.2272727272727,25.5,6.9,63.0,1,hot,False,False,True,22.0,1.0,16.333333333333332,9.285714285714286,Medium,0,0,120.0,0.0,High
KE,2023-10-20,0.0,62,63155.0,1018.6290322580645,25.4,1.9,51.0,1,hot,False,False,True,22.0,2.0,35.333333333333336,17.857142857142858,Medium,0,0,110.00000000000001,0.0,Medium
KE,2023-10-21,0.0,13,9348.98,719.1523076923077,26.3,1.9,53.0,1,hot,False,False,True,62.0,5.0,32.333333333333336,19.0,Medium,0,0,120.0,0.0,High
KE,2023-10-22,121.31666666666666,5,1496.0,374.0,26.8,0.1,51.0,0,hot,False,False,True,13.0,4.0,26.666666666666668,19.142857142857142,High,0,0,120.0,0.0,High
KE,2023-10-23,0.0,36,11064.0,307.3333333333333,27.5,0.0,3.0,0,hot,False,False,True,5.0,5.0,18.0,23.571428571428573,Medium,0,0,110.00000000000001,0.0,Medium
KE,2023-10-24,47.516666666666666,9,2442.0,305.25,28.4,0.2,51.0,0,hot,False,False,True,36.0,5.0,16.666666666666668,24.142857142857142,Medium,0,0,110.00000000000001,0.0,Medium
KE,2023-10-25,0.0,2,448.0,224.0,27.6,1.0,51.0,0,hot,False,False,True,9.0,22.0,15.666666666666666,21.285714285714285,Medium,0,0,110.00000000000001,0.0,Medium
KE,2023-10-26,0.0,4,1346.0,336.5,24.5,2.5,53.0,1,mild,False,True,False,2.0,22.0,5.0,18.714285714285715,Medium,0,0,110.00000000000001,0.0,Medium
KE,2023-10-27,0.0,30,855.0,28.5,27.0,2.6,53.0,1,hot,False,False,True,4.0,62.0,12.0,14.142857142857142,Medium,0,0,120.0,0.0,High
KE,2023-10-28,0.0,11,249.0,22.636363636363637,26.8,0.6,51.0,0,hot,False,False,True,30.0,13.0,15.0,13.857142857142858,Medium,0,0,120.0,0.0,High
KE,2023-10-29,0.0,1,299.0,299.0,26.3,2.5,53.0,1,hot,False,False,True,11.0,5.0,14.0,13.285714285714286,Medium,0,0,120.0,0.0,High
KE,2023-10-30,0.0,4,3996.0,999.0,26.4,1.2,51.0,1,hot,False,False,True,1.0,36.0,5.333333333333333,8.714285714285714,Medium,0,0,110.00000000000001,0.0,Medium
KE,2023-11-01,10.566666666666666,3,498.0,249.0,27.0,3.1,51.0,1,hot,False,False,True,4.0,9.0,2.6666666666666665,7.857142857142857,Medium,0,0,110.00000000000001,0.0,Medium
KE,2023-11-02,0.0,1,599.0,599.0,25.2,4.8,63.0,1,hot,False,False,True,3.0,2.0,2.6666666666666665,7.714285714285714,Medium,0,0,110.00000000000001,0.0,Medium
KE,2023-11-03,0.0,1,0.0,0.0,22.9,22.8,63.0,1,mild,False,True,False,1.0,4.0,1.6666666666666667,7.285714285714286,Medium,0,0,110.00000000000001,0.0,Medium
KE,2023-11-04,0.0,2,398.0,199.0,21.8,11.8,63.0,1,mild,False,True,False,1.0,30.0,1.3333333333333333,3.2857142857142856,Medium,0,0,110.00000000000001,0.0,Medium
KE,2023-11-05,0.0,1,599.0,599.0,23.8,3.5,53.0,1,mild,False,True,False,2.0,11.0,1.3333333333333333,1.8571428571428572,Medium,0,0,110.00000000000001,0.0,Medium
KE,2023-11-08,0.0,92,18109.0,196.83695652173913,24.2,4.6,63.0,1,mild,False,True,False,1.0,1.0,31.666666666666668,14.857142857142858,Medium,0,0,110.00000000000001,0.0,Medium
KE,2023-11-09,0.0,52,10348.0,199.0,25.6,0.5,51.0,0,hot,False,False,True,92.0,4.0,48.333333333333336,21.714285714285715,Medium,0,0,110.00000000000001,0.0,Medium
KE,2023-11-10,84.3,105,22998.0,221.1346153846154,25.2,4.1,53.0,1,hot,False,False,True,52.0,3.0,83.0,36.285714285714285,High,1,499,120.0,120.0,High
KE,2023-11-11,0.0,53,10547.0,199.0,24.0,3.8,53.0,1,mild,False,True,False,105.0,1.0,70.0,43.714285714285715,Medium,0,0,120.0,0.0,High
KE,2023-11-12,0.0,15,2985.0,199.0,24.4,11.9,63.0,1,mild,False,True,False,53.0,1.0,57.666666666666664,45.714285714285715,Medium,0,0,120.0,0.0,High
KE,2023-11-13,0.0,16,2985.0,186.5625,23.7,4.6,53.0,1,mild,False,True,False,15.0,2.0,28.0,47.714285714285715,Medium,0,0,120.0,0.0,High
KE,2023-11-14,0.0,55,10845.0,197.1818181818182,24.1,1.8,51.0,1,mild,False,True,False,16.0,1.0,28.666666666666668,55.42857142857143,Medium,0,0,120.0,0.0,High
KE,2023-11-15,0.0,50,9950.0,199.0,23.8,8.1,61.0,1,mild,False,True,False,55.0,92.0,40.333333333333336,49.42857142857143,Medium,0,0,120.0,0.0,High
KE,2023-11-16,0.0,42,10161.0,241.92857142857142,23.9,8.9,61.0,1,mild,False,True,False,50.0,52.0,49.0,48.0,Medium,0,0,120.0,0.0,High
KE,2023-11-17,0.0,2,348.0,174.0,24.6,5.2,55.0,1,mild,False,True,False,42.0,105.0,31.333333333333332,33.285714285714285,Medium,0,0,120.0,0.0,High
KE,2023-11-18,0.0,15,3197.99,213.19933333333333,24.8,3.6,53.0,1,mild,False,True,False,2.0,53.0,19.666666666666668,27.857142857142858,Medium,0,0,120.0,0.0,High
KE,2023-11-19,64.3,5,208.99,104.495,24.2,2.9,51.0,1,mild,False,True,False,15.0,15.0,7.333333333333333,26.428571428571427,High,0,0,120.0,0.0,High
KE,2023-11-20,2.8333333333333335,7,0.0,0.0,23.4,3.1,53.0,1,mild,False,True,False,5.0,16.0,9.0,25.142857142857142,Medium,0,0,120.0,0.0,High
KE,2023-11-21,0.0,20,3980.0,199.0,23.5,7.2,63.0,1,mild,False,True,False,7.0,55.0,10.666666666666666,20.142857142857142,Medium,0,0,120.0,0.0,High
KE,2023-11-22,0.0,21,2992.0,142.47619047619048,21.8,18.2,63.0,1,mild,False,True,False,20.0,50.0,16.0,16.0,Medium,0,0,120.0,0.0,High
KE,2023-11-23,0.0,21,4380.0,208.57142857142858,24.0,4.5,53.0,1,mild,False,True,False,21.0,42.0,20.666666666666668,13.0,Medium,0,0,120.0,0.0,High
KE,2023-11-24,0.0,39,10868.0,278.6666666666667,23.3,8.2,63.0,1,mild,False,True,False,21.0,2.0,27.0,18.285714285714285,Medium,0,0,120.0,0.0,High
KE,2023-11-25,15.166666666666666,5,199.0,49.75,23.7,12.8,63.0,1,mild,False,True,False,39.0,15.0,21.666666666666668,16.857142857142858,Medium,0,0,120.0,0.0,High
KE,2023-11-26,0.0,1,0.0,0.0,24.0,4.9,53.0,1,mild,False,True,False,5.0,5.0,15.0,16.285714285714285,Medium,0,0,120.0,0.0,High
KE,2023-11-27,0.0,4,1196.0,299.0,25.2,0.6,51.0,0,hot,False,False,True,1.0,7.0,3.3333333333333335,15.857142857142858,Medium,0,0,110.00000000000001,0.0,Medium
KE,2023-11-28,0.0,7,398.0,56.857142857142854,24.3,0.2,51.0,0,mild,False,True,False,4.0,20.0,4.0,14.0,Medium,0,0,110.00000000000001,0.0,Medium
KE,2023-11-29,0.0,5,1800.0,360.0,25.5,0.1,51.0,0,hot,False,False,True,7.0,21.0,5.333333333333333,11.714285714285714,Medium,0,0,110.00000000000001,0.0,Medium
KE,2023-11-30,0.0,4,1700.0,425.0,25.1,1.0,51.0,0,hot,False,False,True,5.0,21.0,5.333333333333333,9.285714285714286,Medium,0,0,110.00000000000001,0.0,Medium
KE,2023-12-02,0.0,3,398.0,132.66666666666666,25.7,0.4,51.0,0,hot,False,False,True,4.0,39.0,4.0,4.142857142857143,Medium,0,0,110.00000000000001,0.0,Medium
KE,2023-12-04,0.48333333333333334,2,0.0,0.0,24.8,1.6,51.0,1,mild,False,True,False,3.0,5.0,3.0,3.7142857142857144,Medium,0,0,110.00000000000001,0.0,Medium
KE,2023-12-05,10.0,3,99.0,99.0,25.2,0.9,51.0,0,hot,False,False,True,2.0,1.0,2.6666666666666665,4.0,Medium,0,0,110.00000000000001,0.0,Medium
KE,2023-12-07,0.0,2,298.0,149.0,26.3,0.0,2.0,0,hot,False,False,True,3.0,4.0,2.3333333333333335,3.7142857142857144,Medium,0,0,110.00000000000001,0.0,Medium
KE,2023-12-08,0.0,2,0.0,0.0,26.6,0.0,3.0,0,hot,False,False,True,2.0,7.0,2.3333333333333335,3.0,Medium,0,0,110.00000000000001,0.0,Medium
KE,2023-12-09,0.0,1,599.0,599.0,26.9,0.0,3.0,0,hot,False,False,True,2.0,5.0,1.6666666666666667,2.4285714285714284,Medium,0,0,110.00000000000001,0.0,Medium
KE,2023-12-10,0.0,7,994.0,142.0,25.2,1.5,51.0,1,hot,False,False,True,1.0,4.0,3.3333333333333335,2.857142857142857,Medium,0,0,110.00000000000001,0.0,Medium
KE,2023-12-11,0.0,2,199.0,99.5,25.5,2.3,51.0,1,hot,False,False,True,7.0,3.0,3.3333333333333335,2.7142857142857144,Medium,0,0,110.00000000000001,0.0,Medium
KE,2023-12-12,1.3833333333333333,9,743.0,92.875,26.2,1.2,51.0,1,hot,False,False,True,2.0,2.0,6.0,3.7142857142857144,Medium,0,0,110.00000000000001,0.0,Medium
KE,2023-12-14,0.0,5,496.0,99.2,25.1,1.8,53.0,1,hot,False,False,True,9.0,3.0,5.333333333333333,4.0,Medium,0,0,110.00000000000001,0.0,Medium
KE,2023-12-15,0.0,8,1268.0,158.5,24.2,3.0,51.0,1,mild,False,True,False,5.0,2.0,7.333333333333333,4.857142857142857,Medium,0,0,110.00000000000001,0.0,Medium
KE,2023-12-16,0.0,3,49.0,16.333333333333332,23.8,3.7,53.0,1,mild,False,True,False,8.0,2.0,5.333333333333333,5.0,Medium,0,0,120.0,0.0,High
KE,2023-12-17,0.0,2,448.0,224.0,24.6,0.9,51.0,0,mild,False,True,False,3.0,1.0,4.333333333333333,5.142857142857143,Medium,0,0,110.00000000000001,0.0,Medium
KE,2023-12-18,13.033333333333333,7,49.0,8.166666666666666,25.4,1.7,53.0,1,hot,False,False,True,2.0,7.0,4.0,5.142857142857143,Medium,0,0,110.00000000000001,0.0,Medium
KE,2023-12-19,0.0,2,98.0,49.0,25.6,0.2,51.0,0,hot,False,False,True,7.0,2.0,3.6666666666666665,5.142857142857143,Medium,0,0,110.00000000000001,0.0,Medium
KE,2023-12-20,1.0,6,248.0,62.0,25.8,0.8,51.0,0,hot,False,False,True,2.0,9.0,5.0,4.714285714285714,Medium,0,0,110.00000000000001,0.0,Medium
KE,2023-12-21,31.116666666666664,17,346.0,49.42857142857143,25.8,0.7,51.0,0,hot,False,False,True,6.0,5.0,8.333333333333334,6.428571428571429,Medium,0,0,110.00000000000001,0.0,Medium
KE,2023-12-22,0.0,6,468.0,78.0,25.7,0.4,51.0,0,hot,False,False,True,17.0,8.0,9.666666666666666,6.142857142857143,Medium,0,0,120.0,0.0,High
KE,2023-12-23,0.9833333333333333,6,199.0,39.8,26.0,1.1,51.0,1,hot,False,False,True,6.0,3.0,9.666666666666666,6.571428571428571,Medium,0,0,110.00000000000001,0.0,Medium
KE,2023-12-24,0.0,4,248.0,62.0,26.7,0.9,51.0,0,hot,False,False,True,6.0,2.0,5.333333333333333,6.857142857142857,Medium,0,0,110.00000000000001,0.0,Medium
KE,2023-12-26,0.0,2,499.0,249.5,23.9,2.4,53.0,1,mild,False,True,False,4.0,7.0,4.0,6.142857142857143,Medium,0,0,120.0,0.0,High
KE,2023-12-27,0.0,3,0.0,0.0,25.5,0.1,51.0,0,hot,False,False,True,2.0,2.0,3.0,6.285714285714286,Medium,0,0,110.00000000000001,0.0,Medium
KE,2023-12-28,1.0833333333333333,4,149.0,49.666666666666664,27.3,0.0,3.0,0,hot,False,False,True,3.0,6.0,3.0,6.0,Medium,0,0,110.00000000000001,0.0,Medium
KE,2023-12-29,0.9833333333333333,4,0.0,0.0,27.4,1.8,61.0,1,hot,False,False,True,4.0,17.0,3.6666666666666665,4.142857142857143,Medium,0,0,110.00000000000001,0.0,Medium
KE,2023-12-30,50.416666666666664,4,0.0,0.0,25.9,2.8,61.0,1,hot,False,False,True,4.0,6.0,4.0,3.857142857142857,Medium,0,0,110.00000000000001,0.0,Medium
KE,2023-12-31,0.0,2,49.0,24.5,26.8,1.1,51.0,1,hot,False,False,True,4.0,6.0,3.3333333333333335,3.2857142857142856,Medium,0,0,110.00000000000001,0.0,Medium
KE,2024-01-01,0.0,7,199.0,28.428571428571427,26.7,0.8,51.0,0,hot,False,False,True,2.0,4.0,4.333333333333333,3.7142857142857144,Medium,0,0,110.00000000000001,0.0,Medium
KE,2024-01-05,41.0,3,39.0,39.0,26.0,7.6,63.0,1,hot,False,False,True,7.0,2.0,4.0,3.857142857142857,Medium,0,0,110.00000000000001,0.0,Medium
KE,2024-01-06,0.0,3,199.0,66.33333333333333,25.7,1.4,55.0,1,hot,False,False,True,3.0,3.0,4.333333333333333,3.857142857142857,Medium,0,0,110.00000000000001,0.0,Medium
KE,2024-01-07,0.0,1,0.0,0.0,24.5,9.9,63.0,1,mild,False,True,False,3.0,4.0,2.3333333333333335,3.4285714285714284,Medium,0,0,110.00000000000001,0.0,Medium
KE,2024-01-08,5.483333333333333,1,0.0,,25.2,0.3,51.0,0,hot,False,False,True,1.0,4.0,1.6666666666666667,3.0,Medium,0,0,110.00000000000001,0.0,Medium
KE,2024-01-09,0.0,1,0.0,0.0,25.7,0.5,51.0,0,hot,False,False,True,1.0,4.0,1.0,2.5714285714285716,Medium,0,0,110.00000000000001,0.0,Medium
KE,2024-01-10,14.966666666666667,2,0.0,,24.5,2.5,55.0,1,mild,False,True,False,1.0,2.0,1.3333333333333333,2.5714285714285716,Medium,0,0,110.00000000000001,0.0,Medium
KE,2024-01-12,31.0,4,338.0,112.66666666666667,25.1,1.3,53.0,1,hot,False,False,True,2.0,7.0,2.3333333333333335,2.142857142857143,Medium,0,0,110.00000000000001,0.0,Medium
KE,2024-01-14,0.0,1,199.0,199.0,25.0,12.0,65.0,1,mild,False,True,False,4.0,3.0,2.3333333333333335,1.8571428571428572,Medium,0,0,110.00000000000001,0.0,Medium
KE,2024-01-15,0.0,2,598.0,299.0,25.9,1.0,51.0,0,hot,False,False,True,1.0,3.0,2.3333333333333335,1.7142857142857142,Medium,0,0,110.00000000000001,0.0,Medium
KE,2024-01-17,0.0,1,0.0,0.0,26.3,2.7,61.0,1,hot,False,False,True,2.0,1.0,1.3333333333333333,1.7142857142857142,Medium,0,0,110.00000000000001,0.0,Medium
KE,2024-01-20,3.5166666666666666,4,0.59,0.59,25.1,10.1,63.0,1,hot,False,False,True,1.0,1.0,2.3333333333333335,2.142857142857143,Medium,0,0,110.00000000000001,0.0,Medium
KE,2024-01-21,0.0,1,0.0,0.0,25.3,4.0,61.0,1,hot,False,False,True,4.0,1.0,2.0,2.142857142857143,Medium,0,0,110.00000000000001,0.0,Medium
KE,2024-01-22,0.0,7,905.0,129.28571428571428,26.8,0.4,51.0,0,hot,False,False,True,1.0,2.0,4.0,2.857142857142857,Medium,0,0,110.00000000000001,0.0,Medium
KE,2024-01-23,1.3833333333333333,1,0.0,,26.5,0.0,3.0,0,hot,False,False,True,7.0,4.0,3.0,2.4285714285714284,Medium,0,0,110.00000000000001,0.0,Medium
KE,2024-01-24,0.0,2,2.0,1.0,26.8,0.0,3.0,0,hot,False,False,True,1.0,1.0,3.3333333333333335,2.5714285714285716,Medium,0,0,110.00000000000001,0.0,Medium
KE,2024-01-25,0.0,4,796.0,199.0,26.6,0.3,51.0,0,hot,False,False,True,2.0,2.0,2.3333333333333335,2.857142857142857,Medium,0,0,110.00000000000001,0.0,Medium
KE,2024-01-27,0.0,4,202.0,50.5,26.2,1.5,51.0,1,hot,False,False,True,4.0,1.0,3.3333333333333335,3.2857142857142856,Medium,0,0,110.00000000000001,0.0,Medium
KE,2024-01-28,0.0,3,597.0,199.0,26.0,0.7,51.0,0,hot,False,False,True,4.0,4.0,3.6666666666666665,3.142857142857143,Medium,0,0,110.00000000000001,0.0,Medium
KE,2024-01-29,0.0,3,597.0,199.0,27.0,0.1,51.0,0,hot,False,False,True,3.0,1.0,3.3333333333333335,3.4285714285714284,Medium,0,0,110.00000000000001,0.0,Medium
KE,2024-01-30,30.3,82,15721.0,199.0,27.6,0.2,51.0,0,hot,False,False,True,3.0,7.0,29.333333333333332,14.142857142857142,Medium,0,0,110.00000000000001,0.0,Medium
KE,2024-01-31,0.0,1,0.0,0.0,27.5,0.5,51.0,0,hot,False,False,True,82.0,1.0,28.666666666666668,14.142857142857142,Medium,0,0,110.00000000000001,0.0,Medium
KE,2024-02-01,32.0,3,0.0,,27.5,0.3,51.0,0,hot,False,False,True,1.0,2.0,28.666666666666668,14.285714285714286,Medium,0,0,110.00000000000001,0.0,Medium
KE,2024-02-02,0.5,5,6.0,1.5,28.4,0.0,3.0,0,hot,False,False,True,3.0,4.0,3.0,14.428571428571429,Medium,0,0,110.00000000000001,0.0,Medium
KE,2024-02-03,0.31666666666666665,4,695.0,231.66666666666666,27.9,0.2,51.0,0,hot,False,False,True,5.0,4.0,4.0,14.428571428571429,Medium,0,0,110.00000000000001,0.0,Medium
KE,2024-02-04,33.28333333333333,3,0.0,0.0,26.6,0.4,51.0,0,hot,False,False,True,4.0,3.0,4.0,14.428571428571429,Medium,0,0,110.00000000000001,0.0,Medium
KE,2024-02-05,58.766666666666666,7,0.0,0.0,27.4,0.1,51.0,0,hot,False,False,True,3.0,3.0,4.666666666666667,15.0,Medium,0,0,110.00000000000001,0.0,Medium
KE,2024-02-07,0.0,3,949.0,316.3333333333333,27.6,0.2,51.0,0,hot,False,False,True,7.0,82.0,4.333333333333333,3.7142857142857144,Medium,0,0,110.00000000000001,0.0,Medium
KE,2024-02-08,0.0,2,0.0,0.0,27.7,0.6,51.0,0,hot,False,False,True,3.0,1.0,4.0,3.857142857142857,Medium,0,0,110.00000000000001,0.0,Medium
KE,2024-02-10,103.66666666666667,3,0.0,0.0,28.2,0.4,51.0,0,hot,False,False,True,2.0,3.0,2.6666666666666665,3.857142857142857,High,0,0,110.00000000000001,0.0,Medium
KE,2024-02-11,24.75,4,1198.0,399.3333333333333,27.8,0.0,3.0,0,hot,False,False,True,3.0,5.0,3.0,3.7142857142857144,Medium,0,0,110.00000000000001,0.0,Medium
KE,2024-02-12,46.11666666666667,3,349.0,174.5,28.4,0.0,3.0,0,hot,False,False,True,4.0,4.0,3.3333333333333335,3.5714285714285716,Medium,0,0,110.00000000000001,0.0,Medium
KE,2024-02-13,76.93333333333334,16,10837.0,774.0714285714286,29.0,0.0,3.0,0,hot,False,False,True,3.0,3.0,7.666666666666667,5.428571428571429,High,0,0,110.00000000000001,0.0,Medium
KE,2024-02-14,77.41666666666666,8,1773.0,295.5,28.4,0.0,3.0,0,hot,False,False,True,16.0,7.0,9.0,5.571428571428571,High,0,0,110.00000000000001,0.0,Medium
KE,2024-02-15,0.0,6,2245.0,374.1666666666667,29.2,0.0,1.0,0,hot,False,False,True,8.0,3.0,10.0,6.0,Medium,0,0,110.00000000000001,0.0,Medium
KE,2024-02-16,2.4833333333333334,7,1395.0,232.5,28.4,0.0,3.0,0,hot,False,False,True,6.0,2.0,7.0,6.714285714285714,Medium,0,0,110.00000000000001,0.0,Medium
KE,2024-02-17,53.46666666666667,36,9817.0,288.7352941176471,28.7,0.3,51.0,0,hot,False,False,True,7.0,3.0,16.333333333333332,11.428571428571429,Medium,0,0,110.00000000000001,0.0,Medium
KE,2024-02-19,1.0,5,2758.0,919.3333333333334,29.9,0.0,3.0,0,hot,False,False,True,36.0,4.0,16.0,11.571428571428571,Medium,0,0,110.00000000000001,0.0,Medium
KE,2024-02-20,13.516666666666667,9,962.0,120.25,29.5,1.6,61.0,1,hot,False,False,True,5.0,3.0,16.666666666666668,12.428571428571429,Medium,0,0,110.00000000000001,0.0,Medium
KE,2024-02-22,0.9666666666666667,2,0.0,,27.7,0.0,3.0,0,hot,False,False,True,9.0,16.0,5.333333333333333,10.428571428571429,Medium,0,0,110.00000000000001,0.0,Medium
KE,2024-02-24,26.9,2,0.0,,24.1,15.6,63.0,1,mild,False,True,False,2.0,8.0,4.333333333333333,9.571428571428571,Medium,0,0,120.0,0.0,High
KE,2024-02-26,56.61666666666667,3,399.0,399.0,29.9,2.8,63.0,1,hot,False,False,True,2.0,6.0,2.3333333333333335,9.142857142857142,Medium,0,0,110.00000000000001,0.0,Medium
KE,2024-02-27,17.46666666666667,3,0.0,0.0,29.6,2.0,61.0,1,hot,False,False,True,3.0,7.0,2.6666666666666665,8.571428571428571,Medium,0,0,110.00000000000001,0.0,Medium
KE,2024-02-28,30.533333333333335,2,399.0,399.0,26.4,1.2,51.0,1,hot,False,False,True,3.0,36.0,2.6666666666666665,3.7142857142857144,Medium,0,0,110.00000000000001,0.0,Medium
KE,2024-02-29,0.0,1,4.99,4.99,28.9,0.1,51.0,0,hot,False,False,True,2.0,5.0,2.0,3.142857142857143,Medium,0,0,110.00000000000001,0.0,Medium
KE,2024-03-01,0.31666666666666665,3,298.0,149.0,29.2,0.0,3.0,0,hot,False,False,True,1.0,9.0,2.0,2.2857142857142856,Medium,0,0,110.00000000000001,0.0,Medium
KE,2024-03-03,0.0,1,149.0,149.0,28.6,0.0,3.0,0,hot,False,False,True,3.0,2.0,1.6666666666666667,2.142857142857143,Medium,0,0,110.00000000000001,0.0,Medium
KE,2024-03-04,25.483333333333334,2,149.0,149.0,29.5,0.7,51.0,0,hot,False,False,True,1.0,2.0,2.0,2.142857142857143,Medium,0,0,110.00000000000001,0.0,Medium
KE,2024-03-05,0.48333333333333334,2,399.0,399.0,27.4,0.9,51.0,0,hot,False,False,True,2.0,3.0,1.6666666666666667,2.0,Medium,0,0,110.00000000000001,0.0,Medium
KE,2024-03-06,8.933333333333334,5,116.0,29.0,27.2,0.3,51.0,0,hot,False,False,True,2.0,3.0,3.0,2.2857142857142856,Medium,0,0,110.00000000000001,0.0,Medium
KE,2024-03-07,27.51666666666667,8,328.0,109.33333333333333,27.5,0.6,51.0,0,hot,False,False,True,5.0,2.0,5.0,3.142857142857143,Medium,0,0,110.00000000000001,0.0,Medium
KE,2024-03-08,26.583333333333332,43,4656.0,116.4,29.8,0.0,3.0,0,hot,False,False,True,8.0,1.0,18.666666666666668,9.142857142857142,Medium,0,0,110.00000000000001,0.0,Medium
KE,2024-03-09,32.68333333333333,5,596.0,149.0,28.3,0.2,51.0,0,hot,False,False,True,43.0,3.0,18.666666666666668,9.428571428571429,Medium,0,0,110.00000000000001,0.0,Medium
KE,2024-03-10,20.233333333333334,6,178.0,59.333333333333336,28.4,0.4,51.0,0,hot,False,False,True,5.0,1.0,18.0,10.142857142857142,Medium,0,0,110.00000000000001,0.0,Medium
KE,2024-03-11,0.75,2,29.0,29.0,27.8,0.0,3.0,0,hot,False,False,True,6.0,2.0,4.333333333333333,10.142857142857142,Medium,0,0,110.00000000000001,0.0,Medium
KE,2024-03-12,73.31666666666666,7,99.0,49.5,29.1,0.0,3.0,0,hot,False,False,True,2.0,2.0,5.0,10.857142857142858,High,0,0,110.00000000000001,0.0,Medium
KE,2024-03-13,23.016666666666666,2,499.0,499.0,29.1,0.0,3.0,0,hot,False,False,True,7.0,5.0,3.6666666666666665,10.428571428571429,Medium,0,0,110.00000000000001,0.0,Medium
KE,2024-03-14,10.016666666666667,5,1674.0,418.5,28.8,0.0,3.0,0,hot,False,False,True,2.0,8.0,4.666666666666667,10.0,Medium,0,0,110.00000000000001,0.0,Medium
KE,2024-03-15,1.5166666666666666,1,0.0,,27.3,0.1,51.0,0,hot,False,False,True,5.0,43.0,2.6666666666666665,4.0,Medium,0,0,110.00000000000001,0.0,Medium
KE,2024-03-16,19.416666666666668,2,0.0,0.0,28.7,0.0,3.0,0,hot,False,False,True,1.0,5.0,2.6666666666666665,3.5714285714285716,Medium,0,0,110.00000000000001,0.0,Medium
KE,2024-03-17,0.0,1,99.0,99.0,30.5,0.0,3.0,0,hot,False,False,True,2.0,6.0,1.3333333333333333,2.857142857142857,Medium,0,0,110.00000000000001,0.0,Medium
KE,2024-03-18,32.03333333333333,3,149.0,149.0,29.4,0.1,51.0,0,hot,False,False,True,1.0,2.0,2.0,3.0,Medium,0,0,110.00000000000001,0.0,Medium
KE,2024-03-19,23.016666666666666,2,499.0,499.0,29.7,0.6,51.0,0,hot,False,False,True,3.0,7.0,2.0,2.2857142857142856,Medium,0,0,110.00000000000001,0.0,Medium
KE,2024-03-20,51.8,6,128.0,64.0,29.3,0.0,3.0,0,hot,False,False,True,2.0,2.0,3.6666666666666665,2.857142857142857,Medium,0,0,110.00000000000001,0.0,Medium
KE,2024-03-21,0.0,1,677.0,677.0,29.4,0.0,3.0,0,hot,False,False,True,6.0,5.0,3.0,2.2857142857142856,Medium,0,0,110.00000000000001,0.0,Medium
KE,2024-03-22,34.516666666666666,3,99.0,99.0,29.9,0.2,51.0,0,hot,False,False,True,1.0,1.0,3.3333333333333335,2.5714285714285716,Medium,0,0,110.00000000000001,0.0,Medium
KE,2024-03-23,41.53333333333333,7,796.0,199.0,29.6,0.4,51.0,0,hot,False,False,True,3.0,2.0,3.6666666666666665,3.2857142857142856,Medium,0,0,110.00000000000001,0.0,Medium
KE,2024-03-25,107.55,37,4919.0,307.4375,27.5,5.6,61.0,1,hot,False,False,True,7.0,1.0,15.666666666666666,8.428571428571429,High,0,0,110.00000000000001,0.0,Medium
KE,2024-03-27,182.15,24,2711.0,142.68421052631578,26.6,3.7,53.0,1,hot,False,False,True,37.0,3.0,22.666666666666668,11.428571428571429,High,0,0,120.0,0.0,High
KE,2024-03-28,0.0,26,9840.0,378.46153846153845,27.3,1.2,51.0,1,hot,False,False,True,24.0,2.0,29.0,14.857142857142858,Medium,0,0,110.00000000000001,0.0,Medium
KE,2024-03-29,150.63333333333333,26,4441.0,193.08695652173913,27.3,0.7,51.0,0,hot,False,False,True,26.0,6.0,25.333333333333332,17.714285714285715,High,0,0,110.00000000000001,0.0,Medium
KE,2024-03-30,297.18333333333334,38,7117.0,215.66666666666666,25.8,4.4,61.0,1,hot,False,False,True,26.0,1.0,30.0,23.0,High,0,0,120.0,0.0,High
KE,2024-03-31,660.0666666666667,27,2291.0,254.55555555555554,25.6,9.1,63.0,1,hot,False,False,True,38.0,3.0,30.333333333333332,26.428571428571427,High,0,0,120.0,0.0,High
KE,2024-04-01,120.86666666666666,10,797.0,132.83333333333334,26.4,2.7,53.0,1,hot,False,False,True,27.0,7.0,25.0,26.857142857142858,High,0,0,120.0,0.0,High
KE,2024-04-02,585.9333333333333,19,2556.99,284.10999999999996,27.2,0.8,51.0,0,hot,False,False,True,10.0,37.0,18.666666666666668,24.285714285714285,High,0,0,120.0,0.0,High
KE,2024-04-03,134.51666666666665,17,1332.0,148.0,27.9,5.2,61.0,1,hot,False,False,True,19.0,24.0,15.333333333333334,23.285714285714285,High,0,0,120.0,0.0,High
KE,2024-04-04,168.03333333333333,7,1346.0,336.5,25.6,3.0,53.0,1,hot,False,False,True,17.0,26.0,14.333333333333334,20.571428571428573,High,0,0,120.0,0.0,High
KE,2024-04-05,100.7,7,1237.0,412.3333333333333,25.5,9.9,63.0,1,hot,False,False,True,7.0,26.0,10.333333333333334,17.857142857142858,High,0,0,120.0,0.0,High
KE,2024-04-06,265.95,19,5924.0,370.25,24.9,14.2,61.0,1,mild,False,True,False,7.0,38.0,11.0,15.142857142857142,High,0,0,120.0,0.0,High
KE,2024-04-07,397.6666666666667,11,2036.0,509.0,27.1,2.6,55.0,1,hot,False,False,True,19.0,27.0,12.333333333333334,12.857142857142858,High,0,0,120.0,0.0,High
KE,2024-04-08,31.8,1,0.0,,25.8,3.6,61.0,1,hot,False,False,True,11.0,10.0,10.333333333333334,11.571428571428571,Medium,0,0,120.0,0.0,High
KE,2024-04-09,0.0,2,1275.0,637.5,26.6,3.3,53.0,1,hot,False,False,True,1.0,19.0,4.666666666666667,9.142857142857142,Medium,0,0,120.0,0.0,High
KE,2024-04-10,39.83333333333333,3,199.0,199.0,27.3,0.7,51.0,0,hot,False,False,True,2.0,17.0,2.0,7.142857142857143,Medium,0,0,110.00000000000001,0.0,Medium
KE,2024-04-11,91.78333333333333,3,6298.0,3149.0,27.1,0.8,51.0,0,hot,False,False,True,3.0,7.0,2.6666666666666665,6.571428571428571,High,0,0,110.00000000000001,0.0,Medium
KE,2024-04-12,212.5,6,1497.0,499.0,27.1,3.5,55.0,1,hot,False,False,True,3.0,7.0,4.0,6.428571428571429,High,0,0,110.00000000000001,0.0,Medium
KE,2024-04-13,154.0,40,10999.0,305.52777777777777,25.2,6.7,63.0,1,hot,False,False,True,6.0,19.0,16.333333333333332,9.428571428571429,High,0,0,120.0,0.0,High
KE,2024-04-14,458.6166666666667,30,2988.0,186.75,26.4,9.2,63.0,1,hot,False,False,True,40.0,11.0,25.333333333333332,12.142857142857142,High,0,0,120.0,0.0,High
KE,2024-04-15,133.18333333333334,11,995.0,199.0,25.6,2.8,55.0,1,hot,False,False,True,30.0,1.0,27.0,13.571428571428571,High,0,0,120.0,0.0,High
KE,2024-04-16,29.499999999999996,11,2570.0,321.25,25.6,0.2,51.0,0,hot,False,False,True,11.0,2.0,17.333333333333332,14.857142857142858,Medium,0,0,110.00000000000001,0.0,Medium
KE,2024-04-17,30.933333333333334,20,4673.0,311.53333333333336,25.5,0.8,51.0,0,hot,False,False,True,11.0,3.0,14.0,17.285714285714285,Medium,0,0,110.00000000000001,0.0,Medium
KE,2024-04-18,95.55000000000001,17,7517.0,626.4166666666666,26.2,3.1,61.0,1,hot,False,False,True,20.0,3.0,16.0,19.285714285714285,High,0,0,120.0,0.0,High
KE,2024-04-19,424.81666666666666,21,1853.0,168.45454545454547,25.5,1.8,51.0,1,hot,False,False,True,17.0,6.0,19.333333333333332,21.428571428571427,High,0,0,120.0,0.0,High
KE,2024-04-20,517.4166666666666,29,4416.0,276.0,25.8,1.1,53.0,1,hot,False,False,True,21.0,40.0,22.333333333333332,19.857142857142858,High,0,0,120.0,0.0,High
KE,2024-04-21,0.0,1,199.0,199.0,24.0,1.8,51.0,1,mild,False,True,False,29.0,30.0,17.0,15.714285714285714,Medium,0,0,120.0,0.0,High
KE,2024-04-22,234.43333333333334,10,1047.0,209.4,26.2,7.9,63.0,1,hot,False,False,True,1.0,11.0,13.333333333333334,15.571428571428571,High,0,0,120.0,0.0,High
KE,2024-04-23,188.03333333333333,21,10409.0,578.2777777777778,25.7,6.3,63.0,1,hot,False,False,True,10.0,11.0,10.666666666666666,17.0,High,0,0,120.0,0.0,High
KE,2024-04-24,30.816666666666666,4,398.0,199.0,26.1,14.4,63.0,1,hot,False,False,True,21.0,20.0,11.666666666666666,14.714285714285714,Medium,0,0,120.0,0.0,High
KE,2024-04-25,176.71666666666667,10,3429.0,571.5,25.5,9.8,63.0,1,hot,False,False,True,4.0,17.0,11.666666666666666,13.714285714285714,High,0,0,120.0,0.0,High
KE,2024-04-26,25.033333333333335,13,5785.0,482.0833333333333,22.3,28.9,63.0,1,mild,False,True,False,10.0,21.0,9.0,12.571428571428571,Medium,0,0,120.0,0.0,High
KE,2024-04-27,95.0,22,10317.0,491.2857142857143,25.7,13.4,63.0,1,hot,False,False,True,13.0,29.0,15.0,11.571428571428571,High,0,0,120.0,0.0,High
KE,2024-04-28,27.833333333333332,4,2137.0,712.3333333333334,25.7,15.7,63.0,1,hot,False,False,True,22.0,1.0,13.0,12.0,Medium,0,0,120.0,0.0,High
KE,2024-04-29,108.01666666666667,9,845.0,140.83333333333334,25.5,1.8,55.0,1,hot,False,False,True,4.0,10.0,11.666666666666666,11.857142857142858,High,0,0,120.0,0.0,High
KE,2024-04-30,0.0,5,697.0,139.4,25.7,1.8,51.0,1,hot,False,False,True,9.0,21.0,6.0,9.571428571428571,Medium,0,0,120.0,0.0,High
KE,2024-05-01,196.51666666666665,6,1997.0,499.25,26.1,11.9,63.0,1,hot,False,False,True,5.0,4.0,6.666666666666667,9.857142857142858,High,0,0,120.0,0.0,High
KE,2024-05-02,120.86666666666666,16,2396.0,266.22222222222223,25.3,7.0,61.0,1,hot,False,False,True,6.0,10.0,9.0,10.714285714285714,High,0,0,120.0,0.0,High
KE,2024-05-03,87.31666666666666,10,597.0,119.4,23.8,4.5,63.0,1,mild,False,True,False,16.0,13.0,10.666666666666666,10.285714285714286,High,0,0,120.0,0.0,High
KE,2024-05-04,341.01666666666665,13,1147.0,163.85714285714286,22.4,0.6,51.0,0,mild,False,True,False,10.0,22.0,13.0,9.0,High,0,0,120.0,0.0,High
KE,2024-05-05,122.51666666666667,14,1598.99,177.66555555555556,25.1,5.1,63.0,1,hot,False,False,True,13.0,4.0,12.333333333333334,10.428571428571429,High,0,0,120.0,0.0,High
KE,2024-05-06,4.683333333333334,9,2294.0,327.7142857142857,24.2,0.7,51.0,0,mild,False,True,False,14.0,9.0,12.0,10.428571428571429,Medium,0,0,120.0,0.0,High
KE,2024-05-07,6.516666666666667,4,39.0,13.0,23.9,9.2,61.0,1,mild,False,True,False,9.0,5.0,9.0,10.285714285714286,Medium,0,0,120.0,0.0,High
KE,2024-05-08,100.18333333333334,6,1156.0,289.0,24.1,6.6,55.0,1,mild,False,True,False,4.0,6.0,6.333333333333333,10.285714285714286,High,0,0,120.0,0.0,High
KE,2024-05-09,0.0,8,1343.0,167.875,24.2,2.0,51.0,1,mild,False,True,False,6.0,16.0,6.0,9.142857142857142,Medium,0,0,120.0,0.0,High
KE,2024-05-10,54.36666666666667,10,1474.0,245.66666666666666,24.4,5.4,55.0,1,mild,False,True,False,8.0,10.0,8.0,9.142857142857142,Medium,0,0,120.0,0.0,High
KE,2024-05-11,92.31666666666666,4,5.99,2.995,24.4,0.9,51.0,0,mild,False,True,False,10.0,13.0,7.333333333333333,7.857142857142857,High,0,0,120.0,0.0,High
KE,2024-05-12,0.0,3,1147.0,382.3333333333333,25.0,2.0,51.0,1,mild,False,True,False,4.0,14.0,5.666666666666667,6.285714285714286,Medium,0,0,110.00000000000001,0.0,Medium
KE,2024-05-13,95.2,9,3203.0,457.57142857142856,25.3,0.1,51.0,0,hot,False,False,True,3.0,9.0,5.333333333333333,6.285714285714286,High,0,0,110.00000000000001,0.0,Medium
KE,2024-05-14,109.66666666666667,9,797.0,199.25,26.0,0.1,51.0,0,hot,False,False,True,9.0,4.0,7.0,7.0,High,0,0,110.00000000000001,0.0,Medium
KE,2024-05-15,59.43333333333333,7,897.0,224.25,26.1,0.3,51.0,0,hot,False,False,True,9.0,6.0,8.333333333333334,7.142857142857143,Medium,0,0,120.0,0.0,High
KE,2024-05-16,38.06666666666666,3,0.0,0.0,25.0,2.5,55.0,1,mild,False,True,False,7.0,8.0,6.333333333333333,6.428571428571429,Medium,0,0,120.0,0.0,High
KE,2024-05-17,165.45,13,2992.0,332.44444444444446,25.8,0.2,51.0,0,hot,False,False,True,3.0,10.0,7.666666666666667,6.857142857142857,High,0,0,120.0,0.0,High
KE,2024-05-19,121.9,6,1896.0,474.0,26.4,2.3,61.0,1,hot,False,False,True,13.0,4.0,7.333333333333333,7.142857142857143,High,0,0,120.0,0.0,High
KE,2024-05-20,0.0,2,39402.0,19701.0,25.7,5.4,63.0,1,hot,False,False,True,6.0,3.0,7.0,7.0,Medium,0,0,110.00000000000001,0.0,Medium
KE,2024-05-21,0.0,3,698.0,232.66666666666666,24.7,1.6,51.0,1,mild,False,True,False,2.0,9.0,3.6666666666666665,6.142857142857143,Medium,0,0,110.00000000000001,0.0,Medium
KE,2024-05-22,106.23333333333333,13,887.0,126.71428571428571,24.9,1.7,53.0,1,mild,False,True,False,3.0,9.0,6.0,6.714285714285714,High,0,0,120.0,0.0,High
KE,2024-05-23,0.0,7,2896.0,413.7142857142857,24.9,5.3,55.0,1,mild,False,True,False,13.0,7.0,7.666666666666667,6.714285714285714,Medium,0,0,120.0,0.0,High
KE,2024-05-24,59.85,24,4989.0,262.57894736842104,24.5,1.5,53.0,1,mild,False,True,False,7.0,3.0,14.666666666666666,9.714285714285714,Medium,0,0,110.00000000000001,0.0,Medium
KE,2024-05-25,105.93333333333334,16,4241.0,326.2307692307692,24.9,1.8,51.0,1,mild,False,True,False,24.0,13.0,15.666666666666666,10.142857142857142,High,0,0,120.0,0.0,High
KE,2024-05-26,140.55,26,946.0,86.0,25.0,0.5,51.0,0,mild,False,True,False,16.0,6.0,22.0,13.0,High,0,0,120.0,0.0,High
KE,2024-05-27,103.31666666666666,15,1294.0,143.77777777777777,25.8,0.1,51.0,0,hot,False,False,True,26.0,2.0,19.0,14.857142857142858,High,0,0,120.0,0.0,High
KE,2024-05-28,40.5,7,698.0,349.0,25.4,0.0,3.0,0,hot,False,False,True,15.0,3.0,16.0,15.428571428571429,Medium,0,0,110.00000000000001,0.0,Medium
KE,2024-05-29,3.65,14,1937.0,149.0,25.4,0.1,51.0,0,hot,False,False,True,7.0,13.0,12.0,15.571428571428571,Medium,0,0,110.00000000000001,0.0,Medium
KE,2024-05-30,26.2,4,10298.0,3432.6666666666665,25.6,0.1,51.0,0,hot,False,False,True,14.0,7.0,8.333333333333334,15.142857142857142,Medium,0,0,120.0,0.0,High
KE,2024-06-01,1.95,4,298.0,99.33333333333333,26.4,0.2,51.0,0,hot,False,False,True,4.0,24.0,7.333333333333333,12.285714285714286,Medium,0,0,110.00000000000001,0.0,Medium
KE,2024-06-02,274.81666666666666,6,399.0,399.0,26.9,0.0,3.0,0,hot,False,False,True,4.0,16.0,4.666666666666667,10.857142857142858,High,0,0,110.00000000000001,0.0,Medium
KE,2024-06-03,53.11666666666667,3,149.0,149.0,25.8,0.0,3.0,0,hot,False,False,True,6.0,26.0,4.333333333333333,7.571428571428571,Medium,0,0,110.00000000000001,0.0,Medium
KE,2024-06-04,65.23333333333333,6,348.0,174.0,26.6,6.6,63.0,1,hot,False,False,True,3.0,15.0,5.0,6.285714285714286,High,0,0,120.0,0.0,High
KE,2024-06-05,96.55,2,0.0,0.0,25.7,0.0,3.0,0,hot,False,False,True,6.0,7.0,3.6666666666666665,5.571428571428571,High,0,0,110.00000000000001,0.0,Medium
KE,2024-06-06,160.06666666666666,11,894.0,99.33333333333333,25.3,0.1,51.0,0,hot,False,False,True,2.0,14.0,6.333333333333333,5.142857142857143,High,0,0,120.0,0.0,High
KE,2024-06-07,177.79999999999998,8,597.0,119.4,25.5,0.8,51.0,0,hot,False,False,True,11.0,4.0,7.0,5.714285714285714,High,0,0,120.0,0.0,High
KE,2024-06-08,46.88333333333333,4,499.0,249.5,25.5,1.5,53.0,1,hot,False,False,True,8.0,4.0,7.666666666666667,5.714285714285714,Medium,0,0,120.0,0.0,High
KE,2024-06-09,0.0,3,188.0,62.666666666666664,22.5,0.1,51.0,0,mild,False,True,False,4.0,6.0,5.0,5.285714285714286,Medium,0,0,120.0,0.0,High
KE,2024-06-10,46.36666666666667,8,466.0,93.2,25.0,1.8,53.0,1,mild,False,True,False,3.0,3.0,5.0,6.0,Medium,0,0,110.00000000000001,0.0,Medium
KE,2024-06-11,112.01666666666667,7,188.0,62.666666666666664,23.5,0.6,51.0,0,mild,False,True,False,8.0,6.0,6.0,6.142857142857143,High,0,0,120.0,0.0,High
KE,2024-06-13,156.81666666666666,16,652.98,81.6225,24.4,0.0,2.0,0,mild,False,True,False,7.0,2.0,10.333333333333334,8.142857142857142,High,0,0,110.00000000000001,0.0,Medium
KE,2024-06-14,5.416666666666667,3,149.0,74.5,24.8,0.0,2.0,0,mild,False,True,False,16.0,11.0,8.666666666666666,7.0,Medium,0,0,120.0,0.0,High
KE,2024-06-15,38.81666666666667,10,45399.0,15133.0,24.7,0.7,51.0,0,mild,False,True,False,3.0,8.0,9.666666666666666,7.285714285714286,Medium,0,0,120.0,0.0,High
KE,2024-06-16,20.46666666666667,3,0.0,0.0,26.2,0.0,3.0,0,hot,False,False,True,10.0,4.0,5.333333333333333,7.142857142857143,Medium,0,0,110.00000000000001,0.0,Medium
KE,2024-06-17,40.11666666666667,2,0.0,0.0,26.1,0.0,3.0,0,hot,False,False,True,3.0,3.0,5.0,7.0,Medium,0,0,110.00000000000001,0.0,Medium
KE,2024-06-18,0.0,1,19.0,19.0,24.8,0.0,3.0,0,mild,False,True,False,2.0,8.0,2.0,6.0,Medium,0,0,110.00000000000001,0.0,Medium
KE,2024-06-19,41.03333333333333,2,0.0,,24.2,1.7,51.0,1,mild,False,True,False,1.0,7.0,1.6666666666666667,5.285714285714286,Medium,0,0,110.00000000000001,0.0,Medium
KE,2024-06-20,0.0,5,2245.0,449.0,22.2,6.3,55.0,1,mild,False,True,False,2.0,16.0,2.6666666666666665,3.7142857142857144,Medium,0,0,110.00000000000001,0.0,Medium
KE,2024-06-21,140.65,7,2145.0,429.0,23.4,4.3,61.0,1,mild,False,True,False,5.0,3.0,4.666666666666667,4.285714285714286,High,0,0,120.0,0.0,High
KE,2024-06-22,28.366666666666667,4,1697.0,565.6666666666666,24.4,0.1,51.0,0,mild,False,True,False,7.0,10.0,5.333333333333333,3.4285714285714284,Medium,0,0,110.00000000000001,0.0,Medium
KE,2024-06-23,36.53333333333333,3,0.0,0.0,23.6,0.0,3.0,0,mild,False,True,False,4.0,3.0,4.666666666666667,3.4285714285714284,Medium,0,0,110.00000000000001,0.0,Medium
KE,2024-06-24,0.0,2,349.0,174.5,23.6,0.0,3.0,0,mild,False,True,False,3.0,2.0,3.0,3.4285714285714284,Medium,0,0,110.00000000000001,0.0,Medium
KE,2024-06-25,0.2833333333333333,2,0.0,0.0,24.1,0.0,3.0,0,mild,False,True,False,2.0,1.0,2.3333333333333335,3.5714285714285716,Medium,0,0,110.00000000000001,0.0,Medium
KE,2024-06-26,145.23333333333335,7,648.0,129.6,23.0,0.0,3.0,0,mild,False,True,False,2.0,2.0,3.6666666666666665,4.285714285714286,High,0,0,110.00000000000001,0.0,Medium
KE,2024-06-28,22.8,13,1644.0,234.85714285714286,22.5,0.0,3.0,0,mild,False,True,False,7.0,5.0,7.333333333333333,5.428571428571429,Medium,0,0,120.0,0.0,High
KE,2024-06-29,2.6166666666666667,22,6052.0,318.5263157894737,24.9,0.0,3.0,0,mild,False,True,False,13.0,7.0,14.0,7.571428571428571,Medium,0,0,120.0,0.0,High
KE,2024-06-30,21.9,10,167.0,27.833333333333332,24.0,0.0,3.0,0,mild,False,True,False,22.0,4.0,15.0,8.428571428571429,Medium,0,0,120.0,0.0,High
KE,2024-07-01,0.0,4,1448.0,362.0,24.1,0.0,3.0,0,mild,False,True,False,10.0,3.0,12.0,8.571428571428571,Medium,0,0,110.00000000000001,0.0,Medium
KE,2024-07-02,10.2,2,349.0,349.0,24.6,0.0,3.0,0,mild,False,True,False,4.0,2.0,5.333333333333333,8.571428571428571,Medium,0,0,110.00000000000001,0.0,Medium
KE,2024-07-03,15.533333333333333,2,999.0,999.0,25.4,0.0,3.0,0,hot,False,False,True,2.0,2.0,2.6666666666666665,8.571428571428571,Medium,0,0,110.00000000000001,0.0,Medium
KE,2024-07-04,154.63333333333333,10,1155.0,192.5,25.5,0.0,3.0,0,hot,False,False,True,2.0,7.0,4.666666666666667,9.0,High,0,0,110.00000000000001,0.0,Medium
KE,2024-07-05,13.45,2,0.0,0.0,25.1,0.0,3.0,0,hot,False,False,True,10.0,13.0,4.666666666666667,7.428571428571429,Medium,0,0,110.00000000000001,0.0,Medium
KE,2024-07-06,0.0,1,349.0,349.0,25.4,9.9,63.0,1,hot,False,False,True,2.0,22.0,4.333333333333333,4.428571428571429,Medium,0,0,110.00000000000001,0.0,Medium
KE,2024-07-07,0.0,1,0.0,0.0,22.2,17.6,63.0,1,mild,False,True,False,1.0,10.0,1.3333333333333333,3.142857142857143,Medium,0,0,110.00000000000001,0.0,Medium
KE,2024-07-08,0.0,1,99.0,99.0,25.7,6.4,63.0,1,hot,False,False,True,1.0,4.0,1.0,2.7142857142857144,Medium,0,0,110.00000000000001,0.0,Medium
KE,2024-07-09,0.0,5,195.0,39.0,23.4,10.4,63.0,1,mild,False,True,False,1.0,2.0,2.3333333333333335,3.142857142857143,Medium,0,0,110.00000000000001,0.0,Medium
KE,2024-07-10,26.4,7,386.0,64.33333333333333,21.3,0.6,51.0,0,mild,False,True,False,5.0,2.0,4.333333333333333,3.857142857142857,Medium,0,0,110.00000000000001,0.0,Medium
KE,2024-07-11,23.766666666666666,10,1034.0,172.33333333333334,23.1,0.0,3.0,0,mild,False,True,False,7.0,10.0,7.333333333333333,3.857142857142857,Medium,0,0,110.00000000000001,0.0,Medium
KE,2024-07-13,32.733333333333334,3,498.0,249.0,22.6,0.4,51.0,0,mild,False,True,False,10.0,2.0,6.666666666666667,4.0,Medium,0,0,110.00000000000001,0.0,Medium
KE,2024-07-15,2.05,2,0.0,0.0,23.2,0.0,3.0,0,mild,False,True,False,3.0,1.0,5.0,4.142857142857143,Medium,0,0,110.00000000000001,0.0,Medium
KE,2024-07-17,2.0666666666666664,5,58.0,19.333333333333332,24.4,1.0,51.0,0,mild,False,True,False,2.0,1.0,3.3333333333333335,4.714285714285714,Medium,0,0,110.00000000000001,0.0,Medium
KE,2024-07-18,9.233333333333333,4,1437.0,479.0,21.0,0.3,51.0,0,mild,False,True,False,5.0,1.0,3.6666666666666665,5.142857142857143,Medium,0,0,110.00000000000001,0.0,Medium
KE,2024-07-19,0.0,3,749.0,249.66666666666666,22.0,0.1,51.0,0,mild,False,True,False,4.0,5.0,4.0,4.857142857142857,Medium,0,0,110.00000000000001,0.0,Medium
KE,2024-07-20,30.816666666666666,3,648.0,324.0,21.9,0.0,3.0,0,mild,False,True,False,3.0,7.0,3.3333333333333335,4.285714285714286,Medium,0,0,110.00000000000001,0.0,Medium
KE,2024-07-21,0.0,1,499.0,499.0,24.7,0.9,51.0,0,mild,False,True,False,3.0,10.0,2.3333333333333335,3.0,Medium,0,0,110.00000000000001,0.0,Medium
KE,2024-07-22,0.0,5,3897.0,779.4,24.9,0.0,3.0,0,mild,False,True,False,1.0,3.0,3.0,3.2857142857142856,Medium,0,0,110.00000000000001,0.0,Medium
KE,2024-07-23,22.266666666666666,7,1535.0,307.0,23.8,0.0,3.0,0,mild,False,True,False,5.0,2.0,4.333333333333333,4.0,Medium,0,0,110.00000000000001,0.0,Medium
KE,2024-07-24,13.816666666666666,9,2523.0,360.42857142857144,24.8,0.0,3.0,0,mild,False,True,False,7.0,5.0,7.0,4.571428571428571,Medium,0,0,110.00000000000001,0.0,Medium
KE,2024-07-25,0.0,4,2796.0,699.0,25.4,0.6,51.0,0,hot,False,False,True,9.0,4.0,6.666666666666667,4.571428571428571,Medium,0,0,110.00000000000001,0.0,Medium
KE,2024-07-26,0.0,16,8784.0,549.0,25.1,1.6,53.0,1,hot,False,False,True,4.0,3.0,9.666666666666666,6.428571428571429,Medium,0,0,110.00000000000001,0.0,Medium
KE,2024-07-27,2.033333333333333,28,18174.0,699.0,25.1,0.2,51.0,0,hot,False,False,True,16.0,3.0,16.0,10.0,Medium,0,0,110.00000000000001,0.0,Medium
KE,2024-07-28,88.4,8,118.0,23.6,24.7,0.2,51.0,0,mild,False,True,False,28.0,1.0,17.333333333333332,11.0,High,0,0,120.0,0.0,High
KE,2024-07-29,0.0,1,499.0,499.0,24.0,0.0,3.0,0,mild,False,True,False,8.0,5.0,12.333333333333334,10.428571428571429,Medium,0,0,120.0,0.0,High
KE,2024-07-30,92.28333333333333,5,2297.0,574.25,23.3,0.0,3.0,0,mild,False,True,False,1.0,7.0,4.666666666666667,10.142857142857142,High,0,0,120.0,0.0,High
KE,2024-07-31,82.05,4,199.0,99.5,23.2,0.3,51.0,0,mild,False,True,False,5.0,9.0,3.3333333333333335,9.428571428571429,High,0,0,120.0,0.0,High
KE,2024-08-01,185.06666666666666,2,0.0,,22.8,0.0,3.0,0,mild,False,True,False,4.0,4.0,3.6666666666666665,9.142857142857142,High,0,0,120.0,0.0,High
KE,2024-08-02,21.233333333333334,4,149.0,74.5,23.4,0.0,3.0,0,mild,False,True,False,2.0,16.0,3.3333333333333335,7.428571428571429,Medium,0,0,120.0,0.0,High
KE,2024-08-06,96.2,4,848.0,424.0,26.4,0.5,53.0,0,hot,False,False,True,4.0,28.0,3.3333333333333335,4.0,High,0,0,110.00000000000001,0.0,Medium
KE,2024-08-07,41.333333333333336,10,0.0,0.0,26.0,0.1,51.0,0,hot,False,False,True,4.0,8.0,6.0,4.285714285714286,Medium,0,0,110.00000000000001,0.0,Medium
KE,2024-08-11,5.766666666666667,3,99.0,49.5,22.6,0.4,51.0,0,mild,False,True,False,10.0,1.0,5.666666666666667,4.571428571428571,Medium,0,0,110.00000000000001,0.0,Medium
KE,2024-08-12,122.18333333333334,4,648.0,324.0,23.6,0.1,51.0,0,mild,False,True,False,3.0,5.0,5.666666666666667,4.428571428571429,High,0,0,120.0,0.0,High
KE,2024-08-13,0.0,1,99.0,99.0,23.3,0.1,51.0,0,mild,False,True,False,4.0,4.0,2.6666666666666665,4.0,Medium,0,0,110.00000000000001,0.0,Medium
KE,2024-08-14,52.05,5,727.0,242.33333333333334,25.3,0.0,3.0,0,hot,False,False,True,1.0,2.0,3.3333333333333335,4.428571428571429,Medium,0,0,110.00000000000001,0.0,Medium
KE,2024-08-15,91.13333333333333,21,2982.0,175.41176470588235,25.6,0.7,51.0,0,hot,False,False,True,5.0,4.0,9.0,6.857142857142857,High,0,0,110.00000000000001,0.0,Medium
KE,2024-08-16,96.06666666666666,9,499.0,99.8,25.3,1.1,51.0,1,hot,False,False,True,21.0,4.0,11.666666666666666,7.571428571428571,High,0,0,120.0,0.0,High
KE,2024-08-17,67.5,6,2.0,0.5,25.3,0.0,3.0,0,hot,False,False,True,9.0,10.0,12.0,7.0,High,0,0,120.0,0.0,High
KE,2024-08-18,43.3,3,0.0,0.0,21.9,0.2,51.0,0,mild,False,True,False,6.0,3.0,6.0,7.0,Medium,0,0,120.0,0.0,High
KE,2024-08-19,0.6666666666666666,2,1.0,1.0,25.2,0.0,3.0,0,hot,False,False,True,3.0,4.0,3.6666666666666665,6.714285714285714,Medium,0,0,110.00000000000001,0.0,Medium
KE,2024-08-20,80.53333333333333,4,198.0,66.0,24.9,0.0,3.0,0,mild,False,True,False,2.0,1.0,3.0,7.142857142857143,High,0,0,110.00000000000001,0.0,Medium
KE,2024-08-21,0.0,1,0.0,0.0,23.3,0.1,51.0,0,mild,False,True,False,4.0,5.0,2.3333333333333335,6.571428571428571,Medium,0,0,110.00000000000001,0.0,Medium
KE,2024-08-22,9.15,2,39.0,39.0,23.7,0.2,51.0,0,mild,False,True,False,1.0,21.0,2.3333333333333335,3.857142857142857,Medium,0,0,110.00000000000001,0.0,Medium
KE,2024-08-23,26.133333333333333,3,0.0,0.0,22.7,0.0,3.0,0,mild,False,True,False,2.0,9.0,2.0,3.0,Medium,0,0,110.00000000000001,0.0,Medium
KE,2024-08-24,12.883333333333333,7,538.0,269.0,23.0,0.3,51.0,0,mild,False,True,False,3.0,6.0,4.0,3.142857142857143,Medium,0,0,110.00000000000001,0.0,Medium
KE,2024-08-25,1.1666666666666667,1,0.0,,20.4,2.1,53.0,1,mild,False,True,False,7.0,3.0,3.6666666666666665,2.857142857142857,Medium,0,0,110.00000000000001,0.0,Medium
KE,2024-08-26,1.5,4,328.0,164.0,22.9,0.0,3.0,0,mild,False,True,False,1.0,2.0,4.0,3.142857142857143,Medium,0,0,110.00000000000001,0.0,Medium
KE,2024-08-27,221.73333333333332,7,149.0,74.5,24.8,1.6,51.0,1,mild,False,True,False,4.0,4.0,4.0,3.5714285714285716,High,0,0,110.00000000000001,0.0,Medium
KE,2024-08-28,0.0,2,348.0,174.0,24.6,2.5,53.0,1,mild,False,True,False,7.0,1.0,4.333333333333333,3.7142857142857144,Medium,0,0,110.00000000000001,0.0,Medium
KE,2024-08-29,102.11666666666666,14,1445.0,206.42857142857142,25.0,1.7,51.0,1,mild,False,True,False,2.0,2.0,7.666666666666667,5.428571428571429,High,0,0,110.00000000000001,0.0,Medium
KE,2024-08-30,227.66666666666666,12,299.0,99.66666666666667,24.9,0.3,51.0,0,mild,False,True,False,14.0,3.0,9.333333333333334,6.714285714285714,High,0,0,120.0,0.0,High
KE,2024-08-31,165.96666666666667,13,557.0,139.25,25.5,0.0,3.0,0,hot,False,False,True,12.0,7.0,13.0,7.571428571428571,High,0,0,120.0,0.0,High
KE,2024-09-01,123.73333333333335,11,448.0,149.33333333333334,24.4,0.3,51.0,0,mild,False,True,False,13.0,1.0,12.0,9.0,High,0,0,120.0,0.0,High
KE,2024-09-02,163.51666666666668,21,198.0,39.6,23.9,0.0,3.0,0,mild,False,True,False,11.0,4.0,15.0,11.428571428571429,High,0,0,120.0,0.0,High
KE,2024-09-03,0.0,4,1397.0,349.25,22.9,0.9,51.0,0,mild,False,True,False,21.0,7.0,12.0,11.0,Medium,0,0,120.0,0.0,High
KE,2024-09-04,264.1166666666667,10,298.0,74.5,22.9,2.7,53.0,1,mild,False,True,False,4.0,2.0,11.666666666666666,12.142857142857142,High,0,0,120.0,0.0,High
KE,2024-09-05,63.56666666666666,7,1547.0,309.4,24.0,0.1,51.0,0,mild,False,True,False,10.0,14.0,7.0,11.142857142857142,High,0,0,120.0,0.0,High
KE,2024-09-06,48.96666666666667,6,599.0,149.75,22.7,5.0,55.0,1,mild,False,True,False,7.0,12.0,7.666666666666667,10.285714285714286,Medium,0,0,120.0,0.0,High
KE,2024-09-07,40.75,127,3890.0,31.12,25.0,0.0,3.0,0,mild,False,True,False,6.0,13.0,46.666666666666664,26.571428571428573,Medium,1,499,110.00000000000001,110.00000000000001,Medium
KE,2024-09-08,0.0,2,168.0,84.0,26.7,0.0,3.0,0,hot,False,False,True,127.0,11.0,45.0,25.285714285714285,Medium,0,0,120.0,0.0,High
KE,2024-09-09,91.4,2,299.0,299.0,26.6,0.0,3.0,0,hot,False,False,True,2.0,21.0,43.666666666666664,22.571428571428573,High,0,0,110.00000000000001,0.0,Medium
KE,2024-09-10,4.35,3,0.0,0.0,27.0,0.1,51.0,0,hot,False,False,True,2.0,4.0,2.3333333333333335,22.428571428571427,Medium,0,0,110.00000000000001,0.0,Medium
KE,2024-09-11,26.883333333333333,7,287.0,71.75,27.4,0.0,3.0,0,hot,False,False,True,3.0,10.0,4.0,22.0,Medium,0,0,110.00000000000001,0.0,Medium
KE,2024-09-12,17.950000000000003,4,0.0,0.0,27.2,0.0,3.0,0,hot,False,False,True,7.0,7.0,4.666666666666667,21.571428571428573,Medium,0,0,110.00000000000001,0.0,Medium
KE,2024-09-13,27.416666666666668,2,149.0,149.0,26.7,0.2,51.0,0,hot,False,False,True,4.0,6.0,4.333333333333333,21.0,Medium,0,0,110.00000000000001,0.0,Medium
KE,2024-09-15,20.35,2,0.0,0.0,27.3,0.0,3.0,0,hot,False,False,True,2.0,127.0,2.6666666666666665,3.142857142857143,Medium,0,0,110.00000000000001,0.0,Medium
KE,2024-09-16,201.81666666666666,8,39.0,13.0,26.9,0.2,51.0,0,hot,False,False,True,2.0,2.0,4.0,4.0,High,0,0,110.00000000000001,0.0,Medium
KE,2024-09-17,126.96666666666667,4,0.0,0.0,25.9,0.0,3.0,0,hot,False,False,True,8.0,2.0,4.666666666666667,4.285714285714286,High,0,0,110.00000000000001,0.0,Medium
KE,2024-09-18,35.3,6,107.0,35.666666666666664,26.8,0.0,3.0,0,hot,False,False,True,4.0,3.0,6.0,4.714285714285714,Medium,0,0,110.00000000000001,0.0,Medium
KE,2024-09-20,101.88333333333334,7,597.0,149.25,26.7,0.3,51.0,0,hot,False,False,True,6.0,7.0,5.666666666666667,4.714285714285714,High,0,0,110.00000000000001,0.0,Medium
KE,2024-09-21,49.3,5,149.0,49.666666666666664,26.6,0.1,51.0,0,hot,False,False,True,7.0,4.0,6.0,4.857142857142857,Medium,0,0,110.00000000000001,0.0,Medium
KE,2024-09-24,30.583333333333332,2,149.0,149.0,25.9,0.0,3.0,0,hot,False,False,True,5.0,2.0,4.666666666666667,4.857142857142857,Medium,0,0,110.00000000000001,0.0,Medium
KE,2024-09-26,0.65,12,4048.0,449.77777777777777,27.2,0.2,51.0,0,hot,False,False,True,2.0,2.0,6.333333333333333,6.285714285714286,Medium,0,0,110.00000000000001,0.0,Medium
KE,2024-09-27,0.0,1,99.0,99.0,28.0,0.4,51.0,0,hot,False,False,True,12.0,8.0,5.0,5.285714285714286,Medium,0,0,110.00000000000001,0.0,Medium
KE,2024-09-29,106.85,7,297.0,99.0,25.3,2.8,61.0,1,hot,False,False,True,1.0,4.0,6.666666666666667,5.714285714285714,High,0,0,120.0,0.0,High
KE,2024-10-01,0.0,1,299.0,299.0,27.0,0.1,51.0,0,hot,False,False,True,7.0,6.0,3.0,5.0,Medium,0,0,110.00000000000001,0.0,Medium
KE,2024-10-02,91.23333333333333,1,0.0,,27.0,1.1,51.0,1,hot,False,False,True,1.0,7.0,3.0,4.142857142857143,High,0,0,110.00000000000001,0.0,Medium
KE,2024-10-07,35.38333333333333,5,149.0,74.5,25.7,1.1,51.0,1,hot,False,False,True,1.0,5.0,2.3333333333333335,4.142857142857143,Medium,0,0,110.00000000000001,0.0,Medium
KE,2024-10-08,0.4666666666666667,4,0.0,0.0,26.5,0.5,51.0,0,hot,False,False,True,5.0,2.0,3.3333333333333335,4.428571428571429,Medium,0,0,110.00000000000001,0.0,Medium
KE,2024-10-10,52.65,3,0.0,0.0,25.9,0.0,2.0,0,hot,False,False,True,4.0,12.0,4.0,3.142857142857143,Medium,0,0,110.00000000000001,0.0,Medium
KE,2024-10-11,18.4,4,88.0,44.0,28.1,0.5,51.0,0,hot,False,False,True,3.0,1.0,3.6666666666666665,3.5714285714285716,Medium,0,0,110.00000000000001,0.0,Medium
KE,2024-10-12,0.6666666666666666,8,2898.0,414.0,28.1,1.0,51.0,0,hot,False,False,True,4.0,7.0,5.0,3.7142857142857144,Medium,0,0,110.00000000000001,0.0,Medium
KE,2024-10-14,6.5,4,388.0,194.0,27.6,0.1,51.0,0,hot,False,False,True,8.0,1.0,5.333333333333333,4.142857142857143,Medium,0,0,110.00000000000001,0.0,Medium
KE,2024-10-15,0.0,1,349.0,349.0,27.3,0.3,51.0,0,hot,False,False,True,4.0,1.0,4.333333333333333,4.142857142857143,Medium,0,0,110.00000000000001,0.0,Medium
KE,2024-10-16,81.6,6,267.0,89.0,28.3,0.5,51.0,0,hot,False,False,True,1.0,5.0,3.6666666666666665,4.285714285714286,High,0,0,110.00000000000001,0.0,Medium
KE,2024-10-17,87.21666666666667,2,49.0,49.0,29.2,0.0,3.0,0,hot,False,False,True,6.0,4.0,3.0,4.0,High,0,0,110.00000000000001,0.0,Medium
KE,2024-10-18,94.5,29,1393.0,51.592592592592595,26.8,4.8,63.0,1,hot,False,False,True,2.0,3.0,12.333333333333334,7.714285714285714,High,0,0,110.00000000000001,0.0,Medium
KE,2024-10-19,6.8,2,349.0,349.0,25.1,5.3,63.0,1,hot,False,False,True,29.0,4.0,11.0,7.428571428571429,Medium,0,0,120.0,0.0,High
KE,2024-10-20,0.8333333333333334,2,299.0,299.0,25.3,6.0,63.0,1,hot,False,False,True,2.0,8.0,11.0,6.571428571428571,Medium,0,0,120.0,0.0,High
KE,2024-10-21,1.1666666666666667,5,1247.0,311.75,26.1,0.2,51.0,0,hot,False,False,True,2.0,4.0,3.0,6.714285714285714,Medium,0,0,110.00000000000001,0.0,Medium
KE,2024-10-22,245.23333333333335,6,448.0,224.0,26.7,0.3,51.0,0,hot,False,False,True,5.0,1.0,4.333333333333333,7.428571428571429,High,0,0,110.00000000000001,0.0,Medium
KE,2024-10-23,0.0,2,398.0,199.0,26.2,0.3,51.0,0,hot,False,False,True,6.0,6.0,4.333333333333333,6.857142857142857,Medium,0,0,110.00000000000001,0.0,Medium
KE,2024-10-24,94.55,2,299.0,299.0,26.4,0.3,51.0,0,hot,False,False,True,2.0,2.0,3.3333333333333335,6.857142857142857,High,0,0,110.00000000000001,0.0,Medium
KE,2024-10-25,45.6,3,99.0,99.0,27.6,0.2,51.0,0,hot,False,False,True,2.0,29.0,2.3333333333333335,3.142857142857143,Medium,0,0,110.00000000000001,0.0,Medium
KE,2024-10-28,0.9333333333333333,3,349.0,349.0,28.5,0.0,3.0,0,hot,False,False,True,3.0,2.0,2.6666666666666665,3.2857142857142856,Medium,0,0,110.00000000000001,0.0,Medium
KE,2024-10-29,10.266666666666667,3,78.0,39.0,28.8,0.0,3.0,0,hot,False,False,True,3.0,2.0,3.0,3.4285714285714284,Medium,0,0,110.00000000000001,0.0,Medium
KE,2024-10-30,0.0,2,1198.0,599.0,29.7,0.0,3.0,0,hot,False,False,True,3.0,5.0,2.6666666666666665,3.0,Medium,0,0,110.00000000000001,0.0,Medium
KE,2024-10-31,28.016666666666666,81,6650.0,83.125,29.8,0.0,3.0,0,hot,False,False,True,2.0,6.0,28.666666666666668,13.714285714285714,Medium,0,0,110.00000000000001,0.0,Medium
KE,2024-11-01,104.2,8,1947.0,389.4,27.1,1.8,53.0,1,hot,False,False,True,81.0,2.0,30.333333333333332,14.571428571428571,High,0,0,120.0,0.0,High
KE,2024-11-02,0.0,7,3443.0,491.85714285714283,28.4,0.0,3.0,0,hot,False,False,True,8.0,2.0,32.0,15.285714285714286,Medium,0,0,110.00000000000001,0.0,Medium
KE,2024-11-04,8.65,3,698.0,349.0,28.4,0.0,3.0,0,hot,False,False,True,7.0,3.0,6.0,15.285714285714286,Medium,0,0,110.00000000000001,0.0,Medium
KE,2024-11-05,9.216666666666667,3,119.0,59.5,26.7,3.6,61.0,1,hot,False,False,True,3.0,3.0,4.333333333333333,15.285714285714286,Medium,0,0,110.00000000000001,0.0,Medium
KE,2024-11-09,24.25,7,486.0,81.0,26.5,1.3,51.0,1,hot,False,False,True,3.0,3.0,4.333333333333333,15.857142857142858,Medium,0,0,110.00000000000001,0.0,Medium
KE,2024-11-10,0.0,2,59.0,29.5,25.3,1.8,51.0,1,hot,False,False,True,7.0,2.0,4.0,15.857142857142858,Medium,0,0,110.00000000000001,0.0,Medium
KE,2024-11-11,358.6333333333333,7,0.0,0.0,20.3,9.8,61.0,1,mild,False,True,False,2.0,81.0,5.333333333333333,5.285714285714286,High,0,0,120.0,0.0,High
KE,2024-11-13,129.01666666666665,4,168.0,84.0,25.1,2.8,61.0,1,hot,False,False,True,7.0,8.0,4.333333333333333,4.714285714285714,High,0,0,110.00000000000001,0.0,Medium
KE,2024-11-14,132.28333333333333,5,0.0,0.0,26.3,7.9,63.0,1,hot,False,False,True,4.0,7.0,5.333333333333333,4.428571428571429,High,0,0,120.0,0.0,High
KE,2024-11-15,0.0,9,293.0,32.55555555555556,21.3,7.2,61.0,1,mild,False,True,False,5.0,3.0,6.0,5.285714285714286,Medium,0,0,120.0,0.0,High
KE,2024-11-16,60.31666666666666,28,1157.0,50.30434782608695,20.0,12.0,63.0,1,mild,False,True,False,9.0,3.0,14.0,8.857142857142858,Medium,0,0,120.0,0.0,High
KE,2024-11-17,1.25,4,248.0,82.66666666666667,24.6,1.3,53.0,1,mild,False,True,False,28.0,7.0,13.666666666666666,8.428571428571429,Medium,0,0,120.0,0.0,High
KE,2024-11-19,0.0,1,0.0,0.0,25.2,1.7,51.0,1,hot,False,False,True,4.0,2.0,11.0,8.285714285714286,Medium,0,0,110.00000000000001,0.0,Medium
KE,2024-11-20,9.1,27,1014.0,39.0,25.3,2.2,53.0,1,hot,False,False,True,1.0,7.0,10.666666666666666,11.142857142857142,Medium,0,0,120.0,0.0,High
KE,2024-11-21,8.799999999999999,24,858.0,39.0,23.0,6.7,63.0,1,mild,False,True,False,27.0,4.0,17.333333333333332,14.0,Medium,0,0,120.0,0.0,High
KE,2024-11-22,0.0,10,390.0,39.0,24.6,2.5,61.0,1,mild,False,True,False,24.0,5.0,20.333333333333332,14.714285714285714,Medium,0,0,120.0,0.0,High
KE,2024-11-24,2.75,4,0.0,0.0,23.9,19.9,65.0,1,mild,False,True,False,10.0,9.0,12.666666666666666,14.0,Medium,0,0,120.0,0.0,High
KE,2024-11-27,0.0,2,0.0,0.0,23.7,3.2,61.0,1,mild,False,True,False,4.0,28.0,5.333333333333333,10.285714285714286,Medium,0,0,120.0,0.0,High
KE,2024-11-28,0.0,23,1697.0,73.78260869565217,24.2,4.4,61.0,1,mild,False,True,False,2.0,4.0,9.666666666666666,13.0,Medium,0,0,120.0,0.0,High
KE,2024-11-29,27.28333333333333,6,3.0,1.0,24.6,0.4,51.0,0,mild,False,True,False,23.0,1.0,10.333333333333334,13.714285714285714,Medium,0,0,110.00000000000001,0.0,Medium
KE,2024-11-30,74.81666666666666,4,0.0,0.0,24.3,0.5,51.0,0,mild,False,True,False,6.0,27.0,11.0,10.428571428571429,High,0,0,120.0,0.0,High
KE,2024-12-02,0.0,2,3038.0,1519.0,24.3,1.2,51.0,1,mild,False,True,False,4.0,24.0,4.0,7.285714285714286,Medium,0,0,110.00000000000001,0.0,Medium
KE,2024-12-04,104.85000000000001,4,49.0,24.5,25.6,0.4,51.0,0,hot,False,False,True,2.0,10.0,3.3333333333333335,6.428571428571429,High,0,0,110.00000000000001,0.0,Medium
KE,2024-12-05,91.78333333333333,2,249.0,249.0,26.8,0.2,51.0,0,hot,False,False,True,4.0,4.0,2.6666666666666665,6.142857142857143,High,0,0,110.00000000000001,0.0,Medium
KE,2024-12-06,0.0,2,248.0,124.0,27.0,0.3,51.0,0,hot,False,False,True,2.0,2.0,2.6666666666666665,6.142857142857143,Medium,0,0,110.00000000000001,0.0,Medium
KE,2024-12-08,0.0,6,495.0,82.5,27.2,0.2,51.0,0,hot,False,False,True,2.0,23.0,3.3333333333333335,3.7142857142857144,Medium,0,0,110.00000000000001,0.0,Medium
KE,2024-12-09,0.4166666666666667,3,0.0,0.0,26.6,0.5,51.0,0,hot,False,False,True,6.0,6.0,3.6666666666666665,3.2857142857142856,Medium,0,0,110.00000000000001,0.0,Medium
KE,2024-12-10,0.0,1,29.0,29.0,26.1,2.1,53.0,1,hot,False,False,True,3.0,4.0,3.3333333333333335,2.857142857142857,Medium,0,0,110.00000000000001,0.0,Medium
KE,2024-12-13,0.0,6,18.0,3.0,28.4,0.3,51.0,0,hot,False,False,True,1.0,2.0,3.3333333333333335,3.4285714285714284,Medium,0,0,110.00000000000001,0.0,Medium
KE,2024-12-14,57.666666666666664,3,99.0,99.0,27.3,0.0,3.0,0,hot,False,False,True,6.0,4.0,3.3333333333333335,3.2857142857142856,Medium,0,0,110.00000000000001,0.0,Medium
KE,2024-12-16,0.8,8,18.0,2.5714285714285716,25.7,1.9,51.0,1,hot,False,False,True,3.0,2.0,5.666666666666667,4.142857142857143,Medium,0,0,110.00000000000001,0.0,Medium
KE,2024-12-17,0.0,3,18.0,6.0,25.6,1.3,51.0,1,hot,False,False,True,8.0,2.0,4.666666666666667,4.285714285714286,Medium,0,0,110.00000000000001,0.0,Medium
KE,2024-12-18,30.966666666666665,3,99.0,99.0,27.0,1.1,51.0,1,hot,False,False,True,3.0,6.0,4.666666666666667,3.857142857142857,Medium,0,0,110.00000000000001,0.0,Medium
KE,2024-12-19,29.016666666666666,5,797.0,199.25,23.5,5.1,61.0,1,mild,False,True,False,3.0,3.0,3.6666666666666665,4.142857142857143,Medium,0,0,110.00000000000001,0.0,Medium
KE,2024-12-20,1.85,2,199.0,199.0,25.4,5.6,63.0,1,hot,False,False,True,5.0,1.0,3.3333333333333335,4.285714285714286,Medium,0,0,110.00000000000001,0.0,Medium
KE,2024-12-21,189.6,4,68.0,34.0,24.1,7.8,63.0,1,mild,False,True,False,2.0,6.0,3.6666666666666665,4.0,High,0,0,110.00000000000001,0.0,Medium
KE,2024-12-22,107.56666666666666,7,904.0,150.66666666666666,23.4,3.1,55.0,1,mild,False,True,False,4.0,3.0,4.333333333333333,4.571428571428571,High,0,0,120.0,0.0,High
KE,2024-12-23,8.55,3,398.0,199.0,23.2,3.3,53.0,1,mild,False,True,False,7.0,8.0,4.666666666666667,3.857142857142857,Medium,0,0,110.00000000000001,0.0,Medium
KE,2024-12-24,0.0,1,99.0,99.0,24.0,6.9,61.0,1,mild,False,True,False,3.0,3.0,3.6666666666666665,3.5714285714285716,Medium,0,0,110.00000000000001,0.0,Medium
KE,2024-12-25,0.0,1,299.0,299.0,22.8,4.8,53.0,1,mild,False,True,False,1.0,3.0,1.6666666666666667,3.2857142857142856,Medium,0,0,110.00000000000001,0.0,Medium
KE,2024-12-26,91.4,2,199.0,199.0,23.8,1.9,53.0,1,mild,False,True,False,1.0,5.0,1.3333333333333333,2.857142857142857,High,0,0,110.00000000000001,0.0,Medium
KE,2024-12-27,15.766666666666667,3,348.0,174.0,24.6,0.3,51.0,0,mild,False,True,False,2.0,2.0,2.0,3.0,Medium,0,0,110.00000000000001,0.0,Medium
KE,2024-12-28,211.7,4,249.0,249.0,25.7,0.4,51.0,0,hot,False,False,True,3.0,4.0,3.0,3.0,High,0,0,110.00000000000001,0.0,Medium
KE,2024-12-29,143.13333333333333,6,258.0,64.5,26.6,0.0,3.0,0,hot,False,False,True,4.0,7.0,4.333333333333333,2.857142857142857,High,0,0,110.00000000000001,0.0,Medium
KE,2024-12-30,177.0,14,5216.99,474.27181818181816,26.9,0.0,3.0,0,hot,False,False,True,6.0,3.0,8.0,4.428571428571429,High,0,0,110.00000000000001,0.0,Medium
KE,2024-12-31,0.0,6,99.0,16.5,25.9,0.6,51.0,0,hot,False,False,True,14.0,1.0,8.666666666666666,5.142857142857143,Medium,0,0,120.0,0.0,High
KE,2025-01-02,0.0,4,0.0,0.0,25.1,0.7,51.0,0,hot,False,False,True,6.0,1.0,8.0,5.571428571428571,Medium,0,0,110.00000000000001,0.0,Medium
KE,2025-01-03,0.0,2,398.0,199.0,25.4,0.0,3.0,0,hot,False,False,True,4.0,2.0,4.0,5.571428571428571,Medium,0,0,110.00000000000001,0.0,Medium
KE,2025-01-04,0.0,1,0.0,0.0,25.6,1.3,51.0,1,hot,False,False,True,2.0,3.0,2.3333333333333335,5.285714285714286,Medium,0,0,110.00000000000001,0.0,Medium
KE,2025-01-05,105.33333333333333,6,603.0,120.6,24.7,0.9,51.0,0,mild,False,True,False,1.0,4.0,3.0,5.571428571428571,High,0,0,110.00000000000001,0.0,Medium
KE,2025-01-06,80.65,7,217.0,43.4,26.1,0.0,3.0,0,hot,False,False,True,6.0,6.0,4.666666666666667,5.714285714285714,High,0,0,110.00000000000001,0.0,Medium
KE,2025-01-07,0.0,2,199.0,99.5,27.8,0.0,3.0,0,hot,False,False,True,7.0,14.0,5.0,4.0,Medium,0,0,110.00000000000001,0.0,Medium
KE,2025-01-08,0.0,3,547.0,182.33333333333334,28.0,0.0,3.0,0,hot,False,False,True,2.0,6.0,4.0,3.5714285714285716,Medium,0,0,110.00000000000001,0.0,Medium
KE,2025-01-09,0.0,9,4725.0,525.0,27.5,0.5,51.0,0,hot,False,False,True,3.0,4.0,4.666666666666667,4.285714285714286,Medium,0,0,110.00000000000001,0.0,Medium
KE,2025-01-10,0.0,29,108789.0,3751.344827586207,25.9,1.3,53.0,1,hot,False,False,True,9.0,2.0,13.666666666666666,8.142857142857142,Medium,0,0,110.00000000000001,0.0,Medium
KE,2025-01-11,0.0,2,0.0,0.0,27.4,0.1,51.0,0,hot,False,False,True,29.0,1.0,13.333333333333334,8.285714285714286,Medium,0,0,110.00000000000001,0.0,Medium
KE,2025-01-13,0.0,4,2098.0,524.5,27.5,0.0,3.0,0,hot,False,False,True,2.0,6.0,11.666666666666666,8.0,Medium,0,0,110.00000000000001,0.0,Medium
KE,2025-01-14,0.0,5,2146.0,429.2,26.8,0.0,3.0,0,hot,False,False,True,4.0,7.0,3.6666666666666665,7.714285714285714,Medium,0,0,110.00000000000001,0.0,Medium
KE,2025-01-15,0.0,1,149.0,149.0,25.1,0.2,51.0,0,hot,False,False,True,5.0,2.0,3.3333333333333335,7.571428571428571,Medium,0,0,110.00000000000001,0.0,Medium
KE,2025-01-16,0.0,1,0.0,0.0,25.8,0.0,3.0,0,hot,False,False,True,1.0,3.0,2.3333333333333335,7.285714285714286,Medium,0,0,110.00000000000001,0.0,Medium
KE,2025-01-17,0.0,1,0.99,0.99,26.5,0.0,3.0,0,hot,False,False,True,1.0,9.0,1.0,6.142857142857143,Medium,0,0,110.00000000000001,0.0,Medium
KE,2025-01-18,0.0,7,337.0,48.142857142857146,27.8,0.0,3.0,0,hot,False,False,True,1.0,29.0,3.0,3.0,Medium,0,0,110.00000000000001,0.0,Medium
KE,2025-01-19,0.0,3,298.0,99.33333333333333,27.4,0.0,3.0,0,hot,False,False,True,7.0,2.0,3.6666666666666665,3.142857142857143,Medium,0,0,110.00000000000001,0.0,Medium
KE,2025-01-20,0.0,17,199.0,11.705882352941176,28.7,0.0,3.0,0,hot,False,False,True,3.0,4.0,9.0,5.0,Medium,0,0,110.00000000000001,0.0,Medium
KE,2025-01-21,0.0,3,57.0,19.0,28.4,0.0,3.0,0,hot,False,False,True,17.0,5.0,7.666666666666667,4.714285714285714,Medium,0,0,110.00000000000001,0.0,Medium
KE,2025-01-22,28.316666666666666,4,109.0,36.333333333333336,28.6,0.0,3.0,0,hot,False,False,True,3.0,1.0,8.0,5.142857142857143,Medium,0,0,110.00000000000001,0.0,Medium
KE,2025-01-23,0.0,1,149.0,149.0,27.7,0.0,3.0,0,hot,False,False,True,4.0,1.0,2.6666666666666665,5.142857142857143,Medium,0,0,110.00000000000001,0.0,Medium
KE,2025-01-24,91.6,3,218.0,109.0,28.6,0.1,51.0,0,hot,False,False,True,1.0,1.0,2.6666666666666665,5.428571428571429,High,0,0,110.00000000000001,0.0,Medium
KE,2025-01-25,31.566666666666666,7,995.0,199.0,28.3,0.4,51.0,0,hot,False,False,True,3.0,7.0,3.6666666666666665,5.428571428571429,Medium,0,0,110.00000000000001,0.0,Medium
KE,2025-01-27,52.11666666666667,3,308.0,154.0,23.6,0.3,51.0,0,mild,False,True,False,7.0,3.0,4.333333333333333,5.428571428571429,Medium,0,0,110.00000000000001,0.0,Medium
KE,2025-01-28,1.7833333333333334,6,135.0,27.0,24.0,5.4,63.0,1,mild,False,True,False,3.0,17.0,5.333333333333333,3.857142857142857,Medium,0,0,110.00000000000001,0.0,Medium
KE,2025-01-29,0.0,2,18.0,9.0,24.7,4.7,63.0,1,mild,False,True,False,6.0,3.0,3.6666666666666665,3.7142857142857144,Medium,0,0,110.00000000000001,0.0,Medium
KE,2025-01-30,54.9,7,167.0,55.666666666666664,22.3,25.5,65.0,1,mild,False,True,False,2.0,4.0,5.0,4.142857142857143,Medium,0,0,120.0,0.0,High
KE,2025-01-31,0.7166666666666667,7,594.0,99.0,24.8,0.4,51.0,0,mild,False,True,False,7.0,1.0,5.333333333333333,5.0,Medium,0,0,110.00000000000001,0.0,Medium
KE,2025-02-01,2.65,9,414.0,59.142857142857146,24.6,1.2,53.0,1,mild,False,True,False,7.0,3.0,7.666666666666667,5.857142857142857,Medium,0,0,110.00000000000001,0.0,Medium
KE,2025-02-02,84.91666666666666,6,497.0,124.25,25.8,0.3,51.0,0,hot,False,False,True,9.0,7.0,7.333333333333333,5.714285714285714,High,0,0,120.0,0.0,High
KE,2025-02-03,30.433333333333334,13,990.0,90.0,26.7,0.0,3.0,0,hot,False,False,True,6.0,3.0,9.333333333333334,7.142857142857143,Medium,0,0,110.00000000000001,0.0,Medium
KE,2025-02-04,187.41666666666666,657,63815.0,98.17692307692307,26.5,0.0,3.0,0,hot,False,False,True,13.0,6.0,225.33333333333334,100.14285714285714,High,6,2994,120.0,720.0,High
KE,2025-02-05,317.3666666666667,1197,117186.0,98.97466216216216,27.2,0.5,51.0,0,hot,False,False,True,657.0,2.0,622.3333333333334,270.85714285714283,High,11,5489,110.00000000000001,1210.0000000000002,Medium
KE,2025-02-06,373.4166666666667,780,76032.0,98.74285714285715,27.0,0.2,51.0,0,hot,False,False,True,1197.0,7.0,878.0,381.2857142857143,High,7,3493,110.00000000000001,770.0000000000001,Medium
KE,2025-02-07,75.26666666666667,429,42274.0,99.23474178403755,26.7,0.3,51.0,0,hot,False,False,True,780.0,7.0,802.0,441.57142857142856,High,4,1996,110.00000000000001,440.00000000000006,Medium
KE,2025-02-08,37.46666666666667,367,35919.0,99.49861495844875,29.7,0.0,3.0,0,hot,False,False,True,429.0,9.0,525.3333333333334,492.7142857142857,Medium,3,1497,110.00000000000001,330.00000000000006,Medium
KE,2025-02-09,30.3,367,36037.0,99.27548209366391,29.1,0.0,3.0,0,hot,False,False,True,367.0,6.0,387.6666666666667,544.2857142857143,Medium,3,1497,110.00000000000001,330.00000000000006,Medium
KE,2025-02-10,327.73333333333335,777,74822.0,98.19160104986877,28.9,0.0,3.0,0,hot,False,False,True,367.0,13.0,503.6666666666667,653.4285714285714,High,7,3493,110.00000000000001,770.0000000000001,Medium
KE,2025-02-11,242.75,457,44950.0,99.22737306843267,27.5,0.0,3.0,0,hot,False,False,True,777.0,657.0,533.6666666666666,624.8571428571429,High,4,1996,110.00000000000001,440.00000000000006,Medium
KE,2025-02-12,166.03333333333333,341,33464.0,99.5952380952381,26.2,1.1,51.0,1,hot,False,False,True,457.0,1197.0,525.0,502.57142857142856,High,3,1497,110.00000000000001,330.00000000000006,Medium
KE,2025-02-13,7.75,367,35739.0,98.72651933701657,25.9,3.2,51.0,1,hot,False,False,True,341.0,780.0,388.3333333333333,443.57142857142856,Medium,3,1497,110.00000000000001,330.00000000000006,Medium
KE,2025-02-14,170.35000000000002,183,17525.0,99.01129943502825,28.5,0.0,3.0,0,hot,False,False,True,367.0,429.0,297.0,408.42857142857144,High,1,499,110.00000000000001,110.00000000000001,Medium
KE,2025-02-15,29.416666666666668,251,24412.0,98.04016064257029,29.6,0.0,3.0,0,hot,False,False,True,183.0,367.0,267.0,391.85714285714283,Medium,2,998,110.00000000000001,220.00000000000003,Medium
KE,2025-02-16,10.216666666666667,233,22968.0,99.0,29.1,0.8,53.0,0,hot,False,False,True,251.0,367.0,222.33333333333334,372.7142857142857,Medium,2,998,110.00000000000001,220.00000000000003,Medium
KE,2025-02-17,321.6333333333333,867,85390.0,99.29069767441861,27.9,0.1,51.0,0,hot,False,False,True,233.0,777.0,450.3333333333333,385.57142857142856,High,8,3992,110.00000000000001,880.0000000000001,Medium
KE,2025-02-18,165.08333333333334,797,77952.0,98.9238578680203,29.3,0.0,3.0,0,hot,False,False,True,867.0,457.0,632.3333333333334,434.14285714285717,High,7,3493,110.00000000000001,770.0000000000001,Medium
KE,2025-02-19,41.06666666666667,13,747.0,186.75,29.9,0.0,3.0,0,hot,False,False,True,797.0,341.0,559.0,387.2857142857143,Medium,0,0,110.00000000000001,0.0,Medium
KE,2025-02-20,25.166666666666664,3,99.0,99.0,30.9,0.0,3.0,0,hot,False,False,True,13.0,367.0,271.0,335.2857142857143,Medium,0,0,110.00000000000001,0.0,Medium
KE,2025-02-21,117.81666666666666,2,99.0,99.0,29.8,0.0,3.0,0,hot,False,False,True,3.0,183.0,6.0,309.42857142857144,High,0,0,110.00000000000001,0.0,Medium
KE,2025-02-23,0.8166666666666667,1,0.0,,28.8,0.0,3.0,0,hot,False,False,True,2.0,251.0,2.0,273.7142857142857,Medium,0,0,110.00000000000001,0.0,Medium
KE,2025-02-24,62.43333333333333,2,99.0,99.0,28.4,0.0,3.0,0,hot,False,False,True,1.0,233.0,1.6666666666666667,240.71428571428572,High,0,0,110.00000000000001,0.0,Medium
KE,2025-02-25,2.5,2,199.0,199.0,28.7,0.0,3.0,0,hot,False,False,True,2.0,867.0,1.6666666666666667,117.14285714285714,Medium,0,0,110.00000000000001,0.0,Medium
KE,2025-02-26,94.91666666666667,18,1093.0,64.29411764705883,29.1,0.0,3.0,0,hot,False,False,True,2.0,797.0,7.333333333333333,5.857142857142857,High,0,0,110.00000000000001,0.0,Medium
KE,2025-02-27,99.23333333333333,138,7984.0,58.705882352941174,29.9,0.0,1.0,0,hot,False,False,True,18.0,13.0,52.666666666666664,23.714285714285715,High,1,499,110.00000000000001,110.00000000000001,Medium
KE,2025-02-28,2.1833333333333336,22,1078.0,53.9,30.9,0.0,3.0,0,hot,False,False,True,138.0,3.0,59.333333333333336,26.428571428571427,Medium,0,0,110.00000000000001,0.0,Medium
KE,2025-03-01,0.0,23,1347.0,58.56521739130435,29.5,0.0,3.0,0,hot,False,False,True,22.0,2.0,61.0,29.428571428571427,Medium,0,0,110.00000000000001,0.0,Medium
KE,2025-03-02,0.0,33,1771.0,53.666666666666664,29.7,0.0,3.0,0,hot,False,False,True,23.0,1.0,26.0,34.0,Medium,0,0,110.00000000000001,0.0,Medium
KE,2025-03-03,50.016666666666666,40,2441.0,62.58974358974359,29.1,0.0,3.0,0,hot,False,False,True,33.0,2.0,32.0,39.42857142857143,Medium,0,0,110.00000000000001,0.0,Medium
KE,2025-03-04,8.4,31,1711.0,59.0,29.3,0.0,3.0,0,hot,False,False,True,40.0,2.0,34.666666666666664,43.57142857142857,Medium,0,0,110.00000000000001,0.0,Medium
KE,2025-03-05,8.45,27,1444.0,55.53846153846154,29.9,0.0,3.0,0,hot,False,False,True,31.0,18.0,32.666666666666664,44.857142857142854,Medium,0,0,110.00000000000001,0.0,Medium
KE,2025-03-06,35.96666666666667,23,1239.0,59.0,30.3,0.0,3.0,0,hot,False,False,True,27.0,138.0,27.0,28.428571428571427,Medium,0,0,110.00000000000001,0.0,Medium
KE,2025-03-07,35.63333333333333,48,2903.0,64.5111111111111,31.1,0.7,53.0,0,hot,False,False,True,23.0,22.0,32.666666666666664,32.142857142857146,Medium,0,0,110.00000000000001,0.0,Medium
KE,2025-03-08,41.45,20,1324.0,77.88235294117646,29.3,0.9,53.0,0,hot,False,False,True,48.0,23.0,30.333333333333332,31.714285714285715,Medium,0,0,110.00000000000001,0.0,Medium
KE,2025-03-09,6.8,2,0.0,,28.3,2.3,51.0,1,hot,False,False,True,20.0,33.0,23.333333333333332,27.285714285714285,Medium,0,0,120.0,0.0,High
KE,2025-03-10,0.9833333333333333,2,94.0,94.0,25.0,13.8,63.0,1,mild,False,True,False,2.0,40.0,8.0,21.857142857142858,Medium,0,0,120.0,0.0,High
KE,2025-03-11,33.9,7,297.0,74.25,26.4,1.6,53.0,1,hot,False,False,True,2.0,31.0,3.6666666666666665,18.428571428571427,Medium,0,0,110.00000000000001,0.0,Medium
KE,2025-03-13,0.0,1,499.0,499.0,25.9,2.2,51.0,1,hot,False,False,True,7.0,27.0,3.3333333333333335,14.714285714285714,Medium,0,0,110.00000000000001,0.0,Medium
KE,2025-03-14,46.5,4,598.0,299.0,30.3,0.0,3.0,0,hot,False,False,True,1.0,23.0,4.0,12.0,Medium,0,0,110.00000000000001,0.0,Medium
KE,2025-03-15,10.966666666666667,2,49.0,49.0,29.7,0.0,3.0,0,hot,False,False,True,4.0,48.0,2.3333333333333335,5.428571428571429,Medium,0,0,110.00000000000001,0.0,Medium
KE,2025-03-16,8.933333333333332,4,0.0,0.0,28.7,0.0,3.0,0,hot,False,False,True,2.0,20.0,3.3333333333333335,3.142857142857143,Medium,0,0,110.00000000000001,0.0,Medium
KE,2025-03-17,60.48333333333333,6,248.0,82.66666666666667,27.8,0.9,51.0,0,hot,False,False,True,4.0,2.0,4.0,3.7142857142857144,Medium,0,0,110.00000000000001,0.0,Medium
KE,2025-03-18,98.41666666666667,6,398.0,132.66666666666666,26.1,3.8,53.0,1,hot,False,False,True,6.0,2.0,5.333333333333333,4.285714285714286,High,0,0,110.00000000000001,0.0,Medium
KE,2025-03-19,0.0,2,107.0,53.5,24.2,11.2,63.0,1,mild,False,True,False,6.0,7.0,4.666666666666667,3.5714285714285716,Medium,0,0,110.00000000000001,0.0,Medium
KE,2025-03-21,240.45000000000002,6,99.0,33.0,26.8,2.1,51.0,1,hot,False,False,True,2.0,1.0,4.666666666666667,4.285714285714286,High,0,0,110.00000000000001,0.0,Medium
KE,2025-03-22,0.0,2,248.0,124.0,26.0,2.1,51.0,1,hot,False,False,True,6.0,4.0,3.3333333333333335,4.0,Medium,0,0,110.00000000000001,0.0,Medium
KE,2025-03-25,21.199999999999996,7,18.0,4.5,26.2,2.1,53.0,1,hot,False,False,True,2.0,2.0,5.0,4.714285714285714,Medium,0,0,110.00000000000001,0.0,Medium
KE,2025-03-26,100.51666666666667,5,5.0,1.6666666666666667,25.5,1.8,51.0,1,hot,False,False,True,7.0,4.0,4.666666666666667,4.857142857142857,High,0,0,110.00000000000001,0.0,Medium
KE,2025-03-27,0.6666666666666666,3,78.0,39.0,25.5,4.4,63.0,1,hot,False,False,True,5.0,6.0,5.0,4.428571428571429,Medium,0,0,120.0,0.0,High
KE,2025-03-28,36.849999999999994,7,274.0,68.5,23.4,7.6,63.0,1,mild,False,True,False,3.0,6.0,5.0,4.571428571428571,Medium,0,0,120.0,0.0,High
KE,2025-03-30,0.0,1,94.0,94.0,23.8,2.8,51.0,1,mild,False,True,False,7.0,2.0,3.6666666666666665,4.428571428571429,Medium,0,0,110.00000000000001,0.0,Medium
KE,2025-03-31,27.516666666666666,2,46.0,46.0,22.9,9.6,61.0,1,mild,False,True,False,1.0,6.0,3.3333333333333335,3.857142857142857,Medium,0,0,110.00000000000001,0.0,Medium
KE,2025-04-01,215.76666666666665,4,81.0,40.5,24.9,3.9,55.0,1,mild,False,True,False,2.0,2.0,2.3333333333333335,4.142857142857143,High,0,0,110.00000000000001,0.0,Medium
KE,2025-04-02,0.0,4,99.0,24.75,25.6,0.1,51.0,0,hot,False,False,True,4.0,7.0,3.3333333333333335,3.7142857142857144,Medium,0,0,110.00000000000001,0.0,Medium
KE,2025-04-03,31.616666666666667,5,199.0,99.5,25.2,5.0,63.0,1,hot,False,False,True,4.0,5.0,4.333333333333333,3.7142857142857144,Medium,0,0,110.00000000000001,0.0,Medium
KE,2025-04-05,9.15,6,485.0,97.0,25.5,3.9,55.0,1,hot,False,False,True,5.0,3.0,5.0,4.142857142857143,Medium,0,0,110.00000000000001,0.0,Medium
KE,2025-04-06,0.0,2,4098.0,2049.0,21.4,9.8,63.0,1,mild,False,True,False,6.0,7.0,4.333333333333333,3.4285714285714284,Medium,0,0,110.00000000000001,0.0,Medium
KE,2025-04-07,6.516666666666667,19,18002.0,1800.2,23.2,2.0,51.0,1,mild,False,True,False,2.0,1.0,9.0,6.0,Medium,0,0,120.0,0.0,High
KE,2025-04-08,12.383333333333333,16,86.0,6.615384615384615,24.5,2.2,61.0,1,mild,False,True,False,19.0,2.0,12.333333333333334,8.0,Medium,0,0,110.00000000000001,0.0,Medium
KE,2025-04-09,27.766666666666666,5,397.0,132.33333333333334,25.8,0.2,51.0,0,hot,False,False,True,16.0,4.0,13.333333333333334,8.142857142857142,Medium,0,0,120.0,0.0,High
KE,2025-04-10,17.65,3,10.0,5.0,23.9,1.1,53.0,1,mild,False,True,False,5.0,4.0,8.0,8.0,Medium,0,0,120.0,0.0,High
KE,2025-04-14,18.0,8,96.0,16.0,25.1,3.7,53.0,1,hot,False,False,True,3.0,5.0,5.333333333333333,8.428571428571429,Medium,0,0,120.0,0.0,High
KE,2025-04-15,2.466666666666667,6,24.0,6.0,25.1,3.3,53.0,1,hot,False,False,True,8.0,6.0,5.666666666666667,8.428571428571429,Medium,0,0,120.0,0.0,High
KE,2025-04-16,213.86666666666667,13,245.0,30.625,25.3,2.8,53.0,1,hot,False,False,True,6.0,2.0,9.0,10.0,High,0,0,110.00000000000001,0.0,Medium
KE,2025-04-17,16.333333333333336,8,18.0,3.6,25.5,1.3,51.0,1,hot,False,False,True,13.0,19.0,9.0,8.428571428571429,Medium,0,0,120.0,0.0,High
KE,2025-04-18,127.6,17,236.0,16.857142857142858,26.0,3.8,61.0,1,hot,False,False,True,8.0,16.0,12.666666666666666,8.571428571428571,High,0,0,120.0,0.0,High
KE,2025-04-19,254.31666666666666,18,419.0,32.23076923076923,26.0,14.0,63.0,1,hot,False,False,True,17.0,5.0,14.333333333333334,10.428571428571429,High,0,0,120.0,0.0,High
KE,2025-04-20,90.91666666666667,10,237.0,39.5,24.5,10.0,63.0,1,mild,False,True,False,18.0,3.0,15.0,11.428571428571429,High,0,0,120.0,0.0,High
KE,2025-04-21,87.31666666666666,25,148.0,9.25,23.0,11.8,63.0,1,mild,False,True,False,10.0,8.0,17.666666666666668,13.857142857142858,High,0,0,120.0,0.0,High
KE,2025-04-22,388.8833333333333,49,1459.0,42.911764705882355,23.7,5.7,55.0,1,mild,False,True,False,25.0,6.0,28.0,20.0,High,0,0,120.0,0.0,High
KE,2025-04-23,718.4833333333333,62,596.0,14.536585365853659,22.0,9.1,63.0,1,mild,False,True,False,49.0,13.0,45.333333333333336,27.0,High,0,0,120.0,0.0,High
KE,2025-04-24,573.9833333333333,46,189.0,6.75,22.1,2.3,51.0,1,mild,False,True,False,62.0,8.0,52.333333333333336,32.42857142857143,High,0,0,120.0,0.0,High
KE,2025-04-25,447.53333333333336,32,0.0,0.0,23.1,3.4,53.0,1,mild,False,True,False,46.0,17.0,46.666666666666664,34.57142857142857,High,0,0,120.0,0.0,High
KE,2025-04-26,350.8833333333333,17,0.0,0.0,24.5,0.0,3.0,0,mild,False,True,False,32.0,18.0,31.666666666666668,34.42857142857143,High,0,0,120.0,0.0,High
KE,2025-04-27,412.8,25,0.0,0.0,24.7,1.0,51.0,0,mild,False,True,False,17.0,10.0,24.666666666666668,36.57142857142857,High,0,0,120.0,0.0,High
KE,2025-04-28,856.9,49,0.0,0.0,24.6,0.3,51.0,0,mild,False,True,False,25.0,25.0,30.333333333333332,40.0,High,0,0,120.0,0.0,High
KE,2025-04-29,80.58333333333333,20,7.0,0.4666666666666667,25.4,2.5,55.0,1,hot,False,False,True,49.0,49.0,31.333333333333332,35.857142857142854,High,0,0,120.0,0.0,High
KE,2025-04-30,219.35,17,99.0,9.0,24.8,2.2,51.0,1,mild,False,True,False,20.0,62.0,28.666666666666668,29.428571428571427,High,0,0,120.0,0.0,High
KE,2025-05-01,1000.1333333333333,58,9.0,0.2727272727272727,25.1,0.7,51.0,0,hot,False,False,True,17.0,46.0,31.666666666666668,31.142857142857142,High,0,0,120.0,0.0,High
KE,2025-05-02,465.3333333333333,41,0.0,0.0,26.0,0.9,51.0,0,hot,False,False,True,58.0,32.0,38.666666666666664,32.42857142857143,High,0,0,120.0,0.0,High
KE,2025-05-03,935.0166666666667,53,99.0,3.413793103448276,26.2,3.0,61.0,1,hot,False,False,True,41.0,17.0,50.666666666666664,37.57142857142857,High,0,0,120.0,0.0,High
KE,2025-05-04,963.8666666666667,62,99.0,2.911764705882353,26.5,10.5,63.0,1,hot,False,False,True,53.0,25.0,52.0,42.857142857142854,High,0,0,120.0,0.0,High
KE,2025-05-05,199.13333333333333,28,0.0,0.0,23.4,12.5,63.0,1,mild,False,True,False,62.0,49.0,47.666666666666664,39.857142857142854,High,0,0,120.0,0.0,High
KE,2025-05-06,489.0666666666666,42,247.0,9.88,23.4,17.8,65.0,1,mild,False,True,False,28.0,20.0,44.0,43.0,High,0,0,120.0,0.0,High
KE,2025-05-07,636.4833333333333,39,995.0,43.26086956521739,23.3,10.2,63.0,1,mild,False,True,False,42.0,17.0,36.333333333333336,46.142857142857146,High,0,0,120.0,0.0,High
KE,2025-05-08,726.1166666666667,50,0.0,0.0,23.8,2.1,53.0,1,mild,False,True,False,39.0,58.0,43.666666666666664,45.0,High,0,0,120.0,0.0,High
KE,2025-05-09,222.61666666666665,26,476.0,34.0,23.4,2.1,53.0,1,mild,False,True,False,50.0,41.0,38.333333333333336,42.857142857142854,High,0,0,120.0,0.0,High
KE,2025-05-10,188.61666666666667,14,0.0,0.0,24.2,1.5,51.0,1,mild,False,True,False,26.0,53.0,30.0,37.285714285714285,High,0,0,120.0,0.0,High
KE,2025-05-11,176.4,29,149.0,8.764705882352942,24.1,3.6,55.0,1,mild,False,True,False,14.0,62.0,23.0,32.57142857142857,High,0,0,120.0,0.0,High
KE,2025-05-12,305.18333333333334,15,0.0,0.0,25.1,15.9,63.0,1,hot,False,False,True,29.0,28.0,19.333333333333332,30.714285714285715,High,0,0,120.0,0.0,High
KE,2025-05-13,538.55,32,16.0,0.8421052631578947,23.0,26.8,65.0,1,mild,False,True,False,15.0,42.0,25.333333333333332,29.285714285714285,High,0,0,120.0,0.0,High
KE,2025-05-14,604.9833333333333,42,102.0,4.08,23.4,2.2,51.0,1,mild,False,True,False,32.0,39.0,29.666666666666668,29.714285714285715,High,0,0,120.0,0.0,High
KE,2025-05-15,531.2333333333333,40,0.0,0.0,23.1,1.4,51.0,1,mild,False,True,False,42.0,50.0,38.0,28.285714285714285,High,0,0,120.0,0.0,High
KE,2025-05-16,253.21666666666667,24,0.0,0.0,23.3,1.1,51.0,1,mild,False,True,False,40.0,26.0,35.333333333333336,28.0,High,0,0,120.0,0.0,High
KE,2025-05-17,281.6166666666667,22,5.0,0.35714285714285715,23.6,0.7,51.0,0,mild,False,True,False,24.0,14.0,28.666666666666668,29.142857142857142,High,0,0,120.0,0.0,High
KE,2025-05-18,744.0166666666667,53,0.0,0.0,23.3,2.9,53.0,1,mild,False,True,False,22.0,29.0,33.0,32.57142857142857,High,0,0,120.0,0.0,High
KE,2025-05-19,471.96666666666664,42,651.0,21.7,22.6,2.6,53.0,1,mild,False,True,False,53.0,15.0,39.0,36.42857142857143,High,0,0,120.0,0.0,High
KE,2025-05-20,698.2833333333333,45,4008.0,148.44444444444446,24.4,1.8,51.0,1,mild,False,True,False,42.0,32.0,46.666666666666664,38.285714285714285,High,0,0,120.0,0.0,High
KE,2025-05-21,835.9333333333333,37,508.0,23.09090909090909,24.3,0.9,51.0,0,mild,False,True,False,45.0,42.0,41.333333333333336,37.57142857142857,High,0,0,120.0,0.0,High
KE,2025-05-22,146.88333333333333,39,9.0,0.375,24.9,1.8,51.0,1,mild,False,True,False,37.0,40.0,40.333333333333336,37.42857142857143,High,0,0,120.0,0.0,High
KE,2025-05-23,438.8666666666667,28,0.0,0.0,24.5,2.4,55.0,1,mild,False,True,False,39.0,24.0,34.666666666666664,38.0,High,0,0,120.0,0.0,High
KE,2025-05-24,704.7333333333333,38,199.0,9.95,26.2,0.0,3.0,0,hot,False,False,True,28.0,22.0,35.0,40.285714285714285,High,0,0,120.0,0.0,High
KE,2025-05-25,848.3333333333334,33,298.0,18.625,23.1,0.8,53.0,0,mild,False,True,False,38.0,53.0,33.0,37.42857142857143,High,0,0,120.0,0.0,High
KE,2025-05-26,420.98333333333335,32,0.0,0.0,24.8,2.2,53.0,1,mild,False,True,False,33.0,42.0,34.333333333333336,36.0,High,0,0,120.0,0.0,High
KE,2025-05-27,223.51666666666665,24,0.0,0.0,22.7,10.3,63.0,1,mild,False,True,False,32.0,45.0,29.666666666666668,33.0,High,0,0,120.0,0.0,High
KE,2025-05-28,339.7833333333333,23,9.0,0.6428571428571429,24.2,0.5,51.0,0,mild,False,True,False,24.0,37.0,26.333333333333332,31.0,High,0,0,120.0,0.0,High
KE,2025-05-29,571.55,32,99.0,5.2105263157894735,24.1,1.3,51.0,1,mild,False,True,False,23.0,39.0,26.333333333333332,30.0,High,0,0,120.0,0.0,High
KE,2025-05-30,546.7166666666667,40,165.0,6.346153846153846,25.4,0.0,3.0,0,hot,False,False,True,32.0,28.0,31.666666666666668,31.714285714285715,High,0,0,120.0,0.0,High
KE,2025-05-31,840.0166666666667,99,11888.0,188.6984126984127,26.1,0.0,3.0,0,hot,False,False,True,40.0,38.0,57.0,40.42857142857143,High,0,0,120.0,0.0,High
KE,2025-06-01,1157.9666666666667,247,457.0,2.6264367816091956,23.7,2.2,51.0,1,mild,False,True,False,99.0,33.0,128.66666666666666,71.0,High,2,998,120.0,240.0,High
KE,2025-06-02,1283.2166666666667,96,0.0,0.0,23.7,2.2,51.0,1,mild,False,True,False,247.0,32.0,147.33333333333334,80.14285714285714,High,0,0,120.0,0.0,High
KE,2025-06-03,19.65,23,23.0,1.2105263157894737,25.4,0.0,3.0,0,hot,False,False,True,96.0,24.0,122.0,80.0,Medium,0,0,120.0,0.0,High
KE,2025-06-04,250.83333333333331,42,0.0,0.0,25.4,0.5,51.0,0,hot,False,False,True,23.0,23.0,53.666666666666664,82.71428571428571,High,0,0,120.0,0.0,High
KE,2025-06-05,260.95,16,0.0,0.0,25.1,3.4,53.0,1,hot,False,False,True,42.0,32.0,27.0,80.42857142857143,High,0,0,120.0,0.0,High
KE,2025-06-06,137.8166666666667,26,0.0,0.0,22.7,6.8,61.0,1,mild,False,True,False,16.0,40.0,28.0,78.42857142857143,High,0,0,120.0,0.0,High
KE,2025-06-07,533.6166666666667,34,41.0,1.64,22.8,4.4,61.0,1,mild,False,True,False,26.0,99.0,25.333333333333332,69.14285714285714,High,0,0,120.0,0.0,High
KE,2025-06-08,432.4833333333333,16,0.0,0.0,23.3,1.5,51.0,1,mild,False,True,False,34.0,247.0,25.333333333333332,36.142857142857146,High,0,0,120.0,0.0,High
KE,2025-06-09,685.0,59,0.0,0.0,23.4,8.4,63.0,1,mild,False,True,False,16.0,96.0,36.333333333333336,30.857142857142858,High,0,0,120.0,0.0,High
KE,2025-06-10,430.04999999999995,27,151.0,8.882352941176471,24.0,0.8,51.0,0,mild,False,True,False,59.0,23.0,34.0,31.428571428571427,High,0,0,120.0,0.0,High
KE,2025-06-11,57.416666666666664,25,149.0,6.478260869565218,23.3,0.9,51.0,0,mild,False,True,False,27.0,42.0,37.0,29.0,Medium,0,0,120.0,0.0,High
KE,2025-06-12,342.6,143,379.0,3.2956521739130435,23.0,2.4,51.0,1,mild,False,True,False,25.0,16.0,65.0,47.142857142857146,High,1,499,120.0,120.0,High
KE,2025-06-13,59.03333333333333,46,0.0,0.0,25.2,0.2,51.0,0,hot,False,False,True,143.0,26.0,71.33333333333333,50.0,Medium,0,0,120.0,0.0,High
KE,2025-06-14,125.11666666666666,36,81.0,2.7,24.7,0.0,3.0,0,mild,False,True,False,46.0,34.0,75.0,50.285714285714285,High,0,0,120.0,0.0,High
KE,2025-06-15,46.56666666666667,42,0.0,0.0,24.3,0.0,3.0,0,mild,False,True,False,36.0,16.0,41.333333333333336,54.0,Medium,0,0,120.0,0.0,High
KE,2025-06-16,117.2,10,0.0,0.0,23.6,0.0,3.0,0,mild,False,True,False,42.0,59.0,29.333333333333332,47.0,High,0,0,120.0,0.0,High
KE,2025-06-17,10.683333333333334,24,0.0,0.0,24.4,0.5,51.0,0,mild,False,True,False,10.0,27.0,25.333333333333332,46.57142857142857,Medium,0,0,120.0,0.0,High
KE,2025-06-18,206.63333333333333,37,378.0,14.538461538461538,24.5,0.3,51.0,0,mild,False,True,False,24.0,25.0,23.666666666666668,48.285714285714285,High,0,0,120.0,0.0,High
KE,2025-06-19,262.26666666666665,32,206.0,8.24,24.6,0.0,3.0,0,mild,False,True,False,37.0,143.0,31.0,32.42857142857143,High,0,0,120.0,0.0,High
KE,2025-06-20,335.6333333333333,43,165.0,6.346153846153846,23.3,3.0,61.0,1,mild,False,True,False,32.0,46.0,37.333333333333336,32.0,High,0,0,120.0,0.0,High
KE,2025-06-21,470.2,49,275.0,9.482758620689655,25.1,0.1,51.0,0,hot,False,False,True,43.0,36.0,41.333333333333336,33.857142857142854,High,0,0,120.0,0.0,High
KE,2025-06-22,611.3166666666666,45,198.0,7.92,24.4,1.2,51.0,1,mild,False,True,False,49.0,42.0,45.666666666666664,34.285714285714285,High,0,0,120.0,0.0,High
KE,2025-06-23,433.35,45,112.99,4.035357142857142,24.7,1.1,51.0,1,mild,False,True,False,45.0,10.0,46.333333333333336,39.285714285714285,High,0,0,120.0,0.0,High
KE,2025-06-24,537.45,78,14174.0,295.2916666666667,25.4,0.0,3.0,0,hot,False,False,True,45.0,24.0,56.0,47.0,High,0,0,120.0,0.0,High
KE,2025-06-25,169.06666666666666,33,0.0,0.0,24.0,0.7,51.0,0,mild,False,True,False,78.0,37.0,52.0,46.42857142857143,High,0,0,120.0,0.0,High
KE,2025-06-26,331.2,31,0.0,0.0,23.6,4.1,53.0,1,mild,False,True,False,33.0,32.0,47.333333333333336,46.285714285714285,High,0,0,120.0,0.0,High
KE,2025-06-27,335.8,45,248.0,9.185185185185185,25.4,0.2,51.0,0,hot,False,False,True,31.0,43.0,36.333333333333336,46.57142857142857,High,0,0,120.0,0.0,High
KE,2025-06-28,227.79999999999998,36,0.0,0.0,24.7,0.7,51.0,0,mild,False,True,False,45.0,49.0,37.333333333333336,44.714285714285715,High,0,0,120.0,0.0,High
KE,2025-06-29,58.46666666666667,15,9.0,1.0,21.4,0.0,3.0,0,mild,False,True,False,36.0,45.0,32.0,40.42857142857143,Medium,0,0,120.0,0.0,High
KE,2025-06-30,226.9,16,10.0,1.1111111111111112,21.4,0.0,3.0,0,mild,False,True,False,15.0,45.0,22.333333333333332,36.285714285714285,High,0,0,120.0,0.0,High
KE,2025-07-01,262.45,21,409.97,27.331333333333337,22.9,0.6,51.0,0,mild,False,True,False,16.0,78.0,17.333333333333332,28.142857142857142,High,0,0,120.0,0.0,High
KE,2025-07-02,27.833333333333336,12,0.0,0.0,23.5,0.0,3.0,0,mild,False,True,False,21.0,33.0,16.333333333333332,25.142857142857142,Medium,0,0,120.0,0.0,High
KE,2025-07-03,34.55,29,1036.0,43.166666666666664,22.7,0.5,51.0,0,mild,False,True,False,12.0,31.0,20.666666666666668,24.857142857142858,Medium,0,0,120.0,0.0,High
KE,2025-07-04,85.89999999999999,14,299.0,33.22222222222222,23.8,0.5,51.0,0,mild,False,True,False,29.0,45.0,18.333333333333332,20.428571428571427,High,0,0,120.0,0.0,High
KE,2025-07-05,21.3,22,218.0,14.533333333333333,22.0,1.0,53.0,0,mild,False,True,False,14.0,36.0,21.666666666666668,18.428571428571427,Medium,0,0,120.0,0.0,High
KE,2025-07-06,272.9166666666667,39,0.0,0.0,23.3,0.9,51.0,0,mild,False,True,False,22.0,15.0,25.0,21.857142857142858,High,0,0,120.0,0.0,High
KE,2025-07-07,225.21666666666667,29,1044.0,58.0,22.0,0.7,51.0,0,mild,False,True,False,39.0,16.0,30.0,23.714285714285715,High,0,0,120.0,0.0,High
KE,2025-07-08,162.75,41,389.0,14.407407407407407,22.2,0.6,51.0,0,mild,False,True,False,29.0,21.0,36.333333333333336,26.571428571428573,High,0,0,120.0,0.0,High
KE,2025-07-09,140.73333333333332,20,149.0,13.545454545454545,19.8,0.1,51.0,0,mild,False,True,False,41.0,12.0,30.0,27.714285714285715,High,0,0,120.0,0.0,High
KE,2025-07-10,291.8833333333333,385,18438.0,49.168,22.7,0.0,3.0,0,mild,False,True,False,20.0,29.0,148.66666666666666,78.57142857142857,High,3,1497,120.0,360.0,High
KE,2025-07-11,87.16666666666667,1176,55821.0,47.832904884318765,22.1,1.4,53.0,1,mild,False,True,False,385.0,14.0,527.0,244.57142857142858,High,11,5489,110.00000000000001,1210.0000000000002,Medium
KE,2025-07-12,330.9666666666667,31,0.0,0.0,23.1,1.4,51.0,1,mild,False,True,False,1176.0,22.0,530.6666666666666,245.85714285714286,High,0,0,110.00000000000001,0.0,Medium
KE,2025-07-13,57.833333333333336,32,158.0,8.31578947368421,22.2,2.0,53.0,1,mild,False,True,False,31.0,39.0,413.0,244.85714285714286,Medium,0,0,110.00000000000001,0.0,Medium
KE,2025-07-14,246.2,12,528.0,75.42857142857143,23.6,0.2,51.0,0,mild,False,True,False,32.0,29.0,25.0,242.42857142857142,High,0,0,110.00000000000001,0.0,Medium
KE,2025-07-15,218.49999999999997,18,0.0,0.0,23.5,0.2,51.0,0,mild,False,True,False,12.0,41.0,20.666666666666668,239.14285714285714,High,0,0,110.00000000000001,0.0,Medium
KE,2025-07-16,52.416666666666664,12,5.0,0.7142857142857143,23.1,0.7,51.0,0,mild,False,True,False,18.0,20.0,14.0,238.0,Medium,0,0,110.00000000000001,0.0,Medium
KE,2025-07-17,49.08333333333333,33,20267.0,844.4583333333334,23.9,1.3,53.0,1,mild,False,True,False,12.0,385.0,21.0,187.71428571428572,Medium,0,0,110.00000000000001,0.0,Medium
KE,2025-07-18,34.15,17,0.0,0.0,23.4,0.9,51.0,0,mild,False,True,False,33.0,1176.0,20.666666666666668,22.142857142857142,Medium,0,0,120.0,0.0,High
KE,2025-07-19,1.7,3,49.0,24.5,26.4,0.4,51.0,0,hot,False,False,True,17.0,31.0,17.666666666666668,18.142857142857142,Medium,0,0,120.0,0.0,High
KE,2025-07-20,17.116666666666667,5,0.0,0.0,24.8,0.0,3.0,0,mild,False,True,False,3.0,32.0,8.333333333333334,14.285714285714286,Medium,0,0,120.0,0.0,High
KE,2025-07-21,270.51666666666665,15,296.0,42.285714285714285,24.6,0.0,3.0,0,mild,False,True,False,5.0,12.0,7.666666666666667,14.714285714285714,High,0,0,120.0,0.0,High
KE,2025-07-22,21.133333333333333,18,216.0,18.0,24.3,0.1,51.0,0,mild,False,True,False,15.0,18.0,12.666666666666666,14.714285714285714,Medium,0,0,120.0,0.0,High
KE,2025-07-23,178.43333333333334,30,337.0,18.72222222222222,20.0,0.5,51.0,0,mild,False,True,False,18.0,12.0,21.0,17.285714285714285,High,0,0,120.0,0.0,High
KE,2025-07-24,74.93333333333334,25,392.0,21.77777777777778,26.3,0.0,3.0,0,hot,False,False,True,30.0,33.0,24.333333333333332,16.142857142857142,High,0,0,120.0,0.0,High
KE,2025-07-25,187.79999999999998,9,49.0,9.8,26.6,0.0,3.0,0,hot,False,False,True,25.0,17.0,21.333333333333332,15.0,High,0,0,120.0,0.0,High
NG,2023-01-21,0.0,1,0.0,0.0,31.8,0.8,53.0,0,hot,False,False,True,1.0,1.0,1.0,1.4285714285714286,Medium,0,0,110.00000000000001,0.0,Medium
NG,2023-01-27,0.0,1,0.0,0.0,30.3,1.1,51.0,1,hot,False,False,True,1.0,2.0,1.0,1.2857142857142858,Medium,0,0,110.00000000000001,0.0,Medium
NG,2023-03-01,0.0,1,0.0,0.0,32.8,0.0,3.0,0,hot,False,False,True,1.0,2.0,1.0,1.1428571428571428,Medium,0,0,110.00000000000001,0.0,Medium
NG,2023-03-02,0.0,1,0.0,0.0,32.4,0.4,51.0,0,hot,False,False,True,1.0,1.0,1.0,1.1428571428571428,Medium,0,0,110.00000000000001,0.0,Medium
NG,2023-03-08,0.0,1,149.0,149.0,32.4,0.1,51.0,0,hot,False,False,True,1.0,2.0,1.0,1.0,Medium,0,0,110.00000000000001,0.0,Medium
NG,2023-03-24,0.0,2,0.0,0.0,31.1,0.0,3.0,0,hot,False,False,True,1.0,1.0,1.3333333333333333,1.1428571428571428,Medium,0,0,110.00000000000001,0.0,Medium
NG,2023-05-11,23.033333333333335,1,0.0,,30.4,2.0,53.0,1,hot,False,False,True,2.0,1.0,1.3333333333333333,1.1428571428571428,Medium,0,0,110.00000000000001,0.0,Medium
NG,2023-05-14,0.0,1,0.0,0.0,31.7,4.0,63.0,1,hot,False,False,True,1.0,1.0,1.3333333333333333,1.1428571428571428,Medium,0,0,110.00000000000001,0.0,Medium
NG,2023-05-15,2.0166666666666666,2,33.0,33.0,30.3,45.0,65.0,1,hot,False,False,True,1.0,1.0,1.3333333333333333,1.2857142857142858,Medium,0,0,110.00000000000001,0.0,Medium
NG,2023-05-29,1.0333333333333334,4,0.0,0.0,28.5,2.2,53.0,1,hot,False,False,True,2.0,1.0,2.3333333333333335,1.7142857142857142,Medium,0,0,110.00000000000001,0.0,Medium
NG,2023-05-31,0.0,1,0.0,0.0,30.7,2.8,55.0,1,hot,False,False,True,4.0,1.0,2.3333333333333335,1.7142857142857142,Medium,0,0,110.00000000000001,0.0,Medium
NG,2023-06-02,0.0,2,0.0,0.0,28.0,6.1,63.0,1,hot,False,False,True,1.0,1.0,2.3333333333333335,1.8571428571428572,Medium,0,0,110.00000000000001,0.0,Medium
NG,2023-06-03,0.0,1,0.0,0.0,28.1,3.3,61.0,1,hot,False,False,True,2.0,2.0,1.3333333333333333,1.7142857142857142,Medium,0,0,110.00000000000001,0.0,Medium
NG,2023-06-11,0.0,1,0.0,0.0,26.9,13.4,63.0,1,hot,False,False,True,1.0,1.0,1.3333333333333333,1.7142857142857142,Medium,0,0,110.00000000000001,0.0,Medium
NG,2023-06-12,0.0,1,0.0,0.0,29.9,0.4,51.0,0,hot,False,False,True,1.0,1.0,1.0,1.7142857142857142,Medium,0,0,110.00000000000001,0.0,Medium
NG,2023-06-13,0.0,3,0.0,0.0,30.1,0.3,51.0,0,hot,False,False,True,1.0,2.0,1.6666666666666667,1.8571428571428572,Medium,0,0,110.00000000000001,0.0,Medium
NG,2023-06-17,0.5,1,0.0,,29.9,4.4,61.0,1,hot,False,False,True,3.0,4.0,1.6666666666666667,1.4285714285714286,Medium,0,0,110.00000000000001,0.0,Medium
NG,2023-06-19,0.5,2,0.0,0.0,29.0,6.2,61.0,1,hot,False,False,True,1.0,1.0,2.0,1.5714285714285714,Medium,0,0,110.00000000000001,0.0,Medium
NG,2023-06-26,0.0,1,0.0,0.0,29.2,0.0,3.0,0,hot,False,False,True,2.0,2.0,1.3333333333333333,1.4285714285714286,Medium,0,0,110.00000000000001,0.0,Medium
NG,2023-06-27,0.0,2,0.0,0.0,28.7,0.3,51.0,0,hot,False,False,True,1.0,1.0,1.6666666666666667,1.5714285714285714,Medium,0,0,110.00000000000001,0.0,Medium
NG,2023-06-30,0.0,1,0.0,0.0,28.6,0.9,51.0,0,hot,False,False,True,2.0,1.0,1.3333333333333333,1.5714285714285714,Medium,0,0,110.00000000000001,0.0,Medium
NG,2023-07-03,0.9833333333333333,3,0.0,0.0,28.8,0.9,51.0,0,hot,False,False,True,1.0,1.0,2.0,1.8571428571428572,Medium,0,0,110.00000000000001,0.0,Medium
NG,2023-07-05,1.5,3,0.0,0.0,29.1,0.8,51.0,0,hot,False,False,True,3.0,3.0,2.3333333333333335,1.8571428571428572,Medium,0,0,110.00000000000001,0.0,Medium
NG,2023-07-19,0.0,1,399.0,399.0,28.9,1.4,53.0,1,hot,False,False,True,3.0,1.0,2.3333333333333335,1.8571428571428572,Medium,0,0,110.00000000000001,0.0,Medium
NG,2023-07-29,0.0,1,0.0,0.0,27.2,11.1,63.0,1,hot,False,False,True,1.0,2.0,1.6666666666666667,1.7142857142857142,Medium,0,0,110.00000000000001,0.0,Medium
NG,2023-08-01,0.0,1,0.0,0.0,26.9,15.5,63.0,1,hot,False,False,True,1.0,1.0,1.0,1.7142857142857142,Medium,0,0,110.00000000000001,0.0,Medium
NG,2023-08-23,0.0,1,0.0,0.0,27.9,6.1,63.0,1,hot,False,False,True,1.0,2.0,1.0,1.5714285714285714,Medium,0,0,110.00000000000001,0.0,Medium
NG,2023-08-24,0.0,1,0.0,0.0,28.8,3.5,53.0,1,hot,False,False,True,1.0,1.0,1.0,1.5714285714285714,Medium,0,0,110.00000000000001,0.0,Medium
NG,2023-08-31,0.0,1,0.0,0.0,28.3,1.9,51.0,1,hot,False,False,True,1.0,3.0,1.0,1.2857142857142858,Medium,0,0,110.00000000000001,0.0,Medium
NG,2023-09-15,0.0,3,0.0,0.0,28.4,7.2,63.0,1,hot,False,False,True,1.0,3.0,1.6666666666666667,1.2857142857142858,Medium,0,0,110.00000000000001,0.0,Medium
NG,2023-10-19,0.0,1,25.99,25.99,29.5,10.0,63.0,1,hot,False,False,True,3.0,1.0,1.6666666666666667,1.2857142857142858,Medium,0,0,110.00000000000001,0.0,Medium
NG,2023-11-01,0.0,1,199.0,199.0,30.8,0.2,51.0,0,hot,False,False,True,1.0,1.0,1.6666666666666667,1.2857142857142858,Medium,0,0,110.00000000000001,0.0,Medium
NG,2023-11-08,0.0,3,597.0,199.0,30.1,4.2,61.0,1,hot,False,False,True,1.0,1.0,1.6666666666666667,1.5714285714285714,Medium,0,0,110.00000000000001,0.0,Medium
NG,2023-12-22,0.0,1,0.0,0.0,33.3,0.0,3.0,0,hot,False,False,True,3.0,1.0,1.6666666666666667,1.5714285714285714,Medium,0,0,110.00000000000001,0.0,Medium
NG,2023-12-23,0.0,14,0.0,0.0,33.0,0.0,3.0,0,hot,False,False,True,1.0,1.0,6.0,3.4285714285714284,Medium,0,0,110.00000000000001,0.0,Medium
NG,2023-12-24,0.0,3,0.0,0.0,33.3,0.0,3.0,0,hot,False,False,True,14.0,1.0,6.0,3.7142857142857144,Medium,0,0,110.00000000000001,0.0,Medium
NG,2024-01-12,0.0,1,199.0,199.0,32.8,0.4,51.0,0,hot,False,False,True,3.0,3.0,6.0,3.4285714285714284,Medium,0,0,110.00000000000001,0.0,Medium
NG,2024-01-16,0.0,1,0.0,0.0,32.9,0.0,3.0,0,hot,False,False,True,1.0,1.0,1.6666666666666667,3.4285714285714284,Medium,0,0,110.00000000000001,0.0,Medium
NG,2024-01-17,0.0,5,0.0,0.0,34.1,0.0,3.0,0,hot,False,False,True,1.0,1.0,2.3333333333333335,4.0,Medium,0,0,110.00000000000001,0.0,Medium
NG,2024-01-18,0.0,3,0.0,0.0,33.0,0.0,0.0,0,hot,False,False,True,5.0,3.0,3.0,4.0,Medium,0,0,110.00000000000001,0.0,Medium
NG,2024-01-22,0.0,1,0.0,0.0,32.9,0.0,1.0,0,hot,False,False,True,3.0,1.0,3.0,4.0,Medium,0,0,110.00000000000001,0.0,Medium
NG,2024-02-05,1.75,5,0.0,0.0,33.6,0.0,3.0,0,hot,False,False,True,1.0,14.0,3.0,2.7142857142857144,Medium,0,0,110.00000000000001,0.0,Medium
NG,2024-04-13,0.5,1,0.0,,32.7,1.9,55.0,1,hot,False,False,True,5.0,3.0,2.3333333333333335,2.4285714285714284,Medium,0,0,110.00000000000001,0.0,Medium
NG,2024-04-20,0.0,1,0.0,0.0,33.4,1.0,53.0,0,hot,False,False,True,1.0,1.0,2.3333333333333335,2.4285714285714284,Medium,0,0,110.00000000000001,0.0,Medium
NG,2024-04-29,0.0,1,1799.0,1799.0,32.4,0.9,51.0,0,hot,False,False,True,1.0,1.0,1.0,2.4285714285714284,Medium,0,0,110.00000000000001,0.0,Medium
NG,2024-04-30,0.0,1,999.0,999.0,33.2,1.7,53.0,1,hot,False,False,True,1.0,5.0,1.0,1.8571428571428572,Medium,0,0,110.00000000000001,0.0,Medium
NG,2024-05-02,28.633333333333333,2,1899.0,1899.0,32.7,0.2,51.0,0,hot,False,False,True,1.0,3.0,1.3333333333333333,1.7142857142857142,Medium,0,0,110.00000000000001,0.0,Medium
NG,2024-05-03,6.133333333333334,5,5598.0,2799.0,32.7,7.1,63.0,1,hot,False,False,True,2.0,1.0,2.6666666666666665,2.2857142857142856,Medium,0,0,110.00000000000001,0.0,Medium
NG,2024-05-05,0.0,2,1898.0,949.0,32.8,1.4,53.0,1,hot,False,False,True,5.0,5.0,3.0,1.8571428571428572,Medium,0,0,110.00000000000001,0.0,Medium
NG,2024-05-08,8.15,6,3242.0,648.4,33.1,1.2,53.0,1,hot,False,False,True,2.0,1.0,4.333333333333333,2.5714285714285716,Medium,0,0,110.00000000000001,0.0,Medium
NG,2024-05-09,0.5833333333333334,8,5875.0,839.2857142857143,33.0,0.0,3.0,0,hot,False,False,True,6.0,1.0,5.333333333333333,3.5714285714285716,Medium,0,0,110.00000000000001,0.0,Medium
NG,2024-05-10,0.9166666666666667,5,1277.0,425.6666666666667,32.9,0.0,3.0,0,hot,False,False,True,8.0,1.0,6.333333333333333,4.142857142857143,Medium,0,0,110.00000000000001,0.0,Medium
NG,2024-05-11,6.716666666666667,1,0.0,,32.6,1.5,53.0,1,hot,False,False,True,5.0,1.0,4.666666666666667,4.142857142857143,Medium,0,0,110.00000000000001,0.0,Medium
NG,2024-05-12,8.833333333333334,2,529.0,529.0,32.7,2.1,53.0,1,hot,False,False,True,1.0,2.0,2.6666666666666665,4.142857142857143,Medium,0,0,110.00000000000001,0.0,Medium
NG,2024-05-17,10.483333333333334,4,899.0,899.0,32.0,2.0,53.0,1,hot,False,False,True,2.0,5.0,2.3333333333333335,4.0,Medium,0,0,110.00000000000001,0.0,Medium
NG,2024-05-18,14.0,3,799.0,799.0,31.2,10.3,63.0,1,hot,False,False,True,4.0,2.0,3.0,4.142857142857143,Medium,0,0,110.00000000000001,0.0,Medium
NG,2024-05-20,0.0,1,999.0,999.0,31.8,0.1,51.0,0,hot,False,False,True,3.0,6.0,2.6666666666666665,3.4285714285714284,Medium,0,0,110.00000000000001,0.0,Medium
NG,2024-05-25,0.0,1,499.0,499.0,28.7,24.8,63.0,1,hot,False,False,True,1.0,8.0,1.6666666666666667,2.4285714285714284,Medium,0,0,110.00000000000001,0.0,Medium
NG,2024-05-27,94.16666666666667,5,1678.0,839.0,31.8,0.0,3.0,0,hot,False,False,True,1.0,5.0,2.3333333333333335,2.4285714285714284,High,0,0,110.00000000000001,0.0,Medium
NG,2024-05-28,0.45,3,1478.0,739.0,30.9,2.4,61.0,1,hot,False,False,True,5.0,1.0,3.0,2.7142857142857144,Medium,0,0,110.00000000000001,0.0,Medium
NG,2024-05-29,10.283333333333333,1,0.0,,30.9,0.4,51.0,0,hot,False,False,True,3.0,2.0,3.0,2.5714285714285716,Medium,0,0,110.00000000000001,0.0,Medium
NG,2024-06-06,0.0,1,529.0,529.0,29.2,17.7,63.0,1,hot,False,False,True,1.0,4.0,1.6666666666666667,2.142857142857143,Medium,0,0,110.00000000000001,0.0,Medium
NG,2024-06-07,1.95,1,0.0,,29.0,6.5,61.0,1,hot,False,False,True,1.0,3.0,1.0,1.8571428571428572,Medium,0,0,110.00000000000001,0.0,Medium
NG,2024-06-10,0.0,1,1999.0,1999.0,29.8,3.2,53.0,1,hot,False,False,True,1.0,1.0,1.0,1.8571428571428572,Medium,0,0,110.00000000000001,0.0,Medium
NG,2024-06-11,0.7,2,0.0,,28.2,9.5,61.0,1,hot,False,False,True,1.0,1.0,1.3333333333333333,2.0,Medium,0,0,110.00000000000001,0.0,Medium
NG,2024-06-14,20.75,7,2656.0,664.0,27.5,8.6,63.0,1,hot,False,False,True,2.0,5.0,3.3333333333333335,2.2857142857142856,Medium,0,0,110.00000000000001,0.0,Medium
NG,2024-06-15,2.283333333333333,5,1898.0,949.0,28.0,19.8,63.0,1,hot,False,False,True,7.0,3.0,4.666666666666667,2.5714285714285716,Medium,0,0,110.00000000000001,0.0,Medium
NG,2024-06-19,0.0,1,580.0,580.0,30.2,1.6,53.0,1,hot,False,False,True,5.0,1.0,4.333333333333333,2.5714285714285716,Medium,0,0,110.00000000000001,0.0,Medium
NG,2024-06-20,1.9333333333333333,2,499.0,499.0,28.2,5.2,61.0,1,hot,False,False,True,1.0,1.0,2.6666666666666665,2.7142857142857144,Medium,0,0,110.00000000000001,0.0,Medium
NG,2024-06-22,0.0,1,699.0,699.0,29.2,1.1,51.0,1,hot,False,False,True,2.0,1.0,1.3333333333333333,2.7142857142857144,Medium,0,0,110.00000000000001,0.0,Medium
NG,2024-06-24,2.6166666666666667,1,0.0,,29.6,10.7,63.0,1,hot,False,False,True,1.0,1.0,1.3333333333333333,2.7142857142857144,Medium,0,0,110.00000000000001,0.0,Medium
NG,2024-06-25,3.3666666666666667,2,39.0,39.0,27.3,31.3,63.0,1,hot,False,False,True,1.0,2.0,1.3333333333333333,2.7142857142857144,Medium,0,0,110.00000000000001,0.0,Medium
NG,2024-06-27,3.5,1,0.0,,29.4,2.0,53.0,1,hot,False,False,True,2.0,7.0,1.3333333333333333,1.8571428571428572,Medium,0,0,110.00000000000001,0.0,Medium
NG,2024-07-06,8.233333333333333,3,398.0,199.0,27.6,22.3,63.0,1,hot,False,False,True,1.0,5.0,2.0,1.5714285714285714,Medium,0,0,110.00000000000001,0.0,Medium
NG,2024-07-08,1.5166666666666666,1,0.0,,27.9,14.0,63.0,1,hot,False,False,True,3.0,1.0,1.6666666666666667,1.5714285714285714,Medium,0,0,110.00000000000001,0.0,Medium
NG,2024-07-13,0.8333333333333334,3,0.0,0.0,28.3,2.7,53.0,1,hot,False,False,True,1.0,2.0,2.3333333333333335,1.7142857142857142,Medium,0,0,110.00000000000001,0.0,Medium
NG,2024-07-27,0.0,1,0.0,0.0,27.7,0.2,51.0,0,hot,False,False,True,3.0,1.0,1.6666666666666667,1.7142857142857142,Medium,0,0,110.00000000000001,0.0,Medium
NG,2024-07-30,0.0,1,599.0,599.0,28.2,1.6,53.0,1,hot,False,False,True,1.0,1.0,1.6666666666666667,1.7142857142857142,Medium,0,0,110.00000000000001,0.0,Medium
NG,2024-08-05,0.0,1,149.0,149.0,27.4,0.8,51.0,0,hot,False,False,True,1.0,2.0,1.0,1.5714285714285714,Medium,0,0,110.00000000000001,0.0,Medium
NG,2024-08-23,2.0833333333333335,1,0.0,,26.6,20.1,63.0,1,hot,False,False,True,1.0,1.0,1.0,1.5714285714285714,Medium,0,0,110.00000000000001,0.0,Medium
NG,2024-08-26,41.666666666666664,10,0.0,0.0,27.3,10.8,63.0,1,hot,False,False,True,1.0,3.0,4.0,2.5714285714285716,Medium,0,0,110.00000000000001,0.0,Medium
NG,2024-08-30,3.283333333333333,15,0.0,0.0,27.6,3.6,53.0,1,hot,False,False,True,10.0,1.0,8.666666666666666,4.571428571428571,Medium,0,0,110.00000000000001,0.0,Medium
NG,2024-08-31,5.183333333333334,3,0.0,,27.7,0.6,51.0,0,hot,False,False,True,15.0,3.0,9.333333333333334,4.571428571428571,Medium,0,0,110.00000000000001,0.0,Medium
NG,2024-09-02,12.85,7,0.0,0.0,28.4,0.1,51.0,0,hot,False,False,True,3.0,1.0,8.333333333333334,5.428571428571429,Medium,0,0,110.00000000000001,0.0,Medium
NG,2024-09-04,0.43333333333333335,2,0.0,,28.8,0.0,3.0,0,hot,False,False,True,7.0,1.0,4.0,5.571428571428571,Medium,0,0,110.00000000000001,0.0,Medium
NG,2024-09-06,5.1,5,2097.0,699.0,29.0,0.0,3.0,0,hot,False,False,True,2.0,1.0,4.666666666666667,6.142857142857143,Medium,0,0,110.00000000000001,0.0,Medium
NG,2024-09-07,0.0,1,349.0,349.0,27.5,8.6,63.0,1,hot,False,False,True,5.0,1.0,2.6666666666666665,6.142857142857143,Medium,0,0,110.00000000000001,0.0,Medium
NG,2024-09-11,11.7,1,0.0,,28.3,7.4,61.0,1,hot,False,False,True,1.0,10.0,2.3333333333333335,4.857142857142857,Medium,0,0,110.00000000000001,0.0,Medium
NG,2024-09-17,6.383333333333334,1,0.0,,27.3,18.0,63.0,1,hot,False,False,True,1.0,15.0,1.0,2.857142857142857,Medium,0,0,110.00000000000001,0.0,Medium
NG,2024-09-21,0.43333333333333335,1,0.0,,28.7,2.3,61.0,1,hot,False,False,True,1.0,3.0,1.0,2.5714285714285716,Medium,0,0,110.00000000000001,0.0,Medium
NG,2024-09-24,62.61666666666667,2,599.0,599.0,28.8,7.4,61.0,1,hot,False,False,True,1.0,7.0,1.3333333333333333,1.8571428571428572,High,0,0,110.00000000000001,0.0,Medium
NG,2024-09-26,0.0,1,0.0,0.0,28.8,2.4,55.0,1,hot,False,False,True,2.0,2.0,1.3333333333333333,1.7142857142857142,Medium,0,0,110.00000000000001,0.0,Medium
NG,2024-10-24,0.0,1,2499.0,2499.0,29.9,0.7,51.0,0,hot,False,False,True,1.0,5.0,1.3333333333333333,1.1428571428571428,Medium,0,0,110.00000000000001,0.0,Medium
NG,2024-10-25,0.0,6,5344.0,890.6666666666666,29.8,25.0,65.0,1,hot,False,False,True,1.0,1.0,2.6666666666666665,1.8571428571428572,Medium,0,0,110.00000000000001,0.0,Medium
NG,2024-10-28,0.0,1,399.0,399.0,29.1,3.5,53.0,1,hot,False,False,True,6.0,1.0,2.6666666666666665,1.8571428571428572,Medium,0,0,110.00000000000001,0.0,Medium
NG,2024-10-30,0.0,3,1298.0,432.6666666666667,29.6,3.9,63.0,1,hot,False,False,True,1.0,1.0,3.3333333333333335,2.142857142857143,Medium,0,0,110.00000000000001,0.0,Medium
NG,2024-10-31,0.0,1,399.0,399.0,29.6,0.4,51.0,0,hot,False,False,True,3.0,1.0,1.6666666666666667,2.142857142857143,Medium,0,0,110.00000000000001,0.0,Medium
NG,2024-11-01,0.0,2,398.0,199.0,30.0,1.3,53.0,1,hot,False,False,True,1.0,2.0,2.0,2.142857142857143,Medium,0,0,110.00000000000001,0.0,Medium
NG,2024-11-02,3.1666666666666665,3,349.0,349.0,29.2,2.7,53.0,1,hot,False,False,True,2.0,1.0,2.0,2.4285714285714284,Medium,0,0,110.00000000000001,0.0,Medium
NG,2024-11-04,0.0,1,599.0,599.0,31.1,1.8,53.0,1,hot,False,False,True,3.0,1.0,2.0,2.4285714285714284,Medium,0,0,110.00000000000001,0.0,Medium
NG,2024-11-05,0.0,2,1578.0,789.0,31.8,0.0,1.0,0,hot,False,False,True,1.0,6.0,2.0,1.8571428571428572,Medium,0,0,110.00000000000001,0.0,Medium
NG,2024-11-07,0.4,1,0.0,,31.0,0.0,3.0,0,hot,False,False,True,2.0,1.0,1.3333333333333333,1.8571428571428572,Medium,0,0,110.00000000000001,0.0,Medium
NG,2024-11-08,0.0,4,2746.0,686.5,30.8,0.0,3.0,0,hot,False,False,True,1.0,3.0,2.3333333333333335,2.0,Medium,0,0,110.00000000000001,0.0,Medium
NG,2024-11-11,0.0,3,0.0,0.0,30.0,0.8,53.0,0,hot,False,False,True,4.0,1.0,2.6666666666666665,2.2857142857142856,Medium,0,0,110.00000000000001,0.0,Medium
NG,2024-11-12,0.0,1,0.0,0.0,30.8,0.3,51.0,0,hot,False,False,True,3.0,2.0,2.6666666666666665,2.142857142857143,Medium,0,0,110.00000000000001,0.0,Medium
NG,2024-11-16,0.0,13,241.0,18.53846153846154,30.7,1.4,53.0,1,hot,False,False,True,1.0,3.0,5.666666666666667,3.5714285714285716,Medium,0,0,110.00000000000001,0.0,Medium
NG,2024-11-17,0.0,1,0.0,0.0,30.2,2.2,51.0,1,hot,False,False,True,13.0,1.0,5.0,3.5714285714285716,Medium,0,0,110.00000000000001,0.0,Medium
NG,2024-11-19,0.0,1,1279.0,1279.0,32.2,0.0,3.0,0,hot,False,False,True,1.0,2.0,5.0,3.4285714285714284,Medium,0,0,110.00000000000001,0.0,Medium
NG,2024-11-20,0.0,1,0.0,0.0,33.4,0.0,3.0,0,hot,False,False,True,1.0,1.0,1.0,3.4285714285714284,Medium,0,0,110.00000000000001,0.0,Medium
NG,2024-11-22,0.0,3,0.0,0.0,30.4,7.2,61.0,1,hot,False,False,True,1.0,4.0,1.6666666666666667,3.2857142857142856,Medium,0,0,110.00000000000001,0.0,Medium
NG,2024-11-25,0.0,8,0.0,0.0,33.0,0.0,3.0,0,hot,False,False,True,3.0,3.0,4.0,4.0,Medium,0,0,110.00000000000001,0.0,Medium
NG,2024-11-27,0.0,1,334.0,334.0,31.0,0.8,51.0,0,hot,False,False,True,8.0,1.0,4.0,4.0,Medium,0,0,110.00000000000001,0.0,Medium
NG,2024-11-28,0.0,5,0.0,0.0,32.4,0.0,1.0,0,hot,False,False,True,1.0,13.0,4.666666666666667,2.857142857142857,Medium,0,0,110.00000000000001,0.0,Medium
NG,2024-11-29,23.383333333333333,23,0.0,0.0,33.0,0.0,3.0,0,hot,False,False,True,5.0,1.0,9.666666666666666,6.0,Medium,0,0,110.00000000000001,0.0,Medium
NG,2024-11-30,0.0,2,0.0,0.0,34.1,0.0,3.0,0,hot,False,False,True,23.0,1.0,10.0,6.142857142857143,Medium,0,0,110.00000000000001,0.0,Medium
NG,2024-12-05,0.0,3,88.0,29.333333333333332,31.2,4.3,61.0,1,hot,False,False,True,2.0,1.0,9.333333333333334,6.428571428571429,Medium,0,0,110.00000000000001,0.0,Medium
NG,2024-12-06,0.0,3,0.0,0.0,31.0,0.7,51.0,0,hot,False,False,True,3.0,3.0,2.6666666666666665,6.428571428571429,Medium,0,0,110.00000000000001,0.0,Medium
NG,2024-12-08,0.0,1,0.0,0.0,33.7,0.0,1.0,0,hot,False,False,True,3.0,8.0,2.3333333333333335,5.428571428571429,Medium,0,0,110.00000000000001,0.0,Medium
NG,2024-12-10,0.0,1,0.0,0.0,33.8,0.0,3.0,0,hot,False,False,True,1.0,1.0,1.6666666666666667,5.428571428571429,Medium,0,0,110.00000000000001,0.0,Medium
NG,2024-12-12,0.0,2,0.0,0.0,32.1,0.8,51.0,0,hot,False,False,True,1.0,5.0,1.3333333333333333,5.0,Medium,0,0,110.00000000000001,0.0,Medium
NG,2024-12-13,0.0,47,0.0,0.0,31.6,2.0,53.0,1,hot,False,False,True,2.0,23.0,16.666666666666668,8.428571428571429,Medium,0,0,110.00000000000001,0.0,Medium
NG,2024-12-14,0.0,2,0.0,0.0,32.4,0.0,3.0,0,hot,False,False,True,47.0,2.0,17.0,8.428571428571429,Medium,0,0,110.00000000000001,0.0,Medium
NG,2024-12-15,0.0,2,0.0,0.0,33.3,0.0,3.0,0,hot,False,False,True,2.0,3.0,17.0,8.285714285714286,Medium,0,0,110.00000000000001,0.0,Medium
NG,2024-12-16,0.0,2,0.0,0.0,33.5,0.0,2.0,0,hot,False,False,True,2.0,3.0,2.0,8.142857142857142,Medium,0,0,110.00000000000001,0.0,Medium
NG,2024-12-17,0.0,1,0.0,0.0,33.9,0.0,2.0,0,hot,False,False,True,2.0,1.0,1.6666666666666667,8.142857142857142,Medium,0,0,110.00000000000001,0.0,Medium
NG,2024-12-18,0.0,4,0.0,0.0,33.5,0.0,3.0,0,hot,False,False,True,1.0,1.0,2.3333333333333335,8.571428571428571,Medium,0,0,110.00000000000001,0.0,Medium
NG,2024-12-19,0.0,1,0.0,0.0,33.8,0.0,3.0,0,hot,False,False,True,4.0,2.0,2.0,8.428571428571429,Medium,0,0,110.00000000000001,0.0,Medium
NG,2024-12-20,0.0,1,0.0,0.0,34.0,0.0,1.0,0,hot,False,False,True,1.0,47.0,2.0,1.8571428571428572,Medium,0,0,110.00000000000001,0.0,Medium
NG,2024-12-21,0.0,1,0.0,0.0,33.7,0.0,3.0,0,hot,False,False,True,1.0,2.0,1.0,1.7142857142857142,Medium,0,0,110.00000000000001,0.0,Medium
NG,2024-12-23,0.0,4,3599.0,899.75,33.5,0.0,3.0,0,hot,False,False,True,1.0,2.0,2.0,2.0,Medium,0,0,110.00000000000001,0.0,Medium
NG,2024-12-25,82.9,1,0.0,,34.0,0.0,3.0,0,hot,False,False,True,4.0,2.0,2.0,1.8571428571428572,High,0,0,110.00000000000001,0.0,Medium
NG,2024-12-29,0.0,1,199.0,199.0,33.7,0.0,3.0,0,hot,False,False,True,1.0,1.0,2.0,1.8571428571428572,Medium,0,0,110.00000000000001,0.0,Medium
NG,2024-12-31,0.0,2,0.0,0.0,32.8,0.0,3.0,0,hot,False,False,True,1.0,4.0,1.3333333333333333,1.5714285714285714,Medium,0,0,110.00000000000001,0.0,Medium
NG,2025-01-03,0.0,4,1499.0,374.75,32.4,0.2,51.0,0,hot,False,False,True,2.0,1.0,2.3333333333333335,2.0,Medium,0,0,110.00000000000001,0.0,Medium
NG,2025-01-04,0.0,3,199.0,66.33333333333333,32.6,1.4,53.0,1,hot,False,False,True,4.0,1.0,3.0,2.2857142857142856,Medium,0,0,110.00000000000001,0.0,Medium
NG,2025-01-06,0.4666666666666667,5,10.0,3.3333333333333335,32.7,1.6,53.0,1,hot,False,False,True,3.0,1.0,4.0,2.857142857142857,Medium,0,0,110.00000000000001,0.0,Medium
NG,2025-01-07,0.0,1,0.0,0.0,32.2,0.5,51.0,0,hot,False,False,True,5.0,4.0,3.0,2.4285714285714284,Medium,0,0,110.00000000000001,0.0,Medium
NG,2025-01-09,0.0,1,0.0,0.0,32.6,0.1,51.0,0,hot,False,False,True,1.0,1.0,2.3333333333333335,2.4285714285714284,Medium,0,0,110.00000000000001,0.0,Medium
NG,2025-01-15,0.0,1,49.0,49.0,33.2,0.0,3.0,0,hot,False,False,True,1.0,1.0,1.0,2.4285714285714284,Medium,0,0,110.00000000000001,0.0,Medium
NG,2025-01-20,0.0,8,0.0,0.0,31.4,1.0,53.0,0,hot,False,False,True,1.0,2.0,3.3333333333333335,3.2857142857142856,Medium,0,0,110.00000000000001,0.0,Medium
NG,2025-01-21,0.0,13,0.0,0.0,32.2,0.0,3.0,0,hot,False,False,True,8.0,4.0,7.333333333333333,4.571428571428571,Medium,0,0,110.00000000000001,0.0,Medium
NG,2025-01-22,0.0,1,0.0,0.0,32.6,0.6,53.0,0,hot,False,False,True,13.0,3.0,7.333333333333333,4.285714285714286,Medium,0,0,110.00000000000001,0.0,Medium
NG,2025-01-24,0.0,2,0.0,0.0,32.1,0.9,53.0,0,hot,False,False,True,1.0,5.0,5.333333333333333,3.857142857142857,Medium,0,0,110.00000000000001,0.0,Medium
NG,2025-01-25,0.0,1,2499.0,2499.0,31.7,1.2,51.0,1,hot,False,False,True,2.0,1.0,1.3333333333333333,3.857142857142857,Medium,0,0,110.00000000000001,0.0,Medium
NG,2025-01-27,0.0,2,0.0,0.0,31.4,2.0,53.0,1,hot,False,False,True,1.0,1.0,1.6666666666666667,4.0,Medium,0,0,110.00000000000001,0.0,Medium
NG,2025-01-30,0.21666666666666667,1,0.0,,31.4,0.8,53.0,0,hot,False,False,True,2.0,1.0,1.3333333333333333,4.0,Medium,0,0,110.00000000000001,0.0,Medium
NG,2025-01-31,0.0,3,499.0,166.33333333333334,32.1,2.9,61.0,1,hot,False,False,True,1.0,8.0,2.0,3.2857142857142856,Medium,0,0,110.00000000000001,0.0,Medium
NG,2025-02-01,1.3,3,29.0,29.0,31.8,0.2,51.0,0,hot,False,False,True,3.0,13.0,2.3333333333333335,1.8571428571428572,Medium,0,0,110.00000000000001,0.0,Medium
NG,2025-02-03,1.4,2,99.0,99.0,32.5,0.2,51.0,0,hot,False,False,True,3.0,1.0,2.6666666666666665,2.0,Medium,0,0,110.00000000000001,0.0,Medium
NG,2025-02-04,0.0,3,297.0,99.0,33.7,0.0,3.0,0,hot,False,False,True,2.0,2.0,2.6666666666666665,2.142857142857143,Medium,0,0,110.00000000000001,0.0,Medium
NG,2025-02-05,0.0,3,297.0,99.0,32.0,0.7,51.0,0,hot,False,False,True,3.0,1.0,2.6666666666666665,2.4285714285714284,Medium,0,0,110.00000000000001,0.0,Medium
NG,2025-02-06,0.0,4,297.0,74.25,32.1,1.0,53.0,0,hot,False,False,True,3.0,2.0,3.3333333333333335,2.7142857142857144,Medium,0,0,110.00000000000001,0.0,Medium
NG,2025-02-07,0.0,12,24190.0,2015.8333333333333,32.7,1.1,53.0,1,hot,False,False,True,4.0,1.0,6.333333333333333,4.285714285714286,Medium,0,0,110.00000000000001,0.0,Medium
NG,2025-02-10,0.0,1,99.0,99.0,32.1,2.8,55.0,1,hot,False,False,True,12.0,3.0,5.666666666666667,4.0,Medium,0,0,110.00000000000001,0.0,Medium
NG,2025-02-11,0.0,5,4501.0,900.2,32.4,1.4,55.0,1,hot,False,False,True,1.0,3.0,6.0,4.285714285714286,Medium,0,0,110.00000000000001,0.0,Medium
NG,2025-02-12,0.0,1,0.0,0.0,31.0,1.8,55.0,1,hot,False,False,True,5.0,2.0,2.3333333333333335,4.142857142857143,Medium,0,0,110.00000000000001,0.0,Medium
NG,2025-02-18,0.0,1,99.0,99.0,32.2,0.0,3.0,0,hot,False,False,True,1.0,3.0,2.3333333333333335,3.857142857142857,Medium,0,0,110.00000000000001,0.0,Medium
NG,2025-02-25,0.0,1,0.0,0.0,31.8,5.5,61.0,1,hot,False,False,True,1.0,3.0,1.0,3.5714285714285716,Medium,0,0,110.00000000000001,0.0,Medium
NG,2025-02-27,0.0,1,59.0,59.0,32.4,0.7,53.0,0,hot,False,False,True,1.0,4.0,1.0,3.142857142857143,Medium,0,0,110.00000000000001,0.0,Medium
NG,2025-02-28,0.0,1,1999.0,1999.0,31.7,1.5,53.0,1,hot,False,False,True,1.0,12.0,1.0,1.5714285714285714,Medium,0,0,110.00000000000001,0.0,Medium
NG,2025-03-03,0.0,2,898.0,449.0,32.1,4.4,63.0,1,hot,False,False,True,1.0,1.0,1.3333333333333333,1.7142857142857142,Medium,0,0,110.00000000000001,0.0,Medium
NG,2025-03-08,0.0,1,33.0,33.0,32.2,0.3,51.0,0,hot,False,False,True,2.0,5.0,1.3333333333333333,1.1428571428571428,Medium,0,0,110.00000000000001,0.0,Medium
NG,2025-03-14,58.31666666666667,1,0.0,,31.9,0.7,53.0,0,hot,False,False,True,1.0,1.0,1.3333333333333333,1.1428571428571428,Medium,0,0,110.00000000000001,0.0,Medium
NG,2025-03-16,351.5,4,0.0,0.0,31.6,4.3,61.0,1,hot,False,False,True,1.0,1.0,2.0,1.5714285714285714,High,0,0,110.00000000000001,0.0,Medium
NG,2025-03-18,14.283333333333333,1,0.0,,31.2,2.1,53.0,1,hot,False,False,True,4.0,1.0,2.0,1.5714285714285714,Medium,0,0,110.00000000000001,0.0,Medium
NG,2025-03-25,0.0,2,0.0,0.0,31.8,2.8,61.0,1,hot,False,False,True,1.0,1.0,2.3333333333333335,1.7142857142857142,Medium,0,0,110.00000000000001,0.0,Medium
NG,2025-04-07,0.0,2,109.0,54.5,31.1,0.7,51.0,0,hot,False,False,True,2.0,1.0,1.6666666666666667,1.8571428571428572,Medium,0,0,110.00000000000001,0.0,Medium
NG,2025-04-09,49.25,3,0.0,0.0,30.8,25.7,65.0,1,hot,False,False,True,2.0,2.0,2.3333333333333335,2.0,Medium,0,0,110.00000000000001,0.0,Medium
NG,2025-04-14,14.15,1,0.0,,31.7,13.4,63.0,1,hot,False,False,True,3.0,1.0,2.0,2.0,Medium,0,0,110.00000000000001,0.0,Medium
NG,2025-04-16,152.98333333333335,6,844.0,281.3333333333333,30.8,5.7,63.0,1,hot,False,False,True,1.0,1.0,3.3333333333333335,2.7142857142857144,High,0,0,110.00000000000001,0.0,Medium
NG,2025-04-17,133.28333333333333,6,733.0,244.33333333333334,31.8,3.5,61.0,1,hot,False,False,True,6.0,4.0,4.333333333333333,3.0,High,0,0,110.00000000000001,0.0,Medium
NG,2025-04-28,0.2,8,235.0,33.57142857142857,31.8,1.7,55.0,1,hot,False,False,True,6.0,1.0,6.666666666666667,4.0,Medium,0,0,110.00000000000001,0.0,Medium
NG,2025-06-01,0.0,1,0.0,0.0,31.2,0.8,51.0,0,hot,False,False,True,8.0,2.0,5.0,3.857142857142857,Medium,0,0,110.00000000000001,0.0,Medium
NG,2025-06-10,0.0,1,599.0,599.0,29.6,1.4,51.0,1,hot,False,False,True,1.0,2.0,3.3333333333333335,3.7142857142857144,Medium,0,0,110.00000000000001,0.0,Medium
NG,2025-06-19,0.0,1,0.0,0.0,28.9,24.4,65.0,1,hot,False,False,True,1.0,3.0,1.0,3.4285714285714284,Medium,0,0,110.00000000000001,0.0,Medium
NG,2025-06-20,0.0,1,0.0,0.0,29.5,15.9,63.0,1,hot,False,False,True,1.0,1.0,1.0,3.4285714285714284,Medium,0,0,110.00000000000001,0.0,Medium
NG,2025-06-27,47.516666666666666,3,448.0,224.0,28.7,3.4,61.0,1,hot,False,False,True,1.0,6.0,1.6666666666666667,3.0,Medium,0,0,110.00000000000001,0.0,Medium
NG,2025-07-01,0.0,1,0.0,0.0,29.3,9.5,63.0,1,hot,False,False,True,3.0,6.0,1.6666666666666667,2.2857142857142856,Medium,0,0,110.00000000000001,0.0,Medium
NG,2025-07-02,0.0,3,0.0,0.0,29.7,3.0,53.0,1,hot,False,False,True,1.0,8.0,2.3333333333333335,1.5714285714285714,Medium,0,0,110.00000000000001,0.0,Medium
NG,2025-07-03,0.0,2,0.0,0.0,28.4,14.0,61.0,1,hot,False,False,True,3.0,1.0,2.0,1.7142857142857142,Medium,0,0,110.00000000000001,0.0,Medium
NG,2025-07-17,10.116666666666667,2,49.0,49.0,27.7,2.8,61.0,1,hot,False,False,True,2.0,1.0,2.3333333333333335,1.8571428571428572,Medium,0,0,110.00000000000001,0.0,Medium
NG,2025-07-19,0.0,1,349.0,349.0,28.6,0.3,51.0,0,hot,False,False,True,2.0,1.0,1.6666666666666667,1.8571428571428572,Medium,0,0,110.00000000000001,0.0,Medium
NG,2025-07-21,0.0,1,0.0,0.0,28.2,0.7,51.0,0,hot,False,False,True,1.0,1.0,1.3333333333333333,1.8571428571428572,Medium,0,0,110.00000000000001,0.0,Medium
US,2023-01-07,90.66666666666667,2,0.0,0.0,8.1,0.0,3.0,0,cold,True,False,False,1.0,2.0,2.3333333333333335,1.5714285714285714,High,0,0,110.00000000000001,0.0,Medium
US,2023-01-13,0.0,1,4.99,4.99,12.6,1.6,51.0,1,cold,True,False,False,2.0,1.0,1.3333333333333333,1.5714285714285714,Medium,0,0,110.00000000000001,0.0,Medium
US,2023-01-22,0.0,1,0.0,0.0,5.5,5.4,61.0,1,cold,True,False,False,1.0,1.0,1.3333333333333333,1.5714285714285714,Medium,0,0,110.00000000000001,0.0,Medium
US,2023-01-27,0.0,1,0.0,0.0,6.0,0.0,3.0,0,cold,True,False,False,1.0,1.0,1.0,1.5714285714285714,Medium,0,0,110.00000000000001,0.0,Medium
US,2023-03-14,0.0,1,0.0,0.0,3.3,12.2,73.0,1,cold,True,False,False,1.0,1.0,1.0,1.5714285714285714,Medium,0,0,110.00000000000001,0.0,Medium
US,2023-05-18,92.51666666666667,2,3.0,3.0,14.1,0.0,0.0,0,cold,True,False,False,1.0,4.0,1.3333333333333333,1.2857142857142858,High,0,0,110.00000000000001,0.0,Medium
US,2023-07-15,0.5166666666666667,2,0.0,0.0,29.4,8.0,63.0,1,hot,False,False,True,2.0,1.0,1.6666666666666667,1.4285714285714286,Medium,0,0,110.00000000000001,0.0,Medium
US,2023-08-18,0.0,1,0.0,0.0,26.8,3.1,61.0,1,hot,False,False,True,2.0,2.0,1.6666666666666667,1.2857142857142858,Medium,0,0,110.00000000000001,0.0,Medium
US,2023-08-19,0.0,1,4.99,4.99,26.3,0.0,3.0,0,hot,False,False,True,1.0,1.0,1.3333333333333333,1.2857142857142858,Medium,0,0,110.00000000000001,0.0,Medium
US,2023-08-20,0.0,3,0.0,0.0,29.8,0.0,3.0,0,hot,False,False,True,1.0,1.0,1.6666666666666667,1.5714285714285714,Medium,0,0,110.00000000000001,0.0,Medium
US,2023-08-23,0.0,1,9.99,9.99,25.4,0.0,3.0,0,hot,False,False,True,3.0,1.0,1.6666666666666667,1.5714285714285714,Medium,0,0,110.00000000000001,0.0,Medium
US,2023-08-24,32.516666666666666,2,4.99,4.99,24.3,2.2,53.0,1,mild,False,True,False,1.0,1.0,2.0,1.7142857142857142,Medium,0,0,110.00000000000001,0.0,Medium
US,2023-09-08,0.0,1,4.99,4.99,31.6,14.3,63.0,1,hot,False,False,True,2.0,2.0,1.3333333333333333,1.5714285714285714,Medium,0,0,110.00000000000001,0.0,Medium
US,2023-09-09,0.0,1,9.99,9.99,29.1,8.5,63.0,1,hot,False,False,True,1.0,2.0,1.3333333333333333,1.4285714285714286,Medium,0,0,110.00000000000001,0.0,Medium
US,2023-09-10,0.0,1,4.99,4.99,24.4,16.5,63.0,1,mild,False,True,False,1.0,1.0,1.0,1.4285714285714286,Medium,0,0,110.00000000000001,0.0,Medium
US,2023-09-17,0.0,2,0.0,0.0,24.1,0.5,51.0,0,mild,False,True,False,1.0,1.0,1.3333333333333333,1.5714285714285714,Medium,0,0,110.00000000000001,0.0,Medium
US,2023-10-07,0.0,1,9.99,9.99,20.5,60.4,65.0,1,mild,False,True,False,2.0,3.0,1.3333333333333333,1.2857142857142858,Medium,0,0,110.00000000000001,0.0,Medium
US,2023-10-22,0.0,1,0.0,0.0,13.8,0.0,3.0,0,cold,True,False,False,1.0,1.0,1.3333333333333333,1.2857142857142858,Medium,0,0,110.00000000000001,0.0,Medium
US,2023-10-25,0.0,1,9.99,9.99,21.9,0.0,3.0,0,mild,False,True,False,1.0,2.0,1.0,1.1428571428571428,Medium,0,0,110.00000000000001,0.0,Medium
US,2023-11-14,0.0,2,0.0,0.0,11.1,0.0,3.0,0,cold,True,False,False,1.0,1.0,1.3333333333333333,1.2857142857142858,Medium,0,0,110.00000000000001,0.0,Medium
US,2023-11-17,0.0,1,9.99,9.99,19.4,0.0,3.0,0,mild,False,True,False,2.0,1.0,1.3333333333333333,1.2857142857142858,Medium,0,0,110.00000000000001,0.0,Medium
US,2023-11-18,0.0,2,13.98,6.99,13.1,1.2,51.0,1,cold,True,False,False,1.0,1.0,1.6666666666666667,1.4285714285714286,Medium,0,0,110.00000000000001,0.0,Medium
US,2023-11-21,0.0,2,19.98,9.99,8.3,7.9,61.0,1,cold,True,False,False,2.0,2.0,1.6666666666666667,1.4285714285714286,Medium,0,0,110.00000000000001,0.0,Medium
US,2023-11-24,30.5,2,9.99,9.99,9.7,0.0,3.0,0,cold,True,False,False,2.0,1.0,2.0,1.5714285714285714,Medium,0,0,110.00000000000001,0.0,Medium
US,2023-11-26,0.0,1,9.99,9.99,10.4,5.5,63.0,1,cold,True,False,False,2.0,1.0,1.6666666666666667,1.5714285714285714,Medium,0,0,110.00000000000001,0.0,Medium
US,2023-11-28,0.0,2,19.98,9.99,3.8,0.1,71.0,0,cold,True,False,False,1.0,1.0,1.6666666666666667,1.7142857142857142,Medium,0,0,110.00000000000001,0.0,Medium
US,2023-12-09,0.0,1,9.99,9.99,13.4,0.0,3.0,0,cold,True,False,False,2.0,2.0,1.3333333333333333,1.5714285714285714,Medium,0,0,110.00000000000001,0.0,Medium
US,2023-12-11,32.516666666666666,2,9.99,9.99,14.0,26.9,65.0,1,cold,True,False,False,1.0,1.0,1.6666666666666667,1.7142857142857142,Medium,0,0,110.00000000000001,0.0,Medium
US,2023-12-19,0.0,2,0.0,0.0,6.0,0.0,3.0,0,cold,True,False,False,2.0,2.0,1.6666666666666667,1.7142857142857142,Medium,0,0,110.00000000000001,0.0,Medium
US,2023-12-23,0.0,1,3.99,3.99,5.9,0.5,51.0,0,cold,True,False,False,2.0,2.0,1.6666666666666667,1.5714285714285714,Medium,0,0,110.00000000000001,0.0,Medium
US,2023-12-30,0.7333333333333333,2,9.99,9.99,7.9,0.1,51.0,0,cold,True,False,False,1.0,2.0,1.6666666666666667,1.5714285714285714,Medium,0,0,110.00000000000001,0.0,Medium
US,2024-01-07,0.0,1,3.99,3.99,2.4,7.3,73.0,1,cold,True,False,False,2.0,1.0,1.3333333333333333,1.5714285714285714,Medium,0,0,110.00000000000001,0.0,Medium
US,2024-01-08,61.03333333333333,2,0.0,,6.2,0.0,1.0,0,cold,True,False,False,1.0,2.0,1.6666666666666667,1.5714285714285714,High,0,0,110.00000000000001,0.0,Medium
US,2024-01-09,0.0,1,3.99,3.99,12.5,31.5,63.0,1,cold,True,False,False,2.0,1.0,1.3333333333333333,1.5714285714285714,Medium,0,0,110.00000000000001,0.0,Medium
US,2024-01-10,0.0,1,0.0,0.0,13.7,28.2,65.0,1,cold,True,False,False,1.0,2.0,1.3333333333333333,1.4285714285714286,Medium,0,0,110.00000000000001,0.0,Medium
US,2024-01-12,32.35,3,19.98,9.99,8.0,0.8,53.0,0,cold,True,False,False,1.0,2.0,1.6666666666666667,1.5714285714285714,Medium,0,0,110.00000000000001,0.0,Medium
US,2024-01-14,32.45,1,0.0,,6.2,0.5,71.0,0,cold,True,False,False,3.0,1.0,1.6666666666666667,1.5714285714285714,Medium,0,0,110.00000000000001,0.0,Medium
US,2024-01-21,30.016666666666666,2,3.99,3.99,-1.3,0.0,3.0,0,cold,True,False,False,1.0,2.0,2.0,1.5714285714285714,Medium,0,0,110.00000000000001,0.0,Medium
US,2024-01-27,0.0,1,199.0,199.0,8.4,0.0,3.0,0,cold,True,False,False,2.0,1.0,1.3333333333333333,1.5714285714285714,Medium,0,0,110.00000000000001,0.0,Medium
US,2024-01-28,32.516666666666666,2,9.99,9.99,4.1,21.3,63.0,1,cold,True,False,False,1.0,2.0,1.6666666666666667,1.5714285714285714,Medium,0,0,110.00000000000001,0.0,Medium
US,2024-02-25,13.316666666666666,2,3.99,3.99,3.9,0.0,2.0,0,cold,True,False,False,2.0,1.0,1.6666666666666667,1.7142857142857142,Medium,0,0,110.00000000000001,0.0,Medium
US,2024-02-28,31.0,3,3.99,1.995,17.0,15.7,63.0,1,mild,False,True,False,2.0,1.0,2.3333333333333335,2.0,Medium,0,0,110.00000000000001,0.0,Medium
US,2024-03-02,0.0,2,3.99,1.995,10.0,28.1,63.0,1,cold,True,False,False,3.0,3.0,2.3333333333333335,1.8571428571428572,Medium,0,0,110.00000000000001,0.0,Medium
US,2024-03-08,0.0,4,298.0,74.5,12.3,0.0,3.0,0,cold,True,False,False,2.0,1.0,3.0,2.2857142857142856,Medium,0,0,110.00000000000001,0.0,Medium
US,2024-03-16,0.0,1,3.99,3.99,14.2,0.1,51.0,0,cold,True,False,False,4.0,2.0,2.3333333333333335,2.142857142857143,Medium,0,0,110.00000000000001,0.0,Medium
US,2024-04-05,0.0,1,12.99,12.99,9.4,0.0,3.0,0,cold,True,False,False,1.0,1.0,2.0,2.142857142857143,Medium,0,0,110.00000000000001,0.0,Medium
US,2024-04-06,92.03333333333333,1,0.0,,11.4,0.2,51.0,0,cold,True,False,False,1.0,2.0,1.0,2.0,High,0,0,110.00000000000001,0.0,Medium
US,2024-04-07,91.86666666666666,2,5.99,5.99,14.2,0.1,51.0,0,cold,True,False,False,1.0,2.0,1.3333333333333333,2.0,High,0,0,110.00000000000001,0.0,Medium
US,2024-04-11,94.88333333333334,2,5.99,5.99,17.0,6.5,61.0,1,mild,False,True,False,2.0,3.0,1.6666666666666667,1.8571428571428572,High,0,0,110.00000000000001,0.0,Medium
US,2024-04-20,119.55,4,9.98,4.99,20.0,2.3,53.0,1,mild,False,True,False,2.0,2.0,2.6666666666666665,2.142857142857143,High,0,0,110.00000000000001,0.0,Medium
US,2024-04-21,94.53333333333333,2,5.99,5.99,11.9,0.0,3.0,0,cold,True,False,False,4.0,4.0,2.6666666666666665,1.8571428571428572,High,0,0,110.00000000000001,0.0,Medium
US,2024-04-22,19.983333333333334,2,0.0,0.0,14.9,0.0,3.0,0,cold,True,False,False,2.0,1.0,2.6666666666666665,2.0,Medium,0,0,110.00000000000001,0.0,Medium
US,2024-04-24,0.0,1,9.99,9.99,21.3,1.6,61.0,1,mild,False,True,False,2.0,1.0,1.6666666666666667,2.0,Medium,0,0,110.00000000000001,0.0,Medium
US,2024-04-29,10.016666666666667,3,11.98,5.99,28.2,3.4,61.0,1,hot,False,False,True,1.0,1.0,2.0,2.2857142857142856,Medium,0,0,110.00000000000001,0.0,Medium
US,2024-05-03,93.66666666666667,2,99.0,99.0,17.1,0.0,3.0,0,mild,False,True,False,3.0,2.0,2.0,2.2857142857142856,High,0,0,110.00000000000001,0.0,Medium
US,2024-05-05,182.03333333333333,3,5.99,5.99,11.9,8.6,61.0,1,cold,True,False,False,2.0,2.0,2.6666666666666665,2.4285714285714284,High,0,0,110.00000000000001,0.0,Medium
US,2024-05-07,0.0,1,0.0,0.0,26.0,0.0,3.0,0,hot,False,False,True,3.0,4.0,2.0,2.0,Medium,0,0,110.00000000000001,0.0,Medium
US,2024-05-20,0.0,1,14.99,14.99,23.7,0.0,3.0,0,mild,False,True,False,1.0,2.0,1.6666666666666667,1.8571428571428572,Medium,0,0,110.00000000000001,0.0,Medium
US,2024-05-25,94.63333333333334,2,5.99,5.99,25.9,0.0,3.0,0,hot,False,False,True,1.0,2.0,1.3333333333333333,1.8571428571428572,High,0,0,110.00000000000001,0.0,Medium
US,2024-06-01,61.95,2,5.99,5.99,28.0,0.0,3.0,0,hot,False,False,True,2.0,1.0,1.6666666666666667,2.0,High,0,0,110.00000000000001,0.0,Medium
US,2024-06-02,30.266666666666666,2,9.99,9.99,27.2,0.0,3.0,0,hot,False,False,True,2.0,3.0,2.0,1.8571428571428572,Medium,0,0,110.00000000000001,0.0,Medium
US,2024-06-08,0.0,1,4.99,4.99,25.2,0.0,3.0,0,hot,False,False,True,2.0,2.0,1.6666666666666667,1.7142857142857142,Medium,0,0,110.00000000000001,0.0,Medium
US,2024-06-09,60.36666666666667,3,499.0,499.0,25.3,0.1,51.0,0,hot,False,False,True,1.0,3.0,2.0,1.7142857142857142,Medium,0,0,110.00000000000001,0.0,Medium
US,2024-06-27,306.1333333333333,6,0.0,0.0,30.3,10.6,63.0,1,hot,False,False,True,3.0,1.0,3.3333333333333335,2.4285714285714284,High,0,0,110.00000000000001,0.0,Medium
US,2024-06-28,1.8,3,499.0,499.0,25.3,0.0,3.0,0,hot,False,False,True,6.0,1.0,4.0,2.7142857142857144,Medium,0,0,110.00000000000001,0.0,Medium
US,2024-06-29,0.0,8,3992.0,499.0,26.8,1.7,53.0,1,hot,False,False,True,3.0,2.0,5.666666666666667,3.5714285714285716,Medium,0,0,110.00000000000001,0.0,Medium
US,2024-07-02,0.0,1,14.99,14.99,28.6,0.0,3.0,0,hot,False,False,True,8.0,2.0,4.0,3.4285714285714284,Medium,0,0,110.00000000000001,0.0,Medium
US,2024-07-27,0.0,1,3.99,3.99,29.9,0.0,3.0,0,hot,False,False,True,1.0,2.0,3.3333333333333335,3.2857142857142856,Medium,0,0,110.00000000000001,0.0,Medium
US,2024-07-28,26.516666666666666,1,0.0,,31.4,0.0,3.0,0,hot,False,False,True,1.0,1.0,1.0,3.2857142857142856,Medium,0,0,110.00000000000001,0.0,Medium
US,2024-08-03,32.9,2,9.99,9.99,33.0,13.1,63.0,1,hot,False,False,True,1.0,3.0,1.3333333333333333,3.142857142857143,Medium,0,0,110.00000000000001,0.0,Medium
US,2024-08-31,119.63333333333334,2,4.99,4.99,25.7,0.9,51.0,0,hot,False,False,True,2.0,6.0,1.6666666666666667,2.5714285714285716,High,0,0,110.00000000000001,0.0,Medium
US,2024-09-24,0.0,2,298.0,149.0,20.1,0.0,3.0,0,mild,False,True,False,2.0,3.0,2.0,2.4285714285714284,Medium,0,0,110.00000000000001,0.0,Medium
US,2024-10-06,0.0,1,5.99,5.99,21.7,0.0,3.0,0,mild,False,True,False,2.0,8.0,1.6666666666666667,1.4285714285714286,Medium,0,0,110.00000000000001,0.0,Medium
US,2024-10-10,0.0,1,0.0,0.0,17.9,0.0,1.0,0,mild,False,True,False,1.0,1.0,1.3333333333333333,1.4285714285714286,Medium,0,0,110.00000000000001,0.0,Medium
US,2024-10-18,94.81666666666666,2,5.99,5.99,19.4,0.0,0.0,0,mild,False,True,False,1.0,1.0,1.3333333333333333,1.5714285714285714,High,0,0,110.00000000000001,0.0,Medium
US,2024-10-28,19.3,1,0.0,,16.1,0.0,2.0,0,mild,False,True,False,2.0,1.0,1.3333333333333333,1.5714285714285714,Medium,0,0,110.00000000000001,0.0,Medium
US,2024-11-01,44.86666666666667,2,0.0,0.0,26.5,0.3,51.0,0,hot,False,False,True,1.0,2.0,1.6666666666666667,1.5714285714285714,Medium,0,0,110.00000000000001,0.0,Medium
US,2024-11-04,0.0,1,0.0,0.0,14.2,0.0,3.0,0,cold,True,False,False,2.0,2.0,1.3333333333333333,1.4285714285714286,Medium,0,0,110.00000000000001,0.0,Medium
US,2024-12-01,125.56666666666666,5,60.0,20.0,2.6,0.0,3.0,0,cold,True,False,False,1.0,2.0,2.6666666666666665,1.8571428571428572,High,0,0,110.00000000000001,0.0,Medium
US,2024-12-02,91.01666666666667,1,0.0,,3.8,0.0,2.0,0,cold,True,False,False,5.0,1.0,2.3333333333333335,1.8571428571428572,High,0,0,110.00000000000001,0.0,Medium
US,2024-12-22,94.96666666666667,1,0.0,,-7.1,0.0,1.0,0,cold,True,False,False,1.0,1.0,2.3333333333333335,1.8571428571428572,High,0,0,110.00000000000001,0.0,Medium
US,2024-12-25,330.48333333333335,9,0.0,0.0,0.0,0.0,3.0,0,cold,True,False,False,1.0,2.0,3.6666666666666665,2.857142857142857,High,0,0,110.00000000000001,0.0,Medium
US,2025-01-05,77.15,4,3.99,1.995,0.2,0.0,3.0,0,cold,True,False,False,9.0,1.0,4.666666666666667,3.2857142857142856,High,0,0,110.00000000000001,0.0,Medium
US,2025-01-16,0.0,1,3.99,3.99,-0.7,0.3,71.0,0,cold,True,False,False,4.0,2.0,4.666666666666667,3.142857142857143,Medium,0,0,110.00000000000001,0.0,Medium
US,2025-01-18,0.0,1,3.99,3.99,6.4,2.1,53.0,1,cold,True,False,False,1.0,1.0,2.0,3.142857142857143,Medium,0,0,110.00000000000001,0.0,Medium
US,2025-01-19,0.0,1,3.99,3.99,2.5,8.8,75.0,1,cold,True,False,False,1.0,5.0,1.0,2.5714285714285716,Medium,0,0,110.00000000000001,0.0,Medium
US,2025-01-20,0.0,2,9.48,4.74,-2.7,0.2,71.0,0,cold,True,False,False,1.0,1.0,1.3333333333333333,2.7142857142857144,Medium,0,0,110.00000000000001,0.0,Medium
US,2025-01-22,0.0,1,5.49,5.49,-8.3,0.0,3.0,0,cold,True,False,False,2.0,1.0,1.3333333333333333,2.7142857142857144,Medium,0,0,110.00000000000001,0.0,Medium
US,2025-01-28,94.73333333333333,1,0.0,,4.3,0.0,3.0,0,cold,True,False,False,1.0,9.0,1.3333333333333333,1.5714285714285714,High,0,0,110.00000000000001,0.0,Medium
US,2025-02-03,0.0,1,99.0,99.0,6.0,0.3,71.0,0,cold,True,False,False,1.0,4.0,1.0,1.1428571428571428,Medium,0,0,110.00000000000001,0.0,Medium
US,2025-02-04,0.0,15,1485.0,99.0,6.0,0.3,51.0,0,cold,True,False,False,1.0,1.0,5.666666666666667,3.142857142857143,Medium,0,0,110.00000000000001,0.0,Medium
US,2025-02-05,0.0,23,2277.0,99.0,1.7,0.0,3.0,0,cold,True,False,False,15.0,1.0,13.0,6.285714285714286,Medium,0,0,120.0,0.0,High
US,2025-02-06,0.0,8,792.0,99.0,4.3,8.5,75.0,1,cold,True,False,False,23.0,1.0,15.333333333333334,7.285714285714286,Medium,0,0,120.0,0.0,High
US,2025-02-07,19.45,12,1089.0,99.0,5.0,0.0,3.0,0,cold,True,False,False,8.0,2.0,14.333333333333334,8.714285714285714,Medium,0,0,120.0,0.0,High
US,2025-02-08,0.0,10,990.0,99.0,1.0,7.8,75.0,1,cold,True,False,False,12.0,1.0,10.0,10.0,Medium,0,0,120.0,0.0,High
US,2025-02-09,0.0,5,495.0,99.0,1.3,6.4,75.0,1,cold,True,False,False,10.0,1.0,9.0,10.571428571428571,Medium,0,0,120.0,0.0,High
US,2025-02-10,0.0,13,1287.0,99.0,0.4,0.0,3.0,0,cold,True,False,False,5.0,1.0,9.333333333333334,12.285714285714286,Medium,0,0,120.0,0.0,High
US,2025-02-11,0.0,6,594.0,99.0,-0.3,1.2,73.0,1,cold,True,False,False,13.0,15.0,8.0,11.0,Medium,0,0,120.0,0.0,High
US,2025-02-12,0.0,8,792.0,99.0,0.3,4.5,73.0,1,cold,True,False,False,6.0,23.0,9.0,8.857142857142858,Medium,0,0,120.0,0.0,High
US,2025-02-13,0.0,7,693.0,99.0,7.1,6.6,71.0,1,cold,True,False,False,8.0,8.0,7.0,8.714285714285714,Medium,0,0,120.0,0.0,High
US,2025-02-14,0.0,5,595.0,119.0,0.9,0.0,3.0,0,cold,True,False,False,7.0,12.0,6.666666666666667,7.714285714285714,Medium,0,0,120.0,0.0,High
US,2025-02-15,0.0,9,891.0,99.0,1.6,6.9,73.0,1,cold,True,False,False,5.0,10.0,7.0,7.571428571428571,Medium,0,0,120.0,0.0,High
US,2025-02-16,0.0,2,198.0,99.0,7.3,23.1,63.0,1,cold,True,False,False,9.0,5.0,5.333333333333333,7.142857142857143,Medium,0,0,120.0,0.0,High
US,2025-02-17,0.0,9,891.0,99.0,0.8,0.0,3.0,0,cold,True,False,False,2.0,13.0,6.666666666666667,6.571428571428571,Medium,0,0,120.0,0.0,High
US,2025-02-18,0.0,19,1881.0,99.0,-3.1,0.0,3.0,0,cold,True,False,False,9.0,6.0,10.0,8.428571428571429,Medium,0,0,120.0,0.0,High
US,2025-03-08,0.0,1,59.0,59.0,6.1,0.0,3.0,0,cold,True,False,False,19.0,8.0,9.666666666666666,7.428571428571429,Medium,0,0,120.0,0.0,High
US,2025-03-11,0.9666666666666667,2,99.0,99.0,16.0,0.0,1.0,0,mild,False,True,False,1.0,7.0,7.333333333333333,6.714285714285714,Medium,0,0,120.0,0.0,High
US,2025-03-22,31.333333333333332,2,4.0,4.0,16.3,0.0,3.0,0,mild,False,True,False,2.0,5.0,1.6666666666666667,6.285714285714286,Medium,0,0,110.00000000000001,0.0,Medium
US,2025-04-15,32.85,2,4.0,4.0,18.7,1.4,61.0,1,mild,False,True,False,2.0,9.0,2.0,5.285714285714286,Medium,0,0,110.00000000000001,0.0,Medium
US,2025-04-22,9.133333333333333,2,12.0,12.0,27.0,0.1,51.0,0,hot,False,False,True,2.0,2.0,2.0,5.285714285714286,Medium,0,0,110.00000000000001,0.0,Medium
US,2025-06-01,0.9833333333333333,2,40.0,40.0,18.7,0.0,3.0,0,mild,False,True,False,2.0,9.0,2.0,4.285714285714286,Medium,0,0,110.00000000000001,0.0,Medium
US,2025-06-22,94.41666666666667,2,0.0,0.0,33.9,0.3,51.0,0,hot,False,False,True,2.0,19.0,2.0,1.8571428571428572,High,0,0,110.00000000000001,0.0,Medium
US,2025-06-24,9.433333333333334,2,0.0,0.0,40.3,0.0,2.0,0,,False,False,False,2.0,1.0,2.0,2.0,Medium,0,0,110.00000000000001,0.0,Medium
US,2025-07-07,0.0,1,0.0,0.0,31.5,4.1,61.0,1,hot,False,False,True,2.0,2.0,1.6666666666666667,1.8571428571428572,Medium,0,0,110.00000000000001,0.0,Medium
US,2025-07-09,0.0,2,238.0,119.0,32.2,1.6,61.0,1,hot,False,False,True,1.0,2.0,1.6666666666666667,1.8571428571428572,Medium,0,0,110.00000000000001,0.0,Medium
US,2025-07-10,0.0,4,124.0,31.0,27.1,18.6,63.0,1,hot,False,False,True,2.0,2.0,2.3333333333333335,2.142857142857143,Medium,0,0,110.00000000000001,0.0,Medium
US,2025-07-11,0.0,160,4614.0,28.8375,29.0,0.2,51.0,0,hot,False,False,True,4.0,2.0,55.333333333333336,24.714285714285715,Medium,1,499,110.00000000000001,110.00000000000001,Medium
US,2025-07-14,0.0,1,5.0,5.0,31.4,17.5,63.0,1,hot,False,False,True,160.0,2.0,55.0,24.571428571428573,Medium,0,0,110.00000000000001,0.0,Medium
US,2025-07-23,15.833333333333334,2,0.0,0.0,28.7,0.0,3.0,0,hot,False,False,True,1.0,2.0,54.333333333333336,24.571428571428573,Medium,0,0,110.00000000000001,0.0,Medium
