event_date,country_code,total_views,total_view_minutes,demand_level,temperature_2m_max,precipitation_sum,is_rainy,rolling_7day_avg,dynamic_price,dynamic_revenue
2024-04-01,AE,2,91.63333333333334,High,26.3,0.0,0,1.7142857142857142,598.8,0.0
2024-04-15,AE,2,92.01666666666667,High,31.5,0.0,0,1.7142857142857142,598.8,0.0
2024-11-05,AE,2,91.98333333333333,High,33.9,0.0,0,1.7142857142857142,598.8,0.0
2024-12-27,AE,1,0.0,Medium,27.5,0.0,0,1.5714285714285714,548.9000000000001,0.0
2024-12-28,AE,1,106.41666666666667,High,27.2,0.0,0,1.5714285714285714,598.8,0.0
2025-02-04,AE,3,0.0,Medium,23.0,0.0,0,1.8571428571428572,548.9000000000001,0.0
2025-02-05,AE,6,0.0,Medium,23.7,0.0,0,2.4285714285714284,548.9000000000001,0.0
2025-02-06,AE,5,0.0,Medium,28.1,0.0,0,2.857142857142857,548.9000000000001,0.0
2025-02-07,AE,3,0.0,Medium,28.1,0.0,0,3.0,548.9000000000001,0.0
2025-02-08,AE,2,0.0,Medium,26.8,0.0,0,3.0,548.9000000000001,0.0
2025-02-09,AE,2,0.0,Medium,22.9,0.0,0,3.142857142857143,548.9000000000001,0.0
2025-02-10,AE,10,0.0,Medium,21.7,0.0,0,4.428571428571429,548.9000000000001,0.0
2025-02-12,AE,2,0.0,Medium,28.1,0.0,0,4.285714285714286,548.9000000000001,0.0
2025-02-14,AE,3,0.0,Medium,27.8,0.0,0,3.857142857142857,548.9000000000001,0.0
2025-02-15,AE,1,0.0,Medium,24.8,0.0,0,3.2857142857142856,548.9000000000001,0.0
2025-02-17,AE,8,0.0,Medium,28.0,1.8,1,4.0,548.9000000000001,0.0
2025-02-18,AE,5,0.0,Medium,26.4,1.2,1,4.428571428571429,548.9000000000001,0.0
2025-05-26,AE,4,14.466666666666665,Medium,41.9,0.0,0,4.714285714285714,548.9000000000001,0.0
2025-05-27,AE,2,83.13333333333334,High,36.3,0.0,0,3.5714285714285716,598.8,0.0
2025-06-01,AE,1,0.0,Medium,38.0,0.0,0,3.4285714285714284,548.9000000000001,0.0
2025-06-12,AE,2,42.983333333333334,Medium,42.5,0.0,0,3.2857142857142856,548.9000000000001,0.0
2019-09-19,KE,1,12.133333333333333,Medium,26.2,0.0,0,1.2857142857142858,548.9000000000001,0.0
2019-09-26,KE,2,15.666666666666666,Medium,23.1,31.7,1,1.4285714285714286,548.9000000000001,0.0
2019-09-27,KE,2,61.86666666666667,High,22.3,6.7,1,1.5714285714285714,598.8,0.0
2019-09-28,KE,1,0.0,Medium,25.9,0.9,0,1.5714285714285714,548.9000000000001,0.0
2019-09-29,KE,1,0.0,Medium,26.6,0.2,0,1.4285714285714286,548.9000000000001,0.0
2019-09-30,KE,5,135.28333333333333,High,28.8,1.2,1,2.0,598.8,0.0
2019-10-05,KE,3,59.016666666666666,Medium,23.1,11.3,1,2.142857142857143,548.9000000000001,0.0
2019-10-09,KE,1,0.0,Medium,22.8,18.0,1,2.142857142857143,548.9000000000001,0.0
2019-10-12,KE,1,0.0,Medium,24.5,20.4,1,2.0,548.9000000000001,0.0
2019-10-13,KE,19,96.33333333333333,High,22.5,9.1,1,4.428571428571429,598.8,0.0
2019-10-14,KE,6,89.73333333333333,High,24.2,7.6,1,5.142857142857143,598.8,0.0
2019-10-15,KE,2,97.7,High,24.8,3.2,1,5.285714285714286,598.8,0.0
2019-10-16,KE,4,90.53333333333333,High,24.2,2.2,1,5.142857142857143,598.8,0.0
2019-10-18,KE,2,95.41666666666667,High,22.6,21.5,1,5.0,598.8,0.0
2019-10-19,KE,9,223.06666666666666,High,20.1,59.5,1,6.142857142857143,598.8,0.0
2019-10-20,KE,2,60.13333333333333,Medium,24.3,11.0,1,6.285714285714286,548.9000000000001,0.0
2019-10-21,KE,1,44.43333333333333,Medium,24.6,14.9,1,3.7142857142857144,548.9000000000001,0.0
2019-10-23,KE,3,71.15,High,22.8,23.5,1,3.2857142857142856,598.8,0.0
2019-10-24,KE,1,1.5166666666666666,Medium,23.0,63.1,1,3.142857142857143,548.9000000000001,0.0
2019-10-26,KE,7,41.483333333333334,Medium,21.6,21.2,1,3.5714285714285716,548.9000000000001,0.0
2019-10-28,KE,2,41.53333333333333,Medium,23.4,6.3,1,3.5714285714285716,548.9000000000001,0.0
2019-10-30,KE,1,0.0,Medium,22.2,13.4,1,2.4285714285714284,548.9000000000001,0.0
2019-11-02,KE,1,0.0,Medium,23.7,2.8,1,2.2857142857142856,548.9000000000001,0.0
2019-11-03,KE,5,153.66666666666666,High,23.6,5.2,1,2.857142857142857,598.8,0.0
2019-11-05,KE,2,59.016666666666666,Medium,24.7,0.2,0,2.7142857142857144,548.9000000000001,0.0
2019-11-06,KE,4,62.53333333333333,High,25.2,2.5,1,3.142857142857143,598.8,0.0
2019-11-07,KE,4,86.3,High,24.6,13.3,1,2.7142857142857144,598.8,0.0
2019-11-08,KE,2,53.516666666666666,Medium,23.4,17.7,1,2.7142857142857144,548.9000000000001,0.0
2019-11-09,KE,2,61.166666666666664,High,24.4,4.6,1,2.857142857142857,598.8,0.0
2019-11-14,KE,13,0.7,Medium,21.3,11.5,1,4.571428571428571,548.9000000000001,0.0
2019-11-16,KE,2,35.7,Medium,24.4,1.2,1,4.142857142857143,548.9000000000001,0.0
2019-11-17,KE,3,0.0,Medium,24.2,2.2,1,4.285714285714286,548.9000000000001,0.0
2019-11-18,KE,1,61.666666666666664,High,23.8,3.2,1,3.857142857142857,598.8,0.0
2019-11-19,KE,5,62.83333333333333,High,24.0,16.8,1,4.0,598.8,0.0
2019-11-26,KE,2,75.66666666666667,High,22.0,24.2,1,4.0,598.8,0.0
2019-11-30,KE,6,62.61666666666667,High,20.4,32.2,1,4.571428571428571,598.8,0.0
2019-12-01,KE,2,71.03333333333333,High,21.8,17.0,1,3.0,598.8,0.0
2019-12-02,KE,1,0.0,Medium,22.2,14.7,1,2.857142857142857,548.9000000000001,0.0
2019-12-06,KE,2,13.516666666666667,Medium,23.4,5.4,1,2.7142857142857144,548.9000000000001,0.0
2019-12-07,KE,2,6.033333333333333,Medium,22.8,6.1,1,2.857142857142857,548.9000000000001,0.0
2019-12-14,KE,4,83.66666666666666,High,22.4,4.8,1,2.7142857142857144,598.8,0.0
2019-12-15,KE,26,98.98333333333333,High,22.9,2.8,1,6.142857142857143,598.8,0.0
2019-12-16,KE,2,71.03333333333333,High,23.9,4.0,1,5.571428571428571,598.8,0.0
2019-12-19,KE,4,141.61666666666667,High,23.6,0.4,0,5.857142857142857,598.8,0.0
2019-12-23,KE,2,109.56666666666666,High,23.4,3.1,1,6.0,598.8,0.0
2019-12-24,KE,4,179.83333333333334,High,23.2,34.3,1,6.285714285714286,598.8,0.0
2019-12-25,KE,1,0.0,Medium,23.6,7.4,1,6.142857142857143,548.9000000000001,0.0
2019-12-26,KE,4,94.0,High,23.7,13.9,1,6.142857142857143,598.8,0.0
2019-12-27,KE,8,0.0,Medium,24.6,2.5,1,3.5714285714285716,548.9000000000001,0.0
2019-12-29,KE,2,89.78333333333333,High,23.1,3.4,1,3.5714285714285716,598.8,0.0
2020-01-02,KE,1,4.783333333333333,Medium,23.3,0.9,0,3.142857142857143,548.9000000000001,0.0
2020-01-04,KE,2,61.666666666666664,High,23.1,2.4,1,3.142857142857143,598.8,0.0
2020-01-05,KE,2,0.0,Medium,25.2,0.0,0,2.857142857142857,548.9000000000001,0.0
2020-01-09,KE,5,156.33333333333331,High,23.1,2.9,1,3.4285714285714284,598.8,0.0
2020-01-10,KE,1,47.666666666666664,Medium,24.8,1.7,1,3.0,548.9000000000001,0.0
2020-01-11,KE,8,0.0,Medium,25.3,1.0,0,3.0,548.9000000000001,0.0
2020-01-12,KE,7,165.0,High,24.1,8.1,1,3.7142857142857144,598.8,0.0
2020-01-14,KE,1,0.0,Medium,23.5,8.4,1,3.7142857142857144,548.9000000000001,0.0
2020-01-18,KE,2,46.61666666666667,Medium,24.4,2.6,1,3.7142857142857144,548.9000000000001,0.0
2020-01-19,KE,6,226.10000000000002,High,24.0,1.7,1,4.285714285714286,598.8,0.0
2020-01-22,KE,4,196.71666666666667,High,24.9,0.5,0,4.142857142857143,598.8,0.0
2020-01-26,KE,2,7.016666666666667,Medium,21.2,20.1,1,4.285714285714286,548.9000000000001,0.0
2020-01-27,KE,1,0.0,Medium,19.9,15.2,1,3.2857142857142856,548.9000000000001,0.0
2020-01-29,KE,1,0.0,Medium,23.7,18.3,1,2.4285714285714284,548.9000000000001,0.0
2020-01-30,KE,1,85.66666666666667,High,23.3,9.4,1,2.4285714285714284,598.8,0.0
2020-02-02,KE,1,0.0,Medium,23.2,8.1,1,2.2857142857142856,548.9000000000001,0.0
2020-02-04,KE,26,0.0,Medium,24.4,1.5,1,5.142857142857143,548.9000000000001,0.0
2020-02-08,KE,4,215.83333333333334,High,24.4,0.4,0,5.142857142857143,598.8,0.0
2020-02-09,KE,5,167.75,High,24.4,0.2,0,5.571428571428571,598.8,0.0
2020-02-12,KE,2,119.66666666666667,High,25.9,0.3,0,5.714285714285714,598.8,0.0
2020-02-13,KE,3,119.66666666666667,High,24.2,18.9,1,6.0,598.8,0.0
2020-02-14,KE,8,341.48333333333335,High,23.2,2.7,1,7.0,598.8,0.0
2020-02-15,KE,18,648.6333333333333,High,22.9,4.8,1,9.428571428571429,598.8,0.0
2020-02-16,KE,249,10714.516666666666,High,22.8,5.9,1,41.285714285714285,598.8,1197.6
2020-02-17,KE,90,4191.666666666667,High,24.8,3.0,1,53.57142857142857,598.8,0.0
2020-02-18,KE,92,3956.616666666667,High,24.6,4.5,1,66.0,598.8,0.0
2020-02-19,KE,65,2464.9,High,24.2,2.0,1,75.0,598.8,0.0
2020-02-20,KE,52,2058.0833333333335,High,25.7,0.9,0,82.0,598.8,0.0
2020-02-21,KE,80,3274.7000000000003,High,25.3,12.9,1,92.28571428571429,598.8,0.0
2020-02-22,KE,69,3231.8,High,25.0,2.9,1,99.57142857142857,598.8,0.0
2020-02-23,KE,43,1948.45,High,24.8,2.3,1,70.14285714285714,598.8,0.0
2020-02-24,KE,23,1050.05,High,24.6,2.2,1,60.57142857142857,598.8,0.0
2020-02-25,KE,13,527.8333333333334,High,26.6,2.0,1,49.285714285714285,598.8,0.0
2020-02-26,KE,18,829.1333333333333,High,25.9,4.3,1,42.57142857142857,598.8,0.0
2020-02-27,KE,11,503.26666666666665,High,24.6,58.9,1,36.714285714285715,598.8,0.0
2020-02-28,KE,11,415.1,High,25.4,3.9,1,26.857142857142858,598.8,0.0
2020-02-29,KE,22,1084.65,High,26.6,0.2,0,20.142857142857142,598.8,0.0
2020-03-01,KE,15,730.4833333333333,High,26.7,2.3,1,16.142857142857142,598.8,0.0
2020-03-02,KE,14,317.25,High,24.4,16.5,1,14.857142857142858,598.8,0.0
2020-03-03,KE,11,616.0500000000001,High,24.4,5.9,1,14.571428571428571,598.8,0.0
2020-03-04,KE,5,174.76666666666665,High,25.3,3.2,1,12.714285714285714,598.8,0.0
2020-03-05,KE,22,914.1,High,26.3,18.3,1,14.285714285714286,598.8,0.0
2020-03-06,KE,13,603.7666666666667,High,26.8,0.0,0,14.571428571428571,598.8,0.0
2020-03-07,KE,9,178.91666666666666,High,26.0,38.9,1,12.714285714285714,598.8,0.0
2020-03-08,KE,8,318.9,High,24.4,2.7,1,11.714285714285714,598.8,0.0
2020-03-09,KE,8,373.3166666666667,High,24.7,34.6,1,10.857142857142858,598.8,0.0
2020-03-10,KE,9,421.70000000000005,High,24.7,3.2,1,10.571428571428571,598.8,0.0
2020-03-11,KE,1,0.0,Medium,24.7,16.0,1,10.0,548.9000000000001,0.0
2020-03-12,KE,8,414.0,High,24.5,5.8,1,8.0,598.8,0.0
2020-03-13,KE,7,406.0,High,25.1,2.0,1,7.142857142857143,598.8,0.0
2020-03-14,KE,10,513.95,High,24.6,3.3,1,7.285714285714286,598.8,0.0
2020-03-15,KE,16,810.25,High,26.3,2.4,1,8.428571428571429,598.8,0.0
2020-03-16,KE,12,545.9166666666667,High,25.9,1.0,0,9.0,598.8,0.0
2020-03-17,KE,13,578.9666666666667,High,24.8,4.0,1,9.571428571428571,598.8,0.0
2020-03-18,KE,19,819.9166666666667,High,23.8,40.2,1,12.142857142857142,598.8,0.0
2020-03-19,KE,41,1707.8166666666666,High,23.6,5.7,1,16.857142857142858,598.8,0.0
2020-03-20,KE,30,1204.15,High,22.5,9.8,1,20.142857142857142,598.8,0.0
2020-03-21,KE,15,503.8333333333333,High,24.6,17.3,1,20.857142857142858,598.8,0.0
2020-03-22,KE,43,1982.65,High,24.4,2.7,1,24.714285714285715,598.8,0.0
2020-03-23,KE,27,1224.0833333333333,High,23.7,7.5,1,26.857142857142858,598.8,0.0
2020-03-24,KE,34,1401.3666666666668,High,24.4,5.9,1,29.857142857142858,598.8,0.0
2020-03-25,KE,19,943.15,High,25.2,5.1,1,29.857142857142858,598.8,0.0
2020-03-26,KE,25,1013.35,High,25.2,13.8,1,27.571428571428573,598.8,0.0
2020-03-27,KE,13,629.8166666666666,High,22.1,24.5,1,25.142857142857142,598.8,0.0
2020-03-28,KE,65,3185.55,High,24.3,6.3,1,32.285714285714285,598.8,0.0
2020-03-29,KE,27,1232.8333333333333,High,23.7,6.8,1,30.0,598.8,0.0
2020-03-30,KE,16,656.5833333333334,High,24.9,4.2,1,28.428571428571427,598.8,0.0
2020-03-31,KE,16,870.9833333333333,High,24.5,1.9,1,25.857142857142858,598.8,0.0
2020-04-01,KE,9,430.65000000000003,High,25.0,3.8,1,24.428571428571427,598.8,0.0
2020-04-02,KE,7,193.43333333333334,High,25.5,3.5,1,21.857142857142858,598.8,0.0
2020-04-03,KE,4,205.6,High,24.6,2.8,1,20.571428571428573,598.8,0.0
2020-04-04,KE,16,730.5833333333334,High,23.9,1.9,1,13.571428571428571,598.8,0.0
2020-04-05,KE,16,718.5833333333334,High,23.5,8.0,1,12.0,598.8,0.0
2020-04-06,KE,1,0.0,Medium,23.8,1.8,1,9.857142857142858,548.9000000000001,0.0
2020-04-07,KE,7,305.4,High,23.9,1.5,1,8.571428571428571,598.8,0.0
2020-04-08,KE,8,490.0833333333333,High,24.6,1.0,0,8.428571428571429,598.8,0.0
2020-04-09,KE,12,424.7,High,23.8,2.7,1,9.142857142857142,598.8,0.0
2020-04-10,KE,7,212.2,High,24.7,2.7,1,9.571428571428571,598.8,0.0
2020-04-11,KE,9,393.1666666666667,High,24.9,1.6,1,8.571428571428571,598.8,0.0
2020-04-12,KE,11,374.45,High,25.3,1.0,0,7.857142857142857,598.8,0.0
2020-04-13,KE,6,157.16666666666666,High,24.3,13.4,1,8.571428571428571,598.8,0.0
2020-04-14,KE,3,141.43333333333334,High,23.9,22.2,1,8.0,598.8,0.0
2020-04-15,KE,5,184.18333333333334,High,25.7,63.2,1,7.571428571428571,598.8,0.0
2020-04-16,KE,4,118.16666666666667,High,24.9,25.6,1,6.428571428571429,598.8,0.0
2020-04-17,KE,25,1218.6000000000001,High,24.6,5.8,1,9.0,598.8,0.0
2020-04-18,KE,20,598.8166666666667,High,24.8,13.9,1,10.571428571428571,598.8,0.0
2020-04-19,KE,19,841.3166666666667,High,22.3,4.6,1,11.714285714285714,598.8,0.0
2020-04-20,KE,22,959.25,High,21.8,4.8,1,14.0,598.8,0.0
2020-04-21,KE,16,735.7,High,22.3,9.6,1,15.857142857142858,598.8,0.0
2020-04-22,KE,13,532.1166666666667,High,22.7,26.1,1,17.0,598.8,0.0
2020-04-23,KE,9,446.26666666666665,High,19.5,17.2,1,17.714285714285715,598.8,0.0
2020-04-24,KE,9,524.0666666666667,High,23.9,14.4,1,15.428571428571429,598.8,0.0
2020-04-25,KE,6,265.68333333333334,High,21.0,25.8,1,13.428571428571429,598.8,0.0
2020-04-26,KE,11,291.8666666666667,High,22.3,5.8,1,12.285714285714286,598.8,0.0
2020-04-27,KE,9,354.3833333333333,High,23.4,9.8,1,10.428571428571429,598.8,0.0
2020-04-28,KE,9,373.15000000000003,High,23.5,12.4,1,9.428571428571429,598.8,0.0
2020-04-29,KE,3,105.16666666666667,High,22.7,14.1,1,8.0,598.8,0.0
2020-04-30,KE,11,544.35,High,22.6,3.3,1,8.285714285714286,598.8,0.0
2020-05-01,KE,7,213.81666666666666,High,22.9,7.3,1,8.0,598.8,0.0
2020-05-02,KE,4,166.83333333333331,High,23.4,3.1,1,7.714285714285714,598.8,0.0
2020-05-03,KE,5,206.2,High,23.0,2.7,1,6.857142857142857,598.8,0.0
2020-05-04,KE,12,304.81666666666666,High,24.6,13.4,1,7.285714285714286,598.8,0.0
2020-05-05,KE,2,103.1,High,24.1,7.9,1,6.285714285714286,598.8,0.0
2020-05-06,KE,6,19.716666666666665,Medium,24.2,11.5,1,6.714285714285714,548.9000000000001,0.0
2020-05-07,KE,4,132.8,High,23.2,2.7,1,5.714285714285714,598.8,0.0
2020-05-08,KE,2,55.43333333333333,Medium,21.9,3.8,1,5.0,548.9000000000001,0.0
2020-05-09,KE,4,120.96666666666667,High,22.6,4.5,1,5.0,598.8,0.0
2020-05-10,KE,2,105.16666666666667,High,21.6,2.3,1,4.571428571428571,598.8,0.0
2020-05-11,KE,2,107.16666666666667,High,22.5,15.8,1,3.142857142857143,598.8,0.0
2020-05-12,KE,8,235.95,High,23.4,1.9,1,4.0,598.8,0.0
2020-05-13,KE,2,107.16666666666667,High,25.1,1.3,1,3.4285714285714284,598.8,0.0
2020-05-14,KE,4,200.76666666666665,High,24.8,0.7,0,3.4285714285714284,598.8,0.0
2020-05-15,KE,14,612.7833333333333,High,21.4,22.9,1,5.142857142857143,598.8,0.0
2020-05-16,KE,27,1071.1000000000001,High,22.2,3.8,1,8.428571428571429,598.8,0.0
2020-05-17,KE,13,482.71666666666664,High,22.0,0.8,0,10.0,598.8,0.0
2020-05-18,KE,20,807.5333333333333,High,23.4,0.3,0,12.571428571428571,598.8,0.0
2020-05-19,KE,11,632.3333333333334,High,23.5,0.4,0,13.0,598.8,0.0
2020-05-20,KE,4,107.16666666666667,High,22.3,2.4,1,13.285714285714286,598.8,0.0
2020-05-21,KE,4,88.56666666666668,High,21.5,1.1,1,13.285714285714286,598.8,0.0
2020-05-22,KE,5,160.2833333333333,High,22.4,1.5,1,12.0,598.8,0.0
2020-05-23,KE,4,212.83333333333334,High,23.0,0.0,0,8.714285714285714,598.8,0.0
2020-05-24,KE,6,171.68333333333334,High,23.6,0.7,0,7.714285714285714,598.8,0.0
2020-05-25,KE,6,120.43333333333334,High,23.9,0.0,0,5.714285714285714,598.8,0.0
2020-05-26,KE,4,103.51666666666667,High,23.0,0.3,0,4.714285714285714,598.8,0.0
2020-05-27,KE,9,194.08333333333334,High,23.8,0.4,0,5.428571428571429,598.8,0.0
2020-05-28,KE,9,398.6166666666667,High,23.6,2.7,1,6.142857142857143,598.8,0.0
2020-05-29,KE,19,457.3,High,24.6,0.3,0,8.142857142857142,598.8,0.0
2020-05-30,KE,17,524.3,High,24.2,0.0,0,10.0,598.8,0.0
2020-05-31,KE,22,1072.15,High,24.0,0.0,0,12.285714285714286,598.8,0.0
2020-06-01,KE,26,1301.75,High,23.6,0.0,0,15.142857142857142,598.8,0.0
2020-06-02,KE,6,108.46666666666667,High,23.4,1.0,0,15.428571428571429,598.8,0.0
2020-06-03,KE,8,430.08333333333337,High,23.1,0.7,0,15.285714285714286,598.8,0.0
2020-06-04,KE,2,105.13333333333334,High,24.6,0.1,0,14.285714285714286,598.8,0.0
2020-06-05,KE,7,381.26666666666665,High,24.6,0.0,0,12.571428571428571,598.8,0.0
2020-06-06,KE,9,127.38333333333334,High,25.1,0.0,0,11.428571428571429,598.8,0.0
2020-06-07,KE,2,0.0,Medium,23.1,1.8,1,8.571428571428571,548.9000000000001,0.0
2020-06-08,KE,7,223.0,High,19.7,8.0,1,5.857142857142857,598.8,0.0
2020-06-09,KE,4,205.28333333333333,High,21.9,0.7,0,5.571428571428571,598.8,0.0
2020-06-10,KE,13,252.78333333333336,High,18.4,7.2,1,6.285714285714286,598.8,0.0
2020-06-11,KE,2,107.16666666666667,High,23.1,2.0,1,6.285714285714286,598.8,0.0
2020-06-13,KE,5,211.61666666666667,High,22.7,4.3,1,6.0,598.8,0.0
2020-06-14,KE,4,183.66666666666669,High,22.4,10.3,1,5.285714285714286,598.8,0.0
2020-06-15,KE,4,188.21666666666667,High,20.0,0.1,0,5.571428571428571,598.8,0.0
2020-06-17,KE,2,61.666666666666664,High,20.6,0.7,0,4.857142857142857,598.8,0.0
2020-06-19,KE,2,103.16666666666667,High,22.0,0.0,0,4.571428571428571,598.8,0.0
2020-06-20,KE,4,103.16666666666667,High,22.4,0.1,0,3.2857142857142856,598.8,0.0
2020-06-21,KE,5,272.78333333333336,High,21.9,0.6,0,3.7142857142857144,598.8,0.0
2020-06-23,KE,9,418.08333333333337,High,23.3,0.6,0,4.285714285714286,598.8,0.0
2020-06-25,KE,1,0.0,Medium,22.3,0.1,0,3.857142857142857,548.9000000000001,0.0
2020-06-26,KE,2,107.16666666666667,High,22.1,0.0,0,3.5714285714285716,598.8,0.0
2020-06-27,KE,3,104.51666666666667,High,22.6,1.0,0,3.7142857142857144,598.8,0.0
2020-06-28,KE,8,208.75,High,23.0,0.0,0,4.571428571428571,598.8,0.0
2020-06-29,KE,5,17.5,Medium,23.0,0.0,0,4.714285714285714,548.9000000000001,0.0
2020-07-01,KE,4,173.1,High,21.6,0.6,0,4.571428571428571,598.8,0.0
2020-07-03,KE,2,107.46666666666667,High,20.9,0.8,0,3.5714285714285716,598.8,0.0
2020-07-04,KE,3,53.516666666666666,Medium,22.5,0.0,0,3.857142857142857,548.9000000000001,0.0
2020-07-05,KE,19,393.3166666666667,High,21.1,0.1,0,6.285714285714286,598.8,0.0
2020-07-06,KE,6,208.5,High,21.6,0.3,0,6.714285714285714,598.8,0.0
2020-07-07,KE,2,0.2,Medium,22.9,0.5,0,5.857142857142857,548.9000000000001,0.0
2020-07-08,KE,10,247.15000000000003,High,22.4,0.8,0,6.571428571428571,598.8,0.0
2020-07-10,KE,6,198.85000000000002,High,22.9,2.3,1,6.857142857142857,598.8,0.0
2020-07-11,KE,3,237.58333333333334,High,23.1,0.0,0,7.0,598.8,0.0
2020-07-12,KE,2,13.633333333333333,Medium,23.5,0.3,0,6.857142857142857,548.9000000000001,0.0
2020-07-13,KE,2,21.033333333333335,Medium,21.8,0.9,0,4.428571428571429,548.9000000000001,0.0
2020-07-14,KE,10,169.03333333333333,High,22.0,4.2,1,5.0,598.8,0.0
2020-07-15,KE,16,334.3666666666667,High,21.5,1.2,1,7.0,598.8,0.0
2020-07-16,KE,2,11.666666666666666,Medium,20.2,4.3,1,5.857142857142857,548.9000000000001,0.0
2020-07-17,KE,9,196.01666666666668,High,22.0,0.0,0,6.285714285714286,598.8,0.0
2020-07-18,KE,2,2.033333333333333,Medium,20.8,0.1,0,6.142857142857143,548.9000000000001,0.0
2020-07-19,KE,11,20.4,Medium,19.7,0.4,0,7.428571428571429,548.9000000000001,0.0
2020-07-20,KE,5,2.033333333333333,Medium,19.5,0.0,0,7.857142857142857,548.9000000000001,0.0
2020-07-21,KE,12,540.2166666666667,High,21.3,1.7,1,8.142857142857142,598.8,0.0
2020-07-22,KE,10,150.16666666666669,High,22.9,3.7,1,7.285714285714286,598.8,0.0
2020-07-23,KE,8,363.28333333333336,High,24.2,0.3,0,8.142857142857142,598.8,0.0
2020-07-24,KE,8,165.9,High,23.2,0.0,0,8.0,598.8,0.0
2020-07-25,KE,1,9.166666666666666,Medium,23.3,0.0,0,7.857142857142857,548.9000000000001,0.0
2020-07-26,KE,1,0.0,Medium,23.0,0.0,0,6.428571428571429,548.9000000000001,0.0
2020-07-27,KE,3,2.033333333333333,Medium,21.2,0.6,0,6.142857142857143,548.9000000000001,0.0
2020-07-28,KE,5,213.13333333333333,High,19.5,0.6,0,5.142857142857143,598.8,0.0
2020-07-29,KE,2,56.666666666666664,Medium,21.6,0.6,0,4.0,548.9000000000001,0.0
2020-07-30,KE,4,1.6666666666666667,Medium,22.1,0.3,0,3.4285714285714284,548.9000000000001,0.0
2020-07-31,KE,5,107.16666666666667,High,22.8,0.8,0,3.0,598.8,0.0
2020-08-01,KE,43,217.78333333333336,High,23.0,0.0,0,9.0,598.8,0.0
2020-08-02,KE,43,519.0166666666667,High,22.2,0.2,0,15.0,598.8,0.0
2020-08-03,KE,26,110.38333333333333,High,22.4,0.0,0,18.285714285714285,598.8,0.0
2020-08-04,KE,15,148.33333333333334,High,22.7,0.0,0,19.714285714285715,598.8,0.0
2020-08-05,KE,5,103.44999999999999,High,22.6,0.0,0,20.142857142857142,598.8,0.0
2020-08-06,KE,9,32.666666666666664,Medium,25.4,0.2,0,20.857142857142858,548.9000000000001,0.0
2020-08-07,KE,3,7.166666666666667,Medium,25.3,0.1,0,20.571428571428573,548.9000000000001,0.0
2020-08-08,KE,3,206.33333333333334,High,23.9,0.3,0,14.857142857142858,598.8,0.0
2020-08-09,KE,14,228.31666666666666,High,22.7,0.0,0,10.714285714285714,598.8,0.0
2020-08-10,KE,6,73.83333333333334,High,25.2,0.3,0,7.857142857142857,598.8,0.0
2020-08-11,KE,6,14.5,Medium,26.7,0.8,0,6.571428571428571,548.9000000000001,0.0
2020-08-12,KE,5,119.5,High,23.7,5.1,1,6.571428571428571,598.8,0.0
2020-08-14,KE,4,114.36666666666667,High,23.2,4.0,1,5.857142857142857,598.8,0.0
2020-08-16,KE,1,0.0,Medium,21.8,0.0,0,5.571428571428571,548.9000000000001,0.0
2020-08-17,KE,5,8.166666666666666,Medium,22.9,1.2,1,5.857142857142857,548.9000000000001,0.0
2020-08-18,KE,2,103.16666666666667,High,24.6,0.1,0,4.142857142857143,598.8,0.0
2020-08-19,KE,14,231.16666666666669,High,21.7,0.6,0,5.285714285714286,598.8,0.0
2020-08-20,KE,3,127.21666666666667,High,22.2,2.2,1,4.857142857142857,598.8,0.0
2020-08-22,KE,8,270.1166666666667,High,21.5,3.3,1,5.285714285714286,598.8,0.0
2020-08-23,KE,4,226.83333333333334,High,20.0,3.8,1,5.285714285714286,598.8,0.0
2020-08-24,KE,6,170.83333333333334,High,20.9,4.9,1,6.0,598.8,0.0
2020-08-25,KE,2,118.1,High,23.4,1.0,0,5.571428571428571,598.8,0.0
2020-08-28,KE,2,105.05,High,23.9,1.4,1,5.571428571428571,598.8,0.0
2020-08-29,KE,3,214.33333333333334,High,24.5,0.0,0,4.0,598.8,0.0
2020-08-30,KE,9,34.166666666666664,Medium,25.7,0.0,0,4.857142857142857,548.9000000000001,0.0
2020-08-31,KE,2,8.066666666666666,Medium,24.9,0.0,0,4.0,548.9000000000001,0.0
2020-09-03,KE,2,14.166666666666666,Medium,24.0,0.0,0,3.7142857142857144,548.9000000000001,0.0
2020-09-04,KE,4,30.633333333333336,Medium,24.3,3.8,1,3.4285714285714284,548.9000000000001,0.0
2020-09-05,KE,8,343.6666666666667,High,22.2,14.5,1,4.285714285714286,598.8,0.0
2020-09-07,KE,1,0.0,Medium,17.1,4.9,1,4.142857142857143,548.9000000000001,0.0
2020-09-08,KE,9,0.0,Medium,19.9,0.8,0,5.0,548.9000000000001,0.0
2020-09-09,KE,1,0.0,Medium,20.2,0.4,0,3.857142857142857,548.9000000000001,0.0
2020-09-12,KE,4,0.0,Medium,22.4,0.6,0,4.142857142857143,548.9000000000001,0.0
2020-09-13,KE,1,0.0,Medium,25.0,0.1,0,4.0,548.9000000000001,0.0
2020-09-14,KE,1,0.0,Medium,25.0,0.0,0,3.5714285714285716,548.9000000000001,0.0
2020-09-15,KE,9,346.6666666666667,High,24.1,1.1,1,3.7142857142857144,598.8,0.0
2020-09-16,KE,8,167.83333333333334,High,26.6,0.0,0,4.714285714285714,598.8,0.0
2020-09-17,KE,5,222.83333333333334,High,26.1,0.0,0,4.142857142857143,598.8,0.0
2020-09-18,KE,5,193.5,High,24.7,0.2,0,4.714285714285714,598.8,0.0
2020-09-19,KE,5,157.5,High,23.3,2.2,1,4.857142857142857,598.8,0.0
2020-09-20,KE,8,230.53333333333333,High,23.1,1.3,1,5.857142857142857,598.8,0.0
2020-09-21,KE,1,89.05,High,24.1,0.9,0,5.857142857142857,598.8,0.0
2020-09-23,KE,1,107.43333333333334,High,26.0,0.3,0,4.714285714285714,598.8,0.0
2020-09-24,KE,2,1.5666666666666667,Medium,23.4,0.8,0,3.857142857142857,548.9000000000001,0.0
2020-09-25,KE,4,214.33333333333334,High,23.4,14.7,1,3.7142857142857144,598.8,0.0
2020-09-26,KE,3,0.6333333333333333,Medium,23.8,7.4,1,3.4285714285714284,548.9000000000001,0.0
2020-09-27,KE,6,200.61666666666667,High,25.7,0.0,0,3.5714285714285716,598.8,0.0
2020-09-28,KE,3,13.333333333333334,Medium,24.2,0.2,0,2.857142857142857,548.9000000000001,0.0
2020-09-29,KE,8,113.55,High,25.9,0.2,0,3.857142857142857,598.8,0.0
2020-09-30,KE,10,306.7166666666667,High,25.9,1.4,1,5.142857142857143,598.8,0.0
2020-10-01,KE,14,431.4666666666667,High,25.2,1.2,1,6.857142857142857,598.8,0.0
2020-10-02,KE,8,121.71666666666667,High,25.8,1.7,1,7.428571428571429,598.8,0.0
2020-10-03,KE,2,105.16666666666667,High,25.9,3.2,1,7.285714285714286,598.8,0.0
2020-10-04,KE,9,333.3833333333333,High,27.0,0.0,0,7.714285714285714,598.8,0.0
2020-10-05,KE,12,500.06666666666666,High,26.7,0.0,0,9.0,598.8,0.0
2020-10-06,KE,3,140.66666666666669,High,27.0,0.0,0,8.285714285714286,598.8,0.0
2020-10-07,KE,8,187.58333333333331,High,28.0,0.0,0,8.0,598.8,0.0
2020-10-09,KE,2,5.666666666666667,Medium,26.9,0.1,0,6.285714285714286,548.9000000000001,0.0
2020-10-10,KE,2,103.08333333333333,High,27.0,2.1,1,5.428571428571429,598.8,0.0
2020-10-11,KE,5,112.81666666666668,High,27.2,1.3,1,5.857142857142857,598.8,0.0
2020-10-12,KE,2,44.166666666666664,Medium,25.7,0.8,0,4.857142857142857,548.9000000000001,0.0
2020-10-13,KE,1,0.0,Medium,27.7,0.0,0,3.2857142857142856,548.9000000000001,0.0
2020-10-14,KE,1,0.0,Medium,25.7,1.3,1,3.0,548.9000000000001,0.0
2020-10-15,KE,12,522.9166666666667,High,27.1,0.3,0,3.5714285714285716,598.8,0.0
2020-10-16,KE,4,81.83333333333334,High,25.4,10.3,1,3.857142857142857,598.8,0.0
2020-10-18,KE,4,44.016666666666666,Medium,23.7,2.1,1,4.142857142857143,548.9000000000001,0.0
2020-10-19,KE,5,245.23333333333335,High,25.0,5.5,1,4.142857142857143,598.8,0.0
2020-10-20,KE,6,275.35,High,22.7,12.4,1,4.714285714285714,598.8,0.0
2020-10-21,KE,5,119.08333333333334,High,24.5,1.3,1,5.285714285714286,598.8,0.0
2020-10-22,KE,2,102.66666666666667,High,26.5,0.0,0,5.428571428571429,598.8,0.0
2020-10-23,KE,6,230.10000000000002,High,25.5,0.7,0,4.571428571428571,598.8,0.0
2020-10-24,KE,2,19.116666666666667,Medium,25.8,0.9,0,4.285714285714286,548.9000000000001,0.0
2020-10-25,KE,3,84.76666666666667,High,24.0,2.8,1,4.142857142857143,598.8,0.0
2020-10-26,KE,1,0.0,Medium,21.6,3.7,1,3.5714285714285716,548.9000000000001,0.0
2020-10-30,KE,2,2.033333333333333,Medium,21.8,12.7,1,3.0,548.9000000000001,0.0
2020-11-01,KE,2,0.0,Medium,23.9,1.8,1,2.5714285714285716,548.9000000000001,0.0
2020-11-05,KE,4,2.6666666666666665,Medium,22.8,13.2,1,2.857142857142857,548.9000000000001,0.0
2020-11-06,KE,4,71.75,High,22.3,7.2,1,2.5714285714285716,598.8,0.0
2020-11-07,KE,6,61.016666666666666,High,23.9,1.7,1,3.142857142857143,598.8,0.0
2020-11-08,KE,9,56.33333333333333,Medium,24.0,3.2,1,4.0,548.9000000000001,0.0
2020-11-09,KE,5,99.31666666666668,High,23.7,3.1,1,4.571428571428571,598.8,0.0
2020-11-10,KE,9,182.78333333333333,High,22.6,3.2,1,5.571428571428571,598.8,0.0
2020-11-12,KE,4,9.333333333333334,Medium,24.4,1.5,1,5.857142857142857,548.9000000000001,0.0
2020-11-14,KE,41,245.2,High,22.9,2.9,1,11.142857142857142,598.8,0.0
2020-11-15,KE,17,218.75,High,23.8,0.9,0,13.0,598.8,0.0
2020-11-16,KE,4,12.666666666666666,Medium,22.2,1.8,1,12.714285714285714,548.9000000000001,0.0
2020-11-17,KE,17,28.366666666666667,Medium,24.2,1.8,1,13.857142857142858,548.9000000000001,0.0
2020-11-18,KE,9,20.766666666666666,Medium,25.1,1.0,0,14.428571428571429,548.9000000000001,0.0
2020-11-19,KE,8,0.0,Medium,25.2,2.9,1,14.285714285714286,548.9000000000001,0.0
2020-11-20,KE,9,101.11666666666666,High,22.5,4.3,1,15.0,598.8,0.0
2020-11-21,KE,3,7.116666666666666,Medium,25.1,0.3,0,9.571428571428571,548.9000000000001,0.0
2020-11-22,KE,3,75.66666666666667,High,24.0,3.7,1,7.571428571428571,598.8,0.0
2020-11-23,KE,2,7.166666666666667,Medium,25.4,1.3,1,7.285714285714286,548.9000000000001,0.0
2020-11-24,KE,12,3.3,Medium,25.1,1.0,0,6.571428571428571,548.9000000000001,0.0
2020-11-25,KE,4,103.16666666666667,High,25.9,0.3,0,5.857142857142857,598.8,0.0
2020-11-26,KE,3,109.33333333333334,High,25.1,2.6,1,5.142857142857143,598.8,0.0
2020-11-28,KE,6,45.983333333333334,Medium,20.6,13.8,1,4.714285714285714,548.9000000000001,0.0
2020-11-29,KE,7,186.25,High,21.6,3.5,1,5.285714285714286,598.8,0.0
2020-11-30,KE,2,118.16666666666667,High,25.2,0.0,0,5.142857142857143,598.8,0.0
2020-12-01,KE,2,0.0,Medium,24.7,2.2,1,5.142857142857143,548.9000000000001,0.0
2020-12-03,KE,1,0.0,Medium,23.4,0.8,0,3.5714285714285716,548.9000000000001,0.0
2020-12-04,KE,1,0.0,Medium,23.9,0.6,0,3.142857142857143,548.9000000000001,0.0
2020-12-05,KE,1,0.0,Medium,24.9,0.2,0,2.857142857142857,548.9000000000001,0.0
2020-12-06,KE,2,4.666666666666667,Medium,24.0,0.8,0,2.2857142857142856,548.9000000000001,0.0
2020-12-07,KE,2,6.666666666666667,Medium,24.9,0.8,0,1.5714285714285714,548.9000000000001,0.0
2020-12-08,KE,6,25.733333333333334,Medium,24.0,12.7,1,2.142857142857143,548.9000000000001,0.0
2020-12-10,KE,2,0.0,Medium,23.6,0.5,0,2.142857142857143,548.9000000000001,0.0
2020-12-11,KE,3,3.1666666666666665,Medium,24.1,0.2,0,2.4285714285714284,548.9000000000001,0.0
2020-12-12,KE,2,2.033333333333333,Medium,25.1,0.0,0,2.5714285714285716,548.9000000000001,0.0
2020-12-14,KE,2,0.0,Medium,25.1,0.0,0,2.7142857142857144,548.9000000000001,0.0
2020-12-18,KE,2,7.05,Medium,24.5,0.0,0,2.7142857142857144,548.9000000000001,0.0
2020-12-19,KE,1,0.0,Medium,23.9,0.9,0,2.5714285714285716,548.9000000000001,0.0
2020-12-23,KE,2,60.666666666666664,High,24.5,0.0,0,2.0,598.8,0.0
2020-12-24,KE,1,0.0,Medium,25.4,1.1,1,1.8571428571428572,548.9000000000001,0.0
2020-12-26,KE,4,19.833333333333332,Medium,25.3,0.3,0,2.0,548.9000000000001,0.0
2020-12-28,KE,4,20.333333333333332,Medium,25.8,0.0,0,2.2857142857142856,548.9000000000001,0.0
2020-12-29,KE,2,9.666666666666666,Medium,25.7,0.0,0,2.2857142857142856,548.9000000000001,0.0
2020-12-31,KE,1,0.0,Medium,24.1,4.0,1,2.142857142857143,548.9000000000001,0.0
2021-01-01,KE,2,0.6666666666666666,Medium,22.3,4.4,1,2.2857142857142856,548.9000000000001,0.0
2021-01-02,KE,5,84.31666666666668,High,25.2,0.7,0,2.7142857142857144,598.8,0.0
2021-01-03,KE,4,110.33333333333334,High,25.9,0.3,0,3.142857142857143,598.8,0.0
2021-01-05,KE,2,2.1666666666666665,Medium,26.6,0.1,0,2.857142857142857,548.9000000000001,0.0
2021-01-06,KE,4,6.166666666666667,Medium,25.6,0.4,0,2.857142857142857,548.9000000000001,0.0
2021-01-07,KE,4,19.333333333333332,Medium,26.9,0.0,0,3.142857142857143,548.9000000000001,0.0
2021-01-08,KE,4,117.73333333333333,High,25.3,0.2,0,3.5714285714285716,598.8,0.0
2021-01-09,KE,7,402.23333333333335,High,23.4,7.3,1,4.285714285714286,598.8,0.0
2021-01-11,KE,1,0.0,Medium,23.3,2.1,1,3.7142857142857144,548.9000000000001,0.0
2021-01-12,KE,1,0.0,Medium,22.3,1.1,1,3.2857142857142856,548.9000000000001,0.0
2021-01-13,KE,2,20.666666666666668,Medium,24.1,0.0,0,3.2857142857142856,548.9000000000001,0.0
2021-01-15,KE,2,4.616666666666666,Medium,25.3,0.0,0,3.0,548.9000000000001,0.0
2021-01-16,KE,1,0.0,Medium,24.5,0.4,0,2.5714285714285716,548.9000000000001,0.0
2021-01-18,KE,5,23.700000000000003,Medium,26.6,3.2,1,2.7142857142857144,548.9000000000001,0.0
2021-01-19,KE,6,19.316666666666666,Medium,25.3,3.9,1,2.5714285714285716,548.9000000000001,0.0
2021-01-21,KE,1,6.033333333333333,Medium,25.2,0.0,0,2.5714285714285716,548.9000000000001,0.0
2021-01-23,KE,3,7.666666666666667,Medium,22.9,4.2,1,2.857142857142857,548.9000000000001,0.0
2021-01-29,KE,2,9.166666666666666,Medium,26.5,0.5,0,2.857142857142857,548.9000000000001,0.0
2021-01-30,KE,3,10.166666666666666,Medium,25.5,0.0,0,3.0,548.9000000000001,0.0
2021-01-31,KE,4,0.0,Medium,26.2,0.0,0,3.4285714285714284,548.9000000000001,0.0
2021-02-01,KE,12,0.0,Medium,26.6,0.0,0,4.428571428571429,548.9000000000001,0.0
2021-02-02,KE,6,0.0,Medium,27.9,0.0,0,4.428571428571429,548.9000000000001,0.0
2021-02-03,KE,1,6.666666666666667,Medium,26.3,0.1,0,4.428571428571429,548.9000000000001,0.0
2021-02-04,KE,1,0.0,Medium,28.5,0.0,0,4.142857142857143,548.9000000000001,0.0
2021-02-06,KE,3,8.166666666666666,Medium,27.1,2.9,1,4.285714285714286,548.9000000000001,0.0
2021-02-07,KE,2,58.31666666666666,Medium,24.0,6.6,1,4.142857142857143,548.9000000000001,0.0
2021-02-10,KE,5,146.36666666666667,High,23.4,6.0,1,4.285714285714286,598.8,0.0
2021-02-11,KE,1,10.166666666666666,Medium,22.5,3.5,1,2.7142857142857144,548.9000000000001,0.0
2021-02-14,KE,3,132.31666666666666,High,24.5,1.3,1,2.2857142857142856,598.8,0.0
2021-02-15,KE,1,0.0,Medium,25.6,0.0,0,2.2857142857142856,548.9000000000001,0.0
2021-02-16,KE,5,80.36666666666666,High,26.1,0.0,0,2.857142857142857,598.8,0.0
2021-02-17,KE,2,119.66666666666667,High,27.3,0.0,0,2.7142857142857144,598.8,0.0
2021-02-18,KE,1,54.666666666666664,Medium,27.2,0.0,0,2.5714285714285716,548.9000000000001,0.0
2021-02-19,KE,1,0.0,Medium,27.8,0.0,0,2.0,548.9000000000001,0.0
2021-02-21,KE,2,13.166666666666666,Medium,25.2,3.7,1,2.142857142857143,548.9000000000001,0.0
2021-02-27,KE,1,0.0,Medium,28.7,0.0,0,1.8571428571428572,548.9000000000001,0.0
2021-02-28,KE,2,1.6666666666666667,Medium,28.7,0.0,0,2.0,548.9000000000001,0.0
2021-03-02,KE,4,14.716666666666667,Medium,26.8,0.0,0,1.8571428571428572,548.9000000000001,0.0
2021-03-03,KE,1,54.666666666666664,Medium,27.3,0.0,0,1.7142857142857142,548.9000000000001,0.0
2021-03-04,KE,6,33.2,Medium,26.0,0.4,0,2.4285714285714284,548.9000000000001,0.0
2021-03-05,KE,2,10.166666666666666,Medium,26.7,2.4,1,2.5714285714285716,548.9000000000001,0.0
2021-03-06,KE,2,113.66666666666667,High,27.1,0.9,0,2.5714285714285716,598.8,0.0
2021-03-08,KE,4,99.28333333333335,High,26.7,0.0,0,3.0,598.8,0.0
2021-03-12,KE,5,18.183333333333334,Medium,27.6,0.0,0,3.4285714285714284,548.9000000000001,0.0
2021-03-13,KE,2,118.01666666666667,High,28.3,0.0,0,3.142857142857143,598.8,0.0
2021-03-15,KE,11,28.1,Medium,27.2,0.1,0,4.571428571428571,548.9000000000001,0.0
2021-03-16,KE,2,4.666666666666667,Medium,24.8,3.4,1,4.0,548.9000000000001,0.0
2021-03-18,KE,2,107.16666666666667,High,25.6,0.0,0,4.0,598.8,0.0
2021-03-20,KE,2,3.0833333333333335,Medium,25.3,1.4,1,4.0,548.9000000000001,0.0
2021-03-21,KE,3,61.666666666666664,High,24.1,2.7,1,3.857142857142857,598.8,0.0
2021-03-22,KE,4,29.25,Medium,25.5,0.8,0,3.7142857142857144,548.9000000000001,0.0
2021-03-23,KE,3,9.666666666666666,Medium,26.3,2.5,1,3.857142857142857,548.9000000000001,0.0
2021-03-25,KE,11,124.13333333333334,High,28.5,0.2,0,3.857142857142857,598.8,0.0
2021-03-26,KE,1,0.0,Medium,27.1,0.0,0,3.7142857142857144,548.9000000000001,0.0
2021-03-29,KE,2,114.06666666666666,High,28.0,1.8,1,3.7142857142857144,598.8,0.0
2021-03-31,KE,5,5.833333333333334,Medium,26.4,2.0,1,4.142857142857143,548.9000000000001,0.0
2021-04-01,KE,1,0.0,Medium,26.1,2.8,1,3.857142857142857,548.9000000000001,0.0
2021-04-03,KE,2,48.03333333333333,Medium,27.9,1.9,1,3.5714285714285716,548.9000000000001,0.0
2021-04-04,KE,5,180.6,High,24.2,5.0,1,3.857142857142857,598.8,0.0
2021-04-05,KE,2,4.666666666666667,Medium,24.8,20.5,1,2.5714285714285716,548.9000000000001,0.0
2021-04-06,KE,1,103.16666666666667,High,23.6,32.5,1,2.5714285714285716,598.8,0.0
2021-04-07,KE,1,59.666666666666664,Medium,24.7,2.7,1,2.4285714285714284,548.9000000000001,0.0
2021-04-09,KE,15,71.23333333333333,High,24.3,2.1,1,3.857142857142857,598.8,0.0
2021-04-11,KE,3,103.66666666666667,High,23.8,6.3,1,4.142857142857143,598.8,0.0
2021-04-12,KE,3,124.60000000000001,High,24.1,3.8,1,4.285714285714286,598.8,0.0
2021-04-13,KE,2,123.44999999999999,High,23.9,3.5,1,3.857142857142857,598.8,0.0
2021-04-14,KE,3,224.33333333333334,High,24.7,1.5,1,4.0,598.8,0.0
2021-04-15,KE,4,340.3,High,23.7,3.3,1,4.428571428571429,598.8,0.0
2021-04-16,KE,4,109.01666666666667,High,24.6,1.1,1,4.857142857142857,598.8,0.0
2021-04-17,KE,8,27.7,Medium,24.4,0.9,0,3.857142857142857,548.9000000000001,0.0
2021-04-19,KE,3,17.666666666666664,Medium,23.5,4.8,1,3.857142857142857,548.9000000000001,0.0
2021-04-21,KE,7,314.3,High,24.6,8.5,1,4.428571428571429,598.8,0.0
2021-04-22,KE,1,77.05,High,23.9,3.2,1,4.285714285714286,598.8,0.0
2021-04-26,KE,2,0.0,Medium,23.3,1.5,1,4.142857142857143,548.9000000000001,0.0
2021-04-27,KE,2,0.65,Medium,23.6,2.1,1,3.857142857142857,548.9000000000001,0.0
2021-04-30,KE,2,52.166666666666664,Medium,24.1,1.8,1,3.5714285714285716,548.9000000000001,0.0
2021-05-01,KE,2,8.166666666666666,Medium,23.8,1.6,1,2.7142857142857144,548.9000000000001,0.0
2021-05-03,KE,6,124.78333333333333,High,23.4,28.6,1,3.142857142857143,598.8,0.0
2021-05-04,KE,3,7.666666666666667,Medium,23.5,6.4,1,2.5714285714285716,548.9000000000001,0.0
2021-05-05,KE,2,2.0166666666666666,Medium,23.1,5.5,1,2.7142857142857144,548.9000000000001,0.0
2021-05-06,KE,3,43.666666666666664,Medium,23.8,1.2,1,2.857142857142857,548.9000000000001,0.0
2021-05-08,KE,1,74.16666666666667,High,24.1,19.5,1,2.7142857142857144,598.8,0.0
2021-05-09,KE,5,14.666666666666666,Medium,22.3,3.1,1,3.142857142857143,548.9000000000001,0.0
2021-05-10,KE,2,110.61666666666666,High,22.3,9.5,1,3.142857142857143,598.8,0.0
2021-05-12,KE,3,9.166666666666666,Medium,20.6,7.3,1,2.7142857142857144,548.9000000000001,0.0
2021-05-13,KE,16,0.08333333333333333,Medium,22.9,15.6,1,4.571428571428571,548.9000000000001,0.0
2021-05-14,KE,3,29.333333333333332,Medium,22.0,6.9,1,4.714285714285714,548.9000000000001,0.0
2021-05-15,KE,7,118.2,High,22.8,0.3,0,5.285714285714286,598.8,0.0
2021-05-17,KE,5,15.833333333333332,Medium,24.2,0.7,0,5.857142857142857,548.9000000000001,0.0
2021-05-18,KE,2,4.033333333333333,Medium,23.4,0.9,0,5.428571428571429,548.9000000000001,0.0
2021-05-19,KE,2,0.0,Medium,23.6,0.2,0,5.428571428571429,548.9000000000001,0.0
2021-05-20,KE,7,335.6666666666667,High,23.8,0.0,0,6.0,598.8,0.0
2021-05-21,KE,6,238.91666666666669,High,24.4,0.0,0,4.571428571428571,598.8,0.0
2021-05-22,KE,13,380.95,High,23.8,0.0,0,6.0,598.8,0.0
2021-05-23,KE,5,121.25,High,24.9,0.5,0,5.714285714285714,598.8,0.0
2021-05-24,KE,7,216.53333333333336,High,22.5,5.3,1,6.0,598.8,0.0
2021-05-25,KE,6,113.16666666666667,High,22.9,1.2,1,6.571428571428571,598.8,0.0
2021-05-26,KE,7,53.68333333333333,Medium,21.6,0.0,0,7.285714285714286,548.9000000000001,0.0
2021-05-27,KE,5,11.8,Medium,22.3,0.0,0,7.0,548.9000000000001,0.0
2021-05-28,KE,3,95.66666666666667,High,22.8,0.6,0,6.571428571428571,598.8,0.0
2021-05-29,KE,2,0.0,Medium,23.5,2.4,1,5.0,548.9000000000001,0.0
2021-05-31,KE,1,52.333333333333336,Medium,22.4,0.3,0,4.428571428571429,548.9000000000001,0.0
2021-06-01,KE,8,47.33333333333333,Medium,22.6,0.3,0,4.571428571428571,548.9000000000001,0.0
2021-06-02,KE,4,3.1666666666666665,Medium,23.5,0.0,0,4.285714285714286,548.9000000000001,0.0
2021-06-03,KE,5,28.299999999999997,Medium,23.5,0.3,0,4.0,548.9000000000001,0.0
2021-06-04,KE,2,0.0,Medium,23.3,1.1,1,3.5714285714285716,548.9000000000001,0.0
2021-06-05,KE,3,167.7,High,21.6,0.1,0,3.5714285714285716,598.8,0.0
2021-06-08,KE,2,3.0833333333333335,Medium,22.3,0.2,0,3.5714285714285716,548.9000000000001,0.0
2021-06-09,KE,1,0.0,Medium,20.4,4.1,1,3.5714285714285716,548.9000000000001,0.0
2021-06-17,KE,2,2.5166666666666666,Medium,22.1,0.5,0,2.7142857142857144,548.9000000000001,0.0
2021-07-01,KE,1,0.0,Medium,23.6,0.2,0,2.2857142857142856,548.9000000000001,0.0
2021-07-02,KE,1,17.15,Medium,23.1,0.0,0,1.7142857142857142,548.9000000000001,0.0
2021-07-04,KE,9,84.66666666666667,High,22.1,0.0,0,2.7142857142857144,598.8,0.0
2021-07-06,KE,1,114.06666666666666,High,21.6,0.0,0,2.4285714285714284,598.8,0.0
2021-07-08,KE,2,2.0166666666666666,Medium,19.3,1.5,1,2.4285714285714284,548.9000000000001,0.0
2021-07-10,KE,3,10.166666666666666,Medium,19.3,0.1,0,2.7142857142857144,548.9000000000001,0.0
2021-07-12,KE,3,11.183333333333334,Medium,17.8,3.7,1,2.857142857142857,548.9000000000001,0.0
2021-07-20,KE,1,0.0,Medium,21.7,0.0,0,2.857142857142857,548.9000000000001,0.0
2021-07-23,KE,3,174.33333333333334,High,22.3,1.0,0,3.142857142857143,598.8,0.0
2021-07-24,KE,2,32.46666666666667,Medium,23.5,0.0,0,2.142857142857143,548.9000000000001,0.0
2021-07-25,KE,4,59.33333333333333,Medium,22.0,0.0,0,2.5714285714285716,548.9000000000001,0.0
2021-07-27,KE,1,0.0,Medium,21.6,0.0,0,2.4285714285714284,548.9000000000001,0.0
2021-07-28,KE,8,14.266666666666667,Medium,19.9,0.0,0,3.142857142857143,548.9000000000001,0.0
2021-07-29,KE,2,7.966666666666667,Medium,18.9,0.5,0,3.0,548.9000000000001,0.0
2021-07-31,KE,1,0.0,Medium,23.2,0.0,0,3.0,548.9000000000001,0.0
2021-08-01,KE,1,0.0,Medium,20.7,0.2,0,2.7142857142857144,548.9000000000001,0.0
2021-08-02,KE,1,0.0,Medium,20.4,0.6,0,2.5714285714285716,548.9000000000001,0.0
2021-08-08,KE,2,84.68333333333334,High,22.2,0.0,0,2.2857142857142856,598.8,0.0
2021-08-09,KE,2,64.5,High,24.1,4.2,1,2.4285714285714284,598.8,0.0
2021-08-10,KE,3,0.0,Medium,24.7,25.9,1,1.7142857142857142,548.9000000000001,0.0
2021-08-14,KE,1,0.0,Medium,19.8,0.3,0,1.5714285714285714,548.9000000000001,0.0
2021-08-15,KE,1,0.0,Medium,21.6,0.1,0,1.5714285714285714,548.9000000000001,0.0
2021-08-19,KE,3,5.766666666666667,Medium,22.9,2.0,1,1.8571428571428572,548.9000000000001,0.0
2021-08-20,KE,1,0.0,Medium,22.5,3.7,1,1.8571428571428572,548.9000000000001,0.0
2021-08-21,KE,3,0.0,Medium,23.8,0.0,0,2.0,548.9000000000001,0.0
2021-08-22,KE,1,0.0,Medium,25.2,3.5,1,1.8571428571428572,548.9000000000001,0.0
2021-08-24,KE,1,0.0,Medium,24.7,0.0,0,1.5714285714285714,548.9000000000001,0.0
2021-08-25,KE,8,0.0,Medium,24.6,0.0,0,2.5714285714285716,548.9000000000001,0.0
2021-08-26,KE,2,0.0,Medium,24.4,0.0,0,2.7142857142857144,548.9000000000001,0.0
2021-08-27,KE,2,0.0,Medium,26.1,0.0,0,2.5714285714285716,548.9000000000001,0.0
2021-09-06,KE,1,0.0,Medium,22.5,0.6,0,2.5714285714285716,548.9000000000001,0.0
2021-09-07,KE,1,6.016666666666667,Medium,22.7,1.1,1,2.2857142857142856,548.9000000000001,0.0
2021-09-18,KE,2,119.11666666666666,High,26.5,1.7,1,2.4285714285714284,598.8,0.0
2021-09-20,KE,2,0.0,Medium,26.0,0.0,0,2.5714285714285716,548.9000000000001,0.0
2021-09-21,KE,1,4.85,Medium,25.3,0.5,0,1.5714285714285714,548.9000000000001,0.0
2021-09-22,KE,20,0.0,Medium,24.1,0.4,0,4.142857142857143,548.9000000000001,0.0
2021-09-23,KE,5,0.0,Medium,23.8,0.1,0,4.571428571428571,548.9000000000001,0.0
2021-09-25,KE,5,0.0,Medium,24.9,0.5,0,5.142857142857143,548.9000000000001,0.0
2021-09-26,KE,12,0.0,Medium,24.8,0.4,0,6.714285714285714,548.9000000000001,0.0
2021-09-29,KE,1,0.0,Medium,27.9,0.0,0,6.571428571428571,548.9000000000001,0.0
2021-10-01,KE,1,0.0,Medium,25.4,0.6,0,6.428571428571429,548.9000000000001,0.0
2021-10-03,KE,1,0.0,Medium,27.6,0.5,0,6.428571428571429,548.9000000000001,0.0
2021-10-05,KE,2,0.0,Medium,27.3,0.0,0,3.857142857142857,548.9000000000001,0.0
2021-10-06,KE,4,0.0,Medium,28.3,0.0,0,3.7142857142857144,548.9000000000001,0.0
2021-10-08,KE,2,0.0,Medium,26.3,0.4,0,3.2857142857142856,548.9000000000001,0.0
2021-10-09,KE,2,0.0,Medium,24.9,1.1,1,1.8571428571428572,548.9000000000001,0.0
2021-10-10,KE,1,0.0,Medium,26.2,0.7,0,1.8571428571428572,548.9000000000001,0.0
2021-10-14,KE,3,0.0,Medium,27.2,0.6,0,2.142857142857143,548.9000000000001,0.0
2021-10-17,KE,2,0.0,Medium,27.6,4.1,1,2.2857142857142856,548.9000000000001,0.0
2021-10-18,KE,2,0.0,Medium,27.2,0.0,0,2.2857142857142856,548.9000000000001,0.0
2021-10-20,KE,2,0.0,Medium,22.2,3.8,1,2.0,548.9000000000001,0.0
2021-10-21,KE,3,0.0,Medium,24.7,1.4,1,2.142857142857143,548.9000000000001,0.0
2021-10-23,KE,3,15.733333333333333,Medium,27.3,0.6,0,2.2857142857142856,548.9000000000001,0.0
2021-10-24,KE,1,91.45,High,27.9,0.0,0,2.2857142857142856,598.8,0.0
2021-10-25,KE,1,0.0,Medium,27.0,1.0,0,2.0,548.9000000000001,0.0
2021-10-26,KE,1,0.0,Medium,27.8,1.1,1,1.8571428571428572,548.9000000000001,0.0
2021-10-27,KE,1,0.0,Medium,26.9,2.1,1,1.7142857142857142,548.9000000000001,0.0
2021-10-31,KE,2,0.0,Medium,26.2,0.7,0,1.7142857142857142,548.9000000000001,0.0
2021-11-02,KE,2,0.0,Medium,26.7,0.2,0,1.5714285714285714,548.9000000000001,0.0
2021-11-03,KE,1,0.0,Medium,27.4,0.5,0,1.2857142857142858,548.9000000000001,0.0
2021-11-08,KE,2,0.0,Medium,27.8,0.0,0,1.4285714285714286,548.9000000000001,0.0
2021-11-11,KE,2,0.0,Medium,26.9,0.3,0,1.5714285714285714,548.9000000000001,0.0
2021-11-15,KE,3,0.0,Medium,26.5,1.9,1,1.8571428571428572,548.9000000000001,0.0
2021-11-16,KE,2,0.0,Medium,25.9,3.0,1,2.0,548.9000000000001,0.0
2021-11-17,KE,2,0.0,Medium,26.1,0.7,0,2.0,548.9000000000001,0.0
2021-11-19,KE,1,0.0,Medium,27.8,0.6,0,1.8571428571428572,548.9000000000001,0.0
2021-11-22,KE,2,2.1666666666666665,Medium,26.8,0.9,0,2.0,548.9000000000001,0.0
2021-11-23,KE,1,37.333333333333336,Medium,28.6,0.0,0,1.8571428571428572,548.9000000000001,0.0
2021-11-24,KE,1,2.033333333333333,Medium,28.5,0.0,0,1.7142857142857142,548.9000000000001,0.0
2021-12-02,KE,1,0.0,Medium,22.0,3.2,1,1.4285714285714286,548.9000000000001,0.0
2021-12-03,KE,3,5.5,Medium,21.4,8.4,1,1.5714285714285714,548.9000000000001,0.0
2021-12-04,KE,10,0.0,Medium,22.3,3.0,1,2.7142857142857144,548.9000000000001,0.0
2021-12-05,KE,27,0.0,Medium,23.0,3.2,1,6.428571428571429,548.9000000000001,0.0
2021-12-07,KE,3,0.0,Medium,24.1,2.9,1,6.571428571428571,548.9000000000001,0.0
2021-12-08,KE,1,0.0,Medium,24.8,3.5,1,6.571428571428571,548.9000000000001,0.0
2021-12-09,KE,3,0.0,Medium,24.2,2.7,1,6.857142857142857,548.9000000000001,0.0
2021-12-10,KE,38,0.0,Medium,24.5,2.7,1,12.142857142857142,548.9000000000001,0.0
2021-12-11,KE,1,15.0,Medium,24.2,1.7,1,11.857142857142858,548.9000000000001,0.0
2021-12-12,KE,3,0.0,Medium,22.7,0.3,0,10.857142857142858,548.9000000000001,0.0
2021-12-13,KE,2,0.0,Medium,23.2,2.8,1,7.285714285714286,548.9000000000001,0.0
2021-12-14,KE,1,0.0,Medium,23.1,4.0,1,7.0,548.9000000000001,0.0
2021-12-15,KE,4,0.0,Medium,23.4,3.9,1,7.428571428571429,548.9000000000001,0.0
2021-12-16,KE,1,0.0,Medium,23.8,3.3,1,7.142857142857143,548.9000000000001,0.0
2021-12-18,KE,1,2.85,Medium,24.4,2.7,1,1.8571428571428572,548.9000000000001,0.0
2021-12-19,KE,1,0.0,Medium,22.4,4.5,1,1.8571428571428572,548.9000000000001,0.0
2021-12-20,KE,1,0.0,Medium,24.7,2.0,1,1.5714285714285714,548.9000000000001,0.0
2021-12-21,KE,1,1.0,Medium,22.7,8.0,1,1.4285714285714286,548.9000000000001,0.0
2021-12-22,KE,5,0.0,Medium,24.5,3.3,1,2.0,548.9000000000001,0.0
2021-12-23,KE,2,0.0,Medium,24.4,4.3,1,1.7142857142857142,548.9000000000001,0.0
2021-12-26,KE,2,0.0,Medium,22.8,8.6,1,1.8571428571428572,548.9000000000001,0.0
2021-12-27,KE,1,0.0,Medium,24.1,10.0,1,1.8571428571428572,548.9000000000001,0.0
2021-12-28,KE,1,0.0,Medium,24.0,2.0,1,1.8571428571428572,548.9000000000001,0.0
2021-12-31,KE,1,0.0,Medium,25.5,0.0,0,1.8571428571428572,548.9000000000001,0.0
2022-01-01,KE,1,0.0,Medium,25.9,0.0,0,1.8571428571428572,548.9000000000001,0.0
2022-01-02,KE,3,0.0,Medium,26.3,0.0,0,1.5714285714285714,548.9000000000001,0.0
2022-01-04,KE,2,0.0,Medium,26.6,0.0,0,1.5714285714285714,548.9000000000001,0.0
2022-01-07,KE,1,0.0,Medium,24.6,0.5,0,1.4285714285714286,548.9000000000001,0.0
2022-01-08,KE,10,0.0,Medium,25.4,0.9,0,2.7142857142857144,548.9000000000001,0.0
2022-01-09,KE,1,0.0,Medium,26.0,0.6,0,2.7142857142857144,548.9000000000001,0.0
2022-01-11,KE,1,0.0,Medium,25.1,0.0,0,2.7142857142857144,548.9000000000001,0.0
2022-01-13,KE,1,0.0,Medium,26.8,0.0,0,2.7142857142857144,548.9000000000001,0.0
2022-01-14,KE,3,0.0,Medium,28.1,0.0,0,2.7142857142857144,548.9000000000001,0.0
2022-01-15,KE,4,0.0,Medium,26.6,0.4,0,3.0,548.9000000000001,0.0
2022-01-16,KE,2,0.0,Medium,26.8,0.2,0,3.142857142857143,548.9000000000001,0.0
2022-01-17,KE,1,0.0,Medium,23.6,4.5,1,1.8571428571428572,548.9000000000001,0.0
2022-01-20,KE,2,0.0,Medium,26.7,0.0,0,2.0,548.9000000000001,0.0
2022-01-21,KE,1,0.0,Medium,25.4,0.1,0,2.0,548.9000000000001,0.0
2022-01-22,KE,3,0.0,Medium,25.1,0.1,0,2.2857142857142856,548.9000000000001,0.0
2022-01-23,KE,1,0.0,Medium,26.1,0.0,0,2.0,548.9000000000001,0.0
2022-01-28,KE,2,0.0,Medium,27.6,0.0,0,1.7142857142857142,548.9000000000001,0.0
2022-01-30,KE,4,0.0,Medium,26.5,0.1,0,2.0,548.9000000000001,0.0
2022-01-31,KE,5,0.0,Medium,25.6,0.3,0,2.5714285714285716,548.9000000000001,0.0
2022-02-01,KE,3,0.0,Medium,25.9,1.1,1,2.7142857142857144,548.9000000000001,0.0
2022-02-02,KE,1,0.0,Medium,27.1,2.2,1,2.7142857142857144,548.9000000000001,0.0
2022-02-06,KE,3,0.0,Medium,28.4,0.3,0,2.7142857142857144,548.9000000000001,0.0
2022-02-07,KE,2,0.0,Medium,26.6,0.5,0,2.857142857142857,548.9000000000001,0.0
2022-02-08,KE,1,0.0,Medium,26.6,0.0,0,2.7142857142857144,548.9000000000001,0.0
2022-02-09,KE,1,0.0,Medium,26.1,0.0,0,2.2857142857142856,548.9000000000001,0.0
2022-02-11,KE,2,0.0,Medium,26.8,0.0,0,1.8571428571428572,548.9000000000001,0.0
2022-02-12,KE,8,0.0,Medium,28.1,0.1,0,2.5714285714285716,548.9000000000001,0.0
2022-02-13,KE,11,0.0,Medium,28.1,0.0,0,4.0,548.9000000000001,0.0
2022-02-14,KE,2,0.0,Medium,29.3,0.0,0,3.857142857142857,548.9000000000001,0.0
2022-02-15,KE,1,0.0,Medium,27.5,0.0,0,3.7142857142857144,548.9000000000001,0.0
2022-02-17,KE,2,0.0,Medium,29.3,0.0,0,3.857142857142857,548.9000000000001,0.0
2022-02-24,KE,1,0.0,Medium,23.9,1.2,1,3.857142857142857,548.9000000000001,0.0
2022-03-04,KE,1,0.0,Medium,28.4,0.0,0,3.7142857142857144,548.9000000000001,0.0
2022-03-06,KE,1,0.0,Medium,27.8,0.0,0,2.7142857142857144,548.9000000000001,0.0
2022-03-10,KE,183,0.0,Medium,28.9,0.0,0,27.285714285714285,548.9000000000001,548.9000000000001
2022-03-11,KE,1,0.0,Medium,29.0,0.0,0,27.142857142857142,548.9000000000001,0.0
2022-03-12,KE,8,0.0,Medium,28.9,0.0,0,28.142857142857142,548.9000000000001,0.0
2022-03-13,KE,11,0.0,Medium,29.5,0.0,0,29.428571428571427,548.9000000000001,0.0
2022-03-14,KE,1,0.0,Medium,29.4,0.0,0,29.428571428571427,548.9000000000001,0.0
2022-03-17,KE,1,0.0,Medium,28.9,0.0,0,29.428571428571427,548.9000000000001,0.0
2022-03-18,KE,1,0.0,Medium,28.1,0.0,0,29.428571428571427,548.9000000000001,0.0
2022-03-19,KE,2,0.0,Medium,28.1,0.0,0,3.5714285714285716,548.9000000000001,0.0
2022-03-22,KE,3,0.0,Medium,27.1,0.2,0,3.857142857142857,548.9000000000001,0.0
2022-03-24,KE,2,0.0,Medium,27.7,0.1,0,3.0,548.9000000000001,0.0
2022-03-25,KE,1,0.0,Medium,28.9,0.1,0,1.5714285714285714,548.9000000000001,0.0
2022-03-28,KE,1,0.0,Medium,27.6,1.0,0,1.5714285714285714,548.9000000000001,0.0
2022-03-31,KE,1,0.0,Medium,26.0,4.4,1,1.5714285714285714,548.9000000000001,0.0
2022-04-01,KE,1,0.0,Medium,23.9,8.7,1,1.5714285714285714,548.9000000000001,0.0
2022-04-02,KE,3,0.0,Medium,23.5,2.5,1,1.7142857142857142,548.9000000000001,0.0
2022-04-03,KE,3,0.0,Medium,25.7,0.3,0,1.7142857142857142,548.9000000000001,0.0
2022-04-06,KE,6,0.0,Medium,26.5,1.1,1,2.2857142857142856,548.9000000000001,0.0
2022-04-09,KE,15,0.0,Medium,26.2,0.0,0,4.285714285714286,548.9000000000001,0.0
2022-04-10,KE,2,0.0,Medium,25.6,2.4,1,4.428571428571429,548.9000000000001,0.0
2022-04-12,KE,4,0.0,Medium,27.5,0.6,0,4.857142857142857,548.9000000000001,0.0
2022-04-14,KE,4,0.0,Medium,27.8,1.8,1,5.285714285714286,548.9000000000001,0.0
2022-04-16,KE,1,0.0,Medium,27.7,1.0,0,5.0,548.9000000000001,0.0
2022-04-18,KE,2,0.0,Medium,26.2,1.6,1,4.857142857142857,548.9000000000001,0.0
2022-04-20,KE,1,0.0,Medium,25.1,6.6,1,4.142857142857143,548.9000000000001,0.0
2022-04-23,KE,1,0.0,Medium,25.4,4.9,1,2.142857142857143,548.9000000000001,0.0
2022-04-24,KE,1,0.0,Medium,24.2,4.2,1,2.0,548.9000000000001,0.0
2022-04-27,KE,1,2.1,Medium,22.8,5.9,1,1.5714285714285714,548.9000000000001,0.0
2022-05-08,KE,3,13.666666666666666,Medium,25.1,0.8,0,1.4285714285714286,548.9000000000001,0.0
2022-05-16,KE,2,68.63333333333334,High,23.3,0.6,0,1.5714285714285714,598.8,0.0
2022-05-26,KE,7,51.0,Medium,25.2,0.1,0,2.2857142857142856,548.9000000000001,0.0
2022-05-31,KE,2,16.333333333333332,Medium,23.1,0.2,0,2.4285714285714284,548.9000000000001,0.0
2022-06-01,KE,4,7.116666666666666,Medium,23.5,1.4,1,2.857142857142857,548.9000000000001,0.0
2022-06-07,KE,1,0.0,Medium,23.7,3.2,1,2.857142857142857,548.9000000000001,0.0
2022-06-10,KE,1,3.1666666666666665,Medium,22.7,0.3,0,2.857142857142857,548.9000000000001,0.0
2022-06-11,KE,9,0.0,Medium,22.7,0.0,0,3.7142857142857144,548.9000000000001,0.0
2022-06-12,KE,1,89.66666666666667,High,23.3,0.2,0,3.5714285714285716,598.8,0.0
2022-06-13,KE,2,72.16666666666667,High,21.5,0.0,0,2.857142857142857,598.8,0.0
2022-06-19,KE,5,96.14999999999999,High,23.0,0.3,0,3.2857142857142856,598.8,0.0
2022-06-20,KE,2,0.0,Medium,22.8,0.1,0,3.0,548.9000000000001,0.0
2022-06-23,KE,2,0.6666666666666666,Medium,20.9,1.6,1,3.142857142857143,548.9000000000001,0.0
2022-06-29,KE,2,71.03333333333333,High,20.7,0.0,0,3.2857142857142856,598.8,0.0
2022-07-01,KE,3,4.15,Medium,19.3,0.1,0,2.4285714285714284,548.9000000000001,0.0
2022-07-03,KE,42,0.0,Medium,23.9,0.0,0,8.285714285714286,548.9000000000001,0.0
2022-07-07,KE,1,0.0,Medium,22.2,0.0,0,8.142857142857142,548.9000000000001,0.0
2022-07-09,KE,10,0.0,Medium,18.5,0.8,0,8.857142857142858,548.9000000000001,0.0
2022-07-11,KE,8,20.1,Medium,22.1,1.6,1,9.714285714285714,548.9000000000001,0.0
2022-07-12,KE,2,107.16666666666667,High,19.5,1.7,1,9.714285714285714,598.8,0.0
2022-07-13,KE,1,0.0,Medium,24.0,0.5,0,9.571428571428571,548.9000000000001,0.0
2022-07-17,KE,2,74.66666666666667,High,19.9,0.1,0,9.428571428571429,598.8,0.0
2022-07-18,KE,1,0.0,Medium,21.7,0.8,0,3.5714285714285716,548.9000000000001,0.0
2022-07-26,KE,1,53.65,Medium,22.5,0.3,0,3.5714285714285716,548.9000000000001,0.0
2022-07-29,KE,2,28.166666666666668,Medium,21.8,0.8,0,2.4285714285714284,548.9000000000001,0.0
2022-07-31,KE,138,0.0,Medium,21.6,0.4,0,21.0,548.9000000000001,548.9000000000001
2022-08-05,KE,2,0.0,Medium,19.8,0.7,0,21.0,548.9000000000001,0.0
2022-08-16,KE,2,4.666666666666667,Medium,23.8,1.7,1,21.142857142857142,548.9000000000001,0.0
2022-08-18,KE,4,5.1,Medium,24.2,0.0,0,21.428571428571427,548.9000000000001,0.0
2022-08-19,KE,7,9.133333333333333,Medium,25.7,0.0,0,22.285714285714285,548.9000000000001,0.0
2022-08-20,KE,7,323.4,High,26.9,0.0,0,23.142857142857142,598.8,0.0
2022-08-22,KE,1,0.0,Medium,22.6,0.0,0,23.0,548.9000000000001,0.0
2022-08-23,KE,4,151.33333333333334,High,22.3,0.0,0,3.857142857142857,598.8,0.0
2022-08-24,KE,1,11.166666666666666,Medium,23.3,0.2,0,3.7142857142857144,548.9000000000001,0.0
2022-08-27,KE,1,0.0,Medium,19.8,2.3,1,3.5714285714285716,548.9000000000001,0.0
2022-08-31,KE,1,0.0,Medium,23.5,0.7,0,3.142857142857143,548.9000000000001,0.0
2022-09-02,KE,85,121.63333333333334,High,22.4,0.2,0,14.285714285714286,598.8,0.0
2022-09-05,KE,2,85.55,High,26.0,0.1,0,13.571428571428571,598.8,0.0
2022-09-06,KE,3,86.6,High,23.7,9.6,1,13.857142857142858,598.8,0.0
2022-09-08,KE,1,0.0,Medium,19.3,1.9,1,13.428571428571429,548.9000000000001,0.0
2022-09-13,KE,2,32.05,Medium,24.2,1.0,0,13.571428571428571,548.9000000000001,0.0
2022-09-16,KE,4,204.5,High,23.4,0.0,0,14.0,598.8,0.0
2022-09-18,KE,2,88.66666666666667,High,22.9,0.1,0,14.142857142857142,598.8,0.0
2022-09-21,KE,2,116.16666666666667,High,25.7,0.3,0,2.2857142857142856,598.8,0.0
2022-09-22,KE,1,0.0,Medium,25.6,0.3,0,2.142857142857143,548.9000000000001,0.0
2022-09-23,KE,4,87.1,High,26.1,0.1,0,2.2857142857142856,598.8,0.0
2022-09-24,KE,5,154.75,High,27.7,0.1,0,2.857142857142857,598.8,0.0
2022-09-25,KE,3,6.166666666666667,Medium,25.5,1.5,1,3.0,548.9000000000001,0.0
2022-09-26,KE,7,72.76666666666667,High,25.9,1.2,1,3.4285714285714284,598.8,0.0
2022-09-27,KE,8,66.0,High,26.9,0.1,0,4.285714285714286,598.8,0.0
2022-09-28,KE,8,63.13333333333333,High,26.8,0.0,0,5.142857142857143,598.8,0.0
2022-09-29,KE,41,0.0,Medium,26.3,0.0,0,10.857142857142858,548.9000000000001,0.0
2022-09-30,KE,2,63.13333333333333,High,24.8,0.6,0,10.571428571428571,598.8,0.0
2022-10-02,KE,110,0.0,Medium,26.2,0.0,0,25.571428571428573,548.9000000000001,548.9000000000001
2022-10-04,KE,3,10.616666666666667,Medium,25.7,1.9,1,25.571428571428573,548.9000000000001,0.0
2022-10-05,KE,6,1.8333333333333335,Medium,26.4,0.3,0,25.428571428571427,548.9000000000001,0.0
2022-10-06,KE,4,1.0833333333333335,Medium,24.9,1.4,1,24.857142857142858,548.9000000000001,0.0
2022-10-07,KE,1,0.0,Medium,26.5,0.2,0,23.857142857142858,548.9000000000001,0.0
2022-10-08,KE,2,27.666666666666668,Medium,26.1,0.1,0,18.285714285714285,548.9000000000001,0.0
2022-10-09,KE,4,32.05,Medium,27.5,0.0,0,18.571428571428573,548.9000000000001,0.0
2022-10-10,KE,1,0.0,Medium,28.0,0.0,0,3.0,548.9000000000001,0.0
2022-10-11,KE,2,65.16666666666667,High,26.3,0.0,0,2.857142857142857,598.8,0.0
2022-10-12,KE,2,56.166666666666664,Medium,27.1,0.0,0,2.2857142857142856,548.9000000000001,0.0
2022-10-13,KE,3,64.21666666666667,High,27.4,0.0,0,2.142857142857143,598.8,0.0
2022-10-14,KE,2,84.16666666666667,High,27.0,0.0,0,2.2857142857142856,598.8,0.0
2022-10-15,KE,2,62.166666666666664,High,26.4,0.2,0,2.2857142857142856,598.8,0.0
2022-10-18,KE,1,0.0,Medium,26.0,1.7,1,1.8571428571428572,548.9000000000001,0.0
2022-10-19,KE,53,47.33333333333333,Medium,26.0,0.5,0,9.285714285714286,548.9000000000001,0.0
2022-10-20,KE,10,294.5,High,26.7,0.6,0,10.428571428571429,598.8,0.0
2022-10-21,KE,1,0.0,Medium,27.8,0.2,0,10.285714285714286,548.9000000000001,0.0
2022-10-23,KE,2,14.6,Medium,27.0,0.4,0,10.142857142857142,548.9000000000001,0.0
2022-10-28,KE,54,35.81666666666667,Medium,28.5,1.4,1,17.571428571428573,548.9000000000001,0.0
2022-10-29,KE,7,214.05,High,27.0,0.3,0,18.285714285714285,598.8,0.0
2022-10-30,KE,28,0.0,Medium,27.8,0.0,0,22.142857142857142,548.9000000000001,0.0
2022-11-01,KE,79,132.75,High,22.4,5.0,1,25.857142857142858,598.8,0.0
2022-11-02,KE,1,12.666666666666666,Medium,23.4,4.1,1,24.571428571428573,548.9000000000001,0.0
2022-11-03,KE,7,88.6,High,23.9,6.9,1,25.428571428571427,598.8,0.0
2022-11-04,KE,1,0.0,Medium,25.0,10.5,1,25.285714285714285,548.9000000000001,0.0
2022-11-05,KE,2,66.66666666666667,High,25.1,0.7,0,17.857142857142858,598.8,0.0
2022-11-06,KE,4,116.33333333333334,High,24.6,1.7,1,17.428571428571427,598.8,0.0
2022-11-07,KE,11,241.35000000000002,High,24.2,3.6,1,15.0,598.8,0.0
2022-11-08,KE,1,0.0,Medium,25.8,2.5,1,3.857142857142857,548.9000000000001,0.0
2022-11-09,KE,2,0.0,Medium,25.4,0.6,0,4.0,548.9000000000001,0.0
2022-11-10,KE,2,0.0,Medium,25.6,0.9,0,3.2857142857142856,548.9000000000001,0.0
2022-11-11,KE,45,147.33333333333334,High,23.8,1.4,1,9.571428571428571,598.8,0.0
2022-11-12,KE,1,28.166666666666668,Medium,24.5,12.7,1,9.428571428571429,548.9000000000001,0.0
2022-11-13,KE,3,241.33333333333334,High,24.0,0.3,0,9.285714285714286,598.8,0.0
2022-11-17,KE,157,304.31666666666666,High,18.0,13.3,1,30.142857142857142,598.8,598.8
2022-11-19,KE,3,115.66666666666667,High,23.2,3.2,1,30.428571428571427,598.8,0.0
2022-11-20,KE,82,0.0,Medium,24.1,6.5,1,41.857142857142854,548.9000000000001,0.0
2022-11-21,KE,59,0.0,Medium,24.5,1.0,0,50.0,548.9000000000001,0.0
2022-11-22,KE,2,3.0833333333333335,Medium,24.8,1.6,1,43.857142857142854,548.9000000000001,0.0
2022-11-25,KE,7,170.9,High,23.3,1.6,1,44.714285714285715,598.8,0.0
2022-11-27,KE,2,0.0,Medium,24.7,2.0,1,44.57142857142857,548.9000000000001,0.0
2022-11-29,KE,3,61.333333333333336,High,23.9,3.6,1,22.571428571428573,598.8,0.0
2022-12-01,KE,4,30.133333333333333,Medium,23.3,2.9,1,22.714285714285715,548.9000000000001,0.0
2022-12-02,KE,1,6.166666666666667,Medium,24.5,1.9,1,11.142857142857142,548.9000000000001,0.0
2022-12-04,KE,1,0.0,Medium,22.4,2.5,1,2.857142857142857,548.9000000000001,0.0
2022-12-05,KE,11,0.0,Medium,24.5,2.5,1,4.142857142857143,548.9000000000001,0.0
2022-12-06,KE,37,57.833333333333336,Medium,24.7,0.6,0,8.428571428571429,548.9000000000001,0.0
2022-12-07,KE,1,0.0,Medium,25.0,0.9,0,8.285714285714286,548.9000000000001,0.0
2022-12-08,KE,2,0.0,Medium,24.0,3.9,1,8.142857142857142,548.9000000000001,0.0
2022-12-09,KE,57,31.166666666666668,Medium,24.8,2.0,1,15.714285714285714,548.9000000000001,0.0
2022-12-10,KE,6,91.43333333333334,High,24.6,2.8,1,16.428571428571427,598.8,0.0
2022-12-11,KE,4,5.833333333333334,Medium,25.2,6.1,1,16.857142857142858,548.9000000000001,0.0
2022-12-12,KE,3,32.05,Medium,23.6,2.8,1,15.714285714285714,548.9000000000001,0.0
2022-12-13,KE,3,239.39999999999998,High,23.7,3.0,1,10.857142857142858,598.8,0.0
2022-12-14,KE,63,19.466666666666665,Medium,24.4,0.4,0,19.714285714285715,548.9000000000001,0.0
2022-12-15,KE,6,218.0,High,25.0,0.5,0,20.285714285714285,598.8,0.0
2022-12-17,KE,4,86.56666666666666,High,24.9,1.4,1,12.714285714285714,598.8,0.0
2022-12-18,KE,6,13.266666666666667,Medium,25.6,0.3,0,12.714285714285714,548.9000000000001,0.0
2022-12-21,KE,5,139.21666666666667,High,25.3,0.9,0,12.857142857142858,598.8,0.0
2022-12-22,KE,12,207.31666666666666,High,25.9,0.5,0,14.142857142857142,598.8,0.0
2022-12-23,KE,3,30.333333333333332,Medium,24.1,0.8,0,14.142857142857142,548.9000000000001,0.0
2022-12-24,KE,4,32.05,Medium,25.8,1.1,1,5.714285714285714,548.9000000000001,0.0
2022-12-25,KE,6,30.783333333333335,Medium,25.6,0.8,0,5.714285714285714,548.9000000000001,0.0
2022-12-26,KE,5,52.55,Medium,26.0,0.2,0,5.857142857142857,548.9000000000001,0.0
2022-12-27,KE,3,28.166666666666668,Medium,23.6,4.4,1,5.428571428571429,548.9000000000001,0.0
2022-12-28,KE,4,0.0,Medium,25.5,0.2,0,5.285714285714286,548.9000000000001,0.0
2022-12-29,KE,1,0.0,Medium,23.9,1.6,1,3.7142857142857144,548.9000000000001,0.0
2022-12-31,KE,3,56.166666666666664,Medium,23.5,0.0,0,3.7142857142857144,548.9000000000001,0.0
2023-01-01,KE,1,22.166666666666668,Medium,24.3,0.0,0,3.2857142857142856,548.9000000000001,0.0
2023-01-02,KE,1,88.66666666666667,High,23.1,1.1,1,2.5714285714285716,598.8,0.0
2023-01-04,KE,2,1.25,Medium,21.7,2.1,1,2.142857142857143,548.9000000000001,0.0
2023-01-05,KE,3,213.33333333333334,High,23.8,0.5,0,2.142857142857143,598.8,0.0
2023-01-06,KE,8,104.21666666666665,High,25.8,0.0,0,2.7142857142857144,598.8,0.0
2023-01-08,KE,5,73.0,High,25.4,0.4,0,3.2857142857142856,598.8,0.0
2023-01-10,KE,5,74.66666666666667,High,24.7,0.4,0,3.5714285714285716,598.8,0.0
2023-01-11,KE,1,0.0,Medium,24.9,0.1,0,3.5714285714285716,548.9000000000001,0.0
2023-01-16,KE,5,0.0,Medium,24.9,0.0,0,4.142857142857143,548.9000000000001,0.0
2023-01-17,KE,2,0.0,Medium,25.7,0.0,0,4.142857142857143,548.9000000000001,0.0
2023-01-21,KE,4,0.0,Medium,26.8,0.0,0,4.285714285714286,548.9000000000001,0.0
2023-01-22,KE,1,0.0,Medium,26.2,0.0,0,3.2857142857142856,548.9000000000001,0.0
2023-01-23,KE,1,0.0,Medium,25.1,0.2,0,2.7142857142857144,548.9000000000001,0.0
2023-01-24,KE,1,0.0,Medium,25.7,0.0,0,2.142857142857143,548.9000000000001,0.0
2023-01-29,KE,1,0.0,Medium,27.5,0.0,0,2.142857142857143,548.9000000000001,0.0
2023-02-02,KE,1,0.0,Medium,29.2,0.0,0,1.5714285714285714,548.9000000000001,0.0
2023-02-05,KE,3,0.0,Medium,29.6,0.0,0,1.7142857142857142,548.9000000000001,0.0
2023-02-06,KE,2,0.0,Medium,29.5,0.0,0,1.4285714285714286,548.9000000000001,0.0
2023-02-10,KE,1,0.0,Medium,29.7,0.0,0,1.4285714285714286,548.9000000000001,0.0
2023-02-12,KE,1,0.0,Medium,28.1,0.0,0,1.4285714285714286,548.9000000000001,0.0
2023-02-13,KE,3,0.0,Medium,28.7,0.0,0,1.7142857142857142,548.9000000000001,0.0
2023-02-14,KE,8,0.0,Medium,28.6,0.0,0,2.7142857142857144,548.9000000000001,0.0
2023-02-15,KE,30,0.0,Medium,29.4,0.0,0,6.857142857142857,548.9000000000001,0.0
2023-02-16,KE,15,0.0,Medium,28.4,0.2,0,8.571428571428571,548.9000000000001,0.0
2023-02-17,KE,1,0.0,Medium,27.9,0.0,0,8.428571428571429,548.9000000000001,0.0
2023-02-20,KE,2,0.0,Medium,28.7,0.0,0,8.571428571428571,548.9000000000001,0.0
2023-02-22,KE,1,0.0,Medium,29.3,0.0,0,8.571428571428571,548.9000000000001,0.0
2023-02-27,KE,1,0.0,Medium,28.2,2.3,1,8.285714285714286,548.9000000000001,0.0
2023-03-04,KE,1,0.0,Medium,28.7,0.0,0,7.285714285714286,548.9000000000001,0.0
2023-03-05,KE,4,0.0,Medium,28.2,0.0,0,3.5714285714285716,548.9000000000001,0.0
2023-03-07,KE,1,0.0,Medium,29.8,0.0,0,1.5714285714285714,548.9000000000001,0.0
2023-03-08,KE,11,0.0,Medium,30.3,0.0,0,3.0,548.9000000000001,0.0
2023-03-09,KE,1,0.0,Medium,29.8,0.0,0,2.857142857142857,548.9000000000001,0.0
2023-03-10,KE,566,0.0,Medium,29.9,0.1,0,83.57142857142857,548.9000000000001,2744.5000000000005
2023-03-11,KE,3,0.0,Medium,29.5,0.1,0,83.85714285714286,548.9000000000001,0.0
2023-03-12,KE,18,0.0,Medium,28.2,0.0,0,86.28571428571429,548.9000000000001,0.0
2023-03-13,KE,11,0.0,Medium,28.9,0.8,0,87.28571428571429,548.9000000000001,0.0
2023-03-14,KE,3,0.0,Medium,27.1,1.5,1,87.57142857142857,548.9000000000001,0.0
2023-03-15,KE,5,0.0,Medium,27.8,0.3,0,86.71428571428571,548.9000000000001,0.0
2023-03-16,KE,1,0.0,Medium,24.8,2.1,1,86.71428571428571,548.9000000000001,0.0
2023-03-17,KE,5,68.61666666666666,High,24.8,2.2,1,6.571428571428571,598.8,0.0
2023-03-18,KE,6,0.0,Medium,27.7,0.1,0,7.0,548.9000000000001,0.0
2023-03-19,KE,1,0.0,Medium,27.4,0.8,0,4.571428571428571,548.9000000000001,0.0
2023-03-22,KE,2,0.0,Medium,26.3,2.6,1,3.2857142857142856,548.9000000000001,0.0
2023-03-23,KE,1,0.0,Medium,26.3,7.6,1,3.0,548.9000000000001,0.0
2023-03-26,KE,2,0.0,Medium,24.3,6.5,1,2.5714285714285716,548.9000000000001,0.0
2023-03-27,KE,4,0.0,Medium,25.9,0.7,0,3.0,548.9000000000001,0.0
2023-03-28,KE,1,0.0,Medium,25.9,2.1,1,2.4285714285714284,548.9000000000001,0.0
2023-03-29,KE,10,0.0,Medium,24.9,8.4,1,3.0,548.9000000000001,0.0
2023-03-30,KE,2,0.0,Medium,26.0,1.5,1,3.142857142857143,548.9000000000001,0.0
2023-03-31,KE,65,0.0,Medium,25.3,3.0,1,12.142857142857142,548.9000000000001,0.0
2023-04-01,KE,2,0.0,Medium,26.0,0.4,0,12.285714285714286,548.9000000000001,0.0
2023-04-02,KE,1,0.0,Medium,25.8,1.5,1,12.142857142857142,548.9000000000001,0.0
2023-04-05,KE,2,0.0,Medium,24.7,3.1,1,11.857142857142858,548.9000000000001,0.0
2023-04-06,KE,1,0.0,Medium,24.6,2.6,1,11.857142857142858,548.9000000000001,0.0
2023-04-11,KE,3,2.0166666666666666,Medium,23.8,11.0,1,10.857142857142858,548.9000000000001,0.0
2023-04-12,KE,1,0.0,Medium,24.1,2.3,1,10.714285714285714,548.9000000000001,0.0
2023-04-14,KE,1,0.0,Medium,23.2,3.2,1,1.5714285714285714,548.9000000000001,0.0
2023-04-16,KE,2,0.0,Medium,24.4,3.9,1,1.5714285714285714,548.9000000000001,0.0
2023-04-17,KE,4,0.0,Medium,25.3,4.6,1,2.0,548.9000000000001,0.0
2023-04-21,KE,1,0.0,Medium,26.1,0.9,0,1.8571428571428572,548.9000000000001,0.0
2023-04-24,KE,1,0.0,Medium,24.9,1.6,1,1.8571428571428572,548.9000000000001,0.0
2023-04-29,KE,37,12.183333333333334,Medium,22.0,1.4,1,6.714285714285714,548.9000000000001,0.0
2023-04-30,KE,1,0.0,Medium,23.8,15.8,1,6.714285714285714,548.9000000000001,0.0
2023-05-02,KE,4,0.0,Medium,23.3,4.2,1,7.142857142857143,548.9000000000001,0.0
2023-05-05,KE,1,53.1,Medium,24.5,1.4,1,7.0,548.9000000000001,0.0
2023-05-06,KE,5,0.0,Medium,23.7,1.9,1,7.142857142857143,548.9000000000001,0.0
2023-05-07,KE,1,0.0,Medium,24.2,2.3,1,7.142857142857143,548.9000000000001,0.0
2023-05-08,KE,2,0.0,Medium,24.5,2.4,1,7.285714285714286,548.9000000000001,0.0
2023-05-09,KE,2,0.0,Medium,24.1,3.9,1,2.2857142857142856,548.9000000000001,0.0
2023-05-10,KE,5,117.03333333333333,High,23.9,4.4,1,2.857142857142857,598.8,0.0
2023-05-13,KE,3,32.53333333333333,Medium,24.9,3.0,1,2.7142857142857144,548.9000000000001,0.0
2023-05-14,KE,3,0.0,Medium,24.7,1.1,1,3.0,548.9000000000001,0.0
2023-05-16,KE,2,1.0,Medium,25.5,2.6,1,2.5714285714285716,548.9000000000001,0.0
2023-05-17,KE,4,54.4,Medium,23.8,0.8,0,3.0,548.9000000000001,0.0
2023-05-18,KE,2,165.85,High,25.8,2.7,1,3.0,598.8,0.0
2023-05-19,KE,2,0.5,Medium,24.6,0.3,0,3.0,548.9000000000001,0.0
2023-05-20,KE,2,118.06666666666666,High,26.3,0.0,0,2.5714285714285716,598.8,0.0
2023-05-23,KE,1,0.0,Medium,25.7,1.4,1,2.2857142857142856,548.9000000000001,0.0
2023-05-26,KE,2,2.95,Medium,23.3,0.1,0,2.142857142857143,548.9000000000001,0.0
2023-05-27,KE,15,0.0,Medium,24.4,2.4,1,4.0,548.9000000000001,0.0
2023-05-29,KE,1,0.0,Medium,22.9,9.2,1,3.5714285714285716,548.9000000000001,0.0
2023-05-30,KE,3,0.65,Medium,21.9,5.7,1,3.7142857142857144,548.9000000000001,0.0
2023-06-01,KE,2,15.05,Medium,24.0,3.1,1,3.7142857142857144,548.9000000000001,0.0
2023-06-03,KE,2,4.533333333333333,Medium,23.8,3.0,1,3.7142857142857144,548.9000000000001,0.0
2023-06-04,KE,1,0.0,Medium,23.2,3.2,1,3.7142857142857144,548.9000000000001,0.0
2023-06-05,KE,1,0.0,Medium,24.8,0.0,0,3.5714285714285716,548.9000000000001,0.0
2023-06-07,KE,5,93.5,High,25.5,0.0,0,2.142857142857143,598.8,0.0
2023-06-09,KE,1,0.0,Medium,25.1,0.4,0,2.142857142857143,548.9000000000001,0.0
2023-06-10,KE,4,72.01666666666667,High,26.2,0.1,0,2.2857142857142856,598.8,0.0
2023-06-11,KE,2,0.45,Medium,26.7,0.0,0,2.2857142857142856,548.9000000000001,0.0
2023-06-14,KE,10,12.033333333333335,Medium,26.7,0.2,0,3.4285714285714284,548.9000000000001,0.0
2023-06-15,KE,27,0.0,Medium,24.2,1.2,1,7.142857142857143,548.9000000000001,0.0
2023-06-16,KE,2,88.01666666666667,High,26.3,0.1,0,7.285714285714286,598.8,0.0
2023-06-17,KE,8,195.14999999999998,High,23.4,1.4,1,7.714285714285714,598.8,0.0
2023-06-18,KE,4,97.03333333333333,High,23.8,0.2,0,8.142857142857142,598.8,0.0
2023-06-19,KE,2,3.5166666666666666,Medium,25.5,0.0,0,7.857142857142857,548.9000000000001,0.0
2023-06-20,KE,8,76.98333333333333,High,26.1,0.2,0,8.714285714285714,598.8,0.0
2023-06-21,KE,2,119.0,High,24.2,1.4,1,7.571428571428571,598.8,0.0
2023-06-22,KE,2,14.516666666666667,Medium,24.4,0.5,0,4.0,548.9000000000001,0.0
2023-06-23,KE,5,0.0,Medium,23.9,0.8,0,4.428571428571429,548.9000000000001,0.0
2023-06-26,KE,1,0.0,Medium,24.8,0.2,0,3.4285714285714284,548.9000000000001,0.0
2023-06-27,KE,2,0.5166666666666667,Medium,24.0,0.3,0,3.142857142857143,548.9000000000001,0.0
2023-06-28,KE,5,16.866666666666667,Medium,24.3,0.3,0,3.5714285714285716,548.9000000000001,0.0
2023-06-30,KE,92,24.366666666666667,Medium,22.1,1.1,1,15.571428571428571,548.9000000000001,0.0
2023-07-01,KE,3,134.3,High,21.7,0.6,0,15.714285714285714,598.8,0.0
2023-07-03,KE,2,2.5166666666666666,Medium,21.0,0.6,0,15.714285714285714,548.9000000000001,0.0
2023-07-04,KE,6,89.78333333333333,High,20.3,2.0,1,15.857142857142858,598.8,0.0
2023-07-05,KE,2,93.58333333333333,High,23.0,0.0,0,16.0,598.8,0.0
2023-07-06,KE,6,1.5,Medium,21.4,0.1,0,16.571428571428573,548.9000000000001,0.0
2023-07-07,KE,6,44.016666666666666,Medium,20.0,0.0,0,16.714285714285715,548.9000000000001,0.0
2023-07-08,KE,1,7.083333333333333,Medium,21.2,0.3,0,3.7142857142857144,548.9000000000001,0.0
2023-07-09,KE,4,33.46666666666667,Medium,22.6,0.1,0,3.857142857142857,548.9000000000001,0.0
2023-07-10,KE,1,3.0166666666666666,Medium,26.0,0.0,0,3.7142857142857144,548.9000000000001,0.0
2023-07-11,KE,7,0.48333333333333334,Medium,25.8,0.0,0,3.857142857142857,548.9000000000001,0.0
2023-07-12,KE,2,0.5166666666666667,Medium,23.4,0.4,0,3.857142857142857,548.9000000000001,0.0
2023-07-13,KE,5,1.0,Medium,22.2,0.1,0,3.7142857142857144,548.9000000000001,0.0
2023-07-14,KE,5,130.23333333333335,High,23.3,0.3,0,3.5714285714285716,598.8,0.0
2023-07-16,KE,1,0.0,Medium,24.2,0.0,0,3.5714285714285716,548.9000000000001,0.0
2023-07-17,KE,5,2.0833333333333335,Medium,23.3,0.0,0,3.7142857142857144,548.9000000000001,0.0
2023-07-19,KE,1,0.0,Medium,24.6,0.0,0,3.7142857142857144,548.9000000000001,0.0
2023-07-20,KE,6,208.08333333333334,High,25.9,0.1,0,3.5714285714285716,598.8,0.0
2023-07-21,KE,5,27.016666666666666,Medium,26.9,0.0,0,4.0,548.9000000000001,0.0
2023-07-23,KE,3,0.9666666666666667,Medium,23.2,0.2,0,3.7142857142857144,548.9000000000001,0.0
2023-07-24,KE,3,0.5,Medium,23.4,0.2,0,3.4285714285714284,548.9000000000001,0.0
2023-07-27,KE,1,0.0,Medium,22.9,0.0,0,3.4285714285714284,548.9000000000001,0.0
2023-07-29,KE,9,39.516666666666666,Medium,23.4,0.0,0,4.0,548.9000000000001,0.0
2023-07-30,KE,2,2.0,Medium,26.5,0.8,0,4.142857142857143,548.9000000000001,0.0
2023-07-31,KE,4,10.016666666666666,Medium,27.5,0.0,0,3.857142857142857,548.9000000000001,0.0
2023-08-02,KE,1,0.0,Medium,21.4,3.0,1,3.2857142857142856,548.9000000000001,0.0
2023-08-06,KE,4,56.05,Medium,20.7,0.9,0,3.4285714285714284,548.9000000000001,0.0
2023-08-08,KE,4,15.15,Medium,24.6,0.2,0,3.5714285714285716,548.9000000000001,0.0
2023-08-10,KE,1,0.0,Medium,21.7,1.2,1,3.5714285714285716,548.9000000000001,0.0
2023-08-11,KE,2,0.0,Medium,22.9,0.2,0,2.5714285714285716,548.9000000000001,0.0
2023-08-15,KE,218,0.0,Medium,26.7,0.1,0,33.42857142857143,548.9000000000001,1097.8000000000002
2023-08-16,KE,11,62.55,High,24.7,0.3,0,34.42857142857143,598.8,0.0
2023-08-17,KE,15,116.83333333333333,High,24.2,0.5,0,36.42857142857143,598.8,0.0
2023-08-18,KE,14,149.31666666666666,High,25.1,0.4,0,37.857142857142854,598.8,0.0
2023-08-19,KE,146,276.9666666666667,High,25.7,0.0,0,58.142857142857146,598.8,598.8
2023-08-20,KE,16,207.56666666666666,High,27.5,0.0,0,60.285714285714285,598.8,0.0
2023-08-21,KE,10,103.65,High,27.2,0.0,0,61.42857142857143,598.8,0.0
2023-08-22,KE,8,46.03333333333333,Medium,26.3,0.2,0,31.428571428571427,548.9000000000001,0.0
2023-08-23,KE,11,100.94999999999999,High,27.8,0.0,0,31.428571428571427,598.8,0.0
2023-08-24,KE,11,65.31666666666666,High,25.9,0.8,0,30.857142857142858,598.8,0.0
2023-08-25,KE,7,32.5,Medium,27.6,0.0,0,29.857142857142858,548.9000000000001,0.0
2023-08-26,KE,1,32.516666666666666,Medium,26.9,0.8,0,9.142857142857142,548.9000000000001,0.0
2023-08-27,KE,4,31.0,Medium,28.3,0.0,0,7.428571428571429,548.9000000000001,0.0
2023-08-28,KE,5,30.383333333333333,Medium,25.2,0.0,0,6.714285714285714,548.9000000000001,0.0
2023-08-29,KE,2,23.916666666666668,Medium,24.0,0.1,0,5.857142857142857,548.9000000000001,0.0
2023-08-30,KE,6,163.6,High,24.8,0.8,0,5.142857142857143,598.8,0.0
2023-08-31,KE,3,30.516666666666666,Medium,24.1,0.8,0,4.0,548.9000000000001,0.0
2023-09-01,KE,4,32.53333333333333,Medium,25.7,0.2,0,3.5714285714285716,548.9000000000001,0.0
2023-09-02,KE,9,37.03333333333333,Medium,25.5,0.3,0,4.714285714285714,548.9000000000001,0.0
2023-09-03,KE,5,63.33333333333333,High,27.2,0.0,0,4.857142857142857,598.8,0.0
2023-09-04,KE,6,32.516666666666666,Medium,26.8,0.0,0,5.0,548.9000000000001,0.0
2023-09-05,KE,4,32.516666666666666,Medium,26.7,0.4,0,5.285714285714286,548.9000000000001,0.0
2023-09-06,KE,4,2.35,Medium,27.2,0.3,0,5.0,548.9000000000001,0.0
2023-09-07,KE,2,0.0,Medium,28.1,3.5,1,4.857142857142857,548.9000000000001,0.0
2023-09-08,KE,1,0.0,Medium,25.1,1.0,0,4.428571428571429,548.9000000000001,0.0
2023-09-09,KE,5295,12.283333333333333,Medium,23.2,2.3,1,759.5714285714286,548.9000000000001,28542.800000000003
2023-09-10,KE,789,0.0,Medium,25.8,0.0,0,871.5714285714286,548.9000000000001,3842.3000000000006
2023-09-11,KE,2,0.0,Medium,24.8,0.8,0,871.0,548.9000000000001,0.0
2023-09-12,KE,7,0.0,Medium,26.0,1.1,1,871.4285714285714,548.9000000000001,0.0
2023-09-13,KE,8,50.45,Medium,25.3,2.8,1,872.0,548.9000000000001,0.0
2023-09-14,KE,7,0.0,Medium,25.5,3.2,1,872.7142857142857,548.9000000000001,0.0
2023-09-15,KE,5,0.0,Medium,23.4,0.5,0,873.2857142857143,548.9000000000001,0.0
2023-09-16,KE,6,7.466666666666667,Medium,25.7,0.1,0,117.71428571428571,548.9000000000001,0.0
2023-09-18,KE,10,42.166666666666664,Medium,27.1,0.0,0,6.428571428571429,548.9000000000001,0.0
2023-09-19,KE,1,0.0,Medium,26.6,0.8,0,6.285714285714286,548.9000000000001,0.0
2023-09-20,KE,4,1.4666666666666668,Medium,27.2,0.5,0,5.857142857142857,548.9000000000001,0.0
2023-09-21,KE,17,91.88333333333333,High,27.9,0.8,0,7.142857142857143,598.8,0.0
2023-09-22,KE,3,4.133333333333333,Medium,26.6,3.9,1,6.571428571428571,548.9000000000001,0.0
2023-09-24,KE,2,0.0,Medium,24.3,0.1,0,6.142857142857143,548.9000000000001,0.0
2023-09-25,KE,4,66.48333333333333,High,26.8,0.1,0,5.857142857142857,598.8,0.0
2023-09-27,KE,4,0.5,Medium,26.7,0.6,0,5.0,548.9000000000001,0.0
2023-09-28,KE,4,0.0,Medium,25.8,0.4,0,5.428571428571429,548.9000000000001,0.0
2023-09-30,KE,3,0.0,Medium,27.3,2.3,1,5.285714285714286,548.9000000000001,0.0
2023-10-01,KE,6,0.0,Medium,26.9,0.0,0,3.7142857142857144,548.9000000000001,0.0
2023-10-02,KE,4,0.0,Medium,28.7,3.9,1,3.857142857142857,548.9000000000001,0.0
2023-10-03,KE,19,0.5,Medium,27.4,0.0,0,6.285714285714286,548.9000000000001,0.0
2023-10-04,KE,8,0.0,Medium,22.2,3.4,1,6.857142857142857,548.9000000000001,0.0
2023-10-05,KE,12,0.0,Medium,24.6,5.0,1,8.0,548.9000000000001,0.0
2023-10-06,KE,24,1.0,Medium,27.8,1.2,1,10.857142857142858,548.9000000000001,0.0
2023-10-07,KE,47,0.0,Medium,28.2,1.3,1,17.142857142857142,548.9000000000001,0.0
2023-10-08,KE,5,210.0,High,28.4,0.0,0,17.0,598.8,0.0
2023-10-09,KE,2,0.9666666666666667,Medium,29.8,0.0,0,16.714285714285715,548.9000000000001,0.0
2023-10-10,KE,4,0.0,Medium,27.1,2.8,1,14.571428571428571,548.9000000000001,0.0
2023-10-11,KE,2,0.0,Medium,28.8,0.4,0,13.714285714285714,548.9000000000001,0.0
2023-10-12,KE,1,0.0,Medium,28.8,0.3,0,12.142857142857142,548.9000000000001,0.0
2023-10-13,KE,2,0.0,Medium,29.8,0.1,0,9.0,548.9000000000001,0.0
2023-10-14,KE,5,0.0,Medium,30.0,0.2,0,3.0,548.9000000000001,0.0
2023-10-15,KE,4,0.0,Medium,28.5,0.7,0,2.857142857142857,548.9000000000001,0.0
2023-10-16,KE,5,0.0,Medium,25.9,1.9,1,3.2857142857142856,548.9000000000001,0.0
2023-10-17,KE,5,0.0,Medium,27.6,3.6,1,3.4285714285714284,548.9000000000001,0.0
2023-10-18,KE,22,0.0,Medium,27.3,2.4,1,6.285714285714286,548.9000000000001,0.0
2023-10-19,KE,22,0.0,Medium,25.5,6.9,1,9.285714285714286,548.9000000000001,0.0
2023-10-20,KE,62,0.0,Medium,25.4,1.9,1,17.857142857142858,548.9000000000001,0.0
2023-10-21,KE,13,0.0,Medium,26.3,1.9,1,19.0,548.9000000000001,0.0
2023-10-22,KE,5,121.31666666666666,High,26.8,0.1,0,19.142857142857142,598.8,0.0
2023-10-23,KE,36,0.0,Medium,27.5,0.0,0,23.571428571428573,548.9000000000001,0.0
2023-10-24,KE,9,47.516666666666666,Medium,28.4,0.2,0,24.142857142857142,548.9000000000001,0.0
2023-10-25,KE,2,0.0,Medium,27.6,1.0,0,21.285714285714285,548.9000000000001,0.0
2023-10-26,KE,4,0.0,Medium,24.5,2.5,1,18.714285714285715,548.9000000000001,0.0
2023-10-27,KE,30,0.0,Medium,27.0,2.6,1,14.142857142857142,548.9000000000001,0.0
2023-10-28,KE,11,0.0,Medium,26.8,0.6,0,13.857142857142858,548.9000000000001,0.0
2023-10-29,KE,1,0.0,Medium,26.3,2.5,1,13.285714285714286,548.9000000000001,0.0
2023-10-30,KE,4,0.0,Medium,26.4,1.2,1,8.714285714285714,548.9000000000001,0.0
2023-11-01,KE,3,10.566666666666666,Medium,27.0,3.1,1,7.857142857142857,548.9000000000001,0.0
2023-11-02,KE,1,0.0,Medium,25.2,4.8,1,7.714285714285714,548.9000000000001,0.0
2023-11-03,KE,1,0.0,Medium,22.9,22.8,1,7.285714285714286,548.9000000000001,0.0
2023-11-04,KE,2,0.0,Medium,21.8,11.8,1,3.2857142857142856,548.9000000000001,0.0
2023-11-05,KE,1,0.0,Medium,23.8,3.5,1,1.8571428571428572,548.9000000000001,0.0
2023-11-08,KE,92,0.0,Medium,24.2,4.6,1,14.857142857142858,548.9000000000001,0.0
2023-11-09,KE,52,0.0,Medium,25.6,0.5,0,21.714285714285715,548.9000000000001,0.0
2023-11-10,KE,105,84.3,High,25.2,4.1,1,36.285714285714285,598.8,598.8
2023-11-11,KE,53,0.0,Medium,24.0,3.8,1,43.714285714285715,548.9000000000001,0.0
2023-11-12,KE,15,0.0,Medium,24.4,11.9,1,45.714285714285715,548.9000000000001,0.0
2023-11-13,KE,16,0.0,Medium,23.7,4.6,1,47.714285714285715,548.9000000000001,0.0
2023-11-14,KE,55,0.0,Medium,24.1,1.8,1,55.42857142857143,548.9000000000001,0.0
2023-11-15,KE,50,0.0,Medium,23.8,8.1,1,49.42857142857143,548.9000000000001,0.0
2023-11-16,KE,42,0.0,Medium,23.9,8.9,1,48.0,548.9000000000001,0.0
2023-11-17,KE,2,0.0,Medium,24.6,5.2,1,33.285714285714285,548.9000000000001,0.0
2023-11-18,KE,15,0.0,Medium,24.8,3.6,1,27.857142857142858,548.9000000000001,0.0
2023-11-19,KE,5,64.3,High,24.2,2.9,1,26.428571428571427,598.8,0.0
2023-11-20,KE,7,2.8333333333333335,Medium,23.4,3.1,1,25.142857142857142,548.9000000000001,0.0
2023-11-21,KE,20,0.0,Medium,23.5,7.2,1,20.142857142857142,548.9000000000001,0.0
2023-11-22,KE,21,0.0,Medium,21.8,18.2,1,16.0,548.9000000000001,0.0
2023-11-23,KE,21,0.0,Medium,24.0,4.5,1,13.0,548.9000000000001,0.0
2023-11-24,KE,39,0.0,Medium,23.3,8.2,1,18.285714285714285,548.9000000000001,0.0
2023-11-25,KE,5,15.166666666666666,Medium,23.7,12.8,1,16.857142857142858,548.9000000000001,0.0
2023-11-26,KE,1,0.0,Medium,24.0,4.9,1,16.285714285714285,548.9000000000001,0.0
2023-11-27,KE,4,0.0,Medium,25.2,0.6,0,15.857142857142858,548.9000000000001,0.0
2023-11-28,KE,7,0.0,Medium,24.3,0.2,0,14.0,548.9000000000001,0.0
2023-11-29,KE,5,0.0,Medium,25.5,0.1,0,11.714285714285714,548.9000000000001,0.0
2023-11-30,KE,4,0.0,Medium,25.1,1.0,0,9.285714285714286,548.9000000000001,0.0
2023-12-02,KE,3,0.0,Medium,25.7,0.4,0,4.142857142857143,548.9000000000001,0.0
2023-12-04,KE,2,0.48333333333333334,Medium,24.8,1.6,1,3.7142857142857144,548.9000000000001,0.0
2023-12-05,KE,3,10.0,Medium,25.2,0.9,0,4.0,548.9000000000001,0.0
2023-12-07,KE,2,0.0,Medium,26.3,0.0,0,3.7142857142857144,548.9000000000001,0.0
2023-12-08,KE,2,0.0,Medium,26.6,0.0,0,3.0,548.9000000000001,0.0
2023-12-09,KE,1,0.0,Medium,26.9,0.0,0,2.4285714285714284,548.9000000000001,0.0
2023-12-10,KE,7,0.0,Medium,25.2,1.5,1,2.857142857142857,548.9000000000001,0.0
2023-12-11,KE,2,0.0,Medium,25.5,2.3,1,2.7142857142857144,548.9000000000001,0.0
2023-12-12,KE,9,1.3833333333333333,Medium,26.2,1.2,1,3.7142857142857144,548.9000000000001,0.0
2023-12-14,KE,5,0.0,Medium,25.1,1.8,1,4.0,548.9000000000001,0.0
2023-12-15,KE,8,0.0,Medium,24.2,3.0,1,4.857142857142857,548.9000000000001,0.0
2023-12-16,KE,3,0.0,Medium,23.8,3.7,1,5.0,548.9000000000001,0.0
2023-12-17,KE,2,0.0,Medium,24.6,0.9,0,5.142857142857143,548.9000000000001,0.0
2023-12-18,KE,7,13.033333333333333,Medium,25.4,1.7,1,5.142857142857143,548.9000000000001,0.0
2023-12-19,KE,2,0.0,Medium,25.6,0.2,0,5.142857142857143,548.9000000000001,0.0
2023-12-20,KE,6,1.0,Medium,25.8,0.8,0,4.714285714285714,548.9000000000001,0.0
2023-12-21,KE,17,31.116666666666664,Medium,25.8,0.7,0,6.428571428571429,548.9000000000001,0.0
2023-12-22,KE,6,0.0,Medium,25.7,0.4,0,6.142857142857143,548.9000000000001,0.0
2023-12-23,KE,6,0.9833333333333333,Medium,26.0,1.1,1,6.571428571428571,548.9000000000001,0.0
2023-12-24,KE,4,0.0,Medium,26.7,0.9,0,6.857142857142857,548.9000000000001,0.0
2023-12-26,KE,2,0.0,Medium,23.9,2.4,1,6.142857142857143,548.9000000000001,0.0
2023-12-27,KE,3,0.0,Medium,25.5,0.1,0,6.285714285714286,548.9000000000001,0.0
2023-12-28,KE,4,1.0833333333333333,Medium,27.3,0.0,0,6.0,548.9000000000001,0.0
2023-12-29,KE,4,0.9833333333333333,Medium,27.4,1.8,1,4.142857142857143,548.9000000000001,0.0
2023-12-30,KE,4,50.416666666666664,Medium,25.9,2.8,1,3.857142857142857,548.9000000000001,0.0
2023-12-31,KE,2,0.0,Medium,26.8,1.1,1,3.2857142857142856,548.9000000000001,0.0
2024-01-01,KE,7,0.0,Medium,26.7,0.8,0,3.7142857142857144,548.9000000000001,0.0
2024-01-05,KE,3,41.0,Medium,26.0,7.6,1,3.857142857142857,548.9000000000001,0.0
2024-01-06,KE,3,0.0,Medium,25.7,1.4,1,3.857142857142857,548.9000000000001,0.0
2024-01-07,KE,1,0.0,Medium,24.5,9.9,1,3.4285714285714284,548.9000000000001,0.0
2024-01-08,KE,1,5.483333333333333,Medium,25.2,0.3,0,3.0,548.9000000000001,0.0
2024-01-09,KE,1,0.0,Medium,25.7,0.5,0,2.5714285714285716,548.9000000000001,0.0
2024-01-10,KE,2,14.966666666666667,Medium,24.5,2.5,1,2.5714285714285716,548.9000000000001,0.0
2024-01-12,KE,4,31.0,Medium,25.1,1.3,1,2.142857142857143,548.9000000000001,0.0
2024-01-14,KE,1,0.0,Medium,25.0,12.0,1,1.8571428571428572,548.9000000000001,0.0
2024-01-15,KE,2,0.0,Medium,25.9,1.0,0,1.7142857142857142,548.9000000000001,0.0
2024-01-17,KE,1,0.0,Medium,26.3,2.7,1,1.7142857142857142,548.9000000000001,0.0
2024-01-20,KE,4,3.5166666666666666,Medium,25.1,10.1,1,2.142857142857143,548.9000000000001,0.0
2024-01-21,KE,1,0.0,Medium,25.3,4.0,1,2.142857142857143,548.9000000000001,0.0
2024-01-22,KE,7,0.0,Medium,26.8,0.4,0,2.857142857142857,548.9000000000001,0.0
2024-01-23,KE,1,1.3833333333333333,Medium,26.5,0.0,0,2.4285714285714284,548.9000000000001,0.0
2024-01-24,KE,2,0.0,Medium,26.8,0.0,0,2.5714285714285716,548.9000000000001,0.0
2024-01-25,KE,4,0.0,Medium,26.6,0.3,0,2.857142857142857,548.9000000000001,0.0
2024-01-27,KE,4,0.0,Medium,26.2,1.5,1,3.2857142857142856,548.9000000000001,0.0
2024-01-28,KE,3,0.0,Medium,26.0,0.7,0,3.142857142857143,548.9000000000001,0.0
2024-01-29,KE,3,0.0,Medium,27.0,0.1,0,3.4285714285714284,548.9000000000001,0.0
2024-01-30,KE,82,30.3,Medium,27.6,0.2,0,14.142857142857142,548.9000000000001,0.0
2024-01-31,KE,1,0.0,Medium,27.5,0.5,0,14.142857142857142,548.9000000000001,0.0
2024-02-01,KE,3,32.0,Medium,27.5,0.3,0,14.285714285714286,548.9000000000001,0.0
2024-02-02,KE,5,0.5,Medium,28.4,0.0,0,14.428571428571429,548.9000000000001,0.0
2024-02-03,KE,4,0.31666666666666665,Medium,27.9,0.2,0,14.428571428571429,548.9000000000001,0.0
2024-02-04,KE,3,33.28333333333333,Medium,26.6,0.4,0,14.428571428571429,548.9000000000001,0.0
2024-02-05,KE,7,58.766666666666666,Medium,27.4,0.1,0,15.0,548.9000000000001,0.0
2024-02-07,KE,3,0.0,Medium,27.6,0.2,0,3.7142857142857144,548.9000000000001,0.0
2024-02-08,KE,2,0.0,Medium,27.7,0.6,0,3.857142857142857,548.9000000000001,0.0
2024-02-10,KE,3,103.66666666666667,High,28.2,0.4,0,3.857142857142857,598.8,0.0
2024-02-11,KE,4,24.75,Medium,27.8,0.0,0,3.7142857142857144,548.9000000000001,0.0
2024-02-12,KE,3,46.11666666666667,Medium,28.4,0.0,0,3.5714285714285716,548.9000000000001,0.0
2024-02-13,KE,16,76.93333333333334,High,29.0,0.0,0,5.428571428571429,598.8,0.0
2024-02-14,KE,8,77.41666666666666,High,28.4,0.0,0,5.571428571428571,598.8,0.0
2024-02-15,KE,6,0.0,Medium,29.2,0.0,0,6.0,548.9000000000001,0.0
2024-02-16,KE,7,2.4833333333333334,Medium,28.4,0.0,0,6.714285714285714,548.9000000000001,0.0
2024-02-17,KE,36,53.46666666666667,Medium,28.7,0.3,0,11.428571428571429,548.9000000000001,0.0
2024-02-19,KE,5,1.0,Medium,29.9,0.0,0,11.571428571428571,548.9000000000001,0.0
2024-02-20,KE,9,13.516666666666667,Medium,29.5,1.6,1,12.428571428571429,548.9000000000001,0.0
2024-02-22,KE,2,0.9666666666666667,Medium,27.7,0.0,0,10.428571428571429,548.9000000000001,0.0
2024-02-24,KE,2,26.9,Medium,24.1,15.6,1,9.571428571428571,548.9000000000001,0.0
2024-02-26,KE,3,56.61666666666667,Medium,29.9,2.8,1,9.142857142857142,548.9000000000001,0.0
2024-02-27,KE,3,17.46666666666667,Medium,29.6,2.0,1,8.571428571428571,548.9000000000001,0.0
2024-02-28,KE,2,30.533333333333335,Medium,26.4,1.2,1,3.7142857142857144,548.9000000000001,0.0
2024-02-29,KE,1,0.0,Medium,28.9,0.1,0,3.142857142857143,548.9000000000001,0.0
2024-03-01,KE,3,0.31666666666666665,Medium,29.2,0.0,0,2.2857142857142856,548.9000000000001,0.0
2024-03-03,KE,1,0.0,Medium,28.6,0.0,0,2.142857142857143,548.9000000000001,0.0
2024-03-04,KE,2,25.483333333333334,Medium,29.5,0.7,0,2.142857142857143,548.9000000000001,0.0
2024-03-05,KE,2,0.48333333333333334,Medium,27.4,0.9,0,2.0,548.9000000000001,0.0
2024-03-06,KE,5,8.933333333333334,Medium,27.2,0.3,0,2.2857142857142856,548.9000000000001,0.0
2024-03-07,KE,8,27.51666666666667,Medium,27.5,0.6,0,3.142857142857143,548.9000000000001,0.0
2024-03-08,KE,43,26.583333333333332,Medium,29.8,0.0,0,9.142857142857142,548.9000000000001,0.0
2024-03-09,KE,5,32.68333333333333,Medium,28.3,0.2,0,9.428571428571429,548.9000000000001,0.0
2024-03-10,KE,6,20.233333333333334,Medium,28.4,0.4,0,10.142857142857142,548.9000000000001,0.0
2024-03-11,KE,2,0.75,Medium,27.8,0.0,0,10.142857142857142,548.9000000000001,0.0
2024-03-12,KE,7,73.31666666666666,High,29.1,0.0,0,10.857142857142858,598.8,0.0
2024-03-13,KE,2,23.016666666666666,Medium,29.1,0.0,0,10.428571428571429,548.9000000000001,0.0
2024-03-14,KE,5,10.016666666666667,Medium,28.8,0.0,0,10.0,548.9000000000001,0.0
2024-03-15,KE,1,1.5166666666666666,Medium,27.3,0.1,0,4.0,548.9000000000001,0.0
2024-03-16,KE,2,19.416666666666668,Medium,28.7,0.0,0,3.5714285714285716,548.9000000000001,0.0
2024-03-17,KE,1,0.0,Medium,30.5,0.0,0,2.857142857142857,548.9000000000001,0.0
2024-03-18,KE,3,32.03333333333333,Medium,29.4,0.1,0,3.0,548.9000000000001,0.0
2024-03-19,KE,2,23.016666666666666,Medium,29.7,0.6,0,2.2857142857142856,548.9000000000001,0.0
2024-03-20,KE,6,51.8,Medium,29.3,0.0,0,2.857142857142857,548.9000000000001,0.0
2024-03-21,KE,1,0.0,Medium,29.4,0.0,0,2.2857142857142856,548.9000000000001,0.0
2024-03-22,KE,3,34.516666666666666,Medium,29.9,0.2,0,2.5714285714285716,548.9000000000001,0.0
2024-03-23,KE,7,41.53333333333333,Medium,29.6,0.4,0,3.2857142857142856,548.9000000000001,0.0
2024-03-25,KE,37,107.55,High,27.5,5.6,1,8.428571428571429,598.8,0.0
2024-03-27,KE,24,182.15,High,26.6,3.7,1,11.428571428571429,598.8,0.0
2024-03-28,KE,26,0.0,Medium,27.3,1.2,1,14.857142857142858,548.9000000000001,0.0
2024-03-29,KE,26,150.63333333333333,High,27.3,0.7,0,17.714285714285715,598.8,0.0
2024-03-30,KE,38,297.18333333333334,High,25.8,4.4,1,23.0,598.8,0.0
2024-03-31,KE,27,660.0666666666667,High,25.6,9.1,1,26.428571428571427,598.8,0.0
2024-04-01,KE,10,120.86666666666666,High,26.4,2.7,1,26.857142857142858,598.8,0.0
2024-04-02,KE,19,585.9333333333333,High,27.2,0.8,0,24.285714285714285,598.8,0.0
2024-04-03,KE,17,134.51666666666665,High,27.9,5.2,1,23.285714285714285,598.8,0.0
2024-04-04,KE,7,168.03333333333333,High,25.6,3.0,1,20.571428571428573,598.8,0.0
2024-04-05,KE,7,100.7,High,25.5,9.9,1,17.857142857142858,598.8,0.0
2024-04-06,KE,19,265.95,High,24.9,14.2,1,15.142857142857142,598.8,0.0
2024-04-07,KE,11,397.6666666666667,High,27.1,2.6,1,12.857142857142858,598.8,0.0
2024-04-08,KE,1,31.8,Medium,25.8,3.6,1,11.571428571428571,548.9000000000001,0.0
2024-04-09,KE,2,0.0,Medium,26.6,3.3,1,9.142857142857142,548.9000000000001,0.0
2024-04-10,KE,3,39.83333333333333,Medium,27.3,0.7,0,7.142857142857143,548.9000000000001,0.0
2024-04-11,KE,3,91.78333333333333,High,27.1,0.8,0,6.571428571428571,598.8,0.0
2024-04-12,KE,6,212.5,High,27.1,3.5,1,6.428571428571429,598.8,0.0
2024-04-13,KE,40,154.0,High,25.2,6.7,1,9.428571428571429,598.8,0.0
2024-04-14,KE,30,458.6166666666667,High,26.4,9.2,1,12.142857142857142,598.8,0.0
2024-04-15,KE,11,133.18333333333334,High,25.6,2.8,1,13.571428571428571,598.8,0.0
2024-04-16,KE,11,29.499999999999996,Medium,25.6,0.2,0,14.857142857142858,548.9000000000001,0.0
2024-04-17,KE,20,30.933333333333334,Medium,25.5,0.8,0,17.285714285714285,548.9000000000001,0.0
2024-04-18,KE,17,95.55000000000001,High,26.2,3.1,1,19.285714285714285,598.8,0.0
2024-04-19,KE,21,424.81666666666666,High,25.5,1.8,1,21.428571428571427,598.8,0.0
2024-04-20,KE,29,517.4166666666666,High,25.8,1.1,1,19.857142857142858,598.8,0.0
2024-04-21,KE,1,0.0,Medium,24.0,1.8,1,15.714285714285714,548.9000000000001,0.0
2024-04-22,KE,10,234.43333333333334,High,26.2,7.9,1,15.571428571428571,598.8,0.0
2024-04-23,KE,21,188.03333333333333,High,25.7,6.3,1,17.0,598.8,0.0
2024-04-24,KE,4,30.816666666666666,Medium,26.1,14.4,1,14.714285714285714,548.9000000000001,0.0
2024-04-25,KE,10,176.71666666666667,High,25.5,9.8,1,13.714285714285714,598.8,0.0
2024-04-26,KE,13,25.033333333333335,Medium,22.3,28.9,1,12.571428571428571,548.9000000000001,0.0
2024-04-27,KE,22,95.0,High,25.7,13.4,1,11.571428571428571,598.8,0.0
2024-04-28,KE,4,27.833333333333332,Medium,25.7,15.7,1,12.0,548.9000000000001,0.0
2024-04-29,KE,9,108.01666666666667,High,25.5,1.8,1,11.857142857142858,598.8,0.0
2024-04-30,KE,5,0.0,Medium,25.7,1.8,1,9.571428571428571,548.9000000000001,0.0
2024-05-01,KE,6,196.51666666666665,High,26.1,11.9,1,9.857142857142858,598.8,0.0
2024-05-02,KE,16,120.86666666666666,High,25.3,7.0,1,10.714285714285714,598.8,0.0
2024-05-03,KE,10,87.31666666666666,High,23.8,4.5,1,10.285714285714286,598.8,0.0
2024-05-04,KE,13,341.01666666666665,High,22.4,0.6,0,9.0,598.8,0.0
2024-05-05,KE,14,122.51666666666667,High,25.1,5.1,1,10.428571428571429,598.8,0.0
2024-05-06,KE,9,4.683333333333334,Medium,24.2,0.7,0,10.428571428571429,548.9000000000001,0.0
2024-05-07,KE,4,6.516666666666667,Medium,23.9,9.2,1,10.285714285714286,548.9000000000001,0.0
2024-05-08,KE,6,100.18333333333334,High,24.1,6.6,1,10.285714285714286,598.8,0.0
2024-05-09,KE,8,0.0,Medium,24.2,2.0,1,9.142857142857142,548.9000000000001,0.0
2024-05-10,KE,10,54.36666666666667,Medium,24.4,5.4,1,9.142857142857142,548.9000000000001,0.0
2024-05-11,KE,4,92.31666666666666,High,24.4,0.9,0,7.857142857142857,598.8,0.0
2024-05-12,KE,3,0.0,Medium,25.0,2.0,1,6.285714285714286,548.9000000000001,0.0
2024-05-13,KE,9,95.2,High,25.3,0.1,0,6.285714285714286,598.8,0.0
2024-05-14,KE,9,109.66666666666667,High,26.0,0.1,0,7.0,598.8,0.0
2024-05-15,KE,7,59.43333333333333,Medium,26.1,0.3,0,7.142857142857143,548.9000000000001,0.0
2024-05-16,KE,3,38.06666666666666,Medium,25.0,2.5,1,6.428571428571429,548.9000000000001,0.0
2024-05-17,KE,13,165.45,High,25.8,0.2,0,6.857142857142857,598.8,0.0
2024-05-19,KE,6,121.9,High,26.4,2.3,1,7.142857142857143,598.8,0.0
2024-05-20,KE,2,0.0,Medium,25.7,5.4,1,7.0,548.9000000000001,0.0
2024-05-21,KE,3,0.0,Medium,24.7,1.6,1,6.142857142857143,548.9000000000001,0.0
2024-05-22,KE,13,106.23333333333333,High,24.9,1.7,1,6.714285714285714,598.8,0.0
2024-05-23,KE,7,0.0,Medium,24.9,5.3,1,6.714285714285714,548.9000000000001,0.0
2024-05-24,KE,24,59.85,Medium,24.5,1.5,1,9.714285714285714,548.9000000000001,0.0
2024-05-25,KE,16,105.93333333333334,High,24.9,1.8,1,10.142857142857142,598.8,0.0
2024-05-26,KE,26,140.55,High,25.0,0.5,0,13.0,598.8,0.0
2024-05-27,KE,15,103.31666666666666,High,25.8,0.1,0,14.857142857142858,598.8,0.0
2024-05-28,KE,7,40.5,Medium,25.4,0.0,0,15.428571428571429,548.9000000000001,0.0
2024-05-29,KE,14,3.65,Medium,25.4,0.1,0,15.571428571428571,548.9000000000001,0.0
2024-05-30,KE,4,26.2,Medium,25.6,0.1,0,15.142857142857142,548.9000000000001,0.0
2024-06-01,KE,4,1.95,Medium,26.4,0.2,0,12.285714285714286,548.9000000000001,0.0
2024-06-02,KE,6,274.81666666666666,High,26.9,0.0,0,10.857142857142858,598.8,0.0
2024-06-03,KE,3,53.11666666666667,Medium,25.8,0.0,0,7.571428571428571,548.9000000000001,0.0
2024-06-04,KE,6,65.23333333333333,High,26.6,6.6,1,6.285714285714286,598.8,0.0
2024-06-05,KE,2,96.55,High,25.7,0.0,0,5.571428571428571,598.8,0.0
2024-06-06,KE,11,160.06666666666666,High,25.3,0.1,0,5.142857142857143,598.8,0.0
2024-06-07,KE,8,177.79999999999998,High,25.5,0.8,0,5.714285714285714,598.8,0.0
2024-06-08,KE,4,46.88333333333333,Medium,25.5,1.5,1,5.714285714285714,548.9000000000001,0.0
2024-06-09,KE,3,0.0,Medium,22.5,0.1,0,5.285714285714286,548.9000000000001,0.0
2024-06-10,KE,8,46.36666666666667,Medium,25.0,1.8,1,6.0,548.9000000000001,0.0
2024-06-11,KE,7,112.01666666666667,High,23.5,0.6,0,6.142857142857143,598.8,0.0
2024-06-13,KE,16,156.81666666666666,High,24.4,0.0,0,8.142857142857142,598.8,0.0
2024-06-14,KE,3,5.416666666666667,Medium,24.8,0.0,0,7.0,548.9000000000001,0.0
2024-06-15,KE,10,38.81666666666667,Medium,24.7,0.7,0,7.285714285714286,548.9000000000001,0.0
2024-06-16,KE,3,20.46666666666667,Medium,26.2,0.0,0,7.142857142857143,548.9000000000001,0.0
2024-06-17,KE,2,40.11666666666667,Medium,26.1,0.0,0,7.0,548.9000000000001,0.0
2024-06-18,KE,1,0.0,Medium,24.8,0.0,0,6.0,548.9000000000001,0.0
2024-06-19,KE,2,41.03333333333333,Medium,24.2,1.7,1,5.285714285714286,548.9000000000001,0.0
2024-06-20,KE,5,0.0,Medium,22.2,6.3,1,3.7142857142857144,548.9000000000001,0.0
2024-06-21,KE,7,140.65,High,23.4,4.3,1,4.285714285714286,598.8,0.0
2024-06-22,KE,4,28.366666666666667,Medium,24.4,0.1,0,3.4285714285714284,548.9000000000001,0.0
2024-06-23,KE,3,36.53333333333333,Medium,23.6,0.0,0,3.4285714285714284,548.9000000000001,0.0
2024-06-24,KE,2,0.0,Medium,23.6,0.0,0,3.4285714285714284,548.9000000000001,0.0
2024-06-25,KE,2,0.2833333333333333,Medium,24.1,0.0,0,3.5714285714285716,548.9000000000001,0.0
2024-06-26,KE,7,145.23333333333335,High,23.0,0.0,0,4.285714285714286,598.8,0.0
2024-06-28,KE,13,22.8,Medium,22.5,0.0,0,5.428571428571429,548.9000000000001,0.0
2024-06-29,KE,22,2.6166666666666667,Medium,24.9,0.0,0,7.571428571428571,548.9000000000001,0.0
2024-06-30,KE,10,21.9,Medium,24.0,0.0,0,8.428571428571429,548.9000000000001,0.0
2024-07-01,KE,4,0.0,Medium,24.1,0.0,0,8.571428571428571,548.9000000000001,0.0
2024-07-02,KE,2,10.2,Medium,24.6,0.0,0,8.571428571428571,548.9000000000001,0.0
2024-07-03,KE,2,15.533333333333333,Medium,25.4,0.0,0,8.571428571428571,548.9000000000001,0.0
2024-07-04,KE,10,154.63333333333333,High,25.5,0.0,0,9.0,598.8,0.0
2024-07-05,KE,2,13.45,Medium,25.1,0.0,0,7.428571428571429,548.9000000000001,0.0
2024-07-06,KE,1,0.0,Medium,25.4,9.9,1,4.428571428571429,548.9000000000001,0.0
2024-07-07,KE,1,0.0,Medium,22.2,17.6,1,3.142857142857143,548.9000000000001,0.0
2024-07-08,KE,1,0.0,Medium,25.7,6.4,1,2.7142857142857144,548.9000000000001,0.0
2024-07-09,KE,5,0.0,Medium,23.4,10.4,1,3.142857142857143,548.9000000000001,0.0
2024-07-10,KE,7,26.4,Medium,21.3,0.6,0,3.857142857142857,548.9000000000001,0.0
2024-07-11,KE,10,23.766666666666666,Medium,23.1,0.0,0,3.857142857142857,548.9000000000001,0.0
2024-07-13,KE,3,32.733333333333334,Medium,22.6,0.4,0,4.0,548.9000000000001,0.0
2024-07-15,KE,2,2.05,Medium,23.2,0.0,0,4.142857142857143,548.9000000000001,0.0
2024-07-17,KE,5,2.0666666666666664,Medium,24.4,1.0,0,4.714285714285714,548.9000000000001,0.0
2024-07-18,KE,4,9.233333333333333,Medium,21.0,0.3,0,5.142857142857143,548.9000000000001,0.0
2024-07-19,KE,3,0.0,Medium,22.0,0.1,0,4.857142857142857,548.9000000000001,0.0
2024-07-20,KE,3,30.816666666666666,Medium,21.9,0.0,0,4.285714285714286,548.9000000000001,0.0
2024-07-21,KE,1,0.0,Medium,24.7,0.9,0,3.0,548.9000000000001,0.0
2024-07-22,KE,5,0.0,Medium,24.9,0.0,0,3.2857142857142856,548.9000000000001,0.0
2024-07-23,KE,7,22.266666666666666,Medium,23.8,0.0,0,4.0,548.9000000000001,0.0
2024-07-24,KE,9,13.816666666666666,Medium,24.8,0.0,0,4.571428571428571,548.9000000000001,0.0
2024-07-25,KE,4,0.0,Medium,25.4,0.6,0,4.571428571428571,548.9000000000001,0.0
2024-07-26,KE,16,0.0,Medium,25.1,1.6,1,6.428571428571429,548.9000000000001,0.0
2024-07-27,KE,28,2.033333333333333,Medium,25.1,0.2,0,10.0,548.9000000000001,0.0
2024-07-28,KE,8,88.4,High,24.7,0.2,0,11.0,598.8,0.0
2024-07-29,KE,1,0.0,Medium,24.0,0.0,0,10.428571428571429,548.9000000000001,0.0
2024-07-30,KE,5,92.28333333333333,High,23.3,0.0,0,10.142857142857142,598.8,0.0
2024-07-31,KE,4,82.05,High,23.2,0.3,0,9.428571428571429,598.8,0.0
2024-08-01,KE,2,185.06666666666666,High,22.8,0.0,0,9.142857142857142,598.8,0.0
2024-08-02,KE,4,21.233333333333334,Medium,23.4,0.0,0,7.428571428571429,548.9000000000001,0.0
2024-08-06,KE,4,96.2,High,26.4,0.5,0,4.0,598.8,0.0
2024-08-07,KE,10,41.333333333333336,Medium,26.0,0.1,0,4.285714285714286,548.9000000000001,0.0
2024-08-11,KE,3,5.766666666666667,Medium,22.6,0.4,0,4.571428571428571,548.9000000000001,0.0
2024-08-12,KE,4,122.18333333333334,High,23.6,0.1,0,4.428571428571429,598.8,0.0
2024-08-13,KE,1,0.0,Medium,23.3,0.1,0,4.0,548.9000000000001,0.0
2024-08-14,KE,5,52.05,Medium,25.3,0.0,0,4.428571428571429,548.9000000000001,0.0
2024-08-15,KE,21,91.13333333333333,High,25.6,0.7,0,6.857142857142857,598.8,0.0
2024-08-16,KE,9,96.06666666666666,High,25.3,1.1,1,7.571428571428571,598.8,0.0
2024-08-17,KE,6,67.5,High,25.3,0.0,0,7.0,598.8,0.0
2024-08-18,KE,3,43.3,Medium,21.9,0.2,0,7.0,548.9000000000001,0.0
2024-08-19,KE,2,0.6666666666666666,Medium,25.2,0.0,0,6.714285714285714,548.9000000000001,0.0
2024-08-20,KE,4,80.53333333333333,High,24.9,0.0,0,7.142857142857143,598.8,0.0
2024-08-21,KE,1,0.0,Medium,23.3,0.1,0,6.571428571428571,548.9000000000001,0.0
2024-08-22,KE,2,9.15,Medium,23.7,0.2,0,3.857142857142857,548.9000000000001,0.0
2024-08-23,KE,3,26.133333333333333,Medium,22.7,0.0,0,3.0,548.9000000000001,0.0
2024-08-24,KE,7,12.883333333333333,Medium,23.0,0.3,0,3.142857142857143,548.9000000000001,0.0
2024-08-25,KE,1,1.1666666666666667,Medium,20.4,2.1,1,2.857142857142857,548.9000000000001,0.0
2024-08-26,KE,4,1.5,Medium,22.9,0.0,0,3.142857142857143,548.9000000000001,0.0
2024-08-27,KE,7,221.73333333333332,High,24.8,1.6,1,3.5714285714285716,598.8,0.0
2024-08-28,KE,2,0.0,Medium,24.6,2.5,1,3.7142857142857144,548.9000000000001,0.0
2024-08-29,KE,14,102.11666666666666,High,25.0,1.7,1,5.428571428571429,598.8,0.0
2024-08-30,KE,12,227.66666666666666,High,24.9,0.3,0,6.714285714285714,598.8,0.0
2024-08-31,KE,13,165.96666666666667,High,25.5,0.0,0,7.571428571428571,598.8,0.0
2024-09-01,KE,11,123.73333333333335,High,24.4,0.3,0,9.0,598.8,0.0
2024-09-02,KE,21,163.51666666666668,High,23.9,0.0,0,11.428571428571429,598.8,0.0
2024-09-03,KE,4,0.0,Medium,22.9,0.9,0,11.0,548.9000000000001,0.0
2024-09-04,KE,10,264.1166666666667,High,22.9,2.7,1,12.142857142857142,598.8,0.0
2024-09-05,KE,7,63.56666666666666,High,24.0,0.1,0,11.142857142857142,598.8,0.0
2024-09-06,KE,6,48.96666666666667,Medium,22.7,5.0,1,10.285714285714286,548.9000000000001,0.0
2024-09-07,KE,127,40.75,Medium,25.0,0.0,0,26.571428571428573,548.9000000000001,548.9000000000001
2024-09-08,KE,2,0.0,Medium,26.7,0.0,0,25.285714285714285,548.9000000000001,0.0
2024-09-09,KE,2,91.4,High,26.6,0.0,0,22.571428571428573,598.8,0.0
2024-09-10,KE,3,4.35,Medium,27.0,0.1,0,22.428571428571427,548.9000000000001,0.0
2024-09-11,KE,7,26.883333333333333,Medium,27.4,0.0,0,22.0,548.9000000000001,0.0
2024-09-12,KE,4,17.950000000000003,Medium,27.2,0.0,0,21.571428571428573,548.9000000000001,0.0
2024-09-13,KE,2,27.416666666666668,Medium,26.7,0.2,0,21.0,548.9000000000001,0.0
2024-09-15,KE,2,20.35,Medium,27.3,0.0,0,3.142857142857143,548.9000000000001,0.0
2024-09-16,KE,8,201.81666666666666,High,26.9,0.2,0,4.0,598.8,0.0
2024-09-17,KE,4,126.96666666666667,High,25.9,0.0,0,4.285714285714286,598.8,0.0
2024-09-18,KE,6,35.3,Medium,26.8,0.0,0,4.714285714285714,548.9000000000001,0.0
2024-09-20,KE,7,101.88333333333334,High,26.7,0.3,0,4.714285714285714,598.8,0.0
2024-09-21,KE,5,49.3,Medium,26.6,0.1,0,4.857142857142857,548.9000000000001,0.0
2024-09-24,KE,2,30.583333333333332,Medium,25.9,0.0,0,4.857142857142857,548.9000000000001,0.0
2024-09-26,KE,12,0.65,Medium,27.2,0.2,0,6.285714285714286,548.9000000000001,0.0
2024-09-27,KE,1,0.0,Medium,28.0,0.4,0,5.285714285714286,548.9000000000001,0.0
2024-09-29,KE,7,106.85,High,25.3,2.8,1,5.714285714285714,598.8,0.0
2024-10-01,KE,1,0.0,Medium,27.0,0.1,0,5.0,548.9000000000001,0.0
2024-10-02,KE,1,91.23333333333333,High,27.0,1.1,1,4.142857142857143,598.8,0.0
2024-10-07,KE,5,35.38333333333333,Medium,25.7,1.1,1,4.142857142857143,548.9000000000001,0.0
2024-10-08,KE,4,0.4666666666666667,Medium,26.5,0.5,0,4.428571428571429,548.9000000000001,0.0
2024-10-10,KE,3,52.65,Medium,25.9,0.0,0,3.142857142857143,548.9000000000001,0.0
2024-10-11,KE,4,18.4,Medium,28.1,0.5,0,3.5714285714285716,548.9000000000001,0.0
2024-10-12,KE,8,0.6666666666666666,Medium,28.1,1.0,0,3.7142857142857144,548.9000000000001,0.0
2024-10-14,KE,4,6.5,Medium,27.6,0.1,0,4.142857142857143,548.9000000000001,0.0
2024-10-15,KE,1,0.0,Medium,27.3,0.3,0,4.142857142857143,548.9000000000001,0.0
2024-10-16,KE,6,81.6,High,28.3,0.5,0,4.285714285714286,598.8,0.0
2024-10-17,KE,2,87.21666666666667,High,29.2,0.0,0,4.0,598.8,0.0
2024-10-18,KE,29,94.5,High,26.8,4.8,1,7.714285714285714,598.8,0.0
2024-10-19,KE,2,6.8,Medium,25.1,5.3,1,7.428571428571429,548.9000000000001,0.0
2024-10-20,KE,2,0.8333333333333334,Medium,25.3,6.0,1,6.571428571428571,548.9000000000001,0.0
2024-10-21,KE,5,1.1666666666666667,Medium,26.1,0.2,0,6.714285714285714,548.9000000000001,0.0
2024-10-22,KE,6,245.23333333333335,High,26.7,0.3,0,7.428571428571429,598.8,0.0
2024-10-23,KE,2,0.0,Medium,26.2,0.3,0,6.857142857142857,548.9000000000001,0.0
2024-10-24,KE,2,94.55,High,26.4,0.3,0,6.857142857142857,598.8,0.0
2024-10-25,KE,3,45.6,Medium,27.6,0.2,0,3.142857142857143,548.9000000000001,0.0
2024-10-28,KE,3,0.9333333333333333,Medium,28.5,0.0,0,3.2857142857142856,548.9000000000001,0.0
2024-10-29,KE,3,10.266666666666667,Medium,28.8,0.0,0,3.4285714285714284,548.9000000000001,0.0
2024-10-30,KE,2,0.0,Medium,29.7,0.0,0,3.0,548.9000000000001,0.0
2024-10-31,KE,81,28.016666666666666,Medium,29.8,0.0,0,13.714285714285714,548.9000000000001,0.0
2024-11-01,KE,8,104.2,High,27.1,1.8,1,14.571428571428571,598.8,0.0
2024-11-02,KE,7,0.0,Medium,28.4,0.0,0,15.285714285714286,548.9000000000001,0.0
2024-11-04,KE,3,8.65,Medium,28.4,0.0,0,15.285714285714286,548.9000000000001,0.0
2024-11-05,KE,3,9.216666666666667,Medium,26.7,3.6,1,15.285714285714286,548.9000000000001,0.0
2024-11-09,KE,7,24.25,Medium,26.5,1.3,1,15.857142857142858,548.9000000000001,0.0
2024-11-10,KE,2,0.0,Medium,25.3,1.8,1,15.857142857142858,548.9000000000001,0.0
2024-11-11,KE,7,358.6333333333333,High,20.3,9.8,1,5.285714285714286,598.8,0.0
2024-11-13,KE,4,129.01666666666665,High,25.1,2.8,1,4.714285714285714,598.8,0.0
2024-11-14,KE,5,132.28333333333333,High,26.3,7.9,1,4.428571428571429,598.8,0.0
2024-11-15,KE,9,0.0,Medium,21.3,7.2,1,5.285714285714286,548.9000000000001,0.0
2024-11-16,KE,28,60.31666666666666,Medium,20.0,12.0,1,8.857142857142858,548.9000000000001,0.0
2024-11-17,KE,4,1.25,Medium,24.6,1.3,1,8.428571428571429,548.9000000000001,0.0
2024-11-19,KE,1,0.0,Medium,25.2,1.7,1,8.285714285714286,548.9000000000001,0.0
2024-11-20,KE,27,9.1,Medium,25.3,2.2,1,11.142857142857142,548.9000000000001,0.0
2024-11-21,KE,24,8.799999999999999,Medium,23.0,6.7,1,14.0,548.9000000000001,0.0
2024-11-22,KE,10,0.0,Medium,24.6,2.5,1,14.714285714285714,548.9000000000001,0.0
2024-11-24,KE,4,2.75,Medium,23.9,19.9,1,14.0,548.9000000000001,0.0
2024-11-27,KE,2,0.0,Medium,23.7,3.2,1,10.285714285714286,548.9000000000001,0.0
2024-11-28,KE,23,0.0,Medium,24.2,4.4,1,13.0,548.9000000000001,0.0
2024-11-29,KE,6,27.28333333333333,Medium,24.6,0.4,0,13.714285714285714,548.9000000000001,0.0
2024-11-30,KE,4,74.81666666666666,High,24.3,0.5,0,10.428571428571429,598.8,0.0
2024-12-02,KE,2,0.0,Medium,24.3,1.2,1,7.285714285714286,548.9000000000001,0.0
2024-12-04,KE,4,104.85000000000001,High,25.6,0.4,0,6.428571428571429,598.8,0.0
2024-12-05,KE,2,91.78333333333333,High,26.8,0.2,0,6.142857142857143,598.8,0.0
2024-12-06,KE,2,0.0,Medium,27.0,0.3,0,6.142857142857143,548.9000000000001,0.0
2024-12-08,KE,6,0.0,Medium,27.2,0.2,0,3.7142857142857144,548.9000000000001,0.0
2024-12-09,KE,3,0.4166666666666667,Medium,26.6,0.5,0,3.2857142857142856,548.9000000000001,0.0
2024-12-10,KE,1,0.0,Medium,26.1,2.1,1,2.857142857142857,548.9000000000001,0.0
2024-12-13,KE,6,0.0,Medium,28.4,0.3,0,3.4285714285714284,548.9000000000001,0.0
2024-12-14,KE,3,57.666666666666664,Medium,27.3,0.0,0,3.2857142857142856,548.9000000000001,0.0
2024-12-16,KE,8,0.8,Medium,25.7,1.9,1,4.142857142857143,548.9000000000001,0.0
2024-12-17,KE,3,0.0,Medium,25.6,1.3,1,4.285714285714286,548.9000000000001,0.0
2024-12-18,KE,3,30.966666666666665,Medium,27.0,1.1,1,3.857142857142857,548.9000000000001,0.0
2024-12-19,KE,5,29.016666666666666,Medium,23.5,5.1,1,4.142857142857143,548.9000000000001,0.0
2024-12-20,KE,2,1.85,Medium,25.4,5.6,1,4.285714285714286,548.9000000000001,0.0
2024-12-21,KE,4,189.6,High,24.1,7.8,1,4.0,598.8,0.0
2024-12-22,KE,7,107.56666666666666,High,23.4,3.1,1,4.571428571428571,598.8,0.0
2024-12-23,KE,3,8.55,Medium,23.2,3.3,1,3.857142857142857,548.9000000000001,0.0
2024-12-24,KE,1,0.0,Medium,24.0,6.9,1,3.5714285714285716,548.9000000000001,0.0
2024-12-25,KE,1,0.0,Medium,22.8,4.8,1,3.2857142857142856,548.9000000000001,0.0
2024-12-26,KE,2,91.4,High,23.8,1.9,1,2.857142857142857,598.8,0.0
2024-12-27,KE,3,15.766666666666667,Medium,24.6,0.3,0,3.0,548.9000000000001,0.0
2024-12-28,KE,4,211.7,High,25.7,0.4,0,3.0,598.8,0.0
2024-12-29,KE,6,143.13333333333333,High,26.6,0.0,0,2.857142857142857,598.8,0.0
2024-12-30,KE,14,177.0,High,26.9,0.0,0,4.428571428571429,598.8,0.0
2024-12-31,KE,6,0.0,Medium,25.9,0.6,0,5.142857142857143,548.9000000000001,0.0
2025-01-02,KE,4,0.0,Medium,25.1,0.7,0,5.571428571428571,548.9000000000001,0.0
2025-01-03,KE,2,0.0,Medium,25.4,0.0,0,5.571428571428571,548.9000000000001,0.0
2025-01-04,KE,1,0.0,Medium,25.6,1.3,1,5.285714285714286,548.9000000000001,0.0
2025-01-05,KE,6,105.33333333333333,High,24.7,0.9,0,5.571428571428571,598.8,0.0
2025-01-06,KE,7,80.65,High,26.1,0.0,0,5.714285714285714,598.8,0.0
2025-01-07,KE,2,0.0,Medium,27.8,0.0,0,4.0,548.9000000000001,0.0
2025-01-08,KE,3,0.0,Medium,28.0,0.0,0,3.5714285714285716,548.9000000000001,0.0
2025-01-09,KE,9,0.0,Medium,27.5,0.5,0,4.285714285714286,548.9000000000001,0.0
2025-01-10,KE,29,0.0,Medium,25.9,1.3,1,8.142857142857142,548.9000000000001,0.0
2025-01-11,KE,2,0.0,Medium,27.4,0.1,0,8.285714285714286,548.9000000000001,0.0
2025-01-13,KE,4,0.0,Medium,27.5,0.0,0,8.0,548.9000000000001,0.0
2025-01-14,KE,5,0.0,Medium,26.8,0.0,0,7.714285714285714,548.9000000000001,0.0
2025-01-15,KE,1,0.0,Medium,25.1,0.2,0,7.571428571428571,548.9000000000001,0.0
2025-01-16,KE,1,0.0,Medium,25.8,0.0,0,7.285714285714286,548.9000000000001,0.0
2025-01-17,KE,1,0.0,Medium,26.5,0.0,0,6.142857142857143,548.9000000000001,0.0
2025-01-18,KE,7,0.0,Medium,27.8,0.0,0,3.0,548.9000000000001,0.0
2025-01-19,KE,3,0.0,Medium,27.4,0.0,0,3.142857142857143,548.9000000000001,0.0
2025-01-20,KE,17,0.0,Medium,28.7,0.0,0,5.0,548.9000000000001,0.0
2025-01-21,KE,3,0.0,Medium,28.4,0.0,0,4.714285714285714,548.9000000000001,0.0
2025-01-22,KE,4,28.316666666666666,Medium,28.6,0.0,0,5.142857142857143,548.9000000000001,0.0
2025-01-23,KE,1,0.0,Medium,27.7,0.0,0,5.142857142857143,548.9000000000001,0.0
2025-01-24,KE,3,91.6,High,28.6,0.1,0,5.428571428571429,598.8,0.0
2025-01-25,KE,7,31.566666666666666,Medium,28.3,0.4,0,5.428571428571429,548.9000000000001,0.0
2025-01-27,KE,3,52.11666666666667,Medium,23.6,0.3,0,5.428571428571429,548.9000000000001,0.0
2025-01-28,KE,6,1.7833333333333334,Medium,24.0,5.4,1,3.857142857142857,548.9000000000001,0.0
2025-01-29,KE,2,0.0,Medium,24.7,4.7,1,3.7142857142857144,548.9000000000001,0.0
2025-01-30,KE,7,54.9,Medium,22.3,25.5,1,4.142857142857143,548.9000000000001,0.0
2025-01-31,KE,7,0.7166666666666667,Medium,24.8,0.4,0,5.0,548.9000000000001,0.0
2025-02-01,KE,9,2.65,Medium,24.6,1.2,1,5.857142857142857,548.9000000000001,0.0
2025-02-02,KE,6,84.91666666666666,High,25.8,0.3,0,5.714285714285714,598.8,0.0
2025-02-03,KE,13,30.433333333333334,Medium,26.7,0.0,0,7.142857142857143,548.9000000000001,0.0
2025-02-04,KE,657,187.41666666666666,High,26.5,0.0,0,100.14285714285714,598.8,3592.7999999999997
2025-02-05,KE,1197,317.3666666666667,High,27.2,0.5,0,270.85714285714283,598.8,6586.799999999999
2025-02-06,KE,780,373.4166666666667,High,27.0,0.2,0,381.2857142857143,598.8,4191.599999999999
2025-02-07,KE,429,75.26666666666667,High,26.7,0.3,0,441.57142857142856,598.8,2395.2
2025-02-08,KE,367,37.46666666666667,Medium,29.7,0.0,0,492.7142857142857,548.9000000000001,1646.7000000000003
2025-02-09,KE,367,30.3,Medium,29.1,0.0,0,544.2857142857143,548.9000000000001,1646.7000000000003
2025-02-10,KE,777,327.73333333333335,High,28.9,0.0,0,653.4285714285714,598.8,4191.599999999999
2025-02-11,KE,457,242.75,High,27.5,0.0,0,624.8571428571429,598.8,2395.2
2025-02-12,KE,341,166.03333333333333,High,26.2,1.1,1,502.57142857142856,598.8,1796.3999999999999
2025-02-13,KE,367,7.75,Medium,25.9,3.2,1,443.57142857142856,548.9000000000001,1646.7000000000003
2025-02-14,KE,183,170.35000000000002,High,28.5,0.0,0,408.42857142857144,598.8,598.8
2025-02-15,KE,251,29.416666666666668,Medium,29.6,0.0,0,391.85714285714283,548.9000000000001,1097.8000000000002
2025-02-16,KE,233,10.216666666666667,Medium,29.1,0.8,0,372.7142857142857,548.9000000000001,1097.8000000000002
2025-02-17,KE,867,321.6333333333333,High,27.9,0.1,0,385.57142857142856,598.8,4790.4
2025-02-18,KE,797,165.08333333333334,High,29.3,0.0,0,434.14285714285717,598.8,4191.599999999999
2025-02-19,KE,13,41.06666666666667,Medium,29.9,0.0,0,387.2857142857143,548.9000000000001,0.0
2025-02-20,KE,3,25.166666666666664,Medium,30.9,0.0,0,335.2857142857143,548.9000000000001,0.0
2025-02-21,KE,2,117.81666666666666,High,29.8,0.0,0,309.42857142857144,598.8,0.0
2025-02-23,KE,1,0.8166666666666667,Medium,28.8,0.0,0,273.7142857142857,548.9000000000001,0.0
2025-02-24,KE,2,62.43333333333333,High,28.4,0.0,0,240.71428571428572,598.8,0.0
2025-02-25,KE,2,2.5,Medium,28.7,0.0,0,117.14285714285714,548.9000000000001,0.0
2025-02-26,KE,18,94.91666666666667,High,29.1,0.0,0,5.857142857142857,598.8,0.0
2025-02-27,KE,138,99.23333333333333,High,29.9,0.0,0,23.714285714285715,598.8,598.8
2025-02-28,KE,22,2.1833333333333336,Medium,30.9,0.0,0,26.428571428571427,548.9000000000001,0.0
2025-03-01,KE,23,0.0,Medium,29.5,0.0,0,29.428571428571427,548.9000000000001,0.0
2025-03-02,KE,33,0.0,Medium,29.7,0.0,0,34.0,548.9000000000001,0.0
2025-03-03,KE,40,50.016666666666666,Medium,29.1,0.0,0,39.42857142857143,548.9000000000001,0.0
2025-03-04,KE,31,8.4,Medium,29.3,0.0,0,43.57142857142857,548.9000000000001,0.0
2025-03-05,KE,27,8.45,Medium,29.9,0.0,0,44.857142857142854,548.9000000000001,0.0
2025-03-06,KE,23,35.96666666666667,Medium,30.3,0.0,0,28.428571428571427,548.9000000000001,0.0
2025-03-07,KE,48,35.63333333333333,Medium,31.1,0.7,0,32.142857142857146,548.9000000000001,0.0
2025-03-08,KE,20,41.45,Medium,29.3,0.9,0,31.714285714285715,548.9000000000001,0.0
2025-03-09,KE,2,6.8,Medium,28.3,2.3,1,27.285714285714285,548.9000000000001,0.0
2025-03-10,KE,2,0.9833333333333333,Medium,25.0,13.8,1,21.857142857142858,548.9000000000001,0.0
2025-03-11,KE,7,33.9,Medium,26.4,1.6,1,18.428571428571427,548.9000000000001,0.0
2025-03-13,KE,1,0.0,Medium,25.9,2.2,1,14.714285714285714,548.9000000000001,0.0
2025-03-14,KE,4,46.5,Medium,30.3,0.0,0,12.0,548.9000000000001,0.0
2025-03-15,KE,2,10.966666666666667,Medium,29.7,0.0,0,5.428571428571429,548.9000000000001,0.0
2025-03-16,KE,4,8.933333333333332,Medium,28.7,0.0,0,3.142857142857143,548.9000000000001,0.0
2025-03-17,KE,6,60.48333333333333,Medium,27.8,0.9,0,3.7142857142857144,548.9000000000001,0.0
2025-03-18,KE,6,98.41666666666667,High,26.1,3.8,1,4.285714285714286,598.8,0.0
2025-03-19,KE,2,0.0,Medium,24.2,11.2,1,3.5714285714285716,548.9000000000001,0.0
2025-03-21,KE,6,240.45000000000002,High,26.8,2.1,1,4.285714285714286,598.8,0.0
2025-03-22,KE,2,0.0,Medium,26.0,2.1,1,4.0,548.9000000000001,0.0
2025-03-25,KE,7,21.199999999999996,Medium,26.2,2.1,1,4.714285714285714,548.9000000000001,0.0
2025-03-26,KE,5,100.51666666666667,High,25.5,1.8,1,4.857142857142857,598.8,0.0
2025-03-27,KE,3,0.6666666666666666,Medium,25.5,4.4,1,4.428571428571429,548.9000000000001,0.0
2025-03-28,KE,7,36.849999999999994,Medium,23.4,7.6,1,4.571428571428571,548.9000000000001,0.0
2025-03-30,KE,1,0.0,Medium,23.8,2.8,1,4.428571428571429,548.9000000000001,0.0
2025-03-31,KE,2,27.516666666666666,Medium,22.9,9.6,1,3.857142857142857,548.9000000000001,0.0
2025-04-01,KE,4,215.76666666666665,High,24.9,3.9,1,4.142857142857143,598.8,0.0
2025-04-02,KE,4,0.0,Medium,25.6,0.1,0,3.7142857142857144,548.9000000000001,0.0
2025-04-03,KE,5,31.616666666666667,Medium,25.2,5.0,1,3.7142857142857144,548.9000000000001,0.0
2025-04-05,KE,6,9.15,Medium,25.5,3.9,1,4.142857142857143,548.9000000000001,0.0
2025-04-06,KE,2,0.0,Medium,21.4,9.8,1,3.4285714285714284,548.9000000000001,0.0
2025-04-07,KE,19,6.516666666666667,Medium,23.2,2.0,1,6.0,548.9000000000001,0.0
2025-04-08,KE,16,12.383333333333333,Medium,24.5,2.2,1,8.0,548.9000000000001,0.0
2025-04-09,KE,5,27.766666666666666,Medium,25.8,0.2,0,8.142857142857142,548.9000000000001,0.0
2025-04-10,KE,3,17.65,Medium,23.9,1.1,1,8.0,548.9000000000001,0.0
2025-04-14,KE,8,18.0,Medium,25.1,3.7,1,8.428571428571429,548.9000000000001,0.0
2025-04-15,KE,6,2.466666666666667,Medium,25.1,3.3,1,8.428571428571429,548.9000000000001,0.0
2025-04-16,KE,13,213.86666666666667,High,25.3,2.8,1,10.0,598.8,0.0
2025-04-17,KE,8,16.333333333333336,Medium,25.5,1.3,1,8.428571428571429,548.9000000000001,0.0
2025-04-18,KE,17,127.6,High,26.0,3.8,1,8.571428571428571,598.8,0.0
2025-04-19,KE,18,254.31666666666666,High,26.0,14.0,1,10.428571428571429,598.8,0.0
2025-04-20,KE,10,90.91666666666667,High,24.5,10.0,1,11.428571428571429,598.8,0.0
2025-04-21,KE,25,87.31666666666666,High,23.0,11.8,1,13.857142857142858,598.8,0.0
2025-04-22,KE,49,388.8833333333333,High,23.7,5.7,1,20.0,598.8,0.0
2025-04-23,KE,62,718.4833333333333,High,22.0,9.1,1,27.0,598.8,0.0
2025-04-24,KE,46,573.9833333333333,High,22.1,2.3,1,32.42857142857143,598.8,0.0
2025-04-25,KE,32,447.53333333333336,High,23.1,3.4,1,34.57142857142857,598.8,0.0
2025-04-26,KE,17,350.8833333333333,High,24.5,0.0,0,34.42857142857143,598.8,0.0
2025-04-27,KE,25,412.8,High,24.7,1.0,0,36.57142857142857,598.8,0.0
2025-04-28,KE,49,856.9,High,24.6,0.3,0,40.0,598.8,0.0
2025-04-29,KE,20,80.58333333333333,High,25.4,2.5,1,35.857142857142854,598.8,0.0
2025-04-30,KE,17,219.35,High,24.8,2.2,1,29.428571428571427,598.8,0.0
2025-05-01,KE,58,1000.1333333333333,High,25.1,0.7,0,31.142857142857142,598.8,0.0
2025-05-02,KE,41,465.3333333333333,High,26.0,0.9,0,32.42857142857143,598.8,0.0
2025-05-03,KE,53,935.0166666666667,High,26.2,3.0,1,37.57142857142857,598.8,0.0
2025-05-04,KE,62,963.8666666666667,High,26.5,10.5,1,42.857142857142854,598.8,0.0
2025-05-05,KE,28,199.13333333333333,High,23.4,12.5,1,39.857142857142854,598.8,0.0
2025-05-06,KE,42,489.0666666666666,High,23.4,17.8,1,43.0,598.8,0.0
2025-05-07,KE,39,636.4833333333333,High,23.3,10.2,1,46.142857142857146,598.8,0.0
2025-05-08,KE,50,726.1166666666667,High,23.8,2.1,1,45.0,598.8,0.0
2025-05-09,KE,26,222.61666666666665,High,23.4,2.1,1,42.857142857142854,598.8,0.0
2025-05-10,KE,14,188.61666666666667,High,24.2,1.5,1,37.285714285714285,598.8,0.0
2025-05-11,KE,29,176.4,High,24.1,3.6,1,32.57142857142857,598.8,0.0
2025-05-12,KE,15,305.18333333333334,High,25.1,15.9,1,30.714285714285715,598.8,0.0
2025-05-13,KE,32,538.55,High,23.0,26.8,1,29.285714285714285,598.8,0.0
2025-05-14,KE,42,604.9833333333333,High,23.4,2.2,1,29.714285714285715,598.8,0.0
2025-05-15,KE,40,531.2333333333333,High,23.1,1.4,1,28.285714285714285,598.8,0.0
2025-05-16,KE,24,253.21666666666667,High,23.3,1.1,1,28.0,598.8,0.0
2025-05-17,KE,22,281.6166666666667,High,23.6,0.7,0,29.142857142857142,598.8,0.0
2025-05-18,KE,53,744.0166666666667,High,23.3,2.9,1,32.57142857142857,598.8,0.0
2025-05-19,KE,42,471.96666666666664,High,22.6,2.6,1,36.42857142857143,598.8,0.0
2025-05-20,KE,45,698.2833333333333,High,24.4,1.8,1,38.285714285714285,598.8,0.0
2025-05-21,KE,37,835.9333333333333,High,24.3,0.9,0,37.57142857142857,598.8,0.0
2025-05-22,KE,39,146.88333333333333,High,24.9,1.8,1,37.42857142857143,598.8,0.0
2025-05-23,KE,28,438.8666666666667,High,24.5,2.4,1,38.0,598.8,0.0
2025-05-24,KE,38,704.7333333333333,High,26.2,0.0,0,40.285714285714285,598.8,0.0
2025-05-25,KE,33,848.3333333333334,High,23.1,0.8,0,37.42857142857143,598.8,0.0
2025-05-26,KE,32,420.98333333333335,High,24.8,2.2,1,36.0,598.8,0.0
2025-05-27,KE,24,223.51666666666665,High,22.7,10.3,1,33.0,598.8,0.0
2025-05-28,KE,23,339.7833333333333,High,24.2,0.5,0,31.0,598.8,0.0
2025-05-29,KE,32,571.55,High,24.1,1.3,1,30.0,598.8,0.0
2025-05-30,KE,40,546.7166666666667,High,25.4,0.0,0,31.714285714285715,598.8,0.0
2025-05-31,KE,99,840.0166666666667,High,26.1,0.0,0,40.42857142857143,598.8,0.0
2025-06-01,KE,247,1157.9666666666667,High,23.7,2.2,1,71.0,598.8,1197.6
2025-06-02,KE,96,1283.2166666666667,High,23.7,2.2,1,80.14285714285714,598.8,0.0
2025-06-03,KE,23,19.65,Medium,25.4,0.0,0,80.0,548.9000000000001,0.0
2025-06-04,KE,42,250.83333333333331,High,25.4,0.5,0,82.71428571428571,598.8,0.0
2025-06-05,KE,16,260.95,High,25.1,3.4,1,80.42857142857143,598.8,0.0
2025-06-06,KE,26,137.8166666666667,High,22.7,6.8,1,78.42857142857143,598.8,0.0
2025-06-07,KE,34,533.6166666666667,High,22.8,4.4,1,69.14285714285714,598.8,0.0
2025-06-08,KE,16,432.4833333333333,High,23.3,1.5,1,36.142857142857146,598.8,0.0
2025-06-09,KE,59,685.0,High,23.4,8.4,1,30.857142857142858,598.8,0.0
2025-06-10,KE,27,430.04999999999995,High,24.0,0.8,0,31.428571428571427,598.8,0.0
2025-06-11,KE,25,57.416666666666664,Medium,23.3,0.9,0,29.0,548.9000000000001,0.0
2025-06-12,KE,143,342.6,High,23.0,2.4,1,47.142857142857146,598.8,598.8
2025-06-13,KE,46,59.03333333333333,Medium,25.2,0.2,0,50.0,548.9000000000001,0.0
2025-06-14,KE,36,125.11666666666666,High,24.7,0.0,0,50.285714285714285,598.8,0.0
2025-06-15,KE,42,46.56666666666667,Medium,24.3,0.0,0,54.0,548.9000000000001,0.0
2025-06-16,KE,10,117.2,High,23.6,0.0,0,47.0,598.8,0.0
2025-06-17,KE,24,10.683333333333334,Medium,24.4,0.5,0,46.57142857142857,548.9000000000001,0.0
2025-06-18,KE,37,206.63333333333333,High,24.5,0.3,0,48.285714285714285,598.8,0.0
2025-06-19,KE,32,262.26666666666665,High,24.6,0.0,0,32.42857142857143,598.8,0.0
2025-06-20,KE,43,335.6333333333333,High,23.3,3.0,1,32.0,598.8,0.0
2025-06-21,KE,49,470.2,High,25.1,0.1,0,33.857142857142854,598.8,0.0
2025-06-22,KE,45,611.3166666666666,High,24.4,1.2,1,34.285714285714285,598.8,0.0
2025-06-23,KE,45,433.35,High,24.7,1.1,1,39.285714285714285,598.8,0.0
2025-06-24,KE,78,537.45,High,25.4,0.0,0,47.0,598.8,0.0
2025-06-25,KE,33,169.06666666666666,High,24.0,0.7,0,46.42857142857143,598.8,0.0
2025-06-26,KE,31,331.2,High,23.6,4.1,1,46.285714285714285,598.8,0.0
2025-06-27,KE,45,335.8,High,25.4,0.2,0,46.57142857142857,598.8,0.0
2025-06-28,KE,36,227.79999999999998,High,24.7,0.7,0,44.714285714285715,598.8,0.0
2025-06-29,KE,15,58.46666666666667,Medium,21.4,0.0,0,40.42857142857143,548.9000000000001,0.0
2025-06-30,KE,16,226.9,High,21.4,0.0,0,36.285714285714285,598.8,0.0
2025-07-01,KE,21,262.45,High,22.9,0.6,0,28.142857142857142,598.8,0.0
2025-07-02,KE,12,27.833333333333336,Medium,23.5,0.0,0,25.142857142857142,548.9000000000001,0.0
2025-07-03,KE,29,34.55,Medium,22.7,0.5,0,24.857142857142858,548.9000000000001,0.0
2025-07-04,KE,14,85.89999999999999,High,23.8,0.5,0,20.428571428571427,598.8,0.0
2025-07-05,KE,22,21.3,Medium,22.0,1.0,0,18.428571428571427,548.9000000000001,0.0
2025-07-06,KE,39,272.9166666666667,High,23.3,0.9,0,21.857142857142858,598.8,0.0
2025-07-07,KE,29,225.21666666666667,High,22.0,0.7,0,23.714285714285715,598.8,0.0
2025-07-08,KE,41,162.75,High,22.2,0.6,0,26.571428571428573,598.8,0.0
2025-07-09,KE,20,140.73333333333332,High,19.8,0.1,0,27.714285714285715,598.8,0.0
2025-07-10,KE,385,291.8833333333333,High,22.7,0.0,0,78.57142857142857,598.8,1796.3999999999999
2025-07-11,KE,1176,87.16666666666667,High,22.1,1.4,1,244.57142857142858,598.8,6586.799999999999
2025-07-12,KE,31,330.9666666666667,High,23.1,1.4,1,245.85714285714286,598.8,0.0
2025-07-13,KE,32,57.833333333333336,Medium,22.2,2.0,1,244.85714285714286,548.9000000000001,0.0
2025-07-14,KE,12,246.2,High,23.6,0.2,0,242.42857142857142,598.8,0.0
2025-07-15,KE,18,218.49999999999997,High,23.5,0.2,0,239.14285714285714,598.8,0.0
2025-07-16,KE,12,52.416666666666664,Medium,23.1,0.7,0,238.0,548.9000000000001,0.0
2025-07-17,KE,33,49.08333333333333,Medium,23.9,1.3,1,187.71428571428572,548.9000000000001,0.0
2025-07-18,KE,17,34.15,Medium,23.4,0.9,0,22.142857142857142,548.9000000000001,0.0
2025-07-19,KE,3,1.7,Medium,26.4,0.4,0,18.142857142857142,548.9000000000001,0.0
2025-07-20,KE,5,17.116666666666667,Medium,24.8,0.0,0,14.285714285714286,548.9000000000001,0.0
2025-07-21,KE,15,270.51666666666665,High,24.6,0.0,0,14.714285714285714,598.8,0.0
2025-07-22,KE,18,21.133333333333333,Medium,24.3,0.1,0,14.714285714285714,548.9000000000001,0.0
2025-07-23,KE,30,178.43333333333334,High,20.0,0.5,0,17.285714285714285,598.8,0.0
2025-07-24,KE,25,74.93333333333334,High,26.3,0.0,0,16.142857142857142,598.8,0.0
2025-07-25,KE,9,187.79999999999998,High,26.6,0.0,0,15.0,598.8,0.0
2023-01-21,NG,1,0.0,Medium,31.8,0.8,0,1.4285714285714286,548.9000000000001,0.0
2023-01-27,NG,1,0.0,Medium,30.3,1.1,1,1.2857142857142858,548.9000000000001,0.0
2023-03-01,NG,1,0.0,Medium,32.8,0.0,0,1.1428571428571428,548.9000000000001,0.0
2023-03-02,NG,1,0.0,Medium,32.4,0.4,0,1.1428571428571428,548.9000000000001,0.0
2023-03-08,NG,1,0.0,Medium,32.4,0.1,0,1.0,548.9000000000001,0.0
2023-03-24,NG,2,0.0,Medium,31.1,0.0,0,1.1428571428571428,548.9000000000001,0.0
2023-05-11,NG,1,23.033333333333335,Medium,30.4,2.0,1,1.1428571428571428,548.9000000000001,0.0
2023-05-14,NG,1,0.0,Medium,31.7,4.0,1,1.1428571428571428,548.9000000000001,0.0
2023-05-15,NG,2,2.0166666666666666,Medium,30.3,45.0,1,1.2857142857142858,548.9000000000001,0.0
2023-05-29,NG,4,1.0333333333333334,Medium,28.5,2.2,1,1.7142857142857142,548.9000000000001,0.0
2023-05-31,NG,1,0.0,Medium,30.7,2.8,1,1.7142857142857142,548.9000000000001,0.0
2023-06-02,NG,2,0.0,Medium,28.0,6.1,1,1.8571428571428572,548.9000000000001,0.0
2023-06-03,NG,1,0.0,Medium,28.1,3.3,1,1.7142857142857142,548.9000000000001,0.0
2023-06-11,NG,1,0.0,Medium,26.9,13.4,1,1.7142857142857142,548.9000000000001,0.0
2023-06-12,NG,1,0.0,Medium,29.9,0.4,0,1.7142857142857142,548.9000000000001,0.0
2023-06-13,NG,3,0.0,Medium,30.1,0.3,0,1.8571428571428572,548.9000000000001,0.0
2023-06-17,NG,1,0.5,Medium,29.9,4.4,1,1.4285714285714286,548.9000000000001,0.0
2023-06-19,NG,2,0.5,Medium,29.0,6.2,1,1.5714285714285714,548.9000000000001,0.0
2023-06-26,NG,1,0.0,Medium,29.2,0.0,0,1.4285714285714286,548.9000000000001,0.0
2023-06-27,NG,2,0.0,Medium,28.7,0.3,0,1.5714285714285714,548.9000000000001,0.0
2023-06-30,NG,1,0.0,Medium,28.6,0.9,0,1.5714285714285714,548.9000000000001,0.0
2023-07-03,NG,3,0.9833333333333333,Medium,28.8,0.9,0,1.8571428571428572,548.9000000000001,0.0
2023-07-05,NG,3,1.5,Medium,29.1,0.8,0,1.8571428571428572,548.9000000000001,0.0
2023-07-19,NG,1,0.0,Medium,28.9,1.4,1,1.8571428571428572,548.9000000000001,0.0
2023-07-29,NG,1,0.0,Medium,27.2,11.1,1,1.7142857142857142,548.9000000000001,0.0
2023-08-01,NG,1,0.0,Medium,26.9,15.5,1,1.7142857142857142,548.9000000000001,0.0
2023-08-23,NG,1,0.0,Medium,27.9,6.1,1,1.5714285714285714,548.9000000000001,0.0
2023-08-24,NG,1,0.0,Medium,28.8,3.5,1,1.5714285714285714,548.9000000000001,0.0
2023-08-31,NG,1,0.0,Medium,28.3,1.9,1,1.2857142857142858,548.9000000000001,0.0
2023-09-15,NG,3,0.0,Medium,28.4,7.2,1,1.2857142857142858,548.9000000000001,0.0
2023-10-19,NG,1,0.0,Medium,29.5,10.0,1,1.2857142857142858,548.9000000000001,0.0
2023-11-01,NG,1,0.0,Medium,30.8,0.2,0,1.2857142857142858,548.9000000000001,0.0
2023-11-08,NG,3,0.0,Medium,30.1,4.2,1,1.5714285714285714,548.9000000000001,0.0
2023-12-22,NG,1,0.0,Medium,33.3,0.0,0,1.5714285714285714,548.9000000000001,0.0
2023-12-23,NG,14,0.0,Medium,33.0,0.0,0,3.4285714285714284,548.9000000000001,0.0
2023-12-24,NG,3,0.0,Medium,33.3,0.0,0,3.7142857142857144,548.9000000000001,0.0
2024-01-12,NG,1,0.0,Medium,32.8,0.4,0,3.4285714285714284,548.9000000000001,0.0
2024-01-16,NG,1,0.0,Medium,32.9,0.0,0,3.4285714285714284,548.9000000000001,0.0
2024-01-17,NG,5,0.0,Medium,34.1,0.0,0,4.0,548.9000000000001,0.0
2024-01-18,NG,3,0.0,Medium,33.0,0.0,0,4.0,548.9000000000001,0.0
2024-01-22,NG,1,0.0,Medium,32.9,0.0,0,4.0,548.9000000000001,0.0
2024-02-05,NG,5,1.75,Medium,33.6,0.0,0,2.7142857142857144,548.9000000000001,0.0
2024-04-13,NG,1,0.5,Medium,32.7,1.9,1,2.4285714285714284,548.9000000000001,0.0
2024-04-20,NG,1,0.0,Medium,33.4,1.0,0,2.4285714285714284,548.9000000000001,0.0
2024-04-29,NG,1,0.0,Medium,32.4,0.9,0,2.4285714285714284,548.9000000000001,0.0
2024-04-30,NG,1,0.0,Medium,33.2,1.7,1,1.8571428571428572,548.9000000000001,0.0
2024-05-02,NG,2,28.633333333333333,Medium,32.7,0.2,0,1.7142857142857142,548.9000000000001,0.0
2024-05-03,NG,5,6.133333333333334,Medium,32.7,7.1,1,2.2857142857142856,548.9000000000001,0.0
2024-05-05,NG,2,0.0,Medium,32.8,1.4,1,1.8571428571428572,548.9000000000001,0.0
2024-05-08,NG,6,8.15,Medium,33.1,1.2,1,2.5714285714285716,548.9000000000001,0.0
2024-05-09,NG,8,0.5833333333333334,Medium,33.0,0.0,0,3.5714285714285716,548.9000000000001,0.0
2024-05-10,NG,5,0.9166666666666667,Medium,32.9,0.0,0,4.142857142857143,548.9000000000001,0.0
2024-05-11,NG,1,6.716666666666667,Medium,32.6,1.5,1,4.142857142857143,548.9000000000001,0.0
2024-05-12,NG,2,8.833333333333334,Medium,32.7,2.1,1,4.142857142857143,548.9000000000001,0.0
2024-05-17,NG,4,10.483333333333334,Medium,32.0,2.0,1,4.0,548.9000000000001,0.0
2024-05-18,NG,3,14.0,Medium,31.2,10.3,1,4.142857142857143,548.9000000000001,0.0
2024-05-20,NG,1,0.0,Medium,31.8,0.1,0,3.4285714285714284,548.9000000000001,0.0
2024-05-25,NG,1,0.0,Medium,28.7,24.8,1,2.4285714285714284,548.9000000000001,0.0
2024-05-27,NG,5,94.16666666666667,High,31.8,0.0,0,2.4285714285714284,598.8,0.0
2024-05-28,NG,3,0.45,Medium,30.9,2.4,1,2.7142857142857144,548.9000000000001,0.0
2024-05-29,NG,1,10.283333333333333,Medium,30.9,0.4,0,2.5714285714285716,548.9000000000001,0.0
2024-06-06,NG,1,0.0,Medium,29.2,17.7,1,2.142857142857143,548.9000000000001,0.0
2024-06-07,NG,1,1.95,Medium,29.0,6.5,1,1.8571428571428572,548.9000000000001,0.0
2024-06-10,NG,1,0.0,Medium,29.8,3.2,1,1.8571428571428572,548.9000000000001,0.0
2024-06-11,NG,2,0.7,Medium,28.2,9.5,1,2.0,548.9000000000001,0.0
2024-06-14,NG,7,20.75,Medium,27.5,8.6,1,2.2857142857142856,548.9000000000001,0.0
2024-06-15,NG,5,2.283333333333333,Medium,28.0,19.8,1,2.5714285714285716,548.9000000000001,0.0
2024-06-19,NG,1,0.0,Medium,30.2,1.6,1,2.5714285714285716,548.9000000000001,0.0
2024-06-20,NG,2,1.9333333333333333,Medium,28.2,5.2,1,2.7142857142857144,548.9000000000001,0.0
2024-06-22,NG,1,0.0,Medium,29.2,1.1,1,2.7142857142857144,548.9000000000001,0.0
2024-06-24,NG,1,2.6166666666666667,Medium,29.6,10.7,1,2.7142857142857144,548.9000000000001,0.0
2024-06-25,NG,2,3.3666666666666667,Medium,27.3,31.3,1,2.7142857142857144,548.9000000000001,0.0
2024-06-27,NG,1,3.5,Medium,29.4,2.0,1,1.8571428571428572,548.9000000000001,0.0
2024-07-06,NG,3,8.233333333333333,Medium,27.6,22.3,1,1.5714285714285714,548.9000000000001,0.0
2024-07-08,NG,1,1.5166666666666666,Medium,27.9,14.0,1,1.5714285714285714,548.9000000000001,0.0
2024-07-13,NG,3,0.8333333333333334,Medium,28.3,2.7,1,1.7142857142857142,548.9000000000001,0.0
2024-07-27,NG,1,0.0,Medium,27.7,0.2,0,1.7142857142857142,548.9000000000001,0.0
2024-07-30,NG,1,0.0,Medium,28.2,1.6,1,1.7142857142857142,548.9000000000001,0.0
2024-08-05,NG,1,0.0,Medium,27.4,0.8,0,1.5714285714285714,548.9000000000001,0.0
2024-08-23,NG,1,2.0833333333333335,Medium,26.6,20.1,1,1.5714285714285714,548.9000000000001,0.0
2024-08-26,NG,10,41.666666666666664,Medium,27.3,10.8,1,2.5714285714285716,548.9000000000001,0.0
2024-08-30,NG,15,3.283333333333333,Medium,27.6,3.6,1,4.571428571428571,548.9000000000001,0.0
2024-08-31,NG,3,5.183333333333334,Medium,27.7,0.6,0,4.571428571428571,548.9000000000001,0.0
2024-09-02,NG,7,12.85,Medium,28.4,0.1,0,5.428571428571429,548.9000000000001,0.0
2024-09-04,NG,2,0.43333333333333335,Medium,28.8,0.0,0,5.571428571428571,548.9000000000001,0.0
2024-09-06,NG,5,5.1,Medium,29.0,0.0,0,6.142857142857143,548.9000000000001,0.0
2024-09-07,NG,1,0.0,Medium,27.5,8.6,1,6.142857142857143,548.9000000000001,0.0
2024-09-11,NG,1,11.7,Medium,28.3,7.4,1,4.857142857142857,548.9000000000001,0.0
2024-09-17,NG,1,6.383333333333334,Medium,27.3,18.0,1,2.857142857142857,548.9000000000001,0.0
2024-09-21,NG,1,0.43333333333333335,Medium,28.7,2.3,1,2.5714285714285716,548.9000000000001,0.0
2024-09-24,NG,2,62.61666666666667,High,28.8,7.4,1,1.8571428571428572,598.8,0.0
2024-09-26,NG,1,0.0,Medium,28.8,2.4,1,1.7142857142857142,548.9000000000001,0.0
2024-10-24,NG,1,0.0,Medium,29.9,0.7,0,1.1428571428571428,548.9000000000001,0.0
2024-10-25,NG,6,0.0,Medium,29.8,25.0,1,1.8571428571428572,548.9000000000001,0.0
2024-10-28,NG,1,0.0,Medium,29.1,3.5,1,1.8571428571428572,548.9000000000001,0.0
2024-10-30,NG,3,0.0,Medium,29.6,3.9,1,2.142857142857143,548.9000000000001,0.0
2024-10-31,NG,1,0.0,Medium,29.6,0.4,0,2.142857142857143,548.9000000000001,0.0
2024-11-01,NG,2,0.0,Medium,30.0,1.3,1,2.142857142857143,548.9000000000001,0.0
2024-11-02,NG,3,3.1666666666666665,Medium,29.2,2.7,1,2.4285714285714284,548.9000000000001,0.0
2024-11-04,NG,1,0.0,Medium,31.1,1.8,1,2.4285714285714284,548.9000000000001,0.0
2024-11-05,NG,2,0.0,Medium,31.8,0.0,0,1.8571428571428572,548.9000000000001,0.0
2024-11-07,NG,1,0.4,Medium,31.0,0.0,0,1.8571428571428572,548.9000000000001,0.0
2024-11-08,NG,4,0.0,Medium,30.8,0.0,0,2.0,548.9000000000001,0.0
2024-11-11,NG,3,0.0,Medium,30.0,0.8,0,2.2857142857142856,548.9000000000001,0.0
2024-11-12,NG,1,0.0,Medium,30.8,0.3,0,2.142857142857143,548.9000000000001,0.0
2024-11-16,NG,13,0.0,Medium,30.7,1.4,1,3.5714285714285716,548.9000000000001,0.0
2024-11-17,NG,1,0.0,Medium,30.2,2.2,1,3.5714285714285716,548.9000000000001,0.0
2024-11-19,NG,1,0.0,Medium,32.2,0.0,0,3.4285714285714284,548.9000000000001,0.0
2024-11-20,NG,1,0.0,Medium,33.4,0.0,0,3.4285714285714284,548.9000000000001,0.0
2024-11-22,NG,3,0.0,Medium,30.4,7.2,1,3.2857142857142856,548.9000000000001,0.0
2024-11-25,NG,8,0.0,Medium,33.0,0.0,0,4.0,548.9000000000001,0.0
2024-11-27,NG,1,0.0,Medium,31.0,0.8,0,4.0,548.9000000000001,0.0
2024-11-28,NG,5,0.0,Medium,32.4,0.0,0,2.857142857142857,548.9000000000001,0.0
2024-11-29,NG,23,23.383333333333333,Medium,33.0,0.0,0,6.0,548.9000000000001,0.0
2024-11-30,NG,2,0.0,Medium,34.1,0.0,0,6.142857142857143,548.9000000000001,0.0
2024-12-05,NG,3,0.0,Medium,31.2,4.3,1,6.428571428571429,548.9000000000001,0.0
2024-12-06,NG,3,0.0,Medium,31.0,0.7,0,6.428571428571429,548.9000000000001,0.0
2024-12-08,NG,1,0.0,Medium,33.7,0.0,0,5.428571428571429,548.9000000000001,0.0
2024-12-10,NG,1,0.0,Medium,33.8,0.0,0,5.428571428571429,548.9000000000001,0.0
2024-12-12,NG,2,0.0,Medium,32.1,0.8,0,5.0,548.9000000000001,0.0
2024-12-13,NG,47,0.0,Medium,31.6,2.0,1,8.428571428571429,548.9000000000001,0.0
2024-12-14,NG,2,0.0,Medium,32.4,0.0,0,8.428571428571429,548.9000000000001,0.0
2024-12-15,NG,2,0.0,Medium,33.3,0.0,0,8.285714285714286,548.9000000000001,0.0
2024-12-16,NG,2,0.0,Medium,33.5,0.0,0,8.142857142857142,548.9000000000001,0.0
2024-12-17,NG,1,0.0,Medium,33.9,0.0,0,8.142857142857142,548.9000000000001,0.0
2024-12-18,NG,4,0.0,Medium,33.5,0.0,0,8.571428571428571,548.9000000000001,0.0
2024-12-19,NG,1,0.0,Medium,33.8,0.0,0,8.428571428571429,548.9000000000001,0.0
2024-12-20,NG,1,0.0,Medium,34.0,0.0,0,1.8571428571428572,548.9000000000001,0.0
2024-12-21,NG,1,0.0,Medium,33.7,0.0,0,1.7142857142857142,548.9000000000001,0.0
2024-12-23,NG,4,0.0,Medium,33.5,0.0,0,2.0,548.9000000000001,0.0
2024-12-25,NG,1,82.9,High,34.0,0.0,0,1.8571428571428572,598.8,0.0
2024-12-29,NG,1,0.0,Medium,33.7,0.0,0,1.8571428571428572,548.9000000000001,0.0
2024-12-31,NG,2,0.0,Medium,32.8,0.0,0,1.5714285714285714,548.9000000000001,0.0
2025-01-03,NG,4,0.0,Medium,32.4,0.2,0,2.0,548.9000000000001,0.0
2025-01-04,NG,3,0.0,Medium,32.6,1.4,1,2.2857142857142856,548.9000000000001,0.0
2025-01-06,NG,5,0.4666666666666667,Medium,32.7,1.6,1,2.857142857142857,548.9000000000001,0.0
2025-01-07,NG,1,0.0,Medium,32.2,0.5,0,2.4285714285714284,548.9000000000001,0.0
2025-01-09,NG,1,0.0,Medium,32.6,0.1,0,2.4285714285714284,548.9000000000001,0.0
2025-01-15,NG,1,0.0,Medium,33.2,0.0,0,2.4285714285714284,548.9000000000001,0.0
2025-01-20,NG,8,0.0,Medium,31.4,1.0,0,3.2857142857142856,548.9000000000001,0.0
2025-01-21,NG,13,0.0,Medium,32.2,0.0,0,4.571428571428571,548.9000000000001,0.0
2025-01-22,NG,1,0.0,Medium,32.6,0.6,0,4.285714285714286,548.9000000000001,0.0
2025-01-24,NG,2,0.0,Medium,32.1,0.9,0,3.857142857142857,548.9000000000001,0.0
2025-01-25,NG,1,0.0,Medium,31.7,1.2,1,3.857142857142857,548.9000000000001,0.0
2025-01-27,NG,2,0.0,Medium,31.4,2.0,1,4.0,548.9000000000001,0.0
2025-01-30,NG,1,0.21666666666666667,Medium,31.4,0.8,0,4.0,548.9000000000001,0.0
2025-01-31,NG,3,0.0,Medium,32.1,2.9,1,3.2857142857142856,548.9000000000001,0.0
2025-02-01,NG,3,1.3,Medium,31.8,0.2,0,1.8571428571428572,548.9000000000001,0.0
2025-02-03,NG,2,1.4,Medium,32.5,0.2,0,2.0,548.9000000000001,0.0
2025-02-04,NG,3,0.0,Medium,33.7,0.0,0,2.142857142857143,548.9000000000001,0.0
2025-02-05,NG,3,0.0,Medium,32.0,0.7,0,2.4285714285714284,548.9000000000001,0.0
2025-02-06,NG,4,0.0,Medium,32.1,1.0,0,2.7142857142857144,548.9000000000001,0.0
2025-02-07,NG,12,0.0,Medium,32.7,1.1,1,4.285714285714286,548.9000000000001,0.0
2025-02-10,NG,1,0.0,Medium,32.1,2.8,1,4.0,548.9000000000001,0.0
2025-02-11,NG,5,0.0,Medium,32.4,1.4,1,4.285714285714286,548.9000000000001,0.0
2025-02-12,NG,1,0.0,Medium,31.0,1.8,1,4.142857142857143,548.9000000000001,0.0
2025-02-18,NG,1,0.0,Medium,32.2,0.0,0,3.857142857142857,548.9000000000001,0.0
2025-02-25,NG,1,0.0,Medium,31.8,5.5,1,3.5714285714285716,548.9000000000001,0.0
2025-02-27,NG,1,0.0,Medium,32.4,0.7,0,3.142857142857143,548.9000000000001,0.0
2025-02-28,NG,1,0.0,Medium,31.7,1.5,1,1.5714285714285714,548.9000000000001,0.0
2025-03-03,NG,2,0.0,Medium,32.1,4.4,1,1.7142857142857142,548.9000000000001,0.0
2025-03-08,NG,1,0.0,Medium,32.2,0.3,0,1.1428571428571428,548.9000000000001,0.0
2025-03-14,NG,1,58.31666666666667,Medium,31.9,0.7,0,1.1428571428571428,548.9000000000001,0.0
2025-03-16,NG,4,351.5,High,31.6,4.3,1,1.5714285714285714,598.8,0.0
2025-03-18,NG,1,14.283333333333333,Medium,31.2,2.1,1,1.5714285714285714,548.9000000000001,0.0
2025-03-25,NG,2,0.0,Medium,31.8,2.8,1,1.7142857142857142,548.9000000000001,0.0
2025-04-07,NG,2,0.0,Medium,31.1,0.7,0,1.8571428571428572,548.9000000000001,0.0
2025-04-09,NG,3,49.25,Medium,30.8,25.7,1,2.0,548.9000000000001,0.0
2025-04-14,NG,1,14.15,Medium,31.7,13.4,1,2.0,548.9000000000001,0.0
2025-04-16,NG,6,152.98333333333335,High,30.8,5.7,1,2.7142857142857144,598.8,0.0
2025-04-17,NG,6,133.28333333333333,High,31.8,3.5,1,3.0,598.8,0.0
2025-04-28,NG,8,0.2,Medium,31.8,1.7,1,4.0,548.9000000000001,0.0
2025-06-01,NG,1,0.0,Medium,31.2,0.8,0,3.857142857142857,548.9000000000001,0.0
2025-06-10,NG,1,0.0,Medium,29.6,1.4,1,3.7142857142857144,548.9000000000001,0.0
2025-06-19,NG,1,0.0,Medium,28.9,24.4,1,3.4285714285714284,548.9000000000001,0.0
2025-06-20,NG,1,0.0,Medium,29.5,15.9,1,3.4285714285714284,548.9000000000001,0.0
2025-06-27,NG,3,47.516666666666666,Medium,28.7,3.4,1,3.0,548.9000000000001,0.0
2025-07-01,NG,1,0.0,Medium,29.3,9.5,1,2.2857142857142856,548.9000000000001,0.0
2025-07-02,NG,3,0.0,Medium,29.7,3.0,1,1.5714285714285714,548.9000000000001,0.0
2025-07-03,NG,2,0.0,Medium,28.4,14.0,1,1.7142857142857142,548.9000000000001,0.0
2025-07-17,NG,2,10.116666666666667,Medium,27.7,2.8,1,1.8571428571428572,548.9000000000001,0.0
2025-07-19,NG,1,0.0,Medium,28.6,0.3,0,1.8571428571428572,548.9000000000001,0.0
2025-07-21,NG,1,0.0,Medium,28.2,0.7,0,1.8571428571428572,548.9000000000001,0.0
2023-01-07,US,2,90.66666666666667,High,8.1,0.0,0,1.5714285714285714,598.8,0.0
2023-01-13,US,1,0.0,Medium,12.6,1.6,1,1.5714285714285714,548.9000000000001,0.0
2023-01-22,US,1,0.0,Medium,5.5,5.4,1,1.5714285714285714,548.9000000000001,0.0
2023-01-27,US,1,0.0,Medium,6.0,0.0,0,1.5714285714285714,548.9000000000001,0.0
2023-03-14,US,1,0.0,Medium,3.3,12.2,1,1.5714285714285714,548.9000000000001,0.0
2023-05-18,US,2,92.51666666666667,High,14.1,0.0,0,1.2857142857142858,598.8,0.0
2023-07-15,US,2,0.5166666666666667,Medium,29.4,8.0,1,1.4285714285714286,548.9000000000001,0.0
2023-08-18,US,1,0.0,Medium,26.8,3.1,1,1.2857142857142858,548.9000000000001,0.0
2023-08-19,US,1,0.0,Medium,26.3,0.0,0,1.2857142857142858,548.9000000000001,0.0
2023-08-20,US,3,0.0,Medium,29.8,0.0,0,1.5714285714285714,548.9000000000001,0.0
2023-08-23,US,1,0.0,Medium,25.4,0.0,0,1.5714285714285714,548.9000000000001,0.0
2023-08-24,US,2,32.516666666666666,Medium,24.3,2.2,1,1.7142857142857142,548.9000000000001,0.0
2023-09-08,US,1,0.0,Medium,31.6,14.3,1,1.5714285714285714,548.9000000000001,0.0
2023-09-09,US,1,0.0,Medium,29.1,8.5,1,1.4285714285714286,548.9000000000001,0.0
2023-09-10,US,1,0.0,Medium,24.4,16.5,1,1.4285714285714286,548.9000000000001,0.0
2023-09-17,US,2,0.0,Medium,24.1,0.5,0,1.5714285714285714,548.9000000000001,0.0
2023-10-07,US,1,0.0,Medium,20.5,60.4,1,1.2857142857142858,548.9000000000001,0.0
2023-10-22,US,1,0.0,Medium,13.8,0.0,0,1.2857142857142858,548.9000000000001,0.0
2023-10-25,US,1,0.0,Medium,21.9,0.0,0,1.1428571428571428,548.9000000000001,0.0
2023-11-14,US,2,0.0,Medium,11.1,0.0,0,1.2857142857142858,548.9000000000001,0.0
2023-11-17,US,1,0.0,Medium,19.4,0.0,0,1.2857142857142858,548.9000000000001,0.0
2023-11-18,US,2,0.0,Medium,13.1,1.2,1,1.4285714285714286,548.9000000000001,0.0
2023-11-21,US,2,0.0,Medium,8.3,7.9,1,1.4285714285714286,548.9000000000001,0.0
2023-11-24,US,2,30.5,Medium,9.7,0.0,0,1.5714285714285714,548.9000000000001,0.0
2023-11-26,US,1,0.0,Medium,10.4,5.5,1,1.5714285714285714,548.9000000000001,0.0
2023-11-28,US,2,0.0,Medium,3.8,0.1,0,1.7142857142857142,548.9000000000001,0.0
2023-12-09,US,1,0.0,Medium,13.4,0.0,0,1.5714285714285714,548.9000000000001,0.0
2023-12-11,US,2,32.516666666666666,Medium,14.0,26.9,1,1.7142857142857142,548.9000000000001,0.0
2023-12-19,US,2,0.0,Medium,6.0,0.0,0,1.7142857142857142,548.9000000000001,0.0
2023-12-23,US,1,0.0,Medium,5.9,0.5,0,1.5714285714285714,548.9000000000001,0.0
2023-12-30,US,2,0.7333333333333333,Medium,7.9,0.1,0,1.5714285714285714,548.9000000000001,0.0
2024-01-07,US,1,0.0,Medium,2.4,7.3,1,1.5714285714285714,548.9000000000001,0.0
2024-01-08,US,2,61.03333333333333,High,6.2,0.0,0,1.5714285714285714,598.8,0.0
2024-01-09,US,1,0.0,Medium,12.5,31.5,1,1.5714285714285714,548.9000000000001,0.0
2024-01-10,US,1,0.0,Medium,13.7,28.2,1,1.4285714285714286,548.9000000000001,0.0
2024-01-12,US,3,32.35,Medium,8.0,0.8,0,1.5714285714285714,548.9000000000001,0.0
2024-01-14,US,1,32.45,Medium,6.2,0.5,0,1.5714285714285714,548.9000000000001,0.0
2024-01-21,US,2,30.016666666666666,Medium,-1.3,0.0,0,1.5714285714285714,548.9000000000001,0.0
2024-01-27,US,1,0.0,Medium,8.4,0.0,0,1.5714285714285714,548.9000000000001,0.0
2024-01-28,US,2,32.516666666666666,Medium,4.1,21.3,1,1.5714285714285714,548.9000000000001,0.0
2024-02-25,US,2,13.316666666666666,Medium,3.9,0.0,0,1.7142857142857142,548.9000000000001,0.0
2024-02-28,US,3,31.0,Medium,17.0,15.7,1,2.0,548.9000000000001,0.0
2024-03-02,US,2,0.0,Medium,10.0,28.1,1,1.8571428571428572,548.9000000000001,0.0
2024-03-08,US,4,0.0,Medium,12.3,0.0,0,2.2857142857142856,548.9000000000001,0.0
2024-03-16,US,1,0.0,Medium,14.2,0.1,0,2.142857142857143,548.9000000000001,0.0
2024-04-05,US,1,0.0,Medium,9.4,0.0,0,2.142857142857143,548.9000000000001,0.0
2024-04-06,US,1,92.03333333333333,High,11.4,0.2,0,2.0,598.8,0.0
2024-04-07,US,2,91.86666666666666,High,14.2,0.1,0,2.0,598.8,0.0
2024-04-11,US,2,94.88333333333334,High,17.0,6.5,1,1.8571428571428572,598.8,0.0
2024-04-20,US,4,119.55,High,20.0,2.3,1,2.142857142857143,598.8,0.0
2024-04-21,US,2,94.53333333333333,High,11.9,0.0,0,1.8571428571428572,598.8,0.0
2024-04-22,US,2,19.983333333333334,Medium,14.9,0.0,0,2.0,548.9000000000001,0.0
2024-04-24,US,1,0.0,Medium,21.3,1.6,1,2.0,548.9000000000001,0.0
2024-04-29,US,3,10.016666666666667,Medium,28.2,3.4,1,2.2857142857142856,548.9000000000001,0.0
2024-05-03,US,2,93.66666666666667,High,17.1,0.0,0,2.2857142857142856,598.8,0.0
2024-05-05,US,3,182.03333333333333,High,11.9,8.6,1,2.4285714285714284,598.8,0.0
2024-05-07,US,1,0.0,Medium,26.0,0.0,0,2.0,548.9000000000001,0.0
2024-05-20,US,1,0.0,Medium,23.7,0.0,0,1.8571428571428572,548.9000000000001,0.0
2024-05-25,US,2,94.63333333333334,High,25.9,0.0,0,1.8571428571428572,598.8,0.0
2024-06-01,US,2,61.95,High,28.0,0.0,0,2.0,598.8,0.0
2024-06-02,US,2,30.266666666666666,Medium,27.2,0.0,0,1.8571428571428572,548.9000000000001,0.0
2024-06-08,US,1,0.0,Medium,25.2,0.0,0,1.7142857142857142,548.9000000000001,0.0
2024-06-09,US,3,60.36666666666667,Medium,25.3,0.1,0,1.7142857142857142,548.9000000000001,0.0
2024-06-27,US,6,306.1333333333333,High,30.3,10.6,1,2.4285714285714284,598.8,0.0
2024-06-28,US,3,1.8,Medium,25.3,0.0,0,2.7142857142857144,548.9000000000001,0.0
2024-06-29,US,8,0.0,Medium,26.8,1.7,1,3.5714285714285716,548.9000000000001,0.0
2024-07-02,US,1,0.0,Medium,28.6,0.0,0,3.4285714285714284,548.9000000000001,0.0
2024-07-27,US,1,0.0,Medium,29.9,0.0,0,3.2857142857142856,548.9000000000001,0.0
2024-07-28,US,1,26.516666666666666,Medium,31.4,0.0,0,3.2857142857142856,548.9000000000001,0.0
2024-08-03,US,2,32.9,Medium,33.0,13.1,1,3.142857142857143,548.9000000000001,0.0
2024-08-31,US,2,119.63333333333334,High,25.7,0.9,0,2.5714285714285716,598.8,0.0
2024-09-24,US,2,0.0,Medium,20.1,0.0,0,2.4285714285714284,548.9000000000001,0.0
2024-10-06,US,1,0.0,Medium,21.7,0.0,0,1.4285714285714286,548.9000000000001,0.0
2024-10-10,US,1,0.0,Medium,17.9,0.0,0,1.4285714285714286,548.9000000000001,0.0
2024-10-18,US,2,94.81666666666666,High,19.4,0.0,0,1.5714285714285714,598.8,0.0
2024-10-28,US,1,19.3,Medium,16.1,0.0,0,1.5714285714285714,548.9000000000001,0.0
2024-11-01,US,2,44.86666666666667,Medium,26.5,0.3,0,1.5714285714285714,548.9000000000001,0.0
2024-11-04,US,1,0.0,Medium,14.2,0.0,0,1.4285714285714286,548.9000000000001,0.0
2024-12-01,US,5,125.56666666666666,High,2.6,0.0,0,1.8571428571428572,598.8,0.0
2024-12-02,US,1,91.01666666666667,High,3.8,0.0,0,1.8571428571428572,598.8,0.0
2024-12-22,US,1,94.96666666666667,High,-7.1,0.0,0,1.8571428571428572,598.8,0.0
2024-12-25,US,9,330.48333333333335,High,0.0,0.0,0,2.857142857142857,598.8,0.0
2025-01-05,US,4,77.15,High,0.2,0.0,0,3.2857142857142856,598.8,0.0
2025-01-16,US,1,0.0,Medium,-0.7,0.3,0,3.142857142857143,548.9000000000001,0.0
2025-01-18,US,1,0.0,Medium,6.4,2.1,1,3.142857142857143,548.9000000000001,0.0
2025-01-19,US,1,0.0,Medium,2.5,8.8,1,2.5714285714285716,548.9000000000001,0.0
2025-01-20,US,2,0.0,Medium,-2.7,0.2,0,2.7142857142857144,548.9000000000001,0.0
2025-01-22,US,1,0.0,Medium,-8.3,0.0,0,2.7142857142857144,548.9000000000001,0.0
2025-01-28,US,1,94.73333333333333,High,4.3,0.0,0,1.5714285714285714,598.8,0.0
2025-02-03,US,1,0.0,Medium,6.0,0.3,0,1.1428571428571428,548.9000000000001,0.0
2025-02-04,US,15,0.0,Medium,6.0,0.3,0,3.142857142857143,548.9000000000001,0.0
2025-02-05,US,23,0.0,Medium,1.7,0.0,0,6.285714285714286,548.9000000000001,0.0
2025-02-06,US,8,0.0,Medium,4.3,8.5,1,7.285714285714286,548.9000000000001,0.0
2025-02-07,US,12,19.45,Medium,5.0,0.0,0,8.714285714285714,548.9000000000001,0.0
2025-02-08,US,10,0.0,Medium,1.0,7.8,1,10.0,548.9000000000001,0.0
2025-02-09,US,5,0.0,Medium,1.3,6.4,1,10.571428571428571,548.9000000000001,0.0
2025-02-10,US,13,0.0,Medium,0.4,0.0,0,12.285714285714286,548.9000000000001,0.0
2025-02-11,US,6,0.0,Medium,-0.3,1.2,1,11.0,548.9000000000001,0.0
2025-02-12,US,8,0.0,Medium,0.3,4.5,1,8.857142857142858,548.9000000000001,0.0
2025-02-13,US,7,0.0,Medium,7.1,6.6,1,8.714285714285714,548.9000000000001,0.0
2025-02-14,US,5,0.0,Medium,0.9,0.0,0,7.714285714285714,548.9000000000001,0.0
2025-02-15,US,9,0.0,Medium,1.6,6.9,1,7.571428571428571,548.9000000000001,0.0
2025-02-16,US,2,0.0,Medium,7.3,23.1,1,7.142857142857143,548.9000000000001,0.0
2025-02-17,US,9,0.0,Medium,0.8,0.0,0,6.571428571428571,548.9000000000001,0.0
2025-02-18,US,19,0.0,Medium,-3.1,0.0,0,8.428571428571429,548.9000000000001,0.0
2025-03-08,US,1,0.0,Medium,6.1,0.0,0,7.428571428571429,548.9000000000001,0.0
2025-03-11,US,2,0.9666666666666667,Medium,16.0,0.0,0,6.714285714285714,548.9000000000001,0.0
2025-03-22,US,2,31.333333333333332,Medium,16.3,0.0,0,6.285714285714286,548.9000000000001,0.0
2025-04-15,US,2,32.85,Medium,18.7,1.4,1,5.285714285714286,548.9000000000001,0.0
2025-04-22,US,2,9.133333333333333,Medium,27.0,0.1,0,5.285714285714286,548.9000000000001,0.0
2025-06-01,US,2,0.9833333333333333,Medium,18.7,0.0,0,4.285714285714286,548.9000000000001,0.0
2025-06-22,US,2,94.41666666666667,High,33.9,0.3,0,1.8571428571428572,598.8,0.0
2025-06-24,US,2,9.433333333333334,Medium,40.3,0.0,0,2.0,548.9000000000001,0.0
2025-07-07,US,1,0.0,Medium,31.5,4.1,1,1.8571428571428572,548.9000000000001,0.0
2025-07-09,US,2,0.0,Medium,32.2,1.6,1,1.8571428571428572,548.9000000000001,0.0
2025-07-10,US,4,0.0,Medium,27.1,18.6,1,2.142857142857143,548.9000000000001,0.0
2025-07-11,US,160,0.0,Medium,29.0,0.2,0,24.714285714285715,548.9000000000001,548.9000000000001
2025-07-14,US,1,0.0,Medium,31.4,17.5,1,24.571428571428573,548.9000000000001,0.0
2025-07-23,US,2,15.833333333333334,Medium,28.7,0.0,0,24.571428571428573,548.9000000000001,0.0
