time,temperature_2m_max,temperature_2m_min,apparent_temperature_max,apparent_temperature_min,precipitation_sum,rain_sum,weathercode,windspeed_10m_max,city
2019-01-01,24.8,13.9,25.5,13.0,0.0,0.0,2.0,14.8,Nairobi
2019-01-02,25.4,14.3,26.0,13.7,0.0,0.0,3.0,15.1,Nairobi
2019-01-03,24.6,15.0,25.0,14.8,0.1,0.1,51.0,18.4,Nairobi
2019-01-04,20.8,15.3,21.7,15.6,13.5,13.5,63.0,17.2,Nairobi
2019-01-05,22.7,13.9,22.7,13.9,5.6,5.6,53.0,21.7,Nairobi
2019-01-06,23.9,13.3,24.7,12.9,1.5,1.5,55.0,17.4,Nairobi
2019-01-07,25.5,15.0,26.0,14.8,0.2,0.2,51.0,16.1,Nairobi
2019-01-08,24.0,13.8,22.1,13.7,0.0,0.0,3.0,17.6,Nairobi
2019-01-09,25.0,15.6,23.0,15.5,0.0,0.0,3.0,21.4,Nairobi
2019-01-10,24.9,14.5,24.7,13.8,0.3,0.3,51.0,15.8,Nairobi
2019-01-11,24.9,15.9,24.6,16.0,0.0,0.0,3.0,22.4,Nairobi
2019-01-12,24.7,14.3,24.0,13.3,0.0,0.0,2.0,18.9,Nairobi
2019-01-13,25.4,13.6,24.5,12.1,0.1,0.1,51.0,19.3,Nairobi
2019-01-14,25.9,13.9,25.8,13.3,0.4,0.4,51.0,19.9,Nairobi
2019-01-15,26.2,14.9,27.4,15.1,1.5,1.5,51.0,19.6,Nairobi
2019-01-16,25.4,15.5,26.7,16.2,6.8,6.8,63.0,14.2,Nairobi
2019-01-17,26.4,14.6,27.2,15.1,0.1,0.1,51.0,14.0,Nairobi
2019-01-18,25.9,15.5,25.8,14.9,0.2,0.2,51.0,15.1,Nairobi
2019-01-19,26.2,14.7,26.2,14.1,0.0,0.0,1.0,15.2,Nairobi
2019-01-20,27.6,14.3,27.3,13.9,0.0,0.0,3.0,17.1,Nairobi
2019-01-21,26.4,15.7,25.6,14.7,0.1,0.1,51.0,11.8,Nairobi
2019-01-22,27.6,14.9,28.2,13.9,0.1,0.1,51.0,15.9,Nairobi
2019-01-23,27.0,14.8,27.3,14.8,0.0,0.0,3.0,16.8,Nairobi
2019-01-24,27.2,14.7,27.4,13.8,0.0,0.0,3.0,17.1,Nairobi
2019-01-25,28.1,14.2,25.7,12.9,0.2,0.2,51.0,18.5,Nairobi
2019-01-26,27.0,13.4,25.8,12.9,0.1,0.1,51.0,19.2,Nairobi
2019-01-27,27.7,14.6,27.4,14.0,0.0,0.0,3.0,18.2,Nairobi
2019-01-28,27.4,15.0,26.3,14.2,0.0,0.0,3.0,19.1,Nairobi
2019-01-29,27.5,14.6,26.7,14.9,0.0,0.0,3.0,17.8,Nairobi
2019-01-30,27.9,13.5,26.6,12.7,0.0,0.0,3.0,18.9,Nairobi
2019-01-31,28.6,14.1,27.8,13.8,0.0,0.0,2.0,18.1,Nairobi
2019-02-01,27.3,16.3,26.1,15.3,0.3,0.3,51.0,20.1,Nairobi
2019-02-02,29.4,12.9,27.2,11.3,0.0,0.0,3.0,18.2,Nairobi
2019-02-03,29.9,13.6,29.1,12.3,0.0,0.0,1.0,19.4,Nairobi
2019-02-04,29.0,15.9,28.3,14.4,0.1,0.1,51.0,19.9,Nairobi
2019-02-05,27.4,16.6,26.8,16.1,0.1,0.1,51.0,22.4,Nairobi
2019-02-06,27.6,13.5,26.9,12.7,0.0,0.0,3.0,21.2,Nairobi
2019-02-07,28.2,15.2,28.2,14.9,0.2,0.2,51.0,17.2,Nairobi
2019-02-08,27.5,16.3,27.6,15.9,0.1,0.1,51.0,22.0,Nairobi
2019-02-09,27.1,16.9,26.2,17.0,0.2,0.2,51.0,21.5,Nairobi
2019-02-10,26.6,15.8,25.1,15.6,1.2,1.2,53.0,20.7,Nairobi
2019-02-11,27.6,15.1,27.7,14.8,0.2,0.2,51.0,18.6,Nairobi
2019-02-12,27.2,12.5,25.9,11.0,0.0,0.0,3.0,20.5,Nairobi
2019-02-13,26.6,12.6,24.9,11.8,0.0,0.0,3.0,23.8,Nairobi
2019-02-14,26.0,13.8,24.0,13.6,0.7,0.7,51.0,18.0,Nairobi
2019-02-15,26.9,14.8,26.5,14.5,0.5,0.5,51.0,18.1,Nairobi
2019-02-16,27.6,15.9,25.4,16.3,1.6,1.6,51.0,21.5,Nairobi
2019-02-17,26.1,16.1,26.2,16.2,1.6,1.6,53.0,17.9,Nairobi
2019-02-18,30.7,15.0,30.2,14.7,0.0,0.0,3.0,19.2,Nairobi
2019-02-19,29.2,15.2,29.4,15.3,0.0,0.0,3.0,19.4,Nairobi
2019-02-20,28.0,15.1,27.5,15.5,0.3,0.3,51.0,21.9,Nairobi
2019-02-21,25.3,15.4,24.9,15.3,6.9,6.9,61.0,20.8,Nairobi
2019-02-22,26.6,15.0,26.1,15.1,8.0,8.0,61.0,17.6,Nairobi
2019-02-23,26.8,15.8,26.4,15.7,3.3,3.3,55.0,19.9,Nairobi
2019-02-24,26.8,15.7,27.0,16.1,3.1,3.1,53.0,18.1,Nairobi
2019-02-25,27.6,15.5,28.3,15.8,0.8,0.8,51.0,17.5,Nairobi
2019-02-26,28.6,13.7,27.2,13.5,0.3,0.3,51.0,21.4,Nairobi
2019-02-27,27.9,13.3,26.4,12.9,0.1,0.1,51.0,19.9,Nairobi
2019-02-28,28.5,14.4,27.1,13.1,0.0,0.0,3.0,20.7,Nairobi
2019-03-01,31.4,14.9,30.0,14.3,0.0,0.0,3.0,17.5,Nairobi
2019-03-02,30.5,16.2,28.4,15.0,0.0,0.0,3.0,16.8,Nairobi
2019-03-03,30.7,15.2,29.8,14.8,0.0,0.0,3.0,14.1,Nairobi
2019-03-04,29.3,15.1,29.4,15.2,0.3,0.3,51.0,24.7,Nairobi
2019-03-05,28.4,14.7,27.7,14.1,0.1,0.1,51.0,19.1,Nairobi
2019-03-06,29.6,15.6,29.4,15.2,0.0,0.0,3.0,20.4,Nairobi
2019-03-07,29.9,13.5,29.1,12.8,0.0,0.0,3.0,19.3,Nairobi
2019-03-08,29.2,15.6,28.4,14.3,0.0,0.0,3.0,21.1,Nairobi
2019-03-09,28.8,15.9,27.0,14.3,0.0,0.0,3.0,24.0,Nairobi
2019-03-10,28.7,14.1,26.8,13.2,0.0,0.0,3.0,20.5,Nairobi
2019-03-11,28.4,14.2,27.4,13.5,0.0,0.0,3.0,18.9,Nairobi
2019-03-12,29.2,15.3,27.5,15.2,0.0,0.0,3.0,21.3,Nairobi
2019-03-13,28.7,14.5,26.7,13.4,0.0,0.0,3.0,21.3,Nairobi
2019-03-14,27.7,14.5,26.4,13.9,0.0,0.0,3.0,20.6,Nairobi
2019-03-15,27.1,16.1,25.1,15.7,0.8,0.8,51.0,18.7,Nairobi
2019-03-16,28.0,16.6,27.7,16.6,3.9,3.9,53.0,17.5,Nairobi
2019-03-17,28.9,15.2,28.3,15.4,0.9,0.9,53.0,19.3,Nairobi
2019-03-18,28.9,15.9,27.4,16.0,0.1,0.1,51.0,18.7,Nairobi
2019-03-19,29.1,15.2,27.6,14.7,0.0,0.0,3.0,19.9,Nairobi
2019-03-20,28.8,16.4,27.7,16.7,0.4,0.4,51.0,17.3,Nairobi
2019-03-21,30.0,16.4,28.1,16.4,0.0,0.0,1.0,19.7,Nairobi
2019-03-22,29.5,17.0,28.4,17.3,0.0,0.0,3.0,20.8,Nairobi
2019-03-23,28.4,16.3,27.3,16.6,0.8,0.8,51.0,19.2,Nairobi
2019-03-24,29.1,15.8,28.2,15.9,0.6,0.6,51.0,16.9,Nairobi
2019-03-25,29.3,14.1,29.1,13.9,0.0,0.0,3.0,18.3,Nairobi
2019-03-26,30.6,15.4,29.3,14.8,0.1,0.1,51.0,19.0,Nairobi
2019-03-27,28.4,16.5,28.7,16.2,0.6,0.6,51.0,18.6,Nairobi
2019-03-28,26.5,16.2,26.7,16.1,3.4,3.4,53.0,15.3,Nairobi
2019-03-29,29.0,15.5,28.6,15.9,0.2,0.2,51.0,19.0,Nairobi
2019-03-30,28.6,16.9,27.2,17.3,1.7,1.7,51.0,18.4,Nairobi
2019-03-31,29.4,16.5,27.8,17.4,2.0,2.0,53.0,17.7,Nairobi
2019-04-01,28.1,15.9,27.1,16.3,1.7,1.7,51.0,20.3,Nairobi
2019-04-02,27.9,14.7,27.4,14.6,1.0,1.0,53.0,15.7,Nairobi
2019-04-03,29.3,15.2,29.4,15.5,0.8,0.8,51.0,15.9,Nairobi
2019-04-04,26.7,16.3,26.2,16.7,3.8,3.8,53.0,17.7,Nairobi
2019-04-05,25.4,16.4,23.8,16.6,16.0,16.0,63.0,18.6,Nairobi
2019-04-06,27.1,16.5,25.7,16.6,9.0,9.0,63.0,18.8,Nairobi
2019-04-07,25.7,15.8,25.0,16.3,2.3,2.3,51.0,16.7,Nairobi
2019-04-08,29.2,16.2,28.4,16.5,0.4,0.4,51.0,16.2,Nairobi
2019-04-09,27.7,16.2,28.3,16.8,0.5,0.5,51.0,17.7,Nairobi
2019-04-10,29.2,16.4,27.6,16.5,2.2,2.2,51.0,19.8,Nairobi
2019-04-11,26.3,16.0,26.1,16.5,2.6,2.6,51.0,17.0,Nairobi
2019-04-12,26.4,16.3,25.6,16.9,12.3,12.3,63.0,16.9,Nairobi
2019-04-13,27.2,16.3,26.6,16.6,0.9,0.9,51.0,16.9,Nairobi
2019-04-14,27.0,16.3,25.9,16.6,1.6,1.6,51.0,17.9,Nairobi
2019-04-15,28.0,15.5,26.2,15.5,0.6,0.6,51.0,20.6,Nairobi
2019-04-16,28.1,16.6,26.6,16.2,0.2,0.2,51.0,18.7,Nairobi
2019-04-17,28.7,15.7,27.5,14.8,0.0,0.0,3.0,18.2,Nairobi
2019-04-18,29.1,15.5,28.8,14.7,0.0,0.0,3.0,17.0,Nairobi
2019-04-19,28.9,16.8,28.2,17.4,2.0,2.0,51.0,16.6,Nairobi
2019-04-20,29.4,16.1,28.4,16.7,0.4,0.4,51.0,14.8,Nairobi
2019-04-21,29.5,16.7,30.4,17.9,2.7,2.7,53.0,13.8,Nairobi
2019-04-22,27.9,16.8,28.7,17.7,3.7,3.7,53.0,9.7,Nairobi
2019-04-23,24.7,15.9,26.4,17.2,9.3,9.3,63.0,17.3,Nairobi
2019-04-24,28.5,15.9,29.3,16.2,2.5,2.5,53.0,21.7,Nairobi
2019-04-25,26.3,16.1,29.0,16.8,10.2,10.2,63.0,12.1,Nairobi
2019-04-26,24.7,16.6,25.8,17.7,29.4,29.4,65.0,14.5,Nairobi
2019-04-27,24.3,16.5,27.8,17.5,2.1,2.1,53.0,11.5,Nairobi
2019-04-28,26.4,15.8,26.7,16.8,4.3,4.3,55.0,15.8,Nairobi
2019-04-29,24.7,16.6,26.3,16.9,17.3,17.3,63.0,15.1,Nairobi
2019-04-30,23.8,16.8,23.1,17.1,17.0,17.0,63.0,17.9,Nairobi
2019-05-01,25.5,15.9,25.1,16.4,4.4,4.4,55.0,16.0,Nairobi
2019-05-02,25.9,15.7,25.1,16.2,0.1,0.1,51.0,16.2,Nairobi
2019-05-03,24.1,16.4,26.4,17.2,4.7,4.7,63.0,10.9,Nairobi
2019-05-04,25.2,16.4,26.6,17.4,4.3,4.3,53.0,11.7,Nairobi
2019-05-05,24.5,16.3,25.0,17.2,8.7,8.7,61.0,13.5,Nairobi
2019-05-06,24.6,16.4,25.6,17.8,12.4,12.4,63.0,13.1,Nairobi
2019-05-07,24.4,16.5,25.7,17.3,4.1,4.1,55.0,14.5,Nairobi
2019-05-08,24.8,15.4,25.0,16.2,5.9,5.9,53.0,12.8,Nairobi
2019-05-09,24.9,15.8,26.2,16.2,7.0,7.0,55.0,11.1,Nairobi
2019-05-10,21.9,16.4,24.4,17.3,18.9,18.9,63.0,16.0,Nairobi
2019-05-11,24.4,15.2,24.6,16.1,3.3,3.3,51.0,12.8,Nairobi
2019-05-12,23.6,15.8,23.1,17.0,9.5,9.5,55.0,11.7,Nairobi
2019-05-13,24.1,15.8,25.3,16.9,7.0,7.0,55.0,12.3,Nairobi
2019-05-14,24.1,16.0,24.2,16.7,6.0,6.0,61.0,13.4,Nairobi
2019-05-15,24.0,15.8,24.0,16.6,3.0,3.0,53.0,12.8,Nairobi
2019-05-16,24.4,15.7,24.7,17.0,2.7,2.7,51.0,10.1,Nairobi
2019-05-17,24.5,15.9,24.9,16.8,3.8,3.8,53.0,11.3,Nairobi
2019-05-18,21.1,15.9,22.6,16.2,13.0,13.0,63.0,15.2,Nairobi
2019-05-19,23.3,14.8,24.3,15.3,3.5,3.5,53.0,10.8,Nairobi
2019-05-20,23.9,15.4,24.6,16.4,6.9,6.9,61.0,13.0,Nairobi
2019-05-21,24.1,14.0,23.6,14.6,0.5,0.5,51.0,10.6,Nairobi
2019-05-22,24.0,15.9,24.5,16.8,7.4,7.4,61.0,13.0,Nairobi
2019-05-23,23.0,15.7,24.2,16.2,18.8,18.8,63.0,10.8,Nairobi
2019-05-24,22.3,14.9,22.7,15.8,11.3,11.3,63.0,13.9,Nairobi
2019-05-25,22.4,14.7,23.2,15.3,15.0,15.0,65.0,11.4,Nairobi
2019-05-26,21.3,15.4,20.9,16.4,12.2,12.2,63.0,14.5,Nairobi
2019-05-27,22.5,15.2,23.0,15.8,4.5,4.5,53.0,14.1,Nairobi
2019-05-28,22.9,14.9,23.7,15.8,2.5,2.5,53.0,11.2,Nairobi
2019-05-29,22.1,14.4,22.3,14.7,2.3,2.3,51.0,12.0,Nairobi
2019-05-30,23.9,14.1,23.2,14.4,0.4,0.4,51.0,11.7,Nairobi
2019-05-31,23.3,14.0,23.9,14.7,0.8,0.8,51.0,9.0,Nairobi
2019-06-01,24.4,15.2,25.4,16.2,2.8,2.8,61.0,12.7,Nairobi
2019-06-02,23.3,15.3,25.7,16.7,18.8,18.8,63.0,11.6,Nairobi
2019-06-03,22.9,15.8,24.2,16.6,11.2,11.2,61.0,10.5,Nairobi
2019-06-04,21.5,15.0,22.0,15.7,6.7,6.7,61.0,10.1,Nairobi
2019-06-05,22.1,14.9,22.6,15.6,4.6,4.6,53.0,10.6,Nairobi
2019-06-06,22.3,15.2,23.8,16.0,3.3,3.3,53.0,8.2,Nairobi
2019-06-07,23.0,15.6,23.9,16.0,3.2,3.2,53.0,12.6,Nairobi
2019-06-08,22.5,15.4,22.2,16.0,1.3,1.3,51.0,10.8,Nairobi
2019-06-09,18.6,15.7,18.3,16.6,2.6,2.6,53.0,11.6,Nairobi
2019-06-10,21.0,14.7,19.7,14.4,0.1,0.1,51.0,13.5,Nairobi
2019-06-11,21.3,12.8,20.7,12.0,0.1,0.1,51.0,7.3,Nairobi
2019-06-12,20.9,14.1,20.2,14.1,0.8,0.8,51.0,10.9,Nairobi
2019-06-13,22.6,14.8,22.1,15.2,0.9,0.9,51.0,10.5,Nairobi
2019-06-14,21.5,14.6,21.3,15.1,2.3,2.3,53.0,12.3,Nairobi
2019-06-15,21.0,14.4,20.6,14.8,1.8,1.8,53.0,11.9,Nairobi
2019-06-16,22.8,14.3,22.9,14.5,1.9,1.9,53.0,13.9,Nairobi
2019-06-17,22.5,13.2,21.7,12.5,0.0,0.0,3.0,8.2,Nairobi
2019-06-18,22.3,12.4,22.0,12.2,0.2,0.2,51.0,10.3,Nairobi
2019-06-19,23.0,13.0,23.7,13.2,1.1,1.1,53.0,6.5,Nairobi
2019-06-20,23.8,12.7,24.6,12.7,0.7,0.7,51.0,7.4,Nairobi
2019-06-21,21.4,12.5,21.0,12.4,0.1,0.1,51.0,8.1,Nairobi
2019-06-22,23.5,12.4,24.9,12.7,1.6,1.6,51.0,8.8,Nairobi
2019-06-23,23.5,12.6,23.9,13.0,1.5,1.5,53.0,10.4,Nairobi
2019-06-24,22.6,12.8,24.7,12.8,2.1,2.1,53.0,8.3,Nairobi
2019-06-25,22.1,14.8,23.0,15.5,9.5,9.5,63.0,10.1,Nairobi
2019-06-26,21.3,15.1,23.3,15.9,8.6,8.6,63.0,7.0,Nairobi
2019-06-27,22.3,14.8,22.7,14.9,3.1,3.1,51.0,8.7,Nairobi
2019-06-28,22.3,14.7,22.5,14.9,0.9,0.9,51.0,10.6,Nairobi
2019-06-29,24.7,11.4,24.8,11.1,0.1,0.1,51.0,17.2,Nairobi
2019-06-30,24.1,10.8,23.4,9.9,0.0,0.0,3.0,11.3,Nairobi
2019-07-01,24.2,14.3,24.3,14.6,0.5,0.5,51.0,9.5,Nairobi
2019-07-02,23.5,13.8,23.3,13.7,0.3,0.3,51.0,8.6,Nairobi
2019-07-03,22.5,12.4,23.0,12.2,4.0,4.0,55.0,7.4,Nairobi
2019-07-04,22.9,13.8,22.0,13.7,0.6,0.6,53.0,9.7,Nairobi
2019-07-05,23.7,11.5,25.2,11.0,0.0,0.0,3.0,10.8,Nairobi
2019-07-06,22.5,12.9,23.9,12.9,0.9,0.9,51.0,8.9,Nairobi
2019-07-07,22.6,15.0,22.2,14.7,1.6,1.6,51.0,11.9,Nairobi
2019-07-08,23.8,12.1,23.7,11.5,0.2,0.2,51.0,12.7,Nairobi
2019-07-09,24.6,12.7,24.2,12.3,0.1,0.1,51.0,15.1,Nairobi
2019-07-10,24.0,12.1,24.0,12.2,0.1,0.1,51.0,10.3,Nairobi
2019-07-11,23.9,15.1,23.5,15.5,0.9,0.9,51.0,12.2,Nairobi
2019-07-12,24.3,14.2,24.3,14.1,0.0,0.0,3.0,13.0,Nairobi
2019-07-13,23.7,12.1,24.9,11.8,0.5,0.5,51.0,10.2,Nairobi
2019-07-14,23.1,12.2,22.2,12.1,0.3,0.3,51.0,9.8,Nairobi
2019-07-15,21.5,14.0,20.7,13.8,2.7,2.7,53.0,11.5,Nairobi
2019-07-16,21.3,13.3,20.2,13.3,0.2,0.2,51.0,10.5,Nairobi
2019-07-17,20.5,13.3,19.5,13.2,0.6,0.6,51.0,11.8,Nairobi
2019-07-18,23.3,12.8,21.9,12.2,1.2,1.2,53.0,13.7,Nairobi
2019-07-19,22.0,13.4,21.0,13.7,0.8,0.8,51.0,10.0,Nairobi
2019-07-20,22.1,13.3,22.2,13.0,0.2,0.2,51.0,10.2,Nairobi
2019-07-21,25.3,12.3,25.3,11.8,0.0,0.0,3.0,10.0,Nairobi
2019-07-22,23.9,12.0,22.8,11.7,0.0,0.0,3.0,14.5,Nairobi
2019-07-23,23.6,9.8,23.9,8.9,0.1,0.1,51.0,12.1,Nairobi
2019-07-24,25.7,11.9,25.1,11.5,0.0,0.0,3.0,17.1,Nairobi
2019-07-25,26.3,11.7,26.0,11.6,0.0,0.0,3.0,14.1,Nairobi
2019-07-26,25.9,10.3,26.1,9.3,0.0,0.0,3.0,20.2,Nairobi
2019-07-27,24.8,11.0,25.7,10.5,0.0,0.0,3.0,14.0,Nairobi
2019-07-28,24.5,10.6,23.8,10.0,0.0,0.0,3.0,15.8,Nairobi
2019-07-29,24.8,11.6,24.3,11.2,0.2,0.2,51.0,12.2,Nairobi
2019-07-30,22.0,13.4,22.2,13.8,1.1,1.1,51.0,9.0,Nairobi
2019-07-31,22.7,14.9,23.5,15.6,8.1,8.1,61.0,10.3,Nairobi
2019-08-01,24.5,14.9,25.0,15.4,3.1,3.1,55.0,11.1,Nairobi
2019-08-02,23.9,12.4,22.3,11.8,1.5,1.5,51.0,14.0,Nairobi
2019-08-03,24.6,14.5,24.1,14.8,1.7,1.7,53.0,12.8,Nairobi
2019-08-04,24.7,10.1,24.2,8.7,0.0,0.0,3.0,13.0,Nairobi
2019-08-05,24.6,10.5,25.8,9.3,0.0,0.0,3.0,11.4,Nairobi
2019-08-06,25.4,10.9,26.4,10.0,0.0,0.0,1.0,9.9,Nairobi
2019-08-07,23.8,14.6,22.8,14.0,1.1,1.1,51.0,11.7,Nairobi
2019-08-08,23.7,14.1,22.5,14.0,2.7,2.7,53.0,14.9,Nairobi
2019-08-09,24.7,11.6,24.5,11.6,0.0,0.0,3.0,10.9,Nairobi
2019-08-10,23.3,11.7,22.3,11.3,0.0,0.0,3.0,13.2,Nairobi
2019-08-11,22.1,13.9,20.7,13.4,0.2,0.2,51.0,8.9,Nairobi
2019-08-12,23.8,11.2,23.4,10.3,0.2,0.2,51.0,12.4,Nairobi
2019-08-13,24.2,10.6,23.8,9.8,0.0,0.0,3.0,17.8,Nairobi
2019-08-14,21.6,11.8,21.3,10.9,0.0,0.0,3.0,12.9,Nairobi
2019-08-15,22.5,9.7,20.7,8.4,0.0,0.0,3.0,13.7,Nairobi
2019-08-16,21.0,12.2,19.6,12.0,0.0,0.0,3.0,10.1,Nairobi
2019-08-17,21.8,11.8,21.1,11.1,0.0,0.0,3.0,10.2,Nairobi
2019-08-18,23.1,11.7,22.1,11.1,0.5,0.5,51.0,13.8,Nairobi
2019-08-19,20.6,12.9,20.1,12.7,0.9,0.9,51.0,11.1,Nairobi
2019-08-20,22.6,12.3,21.3,11.9,0.0,0.0,3.0,12.8,Nairobi
2019-08-21,22.7,13.4,22.1,13.0,0.1,0.1,51.0,12.5,Nairobi
2019-08-22,24.4,14.2,23.9,14.3,0.0,0.0,3.0,13.3,Nairobi
2019-08-23,25.6,11.5,25.0,11.0,0.0,0.0,3.0,11.0,Nairobi
2019-08-24,24.9,13.5,24.8,12.6,0.4,0.4,51.0,11.7,Nairobi
2019-08-25,24.4,14.0,23.4,14.0,2.7,2.7,53.0,16.6,Nairobi
2019-08-26,24.2,14.4,23.9,14.7,1.4,1.4,51.0,16.6,Nairobi
2019-08-27,25.2,14.5,25.3,14.4,0.5,0.5,51.0,7.7,Nairobi
2019-08-28,24.9,14.2,25.1,14.3,3.3,3.3,53.0,8.8,Nairobi
2019-08-29,24.0,14.6,23.8,15.2,7.2,7.2,55.0,11.6,Nairobi
2019-08-30,24.0,15.1,25.8,16.3,3.3,3.3,53.0,13.4,Nairobi
2019-08-31,23.5,15.1,24.1,16.2,3.6,3.6,53.0,10.3,Nairobi
2019-09-01,26.0,13.5,27.5,14.3,6.7,6.7,63.0,11.3,Nairobi
2019-09-02,22.5,15.4,23.7,16.2,3.0,3.0,53.0,10.7,Nairobi
2019-09-03,23.9,14.8,24.2,15.0,0.4,0.4,51.0,13.2,Nairobi
2019-09-04,21.8,14.6,21.7,14.2,0.2,0.2,51.0,9.7,Nairobi
2019-09-05,21.9,13.8,21.4,13.6,0.0,0.0,3.0,10.8,Nairobi
2019-09-06,24.3,13.0,26.6,13.5,0.1,0.1,51.0,10.5,Nairobi
2019-09-07,21.2,14.7,21.1,15.0,4.1,4.1,53.0,12.7,Nairobi
2019-09-08,19.8,13.7,19.2,13.0,2.0,2.0,53.0,12.5,Nairobi
2019-09-09,23.3,12.7,22.3,12.6,0.0,0.0,3.0,13.9,Nairobi
2019-09-10,22.4,14.1,22.6,13.9,8.8,8.8,61.0,11.0,Nairobi
2019-09-11,24.2,14.6,24.2,15.1,0.8,0.8,51.0,12.3,Nairobi
2019-09-12,25.4,13.7,25.7,13.1,0.9,0.9,51.0,11.7,Nairobi
2019-09-13,27.3,11.9,26.7,11.2,0.0,0.0,3.0,15.6,Nairobi
2019-09-14,25.8,15.0,27.0,15.0,0.4,0.4,51.0,15.0,Nairobi
2019-09-15,25.2,13.4,26.9,13.2,0.0,0.0,3.0,13.0,Nairobi
2019-09-16,26.7,13.1,25.9,12.7,0.0,0.0,3.0,16.1,Nairobi
2019-09-17,25.8,13.9,25.9,13.8,0.1,0.1,51.0,14.6,Nairobi
2019-09-18,25.5,12.9,25.4,11.8,0.1,0.1,51.0,11.8,Nairobi
2019-09-19,26.2,11.3,26.3,10.6,0.0,0.0,3.0,18.8,Nairobi
2019-09-20,27.5,11.3,26.8,11.0,0.1,0.1,51.0,13.0,Nairobi
2019-09-21,26.0,12.9,25.1,12.2,0.2,0.2,51.0,13.0,Nairobi
2019-09-22,24.7,12.7,25.6,11.5,0.9,0.9,51.0,14.0,Nairobi
2019-09-23,25.9,13.9,26.6,13.6,0.4,0.4,51.0,10.3,Nairobi
2019-09-24,24.1,14.4,24.8,14.8,4.2,4.2,61.0,10.4,Nairobi
2019-09-25,25.4,13.5,26.2,13.6,0.4,0.4,51.0,11.1,Nairobi
2019-09-26,23.1,15.8,24.5,16.3,31.7,31.7,65.0,10.7,Nairobi
2019-09-27,22.3,14.4,22.5,14.9,6.7,6.7,55.0,13.2,Nairobi
2019-09-28,25.9,14.8,27.2,15.1,0.9,0.9,51.0,9.6,Nairobi
2019-09-29,26.6,12.2,27.5,11.7,0.2,0.2,51.0,12.4,Nairobi
2019-09-30,28.8,15.0,28.5,14.4,1.2,1.2,51.0,13.0,Nairobi
2019-10-01,27.7,14.9,28.2,14.5,13.0,13.0,61.0,22.7,Nairobi
2019-10-02,25.3,15.9,26.0,15.9,5.6,5.6,53.0,17.9,Nairobi
2019-10-03,26.1,15.1,25.6,14.8,5.9,5.9,61.0,17.7,Nairobi
2019-10-04,24.8,14.4,24.0,14.5,4.0,4.0,53.0,16.5,Nairobi
2019-10-05,23.1,15.2,24.1,15.6,11.3,11.3,61.0,16.6,Nairobi
2019-10-06,21.2,14.7,21.3,14.8,14.2,14.2,63.0,13.1,Nairobi
2019-10-07,25.3,13.5,25.5,12.3,1.0,1.0,51.0,12.9,Nairobi
2019-10-08,26.1,12.7,26.5,12.1,2.3,2.3,61.0,16.1,Nairobi
2019-10-09,22.8,15.0,26.0,15.5,18.0,18.0,65.0,14.2,Nairobi
2019-10-10,22.9,15.1,23.2,16.1,7.9,7.9,63.0,15.9,Nairobi
2019-10-11,22.3,15.3,23.9,15.6,9.3,9.3,61.0,17.0,Nairobi
2019-10-12,24.5,14.8,23.7,14.9,20.4,20.4,65.0,15.9,Nairobi
2019-10-13,22.5,15.2,23.1,15.3,9.1,9.1,61.0,15.5,Nairobi
2019-10-14,24.2,15.3,25.2,16.1,7.6,7.6,61.0,13.3,Nairobi
2019-10-15,24.8,15.2,26.6,15.7,3.2,3.2,53.0,12.1,Nairobi
2019-10-16,24.2,15.3,26.3,16.5,2.2,2.2,53.0,16.0,Nairobi
2019-10-17,21.7,15.5,24.3,15.8,34.7,34.7,63.0,11.6,Nairobi
2019-10-18,22.6,15.2,26.4,14.9,21.5,21.5,65.0,14.1,Nairobi
2019-10-19,20.1,14.9,20.9,15.2,59.5,59.5,65.0,12.3,Nairobi
2019-10-20,24.3,15.5,25.6,15.5,11.0,11.0,61.0,10.8,Nairobi
2019-10-21,24.6,15.3,25.8,16.2,14.9,14.9,65.0,14.8,Nairobi
2019-10-22,23.7,15.8,27.1,16.7,10.4,10.4,63.0,12.9,Nairobi
2019-10-23,22.8,15.5,24.8,16.4,23.5,23.5,63.0,11.7,Nairobi
2019-10-24,23.0,15.6,23.6,16.5,63.1,63.1,65.0,13.4,Nairobi
2019-10-25,23.4,15.8,23.8,16.2,10.7,10.7,61.0,15.5,Nairobi
2019-10-26,21.6,15.7,23.2,15.8,21.2,21.2,63.0,13.6,Nairobi
2019-10-27,24.0,15.0,27.0,16.4,8.0,8.0,55.0,10.5,Nairobi
2019-10-28,23.4,14.8,25.7,15.8,6.3,6.3,61.0,13.8,Nairobi
2019-10-29,22.9,15.6,25.6,16.2,40.8,40.8,65.0,13.7,Nairobi
2019-10-30,22.2,14.8,22.1,15.5,13.4,13.4,63.0,11.8,Nairobi
2019-10-31,22.1,15.4,24.9,16.2,10.6,10.6,61.0,9.0,Nairobi
2019-11-01,24.0,15.1,24.8,16.3,3.5,3.5,53.0,11.4,Nairobi
2019-11-02,23.7,14.5,25.3,15.5,2.8,2.8,61.0,15.3,Nairobi
2019-11-03,23.6,14.2,24.6,14.5,5.2,5.2,61.0,7.6,Nairobi
2019-11-04,23.5,14.6,25.0,15.1,2.0,2.0,53.0,13.2,Nairobi
2019-11-05,24.7,14.3,26.1,14.2,0.2,0.2,51.0,12.9,Nairobi
2019-11-06,25.2,15.2,26.3,15.3,2.5,2.5,53.0,13.4,Nairobi
2019-11-07,24.6,15.8,26.4,15.8,13.3,13.3,63.0,13.1,Nairobi
2019-11-08,23.4,15.3,25.1,16.7,17.7,17.7,65.0,12.7,Nairobi
2019-11-09,24.4,15.7,26.0,16.7,4.6,4.6,55.0,13.6,Nairobi
2019-11-10,24.1,15.6,25.2,15.8,5.4,5.4,53.0,11.8,Nairobi
2019-11-11,23.7,16.3,23.8,16.4,6.7,6.7,55.0,15.5,Nairobi
2019-11-12,21.1,14.2,22.9,14.6,27.3,27.3,63.0,12.1,Nairobi
2019-11-13,19.2,15.3,19.7,15.3,16.2,16.2,63.0,12.5,Nairobi
2019-11-14,21.3,15.3,22.0,15.5,11.5,11.5,61.0,14.9,Nairobi
2019-11-15,23.3,15.4,24.3,16.1,5.1,5.1,61.0,15.3,Nairobi
2019-11-16,24.4,16.2,25.4,16.9,1.2,1.2,51.0,18.6,Nairobi
2019-11-17,24.2,15.7,25.3,16.1,2.2,2.2,51.0,17.7,Nairobi
2019-11-18,23.8,15.8,24.4,16.5,3.2,3.2,61.0,19.1,Nairobi
2019-11-19,24.0,15.5,26.0,15.8,16.8,16.8,63.0,15.1,Nairobi
2019-11-20,25.0,15.7,26.3,16.7,12.5,12.5,61.0,13.7,Nairobi
2019-11-21,24.8,15.7,26.8,16.6,16.5,16.5,63.0,10.9,Nairobi
2019-11-22,24.4,16.4,26.9,17.4,13.5,13.5,63.0,13.6,Nairobi
2019-11-23,20.1,15.6,21.3,16.8,27.7,27.7,63.0,12.2,Nairobi
2019-11-24,21.9,13.9,23.0,14.1,64.6,64.6,65.0,7.9,Nairobi
2019-11-25,21.5,15.6,22.2,16.5,41.2,41.2,63.0,10.3,Nairobi
2019-11-26,22.0,15.2,22.5,16.1,24.2,24.2,63.0,10.7,Nairobi
2019-11-27,23.1,14.5,24.6,15.3,2.6,2.6,53.0,19.2,Nairobi
2019-11-28,23.2,15.9,24.4,16.3,3.8,3.8,53.0,14.2,Nairobi
2019-11-29,22.0,15.7,23.3,16.3,14.9,14.9,63.0,10.6,Nairobi
2019-11-30,20.4,15.9,23.1,16.5,32.2,32.2,63.0,9.4,Nairobi
2019-12-01,21.8,15.7,23.2,15.7,17.0,17.0,63.0,14.6,Nairobi
2019-12-02,22.2,15.9,25.3,16.2,14.7,14.7,63.0,11.6,Nairobi
2019-12-03,20.8,15.0,22.7,15.8,6.3,6.3,53.0,9.1,Nairobi
2019-12-04,23.8,16.0,26.8,17.0,16.8,16.8,63.0,7.6,Nairobi
2019-12-05,22.5,15.9,23.9,17.3,7.0,7.0,55.0,9.3,Nairobi
2019-12-06,23.4,15.9,26.3,17.0,5.4,5.4,53.0,11.8,Nairobi
2019-12-07,22.8,15.9,22.9,16.6,6.1,6.1,55.0,11.7,Nairobi
2019-12-08,22.9,15.8,25.0,16.5,55.1,55.1,65.0,11.0,Nairobi
2019-12-09,21.7,15.8,23.5,16.7,22.0,22.0,65.0,9.9,Nairobi
2019-12-10,22.0,15.7,24.6,16.0,30.0,30.0,65.0,15.6,Nairobi
2019-12-11,22.6,15.2,23.3,15.3,3.3,3.3,55.0,19.2,Nairobi
2019-12-12,23.3,14.6,25.7,14.9,2.6,2.6,51.0,11.5,Nairobi
2019-12-13,22.7,15.4,25.7,15.6,12.4,12.4,63.0,11.0,Nairobi
2019-12-14,22.4,15.5,24.7,16.0,4.8,4.8,53.0,14.5,Nairobi
2019-12-15,22.9,15.0,25.0,15.2,2.8,2.8,53.0,14.3,Nairobi
2019-12-16,23.9,15.4,26.0,15.9,4.0,4.0,61.0,12.2,Nairobi
2019-12-17,23.3,14.7,24.7,15.3,2.2,2.2,53.0,11.0,Nairobi
2019-12-18,23.9,15.9,24.7,16.3,2.4,2.4,53.0,16.6,Nairobi
2019-12-19,23.6,14.5,23.2,13.8,0.4,0.4,51.0,16.8,Nairobi
2019-12-20,24.0,11.3,25.3,10.5,2.0,2.0,61.0,14.8,Nairobi
2019-12-21,22.4,15.2,24.1,16.1,8.6,8.6,63.0,13.0,Nairobi
2019-12-22,22.8,15.7,25.4,16.6,4.5,4.5,53.0,16.0,Nairobi
2019-12-23,23.4,15.7,25.2,16.3,3.1,3.1,53.0,10.9,Nairobi
2019-12-24,23.2,15.5,25.3,16.2,34.3,34.3,63.0,9.7,Nairobi
2019-12-25,23.6,16.0,26.3,16.6,7.4,7.4,63.0,14.3,Nairobi
2019-12-26,23.7,16.0,27.9,17.3,13.9,13.9,63.0,6.9,Nairobi
2019-12-27,24.6,15.2,28.2,16.0,2.5,2.5,53.0,8.4,Nairobi
2019-12-28,24.0,16.3,24.8,17.7,34.4,34.4,63.0,10.1,Nairobi
2019-12-29,23.1,16.4,25.0,17.8,3.4,3.4,53.0,13.0,Nairobi
2019-12-30,23.9,13.6,25.1,13.6,1.3,1.3,51.0,16.1,Nairobi
2019-12-31,23.0,15.5,23.9,16.3,1.1,1.1,51.0,16.8,Nairobi
2020-01-01,24.0,14.0,24.5,14.4,0.4,0.4,51.0,16.4,Nairobi
2020-01-02,23.3,15.0,23.1,15.0,0.9,0.9,51.0,21.7,Nairobi
2020-01-03,23.1,15.0,23.3,15.2,1.9,1.9,53.0,18.8,Nairobi
2020-01-04,23.1,15.4,23.1,15.0,2.4,2.4,53.0,17.4,Nairobi
2020-01-05,25.2,13.9,25.0,13.6,0.0,0.0,3.0,13.1,Nairobi
2020-01-06,24.8,15.3,28.3,16.2,3.5,3.5,55.0,11.3,Nairobi
2020-01-07,23.3,15.7,23.2,15.9,4.2,4.2,61.0,20.0,Nairobi
2020-01-08,20.9,15.8,21.9,15.7,19.7,19.7,63.0,21.3,Nairobi
2020-01-09,23.1,15.3,23.6,15.8,2.9,2.9,53.0,15.5,Nairobi
2020-01-10,24.8,15.8,25.6,16.7,1.7,1.7,51.0,12.2,Nairobi
2020-01-11,25.3,16.1,26.2,17.2,1.0,1.0,53.0,11.8,Nairobi
2020-01-12,24.1,15.8,25.4,16.8,8.1,8.1,63.0,12.4,Nairobi
2020-01-13,22.2,16.0,23.8,17.1,45.3,45.3,65.0,10.2,Nairobi
2020-01-14,23.5,14.3,25.6,14.7,8.4,8.4,63.0,13.8,Nairobi
2020-01-15,23.8,16.0,25.3,15.9,3.6,3.6,55.0,14.6,Nairobi
2020-01-16,23.7,15.9,25.3,16.8,8.8,8.8,61.0,12.4,Nairobi
2020-01-17,24.0,15.8,26.2,17.0,3.3,3.3,55.0,10.5,Nairobi
2020-01-18,24.4,15.8,26.4,16.1,2.6,2.6,53.0,9.7,Nairobi
2020-01-19,24.0,14.6,25.9,15.3,1.7,1.7,51.0,8.1,Nairobi
2020-01-20,25.1,14.7,27.1,15.2,0.0,0.0,3.0,10.8,Nairobi
2020-01-21,24.1,15.6,26.0,16.2,1.1,1.1,51.0,7.6,Nairobi
2020-01-22,24.9,15.8,27.3,15.9,0.5,0.5,51.0,9.9,Nairobi
2020-01-23,22.9,16.5,24.2,17.2,5.8,5.8,53.0,10.7,Nairobi
2020-01-24,22.6,16.2,23.3,17.3,3.7,3.7,55.0,12.0,Nairobi
2020-01-25,23.0,16.2,23.0,17.4,2.9,2.9,51.0,15.8,Nairobi
2020-01-26,21.2,15.8,21.1,16.8,20.1,20.1,63.0,18.3,Nairobi
2020-01-27,19.9,15.8,21.2,16.6,15.2,15.2,63.0,16.4,Nairobi
2020-01-28,20.1,15.5,22.2,16.3,10.7,10.7,63.0,13.3,Nairobi
2020-01-29,23.7,15.5,25.6,15.9,18.3,18.3,63.0,12.2,Nairobi
2020-01-30,23.3,14.7,26.2,15.3,9.4,9.4,63.0,12.0,Nairobi
2020-01-31,24.2,13.9,28.0,14.2,17.0,17.0,63.0,7.4,Nairobi
2020-02-01,23.7,15.5,25.2,16.3,33.1,33.1,63.0,13.4,Nairobi
2020-02-02,23.2,15.4,25.1,15.7,8.1,8.1,61.0,9.8,Nairobi
2020-02-03,24.1,14.7,24.5,15.3,0.7,0.7,51.0,14.1,Nairobi
2020-02-04,24.4,15.5,25.8,16.0,1.5,1.5,53.0,13.5,Nairobi
2020-02-05,24.2,14.9,25.5,15.3,1.3,1.3,53.0,15.0,Nairobi
2020-02-06,23.9,15.5,24.6,16.2,1.6,1.6,51.0,17.0,Nairobi
2020-02-07,26.1,14.1,26.0,13.7,0.4,0.4,51.0,19.0,Nairobi
2020-02-08,24.4,15.2,24.7,15.9,0.4,0.4,51.0,18.8,Nairobi
2020-02-09,24.4,14.5,25.3,14.3,0.2,0.2,51.0,17.2,Nairobi
2020-02-10,26.6,13.1,26.3,12.9,0.0,0.0,3.0,14.8,Nairobi
2020-02-11,28.1,12.7,28.1,12.8,0.0,0.0,2.0,12.1,Nairobi
2020-02-12,25.9,14.8,27.0,14.1,0.3,0.3,51.0,9.4,Nairobi
2020-02-13,24.2,16.4,25.1,17.3,18.9,18.9,63.0,17.4,Nairobi
2020-02-14,23.2,15.2,22.8,15.2,2.7,2.7,53.0,22.3,Nairobi
2020-02-15,22.9,15.5,23.1,15.1,4.8,4.8,53.0,16.3,Nairobi
2020-02-16,22.8,15.1,24.3,15.4,5.9,5.9,61.0,17.2,Nairobi
2020-02-17,24.8,15.7,25.2,16.7,3.0,3.0,53.0,14.9,Nairobi
2020-02-18,24.6,16.5,26.3,16.7,4.5,4.5,53.0,14.1,Nairobi
2020-02-19,24.2,15.8,26.9,16.3,2.0,2.0,51.0,15.9,Nairobi
2020-02-20,25.7,15.8,27.6,16.7,0.9,0.9,51.0,10.4,Nairobi
2020-02-21,25.3,15.9,27.3,16.4,12.9,12.9,63.0,13.7,Nairobi
2020-02-22,25.0,16.9,26.4,17.7,2.9,2.9,51.0,18.4,Nairobi
2020-02-23,24.8,16.3,25.9,16.6,2.3,2.3,51.0,20.4,Nairobi
2020-02-24,24.6,15.6,24.8,15.8,2.2,2.2,53.0,21.8,Nairobi
2020-02-25,26.6,15.5,29.0,15.2,2.0,2.0,61.0,10.9,Nairobi
2020-02-26,25.9,15.9,27.1,16.9,4.3,4.3,61.0,17.4,Nairobi
2020-02-27,24.6,16.7,27.7,17.6,58.9,58.9,65.0,20.4,Nairobi
2020-02-28,25.4,16.8,26.3,17.8,3.9,3.9,53.0,16.9,Nairobi
2020-02-29,26.6,14.2,28.3,14.4,0.2,0.2,51.0,11.1,Nairobi
2020-03-01,26.7,16.2,28.7,17.4,2.3,2.3,55.0,11.2,Nairobi
2020-03-02,24.4,16.8,27.4,17.9,16.5,16.5,63.0,8.2,Nairobi
2020-03-03,24.4,13.9,26.3,14.6,5.9,5.9,61.0,10.0,Nairobi
2020-03-04,25.3,15.2,26.1,15.9,3.2,3.2,55.0,10.9,Nairobi
2020-03-05,26.3,15.5,26.5,15.4,18.3,18.3,65.0,16.2,Nairobi
2020-03-06,26.8,15.1,28.0,15.3,0.0,0.0,3.0,14.5,Nairobi
2020-03-07,26.0,16.2,28.3,16.6,38.9,38.9,63.0,15.0,Nairobi
2020-03-08,24.4,16.6,27.1,17.4,2.7,2.7,51.0,16.3,Nairobi
2020-03-09,24.7,16.9,27.8,18.4,34.6,34.6,65.0,13.4,Nairobi
2020-03-10,24.7,16.5,27.6,17.5,3.2,3.2,51.0,13.6,Nairobi
2020-03-11,24.7,16.9,25.7,17.5,16.0,16.0,63.0,13.5,Nairobi
2020-03-12,24.5,16.9,26.9,17.6,5.8,5.8,61.0,13.0,Nairobi
2020-03-13,25.1,16.5,26.0,17.5,2.0,2.0,51.0,14.2,Nairobi
2020-03-14,24.6,15.7,25.0,16.4,3.3,3.3,55.0,11.9,Nairobi
2020-03-15,26.3,16.9,27.2,18.2,2.4,2.4,51.0,13.2,Nairobi
2020-03-16,25.9,16.5,26.9,17.5,1.0,1.0,51.0,13.2,Nairobi
2020-03-17,24.8,16.1,26.9,17.4,4.0,4.0,53.0,14.3,Nairobi
2020-03-18,23.8,16.6,24.0,17.2,40.2,40.2,65.0,16.6,Nairobi
2020-03-19,23.6,16.1,26.8,17.1,5.7,5.7,53.0,13.8,Nairobi
2020-03-20,22.5,15.9,23.4,16.4,9.8,9.8,63.0,16.7,Nairobi
2020-03-21,24.6,15.7,24.8,15.6,17.3,17.3,65.0,17.6,Nairobi
2020-03-22,24.4,14.6,26.0,15.0,2.7,2.7,53.0,15.4,Nairobi
2020-03-23,23.7,15.3,26.0,15.6,7.5,7.5,63.0,11.3,Nairobi
2020-03-24,24.4,15.4,26.6,16.3,5.9,5.9,55.0,10.1,Nairobi
2020-03-25,25.2,16.3,28.1,17.3,5.1,5.1,53.0,10.8,Nairobi
2020-03-26,25.2,14.6,28.8,15.3,13.8,13.8,63.0,8.7,Nairobi
2020-03-27,22.1,15.6,23.6,16.7,24.5,24.5,63.0,8.8,Nairobi
2020-03-28,24.3,14.9,26.4,15.9,6.3,6.3,63.0,15.3,Nairobi
2020-03-29,23.7,14.8,25.7,15.4,6.8,6.8,61.0,11.0,Nairobi
2020-03-30,24.9,14.3,27.1,15.3,4.2,4.2,61.0,13.5,Nairobi
2020-03-31,24.5,16.4,25.6,18.0,1.9,1.9,51.0,15.8,Nairobi
2020-04-01,25.0,16.4,26.0,17.9,3.8,3.8,53.0,16.2,Nairobi
2020-04-02,25.5,17.1,26.7,18.5,3.5,3.5,53.0,15.5,Nairobi
2020-04-03,24.6,15.7,24.6,16.2,2.8,2.8,51.0,17.6,Nairobi
2020-04-04,23.9,16.4,25.7,17.2,1.9,1.9,51.0,11.2,Nairobi
2020-04-05,23.5,16.1,24.3,16.3,8.0,8.0,63.0,13.0,Nairobi
2020-04-06,23.8,15.9,26.5,16.8,1.8,1.8,51.0,9.5,Nairobi
2020-04-07,23.9,16.1,26.4,17.4,1.5,1.5,51.0,14.3,Nairobi
2020-04-08,24.6,15.8,25.1,16.9,1.0,1.0,53.0,14.0,Nairobi
2020-04-09,23.8,16.0,26.5,17.0,2.7,2.7,51.0,11.6,Nairobi
2020-04-10,24.7,16.3,27.3,17.4,2.7,2.7,51.0,9.2,Nairobi
2020-04-11,24.9,14.3,26.8,14.4,1.6,1.6,51.0,9.3,Nairobi
2020-04-12,25.3,15.0,27.5,15.6,1.0,1.0,51.0,9.2,Nairobi
2020-04-13,24.3,16.6,26.5,17.5,13.4,13.4,63.0,11.3,Nairobi
2020-04-14,23.9,16.6,27.4,17.9,22.2,22.2,63.0,9.8,Nairobi
2020-04-15,25.7,15.4,29.1,16.7,63.2,63.2,65.0,9.7,Nairobi
2020-04-16,24.9,16.1,26.5,16.9,25.6,25.6,65.0,8.9,Nairobi
2020-04-17,24.6,15.4,27.1,16.2,5.8,5.8,61.0,10.4,Nairobi
2020-04-18,24.8,17.0,27.3,18.5,13.9,13.9,63.0,11.5,Nairobi
2020-04-19,22.3,16.0,23.3,16.1,4.6,4.6,55.0,13.7,Nairobi
2020-04-20,21.8,15.8,22.7,16.7,4.8,4.8,61.0,9.4,Nairobi
2020-04-21,22.3,15.9,22.1,16.6,9.6,9.6,61.0,13.5,Nairobi
2020-04-22,22.7,15.8,24.5,15.8,26.1,26.1,65.0,11.5,Nairobi
2020-04-23,19.5,15.5,21.1,16.3,17.2,17.2,63.0,10.8,Nairobi
2020-04-24,23.9,15.0,25.6,16.0,14.4,14.4,63.0,9.4,Nairobi
2020-04-25,21.0,15.7,22.8,16.0,25.8,25.8,63.0,10.7,Nairobi
2020-04-26,22.3,15.9,23.4,16.9,5.8,5.8,55.0,9.3,Nairobi
2020-04-27,23.4,15.4,24.4,16.1,9.8,9.8,61.0,12.7,Nairobi
2020-04-28,23.5,14.4,27.5,15.2,12.4,12.4,65.0,11.8,Nairobi
2020-04-29,22.7,15.8,23.3,16.6,14.1,14.1,63.0,13.0,Nairobi
2020-04-30,22.6,16.1,23.6,16.7,3.3,3.3,51.0,11.7,Nairobi
2020-05-01,22.9,16.0,24.1,16.9,7.3,7.3,53.0,12.9,Nairobi
2020-05-02,23.4,15.3,24.4,16.3,3.1,3.1,53.0,13.3,Nairobi
2020-05-03,23.0,15.3,24.6,16.2,2.7,2.7,51.0,9.9,Nairobi
2020-05-04,24.6,15.8,26.1,17.0,13.4,13.4,63.0,11.6,Nairobi
2020-05-05,24.1,16.3,26.2,17.0,7.9,7.9,63.0,9.7,Nairobi
2020-05-06,24.2,16.3,24.6,17.1,11.5,11.5,63.0,14.8,Nairobi
2020-05-07,23.2,15.6,23.7,16.6,2.7,2.7,53.0,15.1,Nairobi
2020-05-08,21.9,14.8,22.4,15.6,3.8,3.8,53.0,11.7,Nairobi
2020-05-09,22.6,15.5,24.5,16.7,4.5,4.5,53.0,11.2,Nairobi
2020-05-10,21.6,15.3,21.9,16.6,2.3,2.3,53.0,13.2,Nairobi
2020-05-11,22.5,14.7,23.6,15.7,15.8,15.8,63.0,15.6,Nairobi
2020-05-12,23.4,14.7,24.5,15.4,1.9,1.9,51.0,10.4,Nairobi
2020-05-13,25.1,15.0,26.2,16.0,1.3,1.3,51.0,10.4,Nairobi
2020-05-14,24.8,15.7,26.0,16.5,0.7,0.7,51.0,9.4,Nairobi
2020-05-15,21.4,15.6,23.1,16.1,22.9,22.9,63.0,12.5,Nairobi
2020-05-16,22.2,15.3,22.1,16.3,3.8,3.8,53.0,11.3,Nairobi
2020-05-17,22.0,15.0,22.6,15.7,0.8,0.8,51.0,7.8,Nairobi
2020-05-18,23.4,14.0,24.9,14.3,0.3,0.3,51.0,7.9,Nairobi
2020-05-19,23.5,12.2,23.5,11.6,0.4,0.4,51.0,9.0,Nairobi
2020-05-20,22.3,13.5,23.1,13.8,2.4,2.4,53.0,12.1,Nairobi
2020-05-21,21.5,14.2,21.8,14.5,1.1,1.1,51.0,13.4,Nairobi
2020-05-22,22.4,15.1,22.5,15.7,1.5,1.5,51.0,11.3,Nairobi
2020-05-23,23.0,11.9,24.2,11.1,0.0,0.0,3.0,10.2,Nairobi
2020-05-24,23.6,12.6,23.7,12.4,0.7,0.7,51.0,11.6,Nairobi
2020-05-25,23.9,13.3,24.6,13.3,0.0,0.0,3.0,11.3,Nairobi
2020-05-26,23.0,13.3,23.7,13.2,0.3,0.3,51.0,8.1,Nairobi
2020-05-27,23.8,15.1,25.3,15.8,0.4,0.4,51.0,8.1,Nairobi
2020-05-28,23.6,15.9,24.9,17.4,2.7,2.7,53.0,9.8,Nairobi
2020-05-29,24.6,14.6,24.5,15.0,0.3,0.3,51.0,14.3,Nairobi
2020-05-30,24.2,11.2,24.2,10.7,0.0,0.0,3.0,10.6,Nairobi
2020-05-31,24.0,10.5,24.6,9.5,0.0,0.0,3.0,10.3,Nairobi
2020-06-01,23.6,11.9,23.9,11.5,0.0,0.0,3.0,12.0,Nairobi
2020-06-02,23.4,12.5,22.9,12.3,1.0,1.0,53.0,14.3,Nairobi
2020-06-03,23.1,14.2,23.6,14.2,0.7,0.7,51.0,12.7,Nairobi
2020-06-04,24.6,14.3,23.8,15.0,0.1,0.1,51.0,13.0,Nairobi
2020-06-05,24.6,11.4,25.7,10.5,0.0,0.0,3.0,13.0,Nairobi
2020-06-06,25.1,11.4,25.5,10.5,0.0,0.0,3.0,11.3,Nairobi
2020-06-07,23.1,12.8,23.1,13.1,1.8,1.8,53.0,9.7,Nairobi
2020-06-08,19.7,15.2,19.8,15.5,8.0,8.0,55.0,8.8,Nairobi
2020-06-09,21.9,13.7,21.6,14.2,0.7,0.7,51.0,12.7,Nairobi
2020-06-10,18.4,15.0,18.4,15.3,7.2,7.2,55.0,12.0,Nairobi
2020-06-11,23.1,13.1,23.8,13.1,2.0,2.0,51.0,9.0,Nairobi
2020-06-12,22.8,12.4,24.4,12.5,3.0,3.0,61.0,11.5,Nairobi
2020-06-13,22.7,15.0,23.8,14.9,4.3,4.3,53.0,10.4,Nairobi
2020-06-14,22.4,15.2,23.0,15.6,10.3,10.3,61.0,14.7,Nairobi
2020-06-15,20.0,13.6,19.1,13.7,0.1,0.1,51.0,12.1,Nairobi
2020-06-16,20.9,13.4,20.5,13.2,0.1,0.1,51.0,10.1,Nairobi
2020-06-17,20.6,13.9,20.6,13.7,0.7,0.7,51.0,10.7,Nairobi
2020-06-18,22.4,13.1,22.1,12.7,0.0,0.0,3.0,11.9,Nairobi
2020-06-19,22.0,13.9,21.2,14.2,0.0,0.0,3.0,10.0,Nairobi
2020-06-20,22.4,13.0,22.7,13.0,0.1,0.1,51.0,15.3,Nairobi
2020-06-21,21.9,13.4,22.0,13.4,0.6,0.6,51.0,14.8,Nairobi
2020-06-22,22.2,14.4,21.9,15.1,0.0,0.0,3.0,10.8,Nairobi
2020-06-23,23.3,13.6,23.9,13.4,0.6,0.6,51.0,12.3,Nairobi
2020-06-24,22.1,14.5,21.9,14.7,1.8,1.8,51.0,10.7,Nairobi
2020-06-25,22.3,12.7,22.5,12.6,0.1,0.1,51.0,12.2,Nairobi
2020-06-26,22.1,11.3,21.9,11.0,0.0,0.0,3.0,10.1,Nairobi
2020-06-27,22.6,13.2,22.8,13.1,1.0,1.0,51.0,9.8,Nairobi
2020-06-28,23.0,13.3,22.9,13.4,0.0,0.0,3.0,10.8,Nairobi
2020-06-29,23.0,10.9,23.3,10.5,0.0,0.0,3.0,13.4,Nairobi
2020-06-30,23.1,9.4,22.9,8.2,0.0,0.0,3.0,11.7,Nairobi
2020-07-01,21.6,13.3,20.3,12.6,0.6,0.6,51.0,11.8,Nairobi
2020-07-02,21.4,13.5,20.3,13.1,0.5,0.5,51.0,12.1,Nairobi
2020-07-03,20.9,13.8,19.9,14.0,0.8,0.8,51.0,10.3,Nairobi
2020-07-04,22.5,11.3,22.2,10.6,0.0,0.0,3.0,12.1,Nairobi
2020-07-05,21.1,12.6,20.1,12.2,0.1,0.1,51.0,10.2,Nairobi
2020-07-06,21.6,13.7,20.6,12.8,0.3,0.3,51.0,14.8,Nairobi
2020-07-07,22.9,14.1,22.3,13.9,0.5,0.5,51.0,11.6,Nairobi
2020-07-08,22.4,12.3,22.4,11.9,0.8,0.8,51.0,10.8,Nairobi
2020-07-09,22.3,11.5,22.1,10.9,1.6,1.6,51.0,14.3,Nairobi
2020-07-10,22.9,13.5,22.9,13.5,2.3,2.3,51.0,14.3,Nairobi
2020-07-11,23.1,9.8,23.1,9.1,0.0,0.0,3.0,12.4,Nairobi
2020-07-12,23.5,14.2,23.7,14.3,0.3,0.3,51.0,13.3,Nairobi
2020-07-13,21.8,11.5,20.7,11.0,0.9,0.9,51.0,12.0,Nairobi
2020-07-14,22.0,13.5,21.8,13.7,4.2,4.2,61.0,9.5,Nairobi
2020-07-15,21.5,14.1,21.8,14.5,1.2,1.2,51.0,11.6,Nairobi
2020-07-16,20.2,14.3,20.8,13.5,4.3,4.3,61.0,13.1,Nairobi
2020-07-17,22.0,12.8,20.3,12.3,0.0,0.0,3.0,14.8,Nairobi
2020-07-18,20.8,12.4,19.8,10.7,0.1,0.1,51.0,13.5,Nairobi
2020-07-19,19.7,12.3,18.6,11.3,0.4,0.4,51.0,9.0,Nairobi
2020-07-20,19.5,10.8,18.8,9.9,0.0,0.0,3.0,10.7,Nairobi
2020-07-21,21.3,12.4,20.1,11.7,1.7,1.7,53.0,11.8,Nairobi
2020-07-22,22.9,13.2,22.8,13.3,3.7,3.7,53.0,14.8,Nairobi
2020-07-23,24.2,13.3,23.7,12.5,0.3,0.3,51.0,15.5,Nairobi
2020-07-24,23.2,12.9,22.4,12.3,0.0,0.0,3.0,14.0,Nairobi
2020-07-25,23.3,13.3,22.5,11.9,0.0,0.0,3.0,11.9,Nairobi
2020-07-26,23.0,10.3,22.7,8.9,0.0,0.0,3.0,13.6,Nairobi
2020-07-27,21.2,12.4,20.9,11.8,0.6,0.6,51.0,12.4,Nairobi
2020-07-28,19.5,14.7,18.7,14.9,0.6,0.6,51.0,12.6,Nairobi
2020-07-29,21.6,14.2,21.6,14.1,0.6,0.6,51.0,9.1,Nairobi
2020-07-30,22.1,12.2,23.0,11.6,0.3,0.3,51.0,10.7,Nairobi
2020-07-31,22.8,11.4,23.2,10.8,0.8,0.8,51.0,11.2,Nairobi
2020-08-01,23.0,13.2,22.5,13.3,0.0,0.0,3.0,16.0,Nairobi
2020-08-02,22.2,10.8,21.5,10.3,0.2,0.2,51.0,16.9,Nairobi
2020-08-03,22.4,8.9,21.0,7.9,0.0,0.0,3.0,14.5,Nairobi
2020-08-04,22.7,10.6,23.1,9.7,0.0,0.0,3.0,14.6,Nairobi
2020-08-05,22.6,10.8,21.3,10.0,0.0,0.0,3.0,12.6,Nairobi
2020-08-06,25.4,11.3,25.9,10.8,0.2,0.2,51.0,12.3,Nairobi
2020-08-07,25.3,11.6,25.0,10.7,0.1,0.1,51.0,13.1,Nairobi
2020-08-08,23.9,13.2,22.7,12.9,0.3,0.3,51.0,16.5,Nairobi
2020-08-09,22.7,12.4,21.1,11.9,0.0,0.0,3.0,13.0,Nairobi
2020-08-10,25.2,11.0,24.6,10.1,0.3,0.3,51.0,12.5,Nairobi
2020-08-11,26.7,12.7,28.0,13.0,0.8,0.8,51.0,12.2,Nairobi
2020-08-12,23.7,13.3,24.6,13.6,5.1,5.1,53.0,13.9,Nairobi
2020-08-13,24.9,14.7,26.6,15.8,3.0,3.0,53.0,7.2,Nairobi
2020-08-14,23.2,15.1,24.9,15.6,4.0,4.0,53.0,12.0,Nairobi
2020-08-15,25.6,14.3,26.1,15.1,3.2,3.2,53.0,11.2,Nairobi
2020-08-16,21.8,13.2,21.6,13.4,0.0,0.0,3.0,11.4,Nairobi
2020-08-17,22.9,13.5,23.8,13.1,1.2,1.2,51.0,12.6,Nairobi
2020-08-18,24.6,13.4,24.8,13.7,0.1,0.1,51.0,19.0,Nairobi
2020-08-19,21.7,14.7,21.2,14.5,0.6,0.6,51.0,10.4,Nairobi
2020-08-20,22.2,14.7,22.2,15.0,2.2,2.2,53.0,11.1,Nairobi
2020-08-21,21.7,13.7,20.5,13.8,3.1,3.1,55.0,14.8,Nairobi
2020-08-22,21.5,13.2,20.8,13.2,3.3,3.3,53.0,16.5,Nairobi
2020-08-23,20.0,14.0,19.6,13.9,3.8,3.8,53.0,10.9,Nairobi
2020-08-24,20.9,14.1,21.0,14.4,4.9,4.9,53.0,12.4,Nairobi
2020-08-25,23.4,14.3,23.2,14.4,1.0,1.0,51.0,12.1,Nairobi
2020-08-26,23.5,13.9,22.7,13.5,0.3,0.3,51.0,12.0,Nairobi
2020-08-27,23.4,13.0,23.3,13.0,0.6,0.6,51.0,13.0,Nairobi
2020-08-28,23.9,14.1,24.2,14.6,1.4,1.4,51.0,13.9,Nairobi
2020-08-29,24.5,11.9,25.4,11.8,0.0,0.0,3.0,13.4,Nairobi
2020-08-30,25.7,12.4,27.3,12.2,0.0,0.0,3.0,14.3,Nairobi
2020-08-31,24.9,10.8,25.9,9.7,0.0,0.0,2.0,13.2,Nairobi
2020-09-01,24.3,12.2,25.3,11.4,0.0,0.0,3.0,11.5,Nairobi
2020-09-02,24.7,11.1,24.3,10.0,0.0,0.0,3.0,11.5,Nairobi
2020-09-03,24.0,11.5,22.9,10.7,0.0,0.0,3.0,11.2,Nairobi
2020-09-04,24.3,11.3,25.2,10.7,3.8,3.8,61.0,12.3,Nairobi
2020-09-05,22.2,14.3,23.4,15.2,14.5,14.5,65.0,11.1,Nairobi
2020-09-06,21.3,15.1,22.8,15.3,18.3,18.3,63.0,11.1,Nairobi
2020-09-07,17.1,13.6,17.0,14.1,4.9,4.9,53.0,11.5,Nairobi
2020-09-08,19.9,12.9,19.8,13.0,0.8,0.8,51.0,9.5,Nairobi
2020-09-09,20.2,10.6,19.8,9.9,0.4,0.4,51.0,10.4,Nairobi
2020-09-10,21.4,11.6,21.1,11.0,0.0,0.0,3.0,8.0,Nairobi
2020-09-11,20.7,13.8,20.0,13.3,2.0,2.0,51.0,14.7,Nairobi
2020-09-12,22.4,13.3,22.7,13.1,0.6,0.6,51.0,11.6,Nairobi
2020-09-13,25.0,12.0,24.4,11.4,0.1,0.1,51.0,12.6,Nairobi
2020-09-14,25.0,12.8,25.3,11.9,0.0,0.0,3.0,12.6,Nairobi
2020-09-15,24.1,13.9,24.2,14.1,1.1,1.1,51.0,9.7,Nairobi
2020-09-16,26.6,13.3,26.8,12.9,0.0,0.0,3.0,11.3,Nairobi
2020-09-17,26.1,11.7,27.7,11.2,0.0,0.0,3.0,13.4,Nairobi
2020-09-18,24.7,12.1,25.3,11.4,0.2,0.2,51.0,15.6,Nairobi
2020-09-19,23.3,14.7,23.9,14.6,2.2,2.2,53.0,9.7,Nairobi
2020-09-20,23.1,14.6,24.7,15.1,1.3,1.3,51.0,8.8,Nairobi
2020-09-21,24.1,12.8,26.1,12.1,0.9,0.9,51.0,11.2,Nairobi
2020-09-22,25.3,13.7,27.0,13.7,0.3,0.3,51.0,12.1,Nairobi
2020-09-23,26.0,11.9,27.1,11.0,0.3,0.3,51.0,17.2,Nairobi
2020-09-24,23.4,14.1,22.3,14.9,0.8,0.8,51.0,12.5,Nairobi
2020-09-25,23.4,15.5,24.3,16.2,14.7,14.7,63.0,9.5,Nairobi
2020-09-26,23.8,13.7,25.4,14.3,7.4,7.4,63.0,15.6,Nairobi
2020-09-27,25.7,14.6,26.7,14.5,0.0,0.0,3.0,12.4,Nairobi
2020-09-28,24.2,11.9,25.4,11.7,0.2,0.2,51.0,13.7,Nairobi
2020-09-29,25.9,13.0,27.5,13.0,0.2,0.2,51.0,11.7,Nairobi
2020-09-30,25.9,15.9,27.0,16.0,1.4,1.4,51.0,14.2,Nairobi
2020-10-01,25.2,15.2,26.2,14.9,1.2,1.2,51.0,10.9,Nairobi
2020-10-02,25.8,14.6,25.5,14.9,1.7,1.7,55.0,15.1,Nairobi
2020-10-03,25.9,14.9,25.1,14.1,3.2,3.2,61.0,14.5,Nairobi
2020-10-04,27.0,14.1,27.4,13.8,0.0,0.0,3.0,17.3,Nairobi
2020-10-05,26.7,13.0,27.6,12.0,0.0,0.0,3.0,13.6,Nairobi
2020-10-06,27.0,14.1,27.0,14.2,0.0,0.0,3.0,10.4,Nairobi
2020-10-07,28.0,13.2,28.9,11.5,0.0,0.0,3.0,17.3,Nairobi
2020-10-08,27.8,13.2,28.5,13.1,0.0,0.0,3.0,14.5,Nairobi
2020-10-09,26.9,15.9,28.2,15.5,0.1,0.1,51.0,9.4,Nairobi
2020-10-10,27.0,15.6,27.4,15.4,2.1,2.1,53.0,13.1,Nairobi
2020-10-11,27.2,15.0,28.0,15.6,1.3,1.3,53.0,13.0,Nairobi
2020-10-12,25.7,14.0,27.2,13.8,0.8,0.8,51.0,10.1,Nairobi
2020-10-13,27.7,12.8,28.6,12.5,0.0,0.0,3.0,12.1,Nairobi
2020-10-14,25.7,15.9,25.4,15.7,1.3,1.3,51.0,13.0,Nairobi
2020-10-15,27.1,14.1,27.1,14.7,0.3,0.3,51.0,12.5,Nairobi
2020-10-16,25.4,14.9,26.2,14.4,10.3,10.3,63.0,13.9,Nairobi
2020-10-17,25.2,14.5,26.6,14.4,1.4,1.4,53.0,10.6,Nairobi
2020-10-18,23.7,15.1,23.8,15.7,2.1,2.1,53.0,14.0,Nairobi
2020-10-19,25.0,14.7,26.6,15.0,5.5,5.5,63.0,10.9,Nairobi
2020-10-20,22.7,15.7,23.1,16.5,12.4,12.4,63.0,11.0,Nairobi
2020-10-21,24.5,15.0,26.1,15.4,1.3,1.3,51.0,12.3,Nairobi
2020-10-22,26.5,12.8,26.7,12.3,0.0,0.0,3.0,12.5,Nairobi
2020-10-23,25.5,14.8,26.7,15.1,0.7,0.7,51.0,10.6,Nairobi
2020-10-24,25.8,15.2,26.5,16.2,0.9,0.9,51.0,11.1,Nairobi
2020-10-25,24.0,16.1,24.7,16.8,2.8,2.8,53.0,13.0,Nairobi
2020-10-26,21.6,15.8,21.3,16.5,3.7,3.7,53.0,12.4,Nairobi
2020-10-27,22.8,14.1,25.5,14.4,14.2,14.2,63.0,15.2,Nairobi
2020-10-28,23.8,14.7,23.9,15.4,5.7,5.7,53.0,16.0,Nairobi
2020-10-29,22.5,15.5,22.2,15.4,6.7,6.7,55.0,14.4,Nairobi
2020-10-30,21.8,14.4,21.5,15.1,12.7,12.7,63.0,13.5,Nairobi
2020-10-31,23.3,13.7,23.4,14.1,0.9,0.9,51.0,13.3,Nairobi
2020-11-01,23.9,14.3,23.1,14.8,1.8,1.8,51.0,11.7,Nairobi
2020-11-02,24.4,15.3,24.8,14.9,1.8,1.8,51.0,16.3,Nairobi
2020-11-03,22.6,15.2,23.5,15.2,1.3,1.3,51.0,14.7,Nairobi
2020-11-04,23.1,15.5,25.4,15.4,6.9,6.9,53.0,16.2,Nairobi
2020-11-05,22.8,15.8,25.1,16.1,13.2,13.2,61.0,12.6,Nairobi
2020-11-06,22.3,15.7,26.1,16.3,7.2,7.2,53.0,9.6,Nairobi
2020-11-07,23.9,15.4,25.2,15.3,1.7,1.7,51.0,14.0,Nairobi
2020-11-08,24.0,14.2,25.5,14.3,3.2,3.2,53.0,12.6,Nairobi
2020-11-09,23.7,15.4,25.0,16.7,3.1,3.1,53.0,14.1,Nairobi
2020-11-10,22.6,15.4,22.8,15.4,3.2,3.2,53.0,16.9,Nairobi
2020-11-11,23.0,15.5,21.5,15.9,2.8,2.8,51.0,16.4,Nairobi
2020-11-12,24.4,15.2,24.2,15.7,1.5,1.5,51.0,20.2,Nairobi
2020-11-13,23.0,15.5,24.2,15.6,3.9,3.9,51.0,17.8,Nairobi
2020-11-14,22.9,15.4,24.3,15.5,2.9,2.9,53.0,15.7,Nairobi
2020-11-15,23.8,14.9,25.1,15.6,0.9,0.9,51.0,17.1,Nairobi
2020-11-16,22.2,14.5,22.1,14.9,1.8,1.8,51.0,16.0,Nairobi
2020-11-17,24.2,15.4,24.9,15.7,1.8,1.8,51.0,18.0,Nairobi
2020-11-18,25.1,15.1,24.1,15.7,1.0,1.0,51.0,20.6,Nairobi
2020-11-19,25.2,15.2,25.2,15.7,2.9,2.9,55.0,14.8,Nairobi
2020-11-20,22.5,15.7,22.2,16.0,4.3,4.3,61.0,13.4,Nairobi
2020-11-21,25.1,15.1,25.9,15.4,0.3,0.3,51.0,15.1,Nairobi
2020-11-22,24.0,16.0,24.9,16.3,3.7,3.7,53.0,12.7,Nairobi
2020-11-23,25.4,15.1,27.2,15.7,1.3,1.3,51.0,10.9,Nairobi
2020-11-24,25.1,15.3,24.7,15.9,1.0,1.0,51.0,12.2,Nairobi
2020-11-25,25.9,13.7,27.1,14.0,0.3,0.3,51.0,9.5,Nairobi
2020-11-26,25.1,14.2,25.7,14.7,2.6,2.6,53.0,13.8,Nairobi
2020-11-27,23.8,16.2,25.0,17.0,24.5,24.5,63.0,14.3,Nairobi
2020-11-28,20.6,15.6,22.7,15.9,13.8,13.8,63.0,15.2,Nairobi
2020-11-29,21.6,14.6,21.7,15.0,3.5,3.5,53.0,15.9,Nairobi
2020-11-30,25.2,12.5,27.1,12.3,0.0,0.0,3.0,9.5,Nairobi
2020-12-01,24.7,14.9,24.8,15.4,2.2,2.2,53.0,13.9,Nairobi
2020-12-02,23.6,15.9,23.2,15.9,6.6,6.6,63.0,18.2,Nairobi
2020-12-03,23.4,15.5,23.3,15.9,0.8,0.8,51.0,20.6,Nairobi
2020-12-04,23.9,15.5,24.0,15.8,0.6,0.6,51.0,16.3,Nairobi
2020-12-05,24.9,14.1,26.2,14.4,0.2,0.2,51.0,12.3,Nairobi
2020-12-06,24.0,15.5,25.1,15.9,0.8,0.8,51.0,14.5,Nairobi
2020-12-07,24.9,14.8,25.8,15.5,0.8,0.8,51.0,16.4,Nairobi
2020-12-08,24.0,15.2,25.2,16.1,12.7,12.7,63.0,15.6,Nairobi
2020-12-09,23.7,15.2,23.7,15.7,1.3,1.3,51.0,15.9,Nairobi
2020-12-10,23.6,15.5,22.3,15.7,0.5,0.5,51.0,15.8,Nairobi
2020-12-11,24.1,15.0,23.8,14.9,0.2,0.2,51.0,15.6,Nairobi
2020-12-12,25.1,13.8,24.7,13.2,0.0,0.0,3.0,16.9,Nairobi
2020-12-13,24.4,14.2,23.7,13.9,0.3,0.3,51.0,17.8,Nairobi
2020-12-14,25.1,13.7,24.7,13.4,0.0,0.0,3.0,14.4,Nairobi
2020-12-15,25.1,13.3,26.2,12.6,0.1,0.1,51.0,10.8,Nairobi
2020-12-16,25.4,14.5,25.6,13.7,0.0,0.0,2.0,13.2,Nairobi
2020-12-17,24.4,15.4,25.1,16.1,1.1,1.1,51.0,15.5,Nairobi
2020-12-18,24.5,14.0,24.7,13.1,0.0,0.0,3.0,17.1,Nairobi
2020-12-19,23.9,14.4,23.3,14.3,0.9,0.9,53.0,16.3,Nairobi
2020-12-20,24.0,15.1,23.5,15.4,1.7,1.7,51.0,19.1,Nairobi
2020-12-21,24.7,13.6,24.4,13.8,0.3,0.3,51.0,17.1,Nairobi
2020-12-22,24.7,14.8,24.3,15.2,0.4,0.4,51.0,20.2,Nairobi
2020-12-23,24.5,13.5,23.5,12.9,0.0,0.0,2.0,18.2,Nairobi
2020-12-24,25.4,15.5,23.7,15.9,1.1,1.1,51.0,18.9,Nairobi
2020-12-25,26.2,14.4,26.4,14.4,0.2,0.2,51.0,16.9,Nairobi
2020-12-26,25.3,14.4,24.7,14.8,0.3,0.3,51.0,17.9,Nairobi
2020-12-27,26.3,13.1,25.6,12.9,0.0,0.0,3.0,22.1,Nairobi
2020-12-28,25.8,11.6,25.2,10.4,0.0,0.0,3.0,18.4,Nairobi
2020-12-29,25.7,13.0,24.9,11.9,0.0,0.0,3.0,18.7,Nairobi
2020-12-30,26.1,14.3,25.5,13.8,0.0,0.0,3.0,18.8,Nairobi
2020-12-31,24.1,16.2,24.5,16.7,4.0,4.0,61.0,18.8,Nairobi
2021-01-01,22.3,14.1,21.3,14.5,4.4,4.4,61.0,17.0,Nairobi
2021-01-02,25.2,14.6,25.2,14.6,0.7,0.7,51.0,16.0,Nairobi
2021-01-03,25.9,15.2,25.1,15.8,0.3,0.3,51.0,20.3,Nairobi
2021-01-04,25.6,13.9,24.7,13.7,0.0,0.0,3.0,15.6,Nairobi
2021-01-05,26.6,13.4,27.0,13.2,0.1,0.1,51.0,16.4,Nairobi
2021-01-06,25.6,14.9,26.2,15.4,0.4,0.4,51.0,14.5,Nairobi
2021-01-07,26.9,14.0,27.1,13.7,0.0,0.0,3.0,16.6,Nairobi
2021-01-08,25.3,13.5,25.0,13.0,0.2,0.2,51.0,11.8,Nairobi
2021-01-09,23.4,14.2,24.4,14.5,7.3,7.3,61.0,12.7,Nairobi
2021-01-10,22.4,15.6,23.4,16.1,14.4,14.4,63.0,11.8,Nairobi
2021-01-11,23.3,14.6,24.2,15.3,2.1,2.1,53.0,13.0,Nairobi
2021-01-12,22.3,15.1,21.8,15.4,1.1,1.1,51.0,14.3,Nairobi
2021-01-13,24.1,14.6,23.5,13.9,0.0,0.0,3.0,18.1,Nairobi
2021-01-14,25.5,14.3,25.4,13.1,0.0,0.0,3.0,18.1,Nairobi
2021-01-15,25.3,13.8,25.5,13.1,0.0,0.0,2.0,15.3,Nairobi
2021-01-16,24.5,14.4,24.6,14.3,0.4,0.4,51.0,13.9,Nairobi
2021-01-17,25.9,14.5,26.1,13.9,0.3,0.3,51.0,12.7,Nairobi
2021-01-18,26.6,15.1,26.8,15.9,3.2,3.2,61.0,15.2,Nairobi
2021-01-19,25.3,15.2,25.0,15.6,3.9,3.9,61.0,13.2,Nairobi
2021-01-20,27.4,13.1,27.0,11.7,0.0,0.0,3.0,16.5,Nairobi
2021-01-21,25.2,14.3,25.1,13.6,0.0,0.0,3.0,16.6,Nairobi
2021-01-22,23.8,14.9,23.1,15.1,2.2,2.2,51.0,22.6,Nairobi
2021-01-23,22.9,15.2,22.3,15.2,4.2,4.2,53.0,19.2,Nairobi
2021-01-24,24.9,14.4,25.0,14.3,0.5,0.5,51.0,17.0,Nairobi
2021-01-25,24.4,15.0,24.7,14.8,2.5,2.5,51.0,18.6,Nairobi
2021-01-26,26.2,12.6,25.3,12.0,0.1,0.1,51.0,18.1,Nairobi
2021-01-27,26.2,12.0,25.9,11.3,0.0,0.0,1.0,19.2,Nairobi
2021-01-28,26.4,13.7,26.3,13.2,0.0,0.0,2.0,16.6,Nairobi
2021-01-29,26.5,13.6,26.9,13.7,0.5,0.5,51.0,16.0,Nairobi
2021-01-30,25.5,13.7,25.2,13.8,0.0,0.0,3.0,18.4,Nairobi
2021-01-31,26.2,12.9,25.0,12.6,0.0,0.0,3.0,18.9,Nairobi
2021-02-01,26.6,11.2,25.3,9.4,0.0,0.0,3.0,19.7,Nairobi
2021-02-02,27.9,12.5,27.2,11.5,0.0,0.0,3.0,18.0,Nairobi
2021-02-03,26.3,15.8,26.0,15.5,0.1,0.1,51.0,17.2,Nairobi
2021-02-04,28.5,14.2,27.8,14.2,0.0,0.0,3.0,16.3,Nairobi
2021-02-05,27.4,13.9,27.1,13.4,0.0,0.0,1.0,15.3,Nairobi
2021-02-06,27.1,16.1,29.3,16.5,2.9,2.9,61.0,11.4,Nairobi
2021-02-07,24.0,16.2,24.7,16.8,6.6,6.6,61.0,12.0,Nairobi
2021-02-08,21.0,16.1,22.3,16.9,18.5,18.5,63.0,14.0,Nairobi
2021-02-09,23.5,15.0,24.0,15.6,2.3,2.3,51.0,14.5,Nairobi
2021-02-10,23.4,15.9,23.7,16.3,6.0,6.0,61.0,14.8,Nairobi
2021-02-11,22.5,15.5,24.1,15.9,3.5,3.5,53.0,10.6,Nairobi
2021-02-12,24.1,15.9,25.5,16.5,23.8,23.8,63.0,11.3,Nairobi
2021-02-13,24.0,15.8,26.0,16.6,21.6,21.6,63.0,7.6,Nairobi
2021-02-14,24.5,15.4,25.6,16.0,1.3,1.3,51.0,10.5,Nairobi
2021-02-15,25.6,15.0,26.8,15.0,0.0,0.0,3.0,17.1,Nairobi
2021-02-16,26.1,15.7,26.3,15.9,0.0,0.0,3.0,19.5,Nairobi
2021-02-17,27.3,13.6,27.8,13.3,0.0,0.0,3.0,18.1,Nairobi
2021-02-18,27.2,13.4,27.6,12.6,0.0,0.0,3.0,18.8,Nairobi
2021-02-19,27.8,13.4,28.9,12.6,0.0,0.0,3.0,14.2,Nairobi
2021-02-20,25.9,13.8,26.2,12.3,0.2,0.2,51.0,10.8,Nairobi
2021-02-21,25.2,15.4,25.6,16.1,3.7,3.7,53.0,9.3,Nairobi
2021-02-22,24.0,15.9,25.9,16.9,10.1,10.1,63.0,12.1,Nairobi
2021-02-23,25.9,14.1,26.7,14.9,1.4,1.4,53.0,13.4,Nairobi
2021-02-24,25.8,13.1,26.4,12.6,0.1,0.1,51.0,13.2,Nairobi
2021-02-25,26.1,13.7,26.9,14.0,0.0,0.0,3.0,13.5,Nairobi
2021-02-26,27.2,13.8,27.3,12.9,0.0,0.0,3.0,12.8,Nairobi
2021-02-27,28.7,13.4,28.0,12.7,0.0,0.0,1.0,12.8,Nairobi
2021-02-28,28.7,14.6,28.1,11.9,0.0,0.0,3.0,19.1,Nairobi
2021-03-01,26.9,13.6,26.2,12.3,0.0,0.0,3.0,20.1,Nairobi
2021-03-02,26.8,14.5,26.1,13.4,0.0,0.0,2.0,20.5,Nairobi
2021-03-03,27.3,14.3,27.3,14.1,0.0,0.0,3.0,18.3,Nairobi
2021-03-04,26.0,14.0,26.5,14.1,0.4,0.4,51.0,17.1,Nairobi
2021-03-05,26.7,15.7,26.2,16.0,2.4,2.4,53.0,18.6,Nairobi
2021-03-06,27.1,16.3,27.2,16.3,0.9,0.9,53.0,16.8,Nairobi
2021-03-07,27.0,13.3,26.3,12.2,0.0,0.0,3.0,14.6,Nairobi
2021-03-08,26.7,14.7,26.0,14.6,0.0,0.0,3.0,18.4,Nairobi
2021-03-09,26.6,15.4,25.5,15.2,0.0,0.0,3.0,17.9,Nairobi
2021-03-10,27.3,12.9,25.4,12.4,0.0,0.0,3.0,18.5,Nairobi
2021-03-11,28.7,12.7,26.3,11.8,0.0,0.0,3.0,19.3,Nairobi
2021-03-12,27.6,13.3,26.0,12.7,0.0,0.0,3.0,17.4,Nairobi
2021-03-13,28.3,13.0,27.5,11.8,0.0,0.0,3.0,18.0,Nairobi
2021-03-14,28.1,13.2,26.9,12.5,0.0,0.0,3.0,16.6,Nairobi
2021-03-15,27.2,14.0,26.0,13.6,0.1,0.1,51.0,17.7,Nairobi
2021-03-16,24.8,15.0,25.1,14.9,3.4,3.4,53.0,16.9,Nairobi
2021-03-17,24.7,14.6,24.5,14.8,0.7,0.7,51.0,16.6,Nairobi
2021-03-18,25.6,14.1,25.6,13.9,0.0,0.0,3.0,14.7,Nairobi
2021-03-19,26.0,15.0,25.5,14.8,0.1,0.1,51.0,17.0,Nairobi
2021-03-20,25.3,14.6,25.6,14.8,1.4,1.4,51.0,17.2,Nairobi
2021-03-21,24.1,15.2,24.2,15.5,2.7,2.7,51.0,18.2,Nairobi
2021-03-22,25.5,14.4,25.9,14.3,0.8,0.8,51.0,16.8,Nairobi
2021-03-23,26.3,15.5,25.8,15.7,2.5,2.5,53.0,17.7,Nairobi
2021-03-24,26.4,14.8,25.2,14.7,0.7,0.7,51.0,18.1,Nairobi
2021-03-25,28.5,14.5,28.2,14.5,0.2,0.2,51.0,17.2,Nairobi
2021-03-26,27.1,13.6,28.2,12.6,0.0,0.0,3.0,13.5,Nairobi
2021-03-27,26.5,12.4,26.9,11.4,0.0,0.0,3.0,16.6,Nairobi
2021-03-28,25.7,15.9,25.5,15.3,0.1,0.1,51.0,15.8,Nairobi
2021-03-29,28.0,14.2,29.0,13.8,1.8,1.8,53.0,18.4,Nairobi
2021-03-30,25.6,15.5,25.9,15.6,2.0,2.0,51.0,18.0,Nairobi
2021-03-31,26.4,14.5,25.8,15.2,2.0,2.0,51.0,19.0,Nairobi
2021-04-01,26.1,16.0,26.2,16.2,2.8,2.8,51.0,15.7,Nairobi
2021-04-02,26.6,16.3,26.5,17.0,2.3,2.3,51.0,14.4,Nairobi
2021-04-03,27.9,15.5,28.4,16.1,1.9,1.9,51.0,13.8,Nairobi
2021-04-04,24.2,15.6,25.8,16.5,5.0,5.0,53.0,17.7,Nairobi
2021-04-05,24.8,16.1,25.1,17.2,20.5,20.5,63.0,13.0,Nairobi
2021-04-06,23.6,15.8,27.4,16.9,32.5,32.5,65.0,12.7,Nairobi
2021-04-07,24.7,15.7,25.0,16.3,2.7,2.7,53.0,17.5,Nairobi
2021-04-08,23.8,16.0,23.4,16.5,24.7,24.7,65.0,12.8,Nairobi
2021-04-09,24.3,15.6,26.0,16.2,2.1,2.1,51.0,9.0,Nairobi
2021-04-10,24.6,14.3,25.4,15.0,5.5,5.5,61.0,10.9,Nairobi
2021-04-11,23.8,15.9,25.5,17.0,6.3,6.3,53.0,14.1,Nairobi
2021-04-12,24.1,16.1,24.6,16.8,3.8,3.8,53.0,13.5,Nairobi
2021-04-13,23.9,15.4,26.3,16.5,3.5,3.5,53.0,11.2,Nairobi
2021-04-14,24.7,15.6,27.5,16.2,1.5,1.5,51.0,11.4,Nairobi
2021-04-15,23.7,15.5,25.1,16.3,3.3,3.3,53.0,9.4,Nairobi
2021-04-16,24.6,15.1,25.6,14.8,1.1,1.1,51.0,10.2,Nairobi
2021-04-17,24.4,15.2,25.0,15.3,0.9,0.9,51.0,12.8,Nairobi
2021-04-18,24.5,15.8,24.4,16.3,10.2,10.2,61.0,14.5,Nairobi
2021-04-19,23.5,15.7,23.5,16.2,4.8,4.8,53.0,16.5,Nairobi
2021-04-20,24.2,15.5,25.2,15.5,6.3,6.3,61.0,13.6,Nairobi
2021-04-21,24.6,15.7,27.2,16.2,8.5,8.5,63.0,11.3,Nairobi
2021-04-22,23.9,14.8,26.1,15.7,3.2,3.2,55.0,10.4,Nairobi
2021-04-23,24.2,15.7,26.5,16.2,9.6,9.6,61.0,9.4,Nairobi
2021-04-24,24.3,16.1,25.8,17.0,3.0,3.0,51.0,12.9,Nairobi
2021-04-25,22.1,15.7,24.3,16.8,11.4,11.4,63.0,10.1,Nairobi
2021-04-26,23.3,12.9,26.0,13.0,1.5,1.5,51.0,11.4,Nairobi
2021-04-27,23.6,14.4,25.6,14.7,2.1,2.1,51.0,11.9,Nairobi
2021-04-28,24.3,16.1,24.9,17.0,7.1,7.1,55.0,14.8,Nairobi
2021-04-29,23.8,15.7,25.0,16.2,33.5,33.5,65.0,13.0,Nairobi
2021-04-30,24.1,16.1,24.7,16.3,1.8,1.8,51.0,12.0,Nairobi
2021-05-01,23.8,15.5,25.2,15.8,1.6,1.6,51.0,9.0,Nairobi
2021-05-02,24.6,15.7,26.1,16.3,2.5,2.5,51.0,10.5,Nairobi
2021-05-03,23.4,16.1,26.1,17.6,28.6,28.6,65.0,12.4,Nairobi
2021-05-04,23.5,15.7,26.3,17.1,6.4,6.4,63.0,8.2,Nairobi
2021-05-05,23.1,15.0,25.1,15.9,5.5,5.5,61.0,9.2,Nairobi
2021-05-06,23.8,13.7,25.4,13.9,1.2,1.2,51.0,10.6,Nairobi
2021-05-07,23.3,13.5,25.2,13.9,9.3,9.3,61.0,12.4,Nairobi
2021-05-08,24.1,15.0,26.1,15.7,19.5,19.5,63.0,6.6,Nairobi
2021-05-09,22.3,15.9,23.3,16.7,3.1,3.1,53.0,9.8,Nairobi
2021-05-10,22.3,14.6,21.8,15.4,9.5,9.5,61.0,13.4,Nairobi
2021-05-11,20.3,14.4,21.7,14.9,8.7,8.7,55.0,12.1,Nairobi
2021-05-12,20.6,15.4,21.3,16.3,7.3,7.3,53.0,8.6,Nairobi
2021-05-13,22.9,15.5,25.0,16.4,15.6,15.6,63.0,9.3,Nairobi
2021-05-14,22.0,15.2,22.8,16.3,6.9,6.9,61.0,10.0,Nairobi
2021-05-15,22.8,14.6,22.5,14.5,0.3,0.3,51.0,9.7,Nairobi
2021-05-16,23.7,12.5,24.4,12.3,0.6,0.6,51.0,10.2,Nairobi
2021-05-17,24.2,13.8,24.9,14.5,0.7,0.7,51.0,10.0,Nairobi
2021-05-18,23.4,14.9,25.1,15.9,0.9,0.9,51.0,9.2,Nairobi
2021-05-19,23.6,14.1,24.3,14.1,0.2,0.2,51.0,8.9,Nairobi
2021-05-20,23.8,13.1,25.6,13.3,0.0,0.0,3.0,10.1,Nairobi
2021-05-21,24.4,13.3,26.0,13.2,0.0,0.0,3.0,8.3,Nairobi
2021-05-22,23.8,12.5,25.6,12.6,0.0,0.0,3.0,10.8,Nairobi
2021-05-23,24.9,12.8,25.1,12.1,0.5,0.5,51.0,9.9,Nairobi
2021-05-24,22.5,14.9,22.8,15.0,5.3,5.3,55.0,9.7,Nairobi
2021-05-25,22.9,12.4,23.0,12.4,1.2,1.2,51.0,10.3,Nairobi
2021-05-26,21.6,12.0,20.8,11.7,0.0,0.0,3.0,13.8,Nairobi
2021-05-27,22.3,12.5,21.5,12.5,0.0,0.0,3.0,13.2,Nairobi
2021-05-28,22.8,14.4,22.7,14.6,0.6,0.6,51.0,10.5,Nairobi
2021-05-29,23.5,15.4,23.8,15.9,2.4,2.4,53.0,12.7,Nairobi
2021-05-30,22.0,15.2,22.5,15.8,3.3,3.3,51.0,12.8,Nairobi
2021-05-31,22.4,13.8,22.6,13.9,0.3,0.3,51.0,13.9,Nairobi
2021-06-01,22.6,13.2,21.9,12.8,0.3,0.3,51.0,12.5,Nairobi
2021-06-02,23.5,13.4,23.0,13.2,0.0,0.0,3.0,12.3,Nairobi
2021-06-03,23.5,12.2,25.2,11.8,0.3,0.3,51.0,8.7,Nairobi
2021-06-04,23.3,12.0,24.5,11.8,1.1,1.1,51.0,10.8,Nairobi
2021-06-05,21.6,13.7,21.1,14.1,0.1,0.1,51.0,11.2,Nairobi
2021-06-06,22.1,13.9,21.1,14.3,1.1,1.1,53.0,11.1,Nairobi
2021-06-07,22.6,12.1,22.1,11.7,0.2,0.2,51.0,13.1,Nairobi
2021-06-08,22.3,10.7,21.3,10.0,0.2,0.2,51.0,13.4,Nairobi
2021-06-09,20.4,13.9,20.9,14.4,4.1,4.1,53.0,11.9,Nairobi
2021-06-10,22.3,12.4,21.2,12.0,0.0,0.0,3.0,9.4,Nairobi
2021-06-11,22.7,12.0,22.3,11.6,0.0,0.0,3.0,12.8,Nairobi
2021-06-12,23.4,12.1,24.1,11.8,0.0,0.0,3.0,12.6,Nairobi
2021-06-13,21.9,11.9,22.9,11.3,0.3,0.3,51.0,8.4,Nairobi
2021-06-14,23.9,10.4,25.2,9.9,0.1,0.1,51.0,8.3,Nairobi
2021-06-15,23.6,11.1,24.2,10.2,0.8,0.8,51.0,10.2,Nairobi
2021-06-16,22.4,14.5,23.2,14.7,0.6,0.6,51.0,12.2,Nairobi
2021-06-17,22.1,12.6,22.8,12.6,0.5,0.5,51.0,13.3,Nairobi
2021-06-18,22.4,13.5,21.3,12.9,0.1,0.1,51.0,10.6,Nairobi
2021-06-19,22.6,14.3,22.3,14.7,1.2,1.2,51.0,11.0,Nairobi
2021-06-20,22.2,13.5,22.3,12.9,0.0,0.0,3.0,13.2,Nairobi
2021-06-21,22.4,11.4,21.4,10.7,0.0,0.0,3.0,13.0,Nairobi
2021-06-22,20.9,12.8,19.9,12.9,2.5,2.5,53.0,15.6,Nairobi
2021-06-23,19.9,12.7,18.7,12.3,0.7,0.7,51.0,9.3,Nairobi
2021-06-24,22.5,11.9,21.8,11.5,0.0,0.0,3.0,11.1,Nairobi
2021-06-25,22.2,10.9,22.3,10.3,0.4,0.4,51.0,10.5,Nairobi
2021-06-26,22.1,12.1,22.7,11.6,1.3,1.3,51.0,8.3,Nairobi
2021-06-27,20.5,13.2,20.1,12.8,0.6,0.6,51.0,13.4,Nairobi
2021-06-28,21.8,13.2,20.2,12.5,1.1,1.1,51.0,11.5,Nairobi
2021-06-29,22.2,13.1,21.5,12.3,0.4,0.4,51.0,10.4,Nairobi
2021-06-30,21.9,12.8,21.6,12.7,0.3,0.3,51.0,8.0,Nairobi
2021-07-01,23.6,10.4,23.6,9.4,0.2,0.2,51.0,7.4,Nairobi
2021-07-02,23.1,11.9,22.2,11.5,0.0,0.0,3.0,14.1,Nairobi
2021-07-03,22.4,11.1,22.3,10.1,0.0,0.0,3.0,11.3,Nairobi
2021-07-04,22.1,12.1,21.1,11.0,0.0,0.0,3.0,10.8,Nairobi
2021-07-05,20.4,10.6,19.7,10.0,0.0,0.0,3.0,9.8,Nairobi
2021-07-06,21.6,11.8,20.7,11.2,0.0,0.0,3.0,11.2,Nairobi
2021-07-07,21.9,12.6,21.0,11.3,0.0,0.0,3.0,10.2,Nairobi
2021-07-08,19.3,13.7,18.6,12.9,1.5,1.5,51.0,9.2,Nairobi
2021-07-09,20.0,13.6,18.9,13.8,1.6,1.6,51.0,12.9,Nairobi
2021-07-10,19.3,12.0,18.5,11.7,0.1,0.1,51.0,9.3,Nairobi
2021-07-11,19.5,12.0,18.3,11.6,0.2,0.2,51.0,7.3,Nairobi
2021-07-12,17.8,12.9,17.0,12.2,3.7,3.7,55.0,9.8,Nairobi
2021-07-13,22.7,11.5,22.3,10.5,0.4,0.4,51.0,8.4,Nairobi
2021-07-14,21.8,13.9,21.3,13.8,0.8,0.8,51.0,10.9,Nairobi
2021-07-15,21.6,14.5,21.4,14.8,1.8,1.8,51.0,11.4,Nairobi
2021-07-16,23.5,13.5,21.8,13.9,0.1,0.1,51.0,13.7,Nairobi
2021-07-17,22.2,10.9,20.7,9.4,0.0,0.0,3.0,10.7,Nairobi
2021-07-18,22.1,12.7,20.9,11.5,0.0,0.0,3.0,13.5,Nairobi
2021-07-19,22.5,12.7,21.2,12.4,0.0,0.0,3.0,11.4,Nairobi
2021-07-20,21.7,11.0,20.2,10.3,0.0,0.0,3.0,13.6,Nairobi
2021-07-21,21.2,12.5,19.7,11.9,0.2,0.2,51.0,13.6,Nairobi
2021-07-22,23.2,12.1,23.3,11.9,0.0,0.0,3.0,9.7,Nairobi
2021-07-23,22.3,13.8,21.7,13.5,1.0,1.0,53.0,10.6,Nairobi
2021-07-24,23.5,13.0,21.4,12.4,0.0,0.0,3.0,16.1,Nairobi
2021-07-25,22.0,11.3,21.1,10.5,0.0,0.0,3.0,12.4,Nairobi
2021-07-26,21.7,12.5,20.3,11.8,0.0,0.0,3.0,10.8,Nairobi
2021-07-27,21.6,10.0,21.0,8.7,0.0,0.0,3.0,10.5,Nairobi
2021-07-28,19.9,11.5,19.1,11.1,0.0,0.0,3.0,11.2,Nairobi
2021-07-29,18.9,12.3,17.9,11.4,0.5,0.5,51.0,11.1,Nairobi
2021-07-30,20.2,13.4,18.9,12.8,0.6,0.6,51.0,13.5,Nairobi
2021-07-31,23.2,10.1,23.2,8.9,0.0,0.0,3.0,17.8,Nairobi
2021-08-01,20.7,12.6,18.6,12.4,0.2,0.2,51.0,12.9,Nairobi
2021-08-02,20.4,13.0,19.7,12.0,0.6,0.6,51.0,10.5,Nairobi
2021-08-03,21.6,11.3,20.6,10.1,0.0,0.0,3.0,10.4,Nairobi
2021-08-04,20.9,10.9,19.6,10.1,0.0,0.0,3.0,12.3,Nairobi
2021-08-05,22.1,13.2,21.2,12.2,0.5,0.5,51.0,13.5,Nairobi
2021-08-06,21.5,11.1,20.7,10.4,0.0,0.0,3.0,10.8,Nairobi
2021-08-07,22.6,13.3,22.3,13.5,0.6,0.6,51.0,8.5,Nairobi
2021-08-08,22.2,12.1,21.4,11.6,0.0,0.0,3.0,13.0,Nairobi
2021-08-09,24.1,14.1,26.2,14.0,4.2,4.2,61.0,9.8,Nairobi
2021-08-10,24.7,12.4,26.0,12.5,25.9,25.9,65.0,9.3,Nairobi
2021-08-11,20.8,14.3,21.3,14.8,3.9,3.9,53.0,11.5,Nairobi
2021-08-12,19.8,13.3,19.3,13.5,2.1,2.1,51.0,11.5,Nairobi
2021-08-13,20.2,10.9,19.5,9.7,0.5,0.5,51.0,10.4,Nairobi
2021-08-14,19.8,11.4,18.9,10.5,0.3,0.3,51.0,10.4,Nairobi
2021-08-15,21.6,13.6,21.1,13.2,0.1,0.1,51.0,13.3,Nairobi
2021-08-16,20.0,12.4,18.5,11.8,0.3,0.3,51.0,13.2,Nairobi
2021-08-17,21.5,13.5,20.5,13.1,0.0,0.0,3.0,10.2,Nairobi
2021-08-18,21.7,14.0,22.3,13.5,1.2,1.2,51.0,11.8,Nairobi
2021-08-19,22.9,11.3,23.4,11.1,2.0,2.0,53.0,13.8,Nairobi
2021-08-20,22.5,12.9,22.2,13.0,3.7,3.7,53.0,11.0,Nairobi
2021-08-21,23.8,13.1,23.3,13.3,0.0,0.0,3.0,11.2,Nairobi
2021-08-22,25.2,14.6,23.9,14.6,3.5,3.5,55.0,16.6,Nairobi
2021-08-23,24.9,12.9,23.6,11.7,0.2,0.2,51.0,13.8,Nairobi
2021-08-24,24.7,9.8,24.0,8.6,0.0,0.0,1.0,14.0,Nairobi
2021-08-25,24.6,11.7,23.5,10.5,0.0,0.0,3.0,11.6,Nairobi
2021-08-26,24.4,10.2,24.5,8.7,0.0,0.0,2.0,12.5,Nairobi
2021-08-27,26.1,8.6,26.1,6.9,0.0,0.0,2.0,14.7,Nairobi
2021-08-28,27.0,10.1,27.4,8.8,0.0,0.0,3.0,10.1,Nairobi
2021-08-29,28.3,10.9,27.9,9.5,0.0,0.0,2.0,12.1,Nairobi
2021-08-30,26.3,11.6,27.1,11.3,0.3,0.3,51.0,12.9,Nairobi
2021-08-31,25.2,13.5,25.6,13.6,0.3,0.3,51.0,11.0,Nairobi
2021-09-01,23.9,14.1,24.2,14.3,1.0,1.0,51.0,13.3,Nairobi
2021-09-02,23.4,14.6,22.9,15.4,1.6,1.6,51.0,13.2,Nairobi
2021-09-03,22.1,14.6,21.9,14.3,1.9,1.9,51.0,10.7,Nairobi
2021-09-04,22.0,14.3,20.7,13.9,0.3,0.3,51.0,10.1,Nairobi
2021-09-05,24.4,11.7,25.7,11.1,0.1,0.1,51.0,13.3,Nairobi
2021-09-06,22.5,14.0,21.2,14.0,0.6,0.6,51.0,13.9,Nairobi
2021-09-07,22.7,14.5,22.4,14.1,1.1,1.1,51.0,10.7,Nairobi
2021-09-08,24.6,13.6,24.8,13.1,0.3,0.3,51.0,9.5,Nairobi
2021-09-09,23.1,13.8,23.8,14.2,2.6,2.6,53.0,13.0,Nairobi
2021-09-10,21.6,14.2,20.7,14.1,2.7,2.7,53.0,12.8,Nairobi
2021-09-11,22.3,12.9,21.4,12.9,0.1,0.1,51.0,11.7,Nairobi
2021-09-12,23.7,13.5,22.7,12.3,0.3,0.3,51.0,13.6,Nairobi
2021-09-13,24.9,13.9,24.0,13.1,0.5,0.5,51.0,12.4,Nairobi
2021-09-14,26.9,12.1,26.7,11.2,0.0,0.0,3.0,16.1,Nairobi
2021-09-15,25.1,13.2,25.4,12.8,0.2,0.2,51.0,11.4,Nairobi
2021-09-16,23.9,13.6,25.3,13.3,0.8,0.8,51.0,9.3,Nairobi
2021-09-17,26.3,12.1,28.1,12.1,0.0,0.0,3.0,10.5,Nairobi
2021-09-18,26.5,14.0,27.9,14.0,1.7,1.7,53.0,11.2,Nairobi
2021-09-19,26.7,11.8,26.9,11.6,0.0,0.0,3.0,13.9,Nairobi
2021-09-20,26.0,10.9,26.8,9.8,0.0,0.0,3.0,12.7,Nairobi
2021-09-21,25.3,14.1,26.9,14.2,0.5,0.5,51.0,13.7,Nairobi
2021-09-22,24.1,14.7,24.0,14.4,0.4,0.4,51.0,12.4,Nairobi
2021-09-23,23.8,13.9,22.4,14.2,0.1,0.1,51.0,13.0,Nairobi
2021-09-24,23.6,13.9,22.7,13.1,0.6,0.6,51.0,12.2,Nairobi
2021-09-25,24.9,14.1,24.6,14.0,0.5,0.5,51.0,12.4,Nairobi
2021-09-26,24.8,14.3,24.4,14.4,0.4,0.4,51.0,11.6,Nairobi
2021-09-27,25.3,12.0,26.2,11.5,0.2,0.2,51.0,10.2,Nairobi
2021-09-28,26.3,11.2,27.0,10.6,0.1,0.1,51.0,14.1,Nairobi
2021-09-29,27.9,11.7,28.1,11.2,0.0,0.0,3.0,11.9,Nairobi
2021-09-30,27.2,15.7,28.5,15.7,0.7,0.7,51.0,14.2,Nairobi
2021-10-01,25.4,15.4,23.8,15.6,0.6,0.6,51.0,14.5,Nairobi
2021-10-02,27.6,13.8,28.2,13.5,0.0,0.0,3.0,14.8,Nairobi
2021-10-03,27.6,11.8,29.5,11.2,0.5,0.5,51.0,10.8,Nairobi
2021-10-04,26.9,12.7,28.4,12.6,0.7,0.7,51.0,10.4,Nairobi
2021-10-05,27.3,13.9,27.6,13.6,0.0,0.0,3.0,12.2,Nairobi
2021-10-06,28.3,11.8,28.1,10.8,0.0,0.0,3.0,11.6,Nairobi
2021-10-07,27.6,12.3,27.8,11.7,0.0,0.0,3.0,14.3,Nairobi
2021-10-08,26.3,14.9,27.4,14.6,0.4,0.4,51.0,10.0,Nairobi
2021-10-09,24.9,16.1,26.1,15.9,1.1,1.1,51.0,12.1,Nairobi
2021-10-10,26.2,15.6,27.9,16.1,0.7,0.7,51.0,11.6,Nairobi
2021-10-11,25.1,15.9,26.5,16.1,1.0,1.0,51.0,11.2,Nairobi
2021-10-12,26.2,14.8,25.6,14.3,0.0,0.0,3.0,14.1,Nairobi
2021-10-13,24.1,12.2,24.5,11.7,0.2,0.2,51.0,12.0,Nairobi
2021-10-14,27.2,16.0,27.4,16.0,0.6,0.6,51.0,17.0,Nairobi
2021-10-15,26.9,14.7,26.6,14.2,0.0,0.0,3.0,16.0,Nairobi
2021-10-16,25.9,15.3,26.7,14.8,1.0,1.0,51.0,15.9,Nairobi
2021-10-17,27.6,13.2,28.7,13.0,4.1,4.1,63.0,13.0,Nairobi
2021-10-18,27.2,13.1,28.0,12.7,0.0,0.0,3.0,15.0,Nairobi
2021-10-19,26.2,15.6,26.7,15.6,1.4,1.4,51.0,18.2,Nairobi
2021-10-20,22.2,15.9,20.6,16.3,3.8,3.8,53.0,15.5,Nairobi
2021-10-21,24.7,15.0,24.7,15.7,1.4,1.4,51.0,14.1,Nairobi
2021-10-22,26.4,15.2,25.6,15.3,0.7,0.7,51.0,14.0,Nairobi
2021-10-23,27.3,13.9,27.4,14.0,0.6,0.6,51.0,16.9,Nairobi
2021-10-24,27.9,13.6,28.0,12.8,0.0,0.0,3.0,18.4,Nairobi
2021-10-25,27.0,15.9,27.0,16.2,1.0,1.0,51.0,16.5,Nairobi
2021-10-26,27.8,15.8,27.8,15.2,1.1,1.1,51.0,16.8,Nairobi
2021-10-27,26.9,15.1,26.9,14.7,2.1,2.1,53.0,15.5,Nairobi
2021-10-28,28.4,12.6,28.3,12.5,0.4,0.4,51.0,16.1,Nairobi
2021-10-29,27.5,13.0,27.9,12.7,0.0,0.0,3.0,15.3,Nairobi
2021-10-30,22.9,16.0,21.8,15.9,3.6,3.6,61.0,15.4,Nairobi
2021-10-31,26.2,14.5,26.6,14.3,0.7,0.7,51.0,17.9,Nairobi
2021-11-01,26.5,14.7,25.5,14.1,0.0,0.0,3.0,18.5,Nairobi
2021-11-02,26.7,14.2,27.7,13.6,0.2,0.2,51.0,16.6,Nairobi
2021-11-03,27.4,14.5,27.0,14.5,0.5,0.5,51.0,17.8,Nairobi
2021-11-04,26.7,15.6,27.4,15.5,0.7,0.7,51.0,15.8,Nairobi
2021-11-05,26.7,14.1,26.4,14.2,0.2,0.2,51.0,13.7,Nairobi
2021-11-06,27.4,13.9,27.6,13.6,0.3,0.3,51.0,12.6,Nairobi
2021-11-07,28.0,13.9,28.0,13.6,0.3,0.3,51.0,14.2,Nairobi
2021-11-08,27.8,12.7,28.4,11.2,0.0,0.0,3.0,16.3,Nairobi
2021-11-09,27.4,12.5,27.2,11.4,0.2,0.2,51.0,14.7,Nairobi
2021-11-10,23.7,15.2,23.6,15.2,7.6,7.6,63.0,14.9,Nairobi
2021-11-11,26.9,14.9,26.6,15.1,0.3,0.3,51.0,15.5,Nairobi
2021-11-12,26.9,12.8,26.6,12.1,0.2,0.2,51.0,14.7,Nairobi
2021-11-13,26.9,13.8,26.4,13.8,0.0,0.0,3.0,17.9,Nairobi
2021-11-14,25.6,15.1,25.9,15.2,1.9,1.9,51.0,16.3,Nairobi
2021-11-15,26.5,15.8,26.3,15.8,1.9,1.9,51.0,14.9,Nairobi
2021-11-16,25.9,16.1,26.0,16.1,3.0,3.0,51.0,17.8,Nairobi
2021-11-17,26.1,13.8,26.4,13.8,0.7,0.7,51.0,16.9,Nairobi
2021-11-18,26.6,15.3,27.6,15.0,0.6,0.6,51.0,15.5,Nairobi
2021-11-19,27.8,15.3,28.1,15.0,0.6,0.6,51.0,14.0,Nairobi
2021-11-20,28.0,13.6,29.1,13.2,0.5,0.5,51.0,16.3,Nairobi
2021-11-21,25.7,14.0,26.3,14.2,1.4,1.4,51.0,16.1,Nairobi
2021-11-22,26.8,14.0,26.1,14.5,0.9,0.9,51.0,17.6,Nairobi
2021-11-23,28.6,13.4,27.4,12.6,0.0,0.0,3.0,14.9,Nairobi
2021-11-24,28.5,14.6,28.8,13.7,0.0,0.0,1.0,10.9,Nairobi
2021-11-25,27.9,14.6,27.6,14.1,0.6,0.6,51.0,17.5,Nairobi
2021-11-26,26.9,14.9,26.8,15.2,2.0,2.0,53.0,14.2,Nairobi
2021-11-27,23.1,14.9,23.9,14.5,10.2,10.2,61.0,17.3,Nairobi
2021-11-28,23.7,14.9,22.5,15.0,5.6,5.6,53.0,14.0,Nairobi
2021-11-29,23.9,15.3,24.4,15.6,3.3,3.3,51.0,16.5,Nairobi
2021-11-30,21.1,15.2,21.0,15.2,6.8,6.8,61.0,13.0,Nairobi
2021-12-01,24.5,14.9,24.3,15.1,0.3,0.3,51.0,16.3,Nairobi
2021-12-02,22.0,15.0,22.5,15.3,3.2,3.2,61.0,14.2,Nairobi
2021-12-03,21.4,14.6,21.1,15.0,8.4,8.4,63.0,14.6,Nairobi
2021-12-04,22.3,15.2,22.1,15.5,3.0,3.0,51.0,17.4,Nairobi
2021-12-05,23.0,15.1,23.3,15.0,3.2,3.2,51.0,17.1,Nairobi
2021-12-06,23.6,14.8,23.6,14.8,1.8,1.8,51.0,14.4,Nairobi
2021-12-07,24.1,15.6,25.1,16.0,2.9,2.9,51.0,13.4,Nairobi
2021-12-08,24.8,15.7,26.0,15.9,3.5,3.5,53.0,12.7,Nairobi
2021-12-09,24.2,15.1,25.2,15.8,2.7,2.7,61.0,16.8,Nairobi
2021-12-10,24.5,15.2,24.2,15.2,2.7,2.7,53.0,17.3,Nairobi
2021-12-11,24.2,14.7,23.1,14.1,1.7,1.7,51.0,20.2,Nairobi
2021-12-12,22.7,12.8,21.0,12.2,0.3,0.3,51.0,21.3,Nairobi
2021-12-13,23.2,13.5,23.4,13.5,2.8,2.8,53.0,18.7,Nairobi
2021-12-14,23.1,14.5,23.8,14.6,4.0,4.0,51.0,17.1,Nairobi
2021-12-15,23.4,15.0,25.1,15.4,3.9,3.9,51.0,16.3,Nairobi
2021-12-16,23.8,15.3,24.0,15.5,3.3,3.3,51.0,20.3,Nairobi
2021-12-17,23.5,15.1,21.8,14.8,1.7,1.7,51.0,20.8,Nairobi
2021-12-18,24.4,14.2,25.5,14.3,2.7,2.7,61.0,17.3,Nairobi
2021-12-19,22.4,14.4,23.1,14.9,4.5,4.5,63.0,17.1,Nairobi
2021-12-20,24.7,15.9,24.9,16.1,2.0,2.0,51.0,20.2,Nairobi
2021-12-21,22.7,15.7,22.4,15.7,8.0,8.0,61.0,18.7,Nairobi
2021-12-22,24.5,14.7,24.5,15.4,3.3,3.3,53.0,18.2,Nairobi
2021-12-23,24.4,15.3,25.1,15.2,4.3,4.3,53.0,17.9,Nairobi
2021-12-24,24.3,15.7,24.6,16.0,2.7,2.7,51.0,20.0,Nairobi
2021-12-25,22.8,15.8,23.6,16.0,2.5,2.5,51.0,16.8,Nairobi
2021-12-26,22.8,15.2,22.5,15.5,8.6,8.6,61.0,17.3,Nairobi
2021-12-27,24.1,14.2,24.3,14.8,10.0,10.0,63.0,18.7,Nairobi
2021-12-28,24.0,14.3,24.4,14.7,2.0,2.0,53.0,20.4,Nairobi
2021-12-29,24.6,13.9,25.9,14.2,0.1,0.1,51.0,12.9,Nairobi
2021-12-30,25.6,14.0,25.7,14.3,0.4,0.4,51.0,14.3,Nairobi
2021-12-31,25.5,13.7,25.4,13.6,0.0,0.0,3.0,16.4,Nairobi
2022-01-01,25.9,12.8,26.9,12.5,0.0,0.0,3.0,12.0,Nairobi
2022-01-02,26.3,14.7,27.4,14.7,0.0,0.0,3.0,14.7,Nairobi
2022-01-03,26.2,12.9,25.5,12.5,0.0,0.0,3.0,16.6,Nairobi
2022-01-04,26.6,12.8,25.2,12.1,0.0,0.0,3.0,17.3,Nairobi
2022-01-05,25.8,13.1,24.8,12.8,0.0,0.0,3.0,15.8,Nairobi
2022-01-06,24.7,15.1,24.9,15.8,2.5,2.5,53.0,17.7,Nairobi
2022-01-07,24.6,14.5,24.5,14.5,0.5,0.5,51.0,17.3,Nairobi
2022-01-08,25.4,15.1,25.6,15.1,0.9,0.9,53.0,18.3,Nairobi
2022-01-09,26.0,13.4,25.9,12.5,0.6,0.6,51.0,16.3,Nairobi
2022-01-10,26.2,13.6,26.1,13.5,0.2,0.2,51.0,19.1,Nairobi
2022-01-11,25.1,12.8,23.8,12.1,0.0,0.0,3.0,21.3,Nairobi
2022-01-12,25.0,12.1,23.4,11.3,0.0,0.0,3.0,23.8,Nairobi
2022-01-13,26.8,11.3,25.0,10.4,0.0,0.0,3.0,20.8,Nairobi
2022-01-14,28.1,12.7,27.7,11.3,0.0,0.0,3.0,16.7,Nairobi
2022-01-15,26.6,13.7,27.2,13.2,0.4,0.4,51.0,20.3,Nairobi
2022-01-16,26.8,14.0,27.7,14.0,0.2,0.2,51.0,10.7,Nairobi
2022-01-17,23.6,14.8,23.5,15.0,4.5,4.5,61.0,17.7,Nairobi
2022-01-18,22.6,14.3,22.5,14.0,11.6,11.6,63.0,18.4,Nairobi
2022-01-19,25.5,14.2,25.7,13.7,0.2,0.2,51.0,14.0,Nairobi
2022-01-20,26.7,13.0,27.0,12.5,0.0,0.0,3.0,16.2,Nairobi
2022-01-21,25.4,12.7,25.0,12.5,0.1,0.1,51.0,13.9,Nairobi
2022-01-22,25.1,13.1,25.5,12.7,0.1,0.1,51.0,16.1,Nairobi
2022-01-23,26.1,13.0,26.5,11.7,0.0,0.0,3.0,13.6,Nairobi
2022-01-24,26.3,13.2,25.0,12.9,0.0,0.0,3.0,15.8,Nairobi
2022-01-25,26.4,13.3,26.5,12.4,0.0,0.0,3.0,20.4,Nairobi
2022-01-26,25.9,11.7,25.7,10.7,0.0,0.0,2.0,15.8,Nairobi
2022-01-27,26.3,12.8,26.7,11.7,0.0,0.0,3.0,14.6,Nairobi
2022-01-28,27.6,13.5,28.0,12.4,0.0,0.0,3.0,13.7,Nairobi
2022-01-29,27.2,14.8,27.1,14.5,0.3,0.3,51.0,18.4,Nairobi
2022-01-30,26.5,12.9,26.9,12.9,0.1,0.1,51.0,16.0,Nairobi
2022-01-31,25.6,14.5,27.1,15.1,0.3,0.3,51.0,10.5,Nairobi
2022-02-01,25.9,14.4,27.0,14.4,1.1,1.1,53.0,10.2,Nairobi
2022-02-02,27.1,14.5,27.6,14.4,2.2,2.2,55.0,17.6,Nairobi
2022-02-03,25.6,14.8,25.7,15.0,1.9,1.9,53.0,19.2,Nairobi
2022-02-04,26.3,13.7,27.0,13.6,0.7,0.7,51.0,14.5,Nairobi
2022-02-05,27.8,12.8,27.5,12.0,0.1,0.1,51.0,17.4,Nairobi
2022-02-06,28.4,15.2,27.6,14.9,0.3,0.3,51.0,16.8,Nairobi
2022-02-07,26.6,14.0,26.1,12.8,0.5,0.5,51.0,15.3,Nairobi
2022-02-08,26.6,13.9,26.3,13.0,0.0,0.0,3.0,19.0,Nairobi
2022-02-09,26.1,13.9,25.7,12.4,0.0,0.0,3.0,18.1,Nairobi
2022-02-10,27.0,13.3,27.8,11.6,0.1,0.1,51.0,13.6,Nairobi
2022-02-11,26.8,14.5,27.3,12.8,0.0,0.0,3.0,13.7,Nairobi
2022-02-12,28.1,14.9,28.6,14.1,0.1,0.1,51.0,14.6,Nairobi
2022-02-13,28.1,13.5,28.3,13.3,0.0,0.0,3.0,13.0,Nairobi
2022-02-14,29.3,14.4,28.9,13.6,0.0,0.0,3.0,16.1,Nairobi
2022-02-15,27.5,13.9,27.2,13.2,0.0,0.0,3.0,12.6,Nairobi
2022-02-16,27.9,14.3,27.6,13.6,0.0,0.0,3.0,15.2,Nairobi
2022-02-17,29.3,12.9,29.0,12.6,0.0,0.0,3.0,13.5,Nairobi
2022-02-18,28.9,14.1,29.6,13.2,0.3,0.3,51.0,13.0,Nairobi
2022-02-19,28.0,15.2,28.6,14.7,0.3,0.3,51.0,16.1,Nairobi
2022-02-20,28.9,14.2,28.8,13.2,0.0,0.0,3.0,17.7,Nairobi
2022-02-21,28.6,13.9,28.9,12.2,0.7,0.7,51.0,16.1,Nairobi
2022-02-22,27.4,15.7,27.9,15.4,1.3,1.3,55.0,12.5,Nairobi
2022-02-23,27.0,15.2,27.5,15.2,1.2,1.2,53.0,13.2,Nairobi
2022-02-24,23.9,14.9,25.2,15.2,1.2,1.2,51.0,13.9,Nairobi
2022-02-25,24.5,14.6,24.3,15.1,3.1,3.1,61.0,13.5,Nairobi
2022-02-26,26.6,13.0,27.9,12.7,0.0,0.0,3.0,15.3,Nairobi
2022-02-27,28.6,13.4,27.3,12.9,0.0,0.0,2.0,21.3,Nairobi
2022-02-28,27.8,13.5,26.8,11.9,0.0,0.0,3.0,21.3,Nairobi
2022-03-01,26.4,13.5,25.7,13.0,0.1,0.1,51.0,19.7,Nairobi
2022-03-02,25.9,14.0,24.6,13.9,0.1,0.1,51.0,19.2,Nairobi
2022-03-03,28.2,13.6,28.4,11.4,0.0,0.0,3.0,15.5,Nairobi
2022-03-04,28.4,14.2,28.4,13.0,0.0,0.0,2.0,15.8,Nairobi
2022-03-05,28.5,14.0,28.3,12.3,0.0,0.0,3.0,18.7,Nairobi
2022-03-06,27.8,13.7,27.5,12.6,0.0,0.0,3.0,17.7,Nairobi
2022-03-07,28.6,14.1,28.9,13.5,0.0,0.0,3.0,13.2,Nairobi
2022-03-08,28.4,16.1,29.7,16.6,0.0,0.0,3.0,14.1,Nairobi
2022-03-09,28.0,14.6,28.9,14.1,0.0,0.0,3.0,15.8,Nairobi
2022-03-10,28.9,13.9,28.0,13.7,0.0,0.0,3.0,16.3,Nairobi
2022-03-11,29.0,14.4,29.0,13.6,0.0,0.0,3.0,15.4,Nairobi
2022-03-12,28.9,13.7,28.3,13.0,0.0,0.0,3.0,16.4,Nairobi
2022-03-13,29.5,13.7,28.5,12.5,0.0,0.0,3.0,13.5,Nairobi
2022-03-14,29.4,14.2,29.2,13.3,0.0,0.0,3.0,18.2,Nairobi
2022-03-15,29.7,14.2,29.5,13.3,0.0,0.0,3.0,17.1,Nairobi
2022-03-16,29.8,15.8,29.9,14.9,0.0,0.0,3.0,16.4,Nairobi
2022-03-17,28.9,15.7,29.1,14.5,0.0,0.0,3.0,16.3,Nairobi
2022-03-18,28.1,13.6,27.5,13.0,0.0,0.0,3.0,16.0,Nairobi
2022-03-19,28.1,14.3,28.3,14.0,0.0,0.0,3.0,15.8,Nairobi
2022-03-20,28.5,15.4,28.0,15.2,0.1,0.1,51.0,15.1,Nairobi
2022-03-21,28.0,15.7,28.1,16.0,0.6,0.6,51.0,18.4,Nairobi
2022-03-22,27.1,15.5,26.8,15.9,0.2,0.2,51.0,17.0,Nairobi
2022-03-23,28.1,14.0,28.1,13.3,0.0,0.0,3.0,14.5,Nairobi
2022-03-24,27.7,15.6,28.2,14.5,0.1,0.1,51.0,15.0,Nairobi
2022-03-25,28.9,15.9,29.3,15.7,0.1,0.1,51.0,18.4,Nairobi
2022-03-26,27.4,15.9,28.8,16.4,1.2,1.2,51.0,16.2,Nairobi
2022-03-27,26.3,15.3,27.1,15.6,0.5,0.5,53.0,13.7,Nairobi
2022-03-28,27.6,15.2,29.1,15.6,1.0,1.0,51.0,15.9,Nairobi
2022-03-29,25.8,16.1,25.9,16.1,0.7,0.7,51.0,16.5,Nairobi
2022-03-30,26.4,15.0,26.0,15.6,0.4,0.4,51.0,20.9,Nairobi
2022-03-31,26.0,16.0,26.0,16.1,4.4,4.4,53.0,19.2,Nairobi
2022-04-01,23.9,15.7,24.2,15.9,8.7,8.7,63.0,19.3,Nairobi
2022-04-02,23.5,15.4,23.9,15.3,2.5,2.5,53.0,21.6,Nairobi
2022-04-03,25.7,14.0,25.6,14.2,0.3,0.3,51.0,18.7,Nairobi
2022-04-04,26.9,13.5,26.7,13.5,0.4,0.4,51.0,17.1,Nairobi
2022-04-05,27.5,14.8,27.6,14.8,0.2,0.2,51.0,17.7,Nairobi
2022-04-06,26.5,15.1,26.3,15.0,1.1,1.1,51.0,17.1,Nairobi
2022-04-07,25.9,13.2,26.4,12.7,1.0,1.0,51.0,15.1,Nairobi
2022-04-08,26.0,12.7,25.7,12.1,0.0,0.0,3.0,14.2,Nairobi
2022-04-09,26.2,13.7,26.5,13.4,0.0,0.0,3.0,16.1,Nairobi
2022-04-10,25.6,15.3,25.7,15.1,2.4,2.4,53.0,16.8,Nairobi
2022-04-11,27.9,14.5,28.1,14.7,0.0,0.0,3.0,17.3,Nairobi
2022-04-12,27.5,13.7,28.4,13.1,0.6,0.6,51.0,12.9,Nairobi
2022-04-13,27.5,15.9,29.0,16.7,1.9,1.9,53.0,15.0,Nairobi
2022-04-14,27.8,16.5,28.9,16.6,1.8,1.8,51.0,16.6,Nairobi
2022-04-15,27.5,16.4,27.2,17.1,1.1,1.1,51.0,17.7,Nairobi
2022-04-16,27.7,14.9,28.1,15.4,1.0,1.0,51.0,9.4,Nairobi
2022-04-17,26.1,14.4,28.1,14.8,9.9,9.9,63.0,17.4,Nairobi
2022-04-18,26.2,15.3,28.6,16.4,1.6,1.6,53.0,10.0,Nairobi
2022-04-19,26.2,16.5,27.0,17.0,2.0,2.0,55.0,14.6,Nairobi
2022-04-20,25.1,16.2,26.4,17.0,6.6,6.6,61.0,15.4,Nairobi
2022-04-21,25.1,15.6,26.3,16.1,9.2,9.2,61.0,12.2,Nairobi
2022-04-22,24.9,15.5,26.6,16.4,5.4,5.4,63.0,14.3,Nairobi
2022-04-23,25.4,16.0,27.7,16.8,4.9,4.9,55.0,16.4,Nairobi
2022-04-24,24.2,15.5,26.4,16.4,4.2,4.2,61.0,13.0,Nairobi
2022-04-25,25.0,15.1,27.0,16.2,1.4,1.4,51.0,13.3,Nairobi
2022-04-26,25.3,14.6,27.4,15.5,2.7,2.7,61.0,13.3,Nairobi
2022-04-27,22.8,15.1,25.1,15.7,5.9,5.9,63.0,7.9,Nairobi
2022-04-28,22.1,15.1,22.9,15.6,11.0,11.0,63.0,10.6,Nairobi
2022-04-29,23.9,15.1,24.8,15.7,4.2,4.2,53.0,13.5,Nairobi
2022-04-30,24.4,16.1,25.4,16.6,2.8,2.8,51.0,11.3,Nairobi
2022-05-01,24.5,15.7,26.0,15.8,3.5,3.5,55.0,14.0,Nairobi
2022-05-02,23.9,14.9,25.2,15.7,3.0,3.0,51.0,10.4,Nairobi
2022-05-03,24.0,15.9,26.6,16.9,4.5,4.5,55.0,10.6,Nairobi
2022-05-04,22.8,13.1,23.8,13.4,4.1,4.1,55.0,12.7,Nairobi
2022-05-05,22.5,14.7,22.8,15.5,1.5,1.5,53.0,14.2,Nairobi
2022-05-06,23.2,12.6,24.5,12.4,2.6,2.6,51.0,13.0,Nairobi
2022-05-07,23.6,13.7,24.7,14.0,1.5,1.5,51.0,9.4,Nairobi
2022-05-08,25.1,13.0,26.3,13.2,0.8,0.8,53.0,10.9,Nairobi
2022-05-09,24.7,15.2,27.2,15.9,0.3,0.3,51.0,8.6,Nairobi
2022-05-10,24.7,15.1,27.8,15.3,0.7,0.7,51.0,12.5,Nairobi
2022-05-11,25.4,15.3,27.3,15.8,0.3,0.3,51.0,13.6,Nairobi
2022-05-12,24.6,14.7,26.3,15.2,0.0,0.0,3.0,10.6,Nairobi
2022-05-13,25.2,12.9,26.4,12.9,0.0,0.0,3.0,11.8,Nairobi
2022-05-14,25.2,15.0,26.1,15.4,0.0,0.0,3.0,15.5,Nairobi
2022-05-15,25.1,14.4,25.9,14.4,0.2,0.2,51.0,15.9,Nairobi
2022-05-16,23.3,14.5,22.4,14.3,0.6,0.6,51.0,10.0,Nairobi
2022-05-17,23.6,13.2,23.7,13.0,0.6,0.6,51.0,9.4,Nairobi
2022-05-18,22.9,14.7,22.2,15.0,0.5,0.5,51.0,10.1,Nairobi
2022-05-19,24.6,11.6,25.3,11.1,0.0,0.0,3.0,10.9,Nairobi
2022-05-20,24.8,14.2,24.7,13.7,0.6,0.6,51.0,11.3,Nairobi
2022-05-21,25.4,12.3,27.1,11.6,0.0,0.0,3.0,13.5,Nairobi
2022-05-22,26.0,14.9,27.2,14.5,0.4,0.4,51.0,9.2,Nairobi
2022-05-23,27.1,13.6,27.8,13.6,0.0,0.0,3.0,15.8,Nairobi
2022-05-24,26.2,12.6,26.5,12.2,0.0,0.0,3.0,10.6,Nairobi
2022-05-25,25.7,14.9,27.3,14.9,0.3,0.3,51.0,11.3,Nairobi
2022-05-26,25.2,13.0,26.3,13.3,0.1,0.1,51.0,11.0,Nairobi
2022-05-27,24.6,15.2,25.6,15.7,0.9,0.9,51.0,10.9,Nairobi
2022-05-28,24.1,15.0,25.2,15.1,1.1,1.1,51.0,10.9,Nairobi
2022-05-29,24.4,15.5,25.0,15.2,1.8,1.8,51.0,12.0,Nairobi
2022-05-30,24.0,12.4,24.7,12.4,0.5,0.5,51.0,9.2,Nairobi
2022-05-31,23.1,13.8,23.0,13.7,0.2,0.2,51.0,10.5,Nairobi
2022-06-01,23.5,15.6,23.7,15.6,1.4,1.4,51.0,13.4,Nairobi
2022-06-02,23.5,14.8,23.2,14.7,4.9,4.9,53.0,14.5,Nairobi
2022-06-03,24.2,13.7,22.7,13.5,0.2,0.2,51.0,11.7,Nairobi
2022-06-04,24.6,11.5,23.4,10.7,0.0,0.0,3.0,15.7,Nairobi
2022-06-05,24.1,10.4,24.1,9.3,0.2,0.2,51.0,9.7,Nairobi
2022-06-06,24.5,11.8,25.1,10.9,0.5,0.5,51.0,12.6,Nairobi
2022-06-07,23.7,11.9,23.7,11.5,3.2,3.2,61.0,12.9,Nairobi
2022-06-08,23.5,13.5,23.3,13.7,0.2,0.2,51.0,10.9,Nairobi
2022-06-09,23.7,12.0,23.7,11.4,0.1,0.1,51.0,8.9,Nairobi
2022-06-10,22.7,12.3,23.2,11.7,0.3,0.3,51.0,9.4,Nairobi
2022-06-11,22.7,12.1,22.3,11.8,0.0,0.0,3.0,9.3,Nairobi
2022-06-12,23.3,14.0,22.6,14.4,0.2,0.2,51.0,9.3,Nairobi
2022-06-13,21.5,14.1,20.8,14.3,0.0,0.0,3.0,8.3,Nairobi
2022-06-14,24.7,13.1,24.4,13.0,0.1,0.1,51.0,12.0,Nairobi
2022-06-15,25.3,10.6,26.1,9.7,0.0,0.0,3.0,16.9,Nairobi
2022-06-16,24.8,13.1,24.8,12.0,0.2,0.2,51.0,13.0,Nairobi
2022-06-17,23.4,11.8,22.7,10.9,0.8,0.8,51.0,12.9,Nairobi
2022-06-18,24.3,12.1,24.1,10.9,0.0,0.0,3.0,10.0,Nairobi
2022-06-19,23.0,12.0,22.4,11.6,0.3,0.3,51.0,9.4,Nairobi
2022-06-20,22.8,13.3,22.8,12.3,0.1,0.1,51.0,11.8,Nairobi
2022-06-21,23.1,10.0,22.6,8.9,0.0,0.0,3.0,17.6,Nairobi
2022-06-22,23.6,10.3,23.4,9.3,0.0,0.0,3.0,15.7,Nairobi
2022-06-23,20.9,12.8,20.1,12.2,1.6,1.6,53.0,9.4,Nairobi
2022-06-24,21.6,14.0,20.5,14.1,2.1,2.1,53.0,11.3,Nairobi
2022-06-25,22.2,12.5,21.1,12.3,0.0,0.0,3.0,10.2,Nairobi
2022-06-26,22.7,14.0,22.1,13.8,0.5,0.5,51.0,10.3,Nairobi
2022-06-27,21.4,13.7,20.3,13.4,0.3,0.3,51.0,10.8,Nairobi
2022-06-28,21.2,12.3,19.7,11.9,0.0,0.0,3.0,9.4,Nairobi
2022-06-29,20.7,10.0,20.4,8.7,0.0,0.0,3.0,10.5,Nairobi
2022-06-30,22.7,12.0,21.4,11.1,0.8,0.8,51.0,12.4,Nairobi
2022-07-01,19.3,10.4,18.2,9.2,0.1,0.1,51.0,9.2,Nairobi
2022-07-02,23.8,11.8,22.6,11.0,0.0,0.0,3.0,10.3,Nairobi
2022-07-03,23.9,10.0,21.9,8.9,0.0,0.0,3.0,13.7,Nairobi
2022-07-04,22.8,8.7,22.1,6.7,0.0,0.0,3.0,13.3,Nairobi
2022-07-05,21.2,10.4,19.6,9.4,0.0,0.0,3.0,12.4,Nairobi
2022-07-06,24.3,12.6,23.7,11.4,0.0,0.0,3.0,10.7,Nairobi
2022-07-07,22.2,9.7,20.3,8.3,0.0,0.0,3.0,13.4,Nairobi
2022-07-08,19.0,11.9,17.9,11.3,1.8,1.8,51.0,12.9,Nairobi
2022-07-09,18.5,11.6,17.2,11.1,0.8,0.8,51.0,11.9,Nairobi
2022-07-10,21.4,13.0,20.3,12.6,0.0,0.0,3.0,10.1,Nairobi
2022-07-11,22.1,13.3,20.5,12.4,1.6,1.6,51.0,11.7,Nairobi
2022-07-12,19.5,12.7,18.2,12.5,1.7,1.7,51.0,14.0,Nairobi
2022-07-13,24.0,10.9,23.2,10.3,0.5,0.5,51.0,13.1,Nairobi
2022-07-14,21.9,10.3,20.7,9.3,0.3,0.3,51.0,13.0,Nairobi
2022-07-15,22.3,13.0,21.2,13.2,0.0,0.0,3.0,10.2,Nairobi
2022-07-16,21.7,13.2,20.4,12.5,0.2,0.2,51.0,11.5,Nairobi
2022-07-17,19.9,10.9,18.9,10.0,0.1,0.1,51.0,9.9,Nairobi
2022-07-18,21.7,13.2,20.1,12.9,0.8,0.8,51.0,12.4,Nairobi
2022-07-19,20.0,12.8,18.2,12.6,0.3,0.3,51.0,15.1,Nairobi
2022-07-20,20.0,10.3,19.4,9.3,0.4,0.4,51.0,10.0,Nairobi
2022-07-21,22.1,12.5,20.9,11.6,0.7,0.7,51.0,11.5,Nairobi
2022-07-22,20.4,12.6,19.1,11.3,0.5,0.5,51.0,10.1,Nairobi
2022-07-23,21.7,11.2,20.1,9.7,0.0,0.0,3.0,11.7,Nairobi
2022-07-24,24.5,10.0,24.0,8.7,0.0,0.0,3.0,11.8,Nairobi
2022-07-25,22.9,9.9,20.9,9.3,0.0,0.0,3.0,14.2,Nairobi
2022-07-26,22.5,12.6,21.1,11.6,0.3,0.3,51.0,13.8,Nairobi
2022-07-27,23.3,10.9,24.1,10.0,0.0,0.0,3.0,9.3,Nairobi
2022-07-28,21.9,11.3,21.1,10.4,0.2,0.2,51.0,9.8,Nairobi
2022-07-29,21.8,13.4,20.8,13.0,0.8,0.8,51.0,10.4,Nairobi
2022-07-30,22.5,13.0,23.2,12.8,2.4,2.4,53.0,13.5,Nairobi
2022-07-31,21.6,13.8,20.4,13.4,0.4,0.4,51.0,11.8,Nairobi
2022-08-01,21.7,14.1,21.2,13.9,1.3,1.3,51.0,11.1,Nairobi
2022-08-02,19.4,12.0,18.7,11.6,5.1,5.1,53.0,11.3,Nairobi
2022-08-03,19.2,11.4,18.0,10.9,0.0,0.0,3.0,11.2,Nairobi
2022-08-04,19.0,13.6,18.0,13.3,2.7,2.7,53.0,12.2,Nairobi
2022-08-05,19.8,13.5,18.9,12.3,0.7,0.7,51.0,9.5,Nairobi
2022-08-06,21.1,10.9,20.1,10.1,0.0,0.0,3.0,10.5,Nairobi
2022-08-07,21.5,9.0,19.8,8.2,0.0,0.0,3.0,13.2,Nairobi
2022-08-08,21.4,9.3,19.8,8.0,0.1,0.1,51.0,10.1,Nairobi
2022-08-09,23.5,9.5,22.6,8.4,0.0,0.0,3.0,12.4,Nairobi
2022-08-10,22.3,10.8,21.3,10.3,0.0,0.0,3.0,12.6,Nairobi
2022-08-11,21.9,13.2,20.5,12.6,2.0,2.0,51.0,14.2,Nairobi
2022-08-12,20.6,13.6,19.0,11.9,1.2,1.2,53.0,13.8,Nairobi
2022-08-13,19.9,13.6,19.1,12.8,2.5,2.5,53.0,10.9,Nairobi
2022-08-14,22.9,11.9,24.2,11.1,0.3,0.3,51.0,10.1,Nairobi
2022-08-15,22.9,13.2,23.4,12.9,1.8,1.8,53.0,10.2,Nairobi
2022-08-16,23.8,13.8,25.0,14.1,1.7,1.7,53.0,11.5,Nairobi
2022-08-17,20.3,11.8,18.5,10.6,2.0,2.0,53.0,14.3,Nairobi
2022-08-18,24.2,8.9,24.0,7.4,0.0,0.0,3.0,11.6,Nairobi
2022-08-19,25.7,9.2,26.1,7.7,0.0,0.0,3.0,13.4,Nairobi
2022-08-20,26.9,10.9,27.9,9.4,0.0,0.0,3.0,10.8,Nairobi
2022-08-21,27.3,11.3,26.7,10.3,0.0,0.0,3.0,13.5,Nairobi
2022-08-22,22.6,12.3,21.6,11.4,0.0,0.0,3.0,12.3,Nairobi
2022-08-23,22.3,9.6,20.4,8.2,0.0,0.0,3.0,13.3,Nairobi
2022-08-24,23.3,11.1,21.4,10.5,0.2,0.2,51.0,16.5,Nairobi
2022-08-25,20.6,11.5,19.5,10.4,0.5,0.5,51.0,8.9,Nairobi
2022-08-26,21.8,13.4,21.6,13.3,1.0,1.0,51.0,10.1,Nairobi
2022-08-27,19.8,12.5,19.1,11.8,2.3,2.3,53.0,9.8,Nairobi
2022-08-28,21.4,11.4,20.4,11.0,0.0,0.0,3.0,10.2,Nairobi
2022-08-29,24.9,11.2,25.6,10.6,0.0,0.0,3.0,13.3,Nairobi
2022-08-30,24.6,11.3,25.4,10.9,0.4,0.4,51.0,10.4,Nairobi
2022-08-31,23.5,11.4,23.6,10.8,0.7,0.7,51.0,13.0,Nairobi
2022-09-01,23.1,13.4,22.0,12.6,0.0,0.0,3.0,9.0,Nairobi
2022-09-02,22.4,10.3,21.3,9.8,0.2,0.2,51.0,11.2,Nairobi
2022-09-03,22.6,11.4,21.6,10.7,0.2,0.2,51.0,10.8,Nairobi
2022-09-04,25.9,10.4,25.8,9.7,0.0,0.0,3.0,14.8,Nairobi
2022-09-05,26.0,11.2,26.8,10.5,0.1,0.1,51.0,15.5,Nairobi
2022-09-06,23.7,12.7,24.8,12.9,9.6,9.6,63.0,13.7,Nairobi
2022-09-07,23.2,14.4,24.1,14.7,1.4,1.4,51.0,12.2,Nairobi
2022-09-08,19.3,13.6,18.8,13.6,1.9,1.9,51.0,10.5,Nairobi
2022-09-09,21.3,10.4,21.1,10.0,0.1,0.1,51.0,8.7,Nairobi
2022-09-10,22.4,11.6,21.7,10.8,0.6,0.6,51.0,8.4,Nairobi
2022-09-11,24.1,11.8,25.1,11.3,0.1,0.1,51.0,11.5,Nairobi
2022-09-12,24.3,11.8,25.1,11.6,0.5,0.5,51.0,11.6,Nairobi
2022-09-13,24.2,12.8,25.4,12.6,1.0,1.0,51.0,11.2,Nairobi
2022-09-14,23.2,13.9,23.9,13.2,0.9,0.9,51.0,10.9,Nairobi
2022-09-15,21.6,13.1,20.5,12.3,0.6,0.6,51.0,10.4,Nairobi
2022-09-16,23.4,11.7,22.5,11.3,0.0,0.0,3.0,10.7,Nairobi
2022-09-17,22.9,13.2,22.8,11.8,0.3,0.3,51.0,11.6,Nairobi
2022-09-18,22.9,11.8,23.3,11.1,0.1,0.1,51.0,11.2,Nairobi
2022-09-19,25.4,12.6,26.6,11.4,0.2,0.2,51.0,13.0,Nairobi
2022-09-20,24.7,14.5,26.3,14.7,0.7,0.7,51.0,14.6,Nairobi
2022-09-21,25.7,13.2,26.4,12.7,0.3,0.3,51.0,15.3,Nairobi
2022-09-22,25.6,12.1,26.9,11.1,0.3,0.3,51.0,12.0,Nairobi
2022-09-23,26.1,12.1,26.9,11.3,0.1,0.1,51.0,13.8,Nairobi
2022-09-24,27.7,11.4,27.7,10.4,0.1,0.1,51.0,14.0,Nairobi
2022-09-25,25.5,13.7,25.5,13.4,1.5,1.5,51.0,13.4,Nairobi
2022-09-26,25.9,12.7,25.3,12.5,1.2,1.2,51.0,14.3,Nairobi
2022-09-27,26.9,14.0,26.5,13.4,0.1,0.1,51.0,14.9,Nairobi
2022-09-28,26.8,10.2,27.1,8.5,0.0,0.0,3.0,13.6,Nairobi
2022-09-29,26.3,10.7,27.3,9.7,0.0,0.0,3.0,12.2,Nairobi
2022-09-30,24.8,13.4,24.5,13.2,0.6,0.6,51.0,12.6,Nairobi
2022-10-01,26.6,14.1,27.8,13.9,0.0,0.0,3.0,15.2,Nairobi
2022-10-02,26.2,12.9,27.5,12.9,0.0,0.0,3.0,11.6,Nairobi
2022-10-03,26.6,11.9,27.7,11.4,0.1,0.1,51.0,14.0,Nairobi
2022-10-04,25.7,12.0,26.6,11.3,1.9,1.9,61.0,13.4,Nairobi
2022-10-05,26.4,14.6,26.6,14.2,0.3,0.3,51.0,13.0,Nairobi
2022-10-06,24.9,15.3,26.3,15.3,1.4,1.4,51.0,13.8,Nairobi
2022-10-07,26.5,15.1,27.0,14.9,0.2,0.2,51.0,14.6,Nairobi
2022-10-08,26.1,12.7,25.4,12.1,0.1,0.1,51.0,13.6,Nairobi
2022-10-09,27.5,11.8,28.0,10.1,0.0,0.0,3.0,12.2,Nairobi
2022-10-10,28.0,11.5,27.4,10.5,0.0,0.0,3.0,12.7,Nairobi
2022-10-11,26.3,10.9,26.0,9.8,0.0,0.0,3.0,13.9,Nairobi
2022-10-12,27.1,9.9,27.4,8.7,0.0,0.0,3.0,15.0,Nairobi
2022-10-13,27.4,11.2,27.9,10.0,0.0,0.0,3.0,15.1,Nairobi
2022-10-14,27.0,11.6,27.3,11.0,0.0,0.0,3.0,16.5,Nairobi
2022-10-15,26.4,12.2,27.4,11.8,0.2,0.2,51.0,14.9,Nairobi
2022-10-16,25.6,13.3,25.5,13.0,0.3,0.3,51.0,14.6,Nairobi
2022-10-17,26.8,14.7,27.3,15.0,1.1,1.1,51.0,13.5,Nairobi
2022-10-18,26.0,15.7,26.4,15.4,1.7,1.7,51.0,13.5,Nairobi
2022-10-19,26.0,14.0,25.4,13.6,0.5,0.5,51.0,16.2,Nairobi
2022-10-20,26.7,15.0,26.2,14.0,0.6,0.6,51.0,16.2,Nairobi
2022-10-21,27.8,13.6,28.2,13.1,0.2,0.2,51.0,18.8,Nairobi
2022-10-22,27.8,11.0,27.3,10.0,0.0,0.0,3.0,15.5,Nairobi
2022-10-23,27.0,12.4,26.6,11.3,0.4,0.4,51.0,14.9,Nairobi
2022-10-24,27.6,14.8,27.4,15.0,0.4,0.4,51.0,15.8,Nairobi
2022-10-25,28.3,15.4,28.2,14.6,1.3,1.3,53.0,14.6,Nairobi
2022-10-26,28.1,16.2,28.6,15.4,0.5,0.5,51.0,13.8,Nairobi
2022-10-27,27.1,16.4,26.8,16.7,1.9,1.9,51.0,16.6,Nairobi
2022-10-28,28.5,16.6,29.4,17.1,1.4,1.4,51.0,15.5,Nairobi
2022-10-29,27.0,13.4,27.6,13.5,0.3,0.3,51.0,14.8,Nairobi
2022-10-30,27.8,16.2,27.4,15.6,0.0,0.0,3.0,15.9,Nairobi
2022-10-31,26.3,15.6,26.3,15.6,2.5,2.5,51.0,16.9,Nairobi
2022-11-01,22.4,15.8,23.0,16.0,5.0,5.0,61.0,13.8,Nairobi
2022-11-02,23.4,15.4,23.9,15.6,4.1,4.1,53.0,15.1,Nairobi
2022-11-03,23.9,14.5,25.1,14.7,6.9,6.9,61.0,14.4,Nairobi
2022-11-04,25.0,13.4,26.7,13.2,10.5,10.5,63.0,15.8,Nairobi
2022-11-05,25.1,13.0,25.4,12.8,0.7,0.7,51.0,15.0,Nairobi
2022-11-06,24.6,15.3,25.6,15.7,1.7,1.7,51.0,19.7,Nairobi
2022-11-07,24.2,15.6,23.9,15.7,3.6,3.6,53.0,15.5,Nairobi
2022-11-08,25.8,15.3,26.0,15.5,2.5,2.5,51.0,15.3,Nairobi
2022-11-09,25.4,13.0,24.6,13.0,0.6,0.6,51.0,17.0,Nairobi
2022-11-10,25.6,13.4,26.4,13.5,0.9,0.9,51.0,16.5,Nairobi
2022-11-11,23.8,15.6,24.7,15.3,1.4,1.4,51.0,17.3,Nairobi
2022-11-12,24.5,13.9,24.7,13.9,12.7,12.7,63.0,15.6,Nairobi
2022-11-13,24.0,13.7,23.7,13.8,0.3,0.3,51.0,17.2,Nairobi
2022-11-14,24.7,14.3,24.6,14.3,5.4,5.4,61.0,15.7,Nairobi
2022-11-15,22.4,15.3,21.7,15.7,3.9,3.9,61.0,14.0,Nairobi
2022-11-16,20.5,15.1,20.9,15.3,7.7,7.7,63.0,12.0,Nairobi
2022-11-17,18.0,14.5,18.2,14.8,13.3,13.3,61.0,11.1,Nairobi
2022-11-18,24.3,14.2,23.9,14.5,0.2,0.2,51.0,15.1,Nairobi
2022-11-19,23.2,14.6,24.0,14.6,3.2,3.2,53.0,14.5,Nairobi
2022-11-20,24.1,14.7,25.9,15.4,6.5,6.5,55.0,14.3,Nairobi
2022-11-21,24.5,13.3,25.3,13.4,1.0,1.0,51.0,20.9,Nairobi
2022-11-22,24.8,14.7,24.4,15.1,1.6,1.6,53.0,20.0,Nairobi
2022-11-23,20.6,14.9,21.2,15.2,13.6,13.6,63.0,16.5,Nairobi
2022-11-24,22.8,15.1,22.4,15.1,1.8,1.8,51.0,18.4,Nairobi
2022-11-25,23.3,14.6,23.8,14.4,1.6,1.6,51.0,16.6,Nairobi
2022-11-26,23.9,13.9,24.3,13.7,1.4,1.4,51.0,15.8,Nairobi
2022-11-27,24.7,14.2,25.3,14.4,2.0,2.0,51.0,13.2,Nairobi
2022-11-28,21.2,15.2,20.1,15.5,5.6,5.6,61.0,14.2,Nairobi
2022-11-29,23.9,15.1,23.7,15.1,3.6,3.6,53.0,19.9,Nairobi
2022-11-30,23.3,15.2,23.5,14.9,4.1,4.1,53.0,20.5,Nairobi
2022-12-01,23.3,14.8,22.6,14.5,2.9,2.9,53.0,19.2,Nairobi
2022-12-02,24.5,14.5,24.0,14.3,1.9,1.9,51.0,19.7,Nairobi
2022-12-03,23.0,14.6,22.8,14.3,3.5,3.5,51.0,19.5,Nairobi
2022-12-04,22.4,14.8,21.4,14.5,2.5,2.5,53.0,20.4,Nairobi
2022-12-05,24.5,14.2,24.3,13.9,2.5,2.5,53.0,18.3,Nairobi
2022-12-06,24.7,13.7,25.3,13.7,0.6,0.6,51.0,16.9,Nairobi
2022-12-07,25.0,14.7,25.2,14.8,0.9,0.9,51.0,15.1,Nairobi
2022-12-08,24.0,14.5,23.2,14.7,3.9,3.9,61.0,15.4,Nairobi
2022-12-09,24.8,14.7,26.2,14.5,2.0,2.0,51.0,16.2,Nairobi
2022-12-10,24.6,14.2,26.8,14.7,2.8,2.8,61.0,10.1,Nairobi
2022-12-11,25.2,13.5,26.3,13.6,6.1,6.1,63.0,13.9,Nairobi
2022-12-12,23.6,14.1,24.2,14.2,2.8,2.8,53.0,18.9,Nairobi
2022-12-13,23.7,14.6,23.7,14.9,3.0,3.0,53.0,18.5,Nairobi
2022-12-14,24.4,13.5,23.9,13.7,0.4,0.4,51.0,16.5,Nairobi
2022-12-15,25.0,13.1,25.1,12.6,0.5,0.5,51.0,14.9,Nairobi
2022-12-16,25.6,13.7,26.3,13.8,1.0,1.0,51.0,13.7,Nairobi
2022-12-17,24.9,14.3,25.2,14.7,1.4,1.4,51.0,14.9,Nairobi
2022-12-18,25.6,14.2,26.0,14.1,0.3,0.3,51.0,14.0,Nairobi
2022-12-19,26.1,13.8,27.1,13.5,2.2,2.2,55.0,13.1,Nairobi
2022-12-20,25.3,14.8,25.5,14.9,0.6,0.6,51.0,13.4,Nairobi
2022-12-21,25.3,13.2,25.7,12.5,0.9,0.9,51.0,12.2,Nairobi
2022-12-22,25.9,14.6,26.6,15.0,0.5,0.5,51.0,16.2,Nairobi
2022-12-23,24.1,14.3,24.8,14.5,0.8,0.8,51.0,15.0,Nairobi
2022-12-24,25.8,14.2,25.5,14.4,1.1,1.1,51.0,15.2,Nairobi
2022-12-25,25.6,13.7,25.7,13.9,0.8,0.8,51.0,16.8,Nairobi
2022-12-26,26.0,14.2,26.4,14.1,0.2,0.2,51.0,15.9,Nairobi
2022-12-27,23.6,14.7,23.4,15.1,4.4,4.4,61.0,16.1,Nairobi
2022-12-28,25.5,14.1,25.6,14.4,0.2,0.2,51.0,19.9,Nairobi
2022-12-29,23.9,14.0,23.1,13.9,1.6,1.6,51.0,22.1,Nairobi
2022-12-30,23.8,13.0,22.7,11.8,0.7,0.7,51.0,21.5,Nairobi
2022-12-31,23.5,12.2,21.1,10.4,0.0,0.0,3.0,21.6,Nairobi
2023-01-01,24.3,12.4,22.4,11.0,0.0,0.0,3.0,20.6,Nairobi
2023-01-02,23.1,11.8,21.7,10.9,1.1,1.1,51.0,20.8,Nairobi
2023-01-03,21.8,13.7,22.0,12.7,4.7,4.7,53.0,18.4,Nairobi
2023-01-04,21.7,14.1,19.8,13.3,2.1,2.1,53.0,20.0,Nairobi
2023-01-05,23.8,13.2,22.2,12.9,0.5,0.5,51.0,23.1,Nairobi
2023-01-06,25.8,11.8,25.8,10.7,0.0,0.0,3.0,17.4,Nairobi
2023-01-07,25.9,13.4,26.1,12.0,0.0,0.0,3.0,16.6,Nairobi
2023-01-08,25.4,13.3,24.3,12.4,0.4,0.4,51.0,17.6,Nairobi
2023-01-09,25.5,14.3,26.4,14.3,1.4,1.4,51.0,17.6,Nairobi
2023-01-10,24.7,13.5,23.7,13.2,0.4,0.4,51.0,18.1,Nairobi
2023-01-11,24.9,13.0,24.2,12.7,0.1,0.1,51.0,18.9,Nairobi
2023-01-12,24.8,14.1,23.3,13.8,0.1,0.1,51.0,20.6,Nairobi
2023-01-13,26.0,12.4,24.7,11.8,0.0,0.0,0.0,20.7,Nairobi
2023-01-14,25.7,13.3,25.5,12.2,0.0,0.0,1.0,17.1,Nairobi
2023-01-15,26.4,13.1,25.1,11.7,0.0,0.0,1.0,19.6,Nairobi
2023-01-16,24.9,13.4,23.6,12.3,0.0,0.0,1.0,21.5,Nairobi
2023-01-17,25.7,11.4,25.3,10.0,0.0,0.0,3.0,15.7,Nairobi
2023-01-18,27.7,12.7,27.4,11.1,0.0,0.0,3.0,16.9,Nairobi
2023-01-19,28.4,14.4,27.6,12.2,0.0,0.0,3.0,13.3,Nairobi
2023-01-20,26.9,14.2,25.9,13.4,0.0,0.0,3.0,17.2,Nairobi
2023-01-21,26.8,13.0,25.8,12.2,0.0,0.0,3.0,21.7,Nairobi
2023-01-22,26.2,13.1,25.4,11.5,0.0,0.0,3.0,18.1,Nairobi
2023-01-23,25.1,14.0,24.4,13.1,0.2,0.2,51.0,16.8,Nairobi
2023-01-24,25.7,13.5,24.4,13.0,0.0,0.0,3.0,20.5,Nairobi
2023-01-25,27.3,13.9,26.4,12.7,0.0,0.0,3.0,18.1,Nairobi
2023-01-26,27.9,13.0,26.4,12.3,0.0,0.0,3.0,19.3,Nairobi
2023-01-27,26.2,14.0,24.9,12.0,0.0,0.0,3.0,20.4,Nairobi
2023-01-28,26.9,11.1,25.1,9.5,0.0,0.0,0.0,20.9,Nairobi
2023-01-29,27.5,12.8,26.4,10.4,0.0,0.0,3.0,18.3,Nairobi
2023-01-30,26.9,12.8,26.0,11.4,0.0,0.0,3.0,17.0,Nairobi
2023-01-31,27.0,13.0,25.9,12.1,0.0,0.0,3.0,15.5,Nairobi
2023-02-01,28.5,13.8,28.6,12.7,0.0,0.0,3.0,14.2,Nairobi
2023-02-02,29.2,13.3,27.7,12.5,0.0,0.0,3.0,17.9,Nairobi
2023-02-03,29.0,12.8,26.8,11.3,0.0,0.0,3.0,23.0,Nairobi
2023-02-04,30.1,13.7,28.7,12.2,0.0,0.0,3.0,20.4,Nairobi
2023-02-05,29.6,13.7,29.0,13.4,0.0,0.0,3.0,18.4,Nairobi
2023-02-06,29.5,13.3,27.7,11.8,0.0,0.0,3.0,17.4,Nairobi
2023-02-07,28.9,13.6,28.6,12.9,0.0,0.0,3.0,15.3,Nairobi
2023-02-08,28.7,14.4,28.5,13.6,0.0,0.0,3.0,15.7,Nairobi
2023-02-09,28.3,14.8,27.3,14.5,0.0,0.0,3.0,18.2,Nairobi
2023-02-10,29.7,14.1,27.8,13.4,0.0,0.0,3.0,20.7,Nairobi
2023-02-11,28.4,14.3,26.7,13.4,0.0,0.0,3.0,23.2,Nairobi
2023-02-12,28.1,12.9,26.2,12.0,0.0,0.0,3.0,21.4,Nairobi
2023-02-13,28.7,12.3,27.8,10.5,0.0,0.0,3.0,15.7,Nairobi
2023-02-14,28.6,13.6,27.1,12.2,0.0,0.0,3.0,17.9,Nairobi
2023-02-15,29.4,14.0,28.7,12.7,0.0,0.0,3.0,18.0,Nairobi
2023-02-16,28.4,14.6,27.6,14.3,0.2,0.2,51.0,19.1,Nairobi
2023-02-17,27.9,14.5,26.4,13.7,0.0,0.0,3.0,21.0,Nairobi
2023-02-18,27.4,12.6,25.8,11.4,0.0,0.0,3.0,22.2,Nairobi
2023-02-19,27.1,13.5,25.1,12.5,0.0,0.0,3.0,20.8,Nairobi
2023-02-20,28.7,14.6,28.0,12.8,0.0,0.0,3.0,17.9,Nairobi
2023-02-21,28.7,12.9,27.7,10.9,0.0,0.0,3.0,18.6,Nairobi
2023-02-22,29.3,14.5,28.7,12.7,0.0,0.0,3.0,18.5,Nairobi
2023-02-23,29.0,14.2,28.5,13.4,0.0,0.0,3.0,20.2,Nairobi
2023-02-24,29.9,13.5,29.4,13.0,0.0,0.0,3.0,18.3,Nairobi
2023-02-25,28.4,16.0,26.9,15.6,0.0,0.0,3.0,20.9,Nairobi
2023-02-26,29.0,16.1,27.6,15.9,0.1,0.1,51.0,21.3,Nairobi
2023-02-27,28.2,16.7,28.0,16.8,2.3,2.3,55.0,21.8,Nairobi
2023-02-28,27.2,14.7,26.3,14.6,0.0,0.0,3.0,20.3,Nairobi
2023-03-01,28.9,15.3,29.0,14.5,0.0,0.0,3.0,16.9,Nairobi
2023-03-02,29.0,14.9,29.2,14.1,0.0,0.0,3.0,16.9,Nairobi
2023-03-03,29.2,16.0,28.7,16.4,1.2,1.2,53.0,17.7,Nairobi
2023-03-04,28.7,14.6,28.2,14.0,0.0,0.0,2.0,20.1,Nairobi
2023-03-05,28.2,14.3,27.0,13.7,0.0,0.0,3.0,22.2,Nairobi
2023-03-06,28.4,14.0,27.2,13.7,0.0,0.0,3.0,21.0,Nairobi
2023-03-07,29.8,14.2,28.6,12.9,0.0,0.0,3.0,19.4,Nairobi
2023-03-08,30.3,14.4,29.9,13.7,0.0,0.0,3.0,20.0,Nairobi
2023-03-09,29.8,15.8,28.9,14.8,0.0,0.0,3.0,19.7,Nairobi
2023-03-10,29.9,16.1,29.4,15.5,0.1,0.1,51.0,17.4,Nairobi
2023-03-11,29.5,14.3,28.7,13.7,0.1,0.1,51.0,17.5,Nairobi
2023-03-12,28.2,15.0,27.7,14.6,0.0,0.0,3.0,16.6,Nairobi
2023-03-13,28.9,15.9,28.4,16.1,0.8,0.8,51.0,18.0,Nairobi
2023-03-14,27.1,15.8,27.7,15.8,1.5,1.5,53.0,14.9,Nairobi
2023-03-15,27.8,15.5,28.6,15.3,0.3,0.3,51.0,12.3,Nairobi
2023-03-16,24.8,16.0,24.6,16.2,2.1,2.1,51.0,14.2,Nairobi
2023-03-17,24.8,14.7,25.0,14.7,2.2,2.2,51.0,18.0,Nairobi
2023-03-18,27.7,13.6,27.2,12.9,0.1,0.1,51.0,17.8,Nairobi
2023-03-19,27.4,14.8,28.8,14.6,0.8,0.8,51.0,16.8,Nairobi
2023-03-20,27.0,14.9,27.4,15.1,0.7,0.7,51.0,15.0,Nairobi
2023-03-21,24.4,15.4,24.7,16.3,9.1,9.1,63.0,11.6,Nairobi
2023-03-22,26.3,14.1,27.5,14.5,2.6,2.6,55.0,11.7,Nairobi
2023-03-23,26.3,15.3,27.8,16.2,7.6,7.6,61.0,14.8,Nairobi
2023-03-24,26.0,14.9,27.2,15.7,7.4,7.4,63.0,10.7,Nairobi
2023-03-25,23.5,15.3,25.0,16.5,12.2,12.2,63.0,12.2,Nairobi
2023-03-26,24.3,14.1,25.9,14.4,6.5,6.5,63.0,11.7,Nairobi
2023-03-27,25.9,13.2,27.4,13.1,0.7,0.7,51.0,14.5,Nairobi
2023-03-28,25.9,14.7,26.8,15.3,2.1,2.1,53.0,14.7,Nairobi
2023-03-29,24.9,15.0,25.7,15.7,8.4,8.4,63.0,12.7,Nairobi
2023-03-30,26.0,15.0,26.7,15.3,1.5,1.5,51.0,17.8,Nairobi
2023-03-31,25.3,15.8,25.6,16.0,3.0,3.0,53.0,16.4,Nairobi
2023-04-01,26.0,15.1,27.8,15.5,0.4,0.4,51.0,11.5,Nairobi
2023-04-02,25.8,14.7,27.5,15.3,1.5,1.5,51.0,11.2,Nairobi
2023-04-03,25.7,15.8,28.1,16.1,3.0,3.0,53.0,14.2,Nairobi
2023-04-04,22.7,15.0,21.8,15.8,11.9,11.9,65.0,13.4,Nairobi
2023-04-05,24.7,15.2,26.2,16.1,3.1,3.1,53.0,17.6,Nairobi
2023-04-06,24.6,15.4,24.7,15.8,2.6,2.6,53.0,16.0,Nairobi
2023-04-07,25.3,13.5,26.1,13.8,0.4,0.4,51.0,15.5,Nairobi
2023-04-08,22.1,14.5,22.2,15.1,7.1,7.1,55.0,18.5,Nairobi
2023-04-09,24.3,14.5,25.2,15.1,2.3,2.3,53.0,16.5,Nairobi
2023-04-10,25.1,15.3,25.5,15.9,1.7,1.7,51.0,16.6,Nairobi
2023-04-11,23.8,15.6,24.3,16.3,11.0,11.0,65.0,20.8,Nairobi
2023-04-12,24.1,15.6,24.4,16.3,2.3,2.3,53.0,16.6,Nairobi
2023-04-13,23.7,15.5,23.7,16.1,3.7,3.7,61.0,16.6,Nairobi
2023-04-14,23.2,15.5,24.1,16.2,3.2,3.2,53.0,15.6,Nairobi
2023-04-15,24.8,14.9,25.1,15.6,2.7,2.7,53.0,17.0,Nairobi
2023-04-16,24.4,15.6,25.4,16.5,3.9,3.9,55.0,14.3,Nairobi
2023-04-17,25.3,15.7,27.1,16.3,4.6,4.6,61.0,13.6,Nairobi
2023-04-18,24.5,15.7,25.9,16.6,3.6,3.6,53.0,15.5,Nairobi
2023-04-19,25.5,15.6,28.0,16.5,2.0,2.0,51.0,13.2,Nairobi
2023-04-20,26.6,14.1,27.9,14.4,0.1,0.1,51.0,12.8,Nairobi
2023-04-21,26.1,16.3,28.3,17.0,0.9,0.9,51.0,9.4,Nairobi
2023-04-22,23.7,16.2,24.8,17.3,13.7,13.7,65.0,13.8,Nairobi
2023-04-23,24.1,13.8,25.7,14.2,7.4,7.4,61.0,10.9,Nairobi
2023-04-24,24.9,15.2,26.5,16.2,1.6,1.6,51.0,11.2,Nairobi
2023-04-25,24.0,15.4,26.0,16.2,17.5,17.5,63.0,14.1,Nairobi
2023-04-26,23.5,14.9,24.1,15.7,14.2,14.2,63.0,13.0,Nairobi
2023-04-27,24.7,14.6,26.4,15.4,2.8,2.8,61.0,12.9,Nairobi
2023-04-28,22.6,14.2,25.1,14.7,12.2,12.2,63.0,16.7,Nairobi
2023-04-29,22.0,13.7,22.8,14.0,1.4,1.4,51.0,11.9,Nairobi
2023-04-30,23.8,15.0,25.2,15.6,15.8,15.8,63.0,10.6,Nairobi
2023-05-01,21.8,14.7,22.9,15.4,12.2,12.2,65.0,15.8,Nairobi
2023-05-02,23.3,13.0,25.2,13.3,4.2,4.2,61.0,8.7,Nairobi
2023-05-03,22.1,15.9,22.9,17.2,11.8,11.8,63.0,13.3,Nairobi
2023-05-04,23.7,15.8,25.9,16.8,3.2,3.2,53.0,10.4,Nairobi
2023-05-05,24.5,15.8,26.0,16.6,1.4,1.4,51.0,11.8,Nairobi
2023-05-06,23.7,14.5,23.9,15.5,1.9,1.9,51.0,7.8,Nairobi
2023-05-07,24.2,15.8,26.1,16.6,2.3,2.3,51.0,9.4,Nairobi
2023-05-08,24.5,14.5,26.3,15.1,2.4,2.4,51.0,10.2,Nairobi
2023-05-09,24.1,16.3,25.4,17.1,3.9,3.9,53.0,10.5,Nairobi
2023-05-10,23.9,15.6,24.9,15.9,4.4,4.4,53.0,13.0,Nairobi
2023-05-11,23.7,15.2,25.5,15.8,5.9,5.9,61.0,10.7,Nairobi
2023-05-12,25.8,14.2,27.1,14.7,0.2,0.2,51.0,10.0,Nairobi
2023-05-13,24.9,14.6,27.2,14.9,3.0,3.0,53.0,11.4,Nairobi
2023-05-14,24.7,15.7,25.8,16.7,1.1,1.1,51.0,9.2,Nairobi
2023-05-15,25.5,13.5,27.8,13.9,0.2,0.2,51.0,11.2,Nairobi
2023-05-16,25.5,15.3,27.7,16.2,2.6,2.6,61.0,10.9,Nairobi
2023-05-17,23.8,14.4,26.0,14.9,0.8,0.8,51.0,9.1,Nairobi
2023-05-18,25.8,15.8,27.6,16.3,2.7,2.7,61.0,9.2,Nairobi
2023-05-19,24.6,15.4,26.6,15.9,0.3,0.3,51.0,8.0,Nairobi
2023-05-20,26.3,13.0,27.3,12.5,0.0,0.0,3.0,9.5,Nairobi
2023-05-21,25.6,13.0,27.2,12.6,0.1,0.1,51.0,10.6,Nairobi
2023-05-22,25.4,15.0,26.8,15.3,0.1,0.1,51.0,11.6,Nairobi
2023-05-23,25.7,16.0,27.1,16.4,1.4,1.4,51.0,12.4,Nairobi
2023-05-24,24.6,15.4,25.7,15.4,1.5,1.5,51.0,11.5,Nairobi
2023-05-25,25.8,14.3,26.0,14.6,0.3,0.3,51.0,14.3,Nairobi
2023-05-26,23.3,14.0,23.2,13.5,0.1,0.1,51.0,10.5,Nairobi
2023-05-27,24.4,14.6,23.7,15.0,2.4,2.4,51.0,11.3,Nairobi
2023-05-28,25.3,12.6,23.4,12.7,2.3,2.3,53.0,16.1,Nairobi
2023-05-29,22.9,15.0,23.2,15.2,9.2,9.2,61.0,11.9,Nairobi
2023-05-30,21.9,13.9,22.6,14.4,5.7,5.7,53.0,11.0,Nairobi
2023-05-31,23.7,13.7,24.1,14.0,0.9,0.9,51.0,10.0,Nairobi
2023-06-01,24.0,15.2,25.1,15.7,3.1,3.1,53.0,9.6,Nairobi
2023-06-02,23.5,15.5,23.3,15.8,3.2,3.2,53.0,12.8,Nairobi
2023-06-03,23.8,15.3,24.4,16.1,3.0,3.0,53.0,11.6,Nairobi
2023-06-04,23.2,15.1,23.3,15.2,3.2,3.2,53.0,8.5,Nairobi
2023-06-05,24.8,13.4,25.0,13.7,0.0,0.0,3.0,10.0,Nairobi
2023-06-06,23.8,15.4,23.5,15.9,2.2,2.2,53.0,12.4,Nairobi
2023-06-07,25.5,12.2,26.0,11.5,0.0,0.0,3.0,12.2,Nairobi
2023-06-08,26.2,11.2,26.3,10.2,0.0,0.0,3.0,15.5,Nairobi
2023-06-09,25.1,14.8,25.8,14.9,0.4,0.4,51.0,11.3,Nairobi
2023-06-10,26.2,12.2,26.5,12.3,0.1,0.1,51.0,9.5,Nairobi
2023-06-11,26.7,12.9,25.7,12.9,0.0,0.0,3.0,12.1,Nairobi
2023-06-12,24.7,14.6,25.5,14.0,0.0,0.0,3.0,8.3,Nairobi
2023-06-13,24.9,12.1,25.9,11.6,0.0,0.0,3.0,9.5,Nairobi
2023-06-14,26.7,15.0,28.4,15.6,0.2,0.2,51.0,9.0,Nairobi
2023-06-15,24.2,14.5,25.2,14.8,1.2,1.2,53.0,8.3,Nairobi
2023-06-16,26.3,13.1,27.0,13.1,0.1,0.1,51.0,9.5,Nairobi
2023-06-17,23.4,14.3,24.3,14.2,1.4,1.4,51.0,9.5,Nairobi
2023-06-18,23.8,14.6,23.2,15.3,0.2,0.2,51.0,11.6,Nairobi
2023-06-19,25.5,12.3,25.9,11.8,0.0,0.0,3.0,8.2,Nairobi
2023-06-20,26.1,13.6,26.8,13.2,0.2,0.2,51.0,12.9,Nairobi
2023-06-21,24.2,12.6,26.1,12.5,1.4,1.4,51.0,11.4,Nairobi
2023-06-22,24.4,13.9,25.4,14.3,0.5,0.5,51.0,9.8,Nairobi
2023-06-23,23.9,13.1,24.6,13.1,0.8,0.8,51.0,10.4,Nairobi
2023-06-24,23.0,12.1,22.7,11.9,1.1,1.1,51.0,9.0,Nairobi
2023-06-25,25.6,12.2,25.3,11.5,0.0,0.0,3.0,9.8,Nairobi
2023-06-26,24.8,11.9,26.5,11.5,0.2,0.2,51.0,10.5,Nairobi
2023-06-27,24.0,12.4,24.2,12.3,0.3,0.3,51.0,8.7,Nairobi
2023-06-28,24.3,12.2,25.6,11.6,0.3,0.3,51.0,9.5,Nairobi
2023-06-29,24.2,13.4,24.7,13.3,0.0,0.0,3.0,9.5,Nairobi
2023-06-30,22.1,14.7,21.3,14.9,1.1,1.1,51.0,9.7,Nairobi
2023-07-01,21.7,13.4,21.3,12.9,0.6,0.6,51.0,12.6,Nairobi
2023-07-02,21.0,14.5,19.8,14.1,0.3,0.3,51.0,9.9,Nairobi
2023-07-03,21.0,12.9,20.1,12.9,0.6,0.6,51.0,8.3,Nairobi
2023-07-04,20.3,13.8,19.1,13.6,2.0,2.0,51.0,10.9,Nairobi
2023-07-05,23.0,11.3,22.6,10.5,0.0,0.0,3.0,8.9,Nairobi
2023-07-06,21.4,11.2,20.1,10.5,0.1,0.1,51.0,12.4,Nairobi
2023-07-07,20.0,13.1,18.5,12.4,0.0,0.0,3.0,12.0,Nairobi
2023-07-08,21.2,12.8,19.8,11.8,0.3,0.3,51.0,10.6,Nairobi
2023-07-09,22.6,11.7,22.5,11.2,0.1,0.1,51.0,8.8,Nairobi
2023-07-10,26.0,10.7,26.3,9.6,0.0,0.0,3.0,12.6,Nairobi
2023-07-11,25.8,10.3,25.7,9.5,0.0,0.0,3.0,10.7,Nairobi
2023-07-12,23.4,12.6,23.6,12.6,0.4,0.4,51.0,13.5,Nairobi
2023-07-13,22.2,12.5,21.3,12.6,0.1,0.1,51.0,8.7,Nairobi
2023-07-14,23.3,12.2,21.7,11.8,0.3,0.3,51.0,8.7,Nairobi
2023-07-15,22.6,11.4,21.2,10.9,0.0,0.0,3.0,9.7,Nairobi
2023-07-16,24.2,11.1,24.2,10.3,0.0,0.0,3.0,10.8,Nairobi
2023-07-17,23.3,11.7,22.5,11.0,0.0,0.0,3.0,8.5,Nairobi
2023-07-18,23.8,11.6,23.7,10.6,0.0,0.0,3.0,10.6,Nairobi
2023-07-19,24.6,10.8,24.5,10.0,0.0,0.0,3.0,17.1,Nairobi
2023-07-20,25.9,11.5,26.4,11.2,0.1,0.1,51.0,9.8,Nairobi
2023-07-21,26.9,12.9,26.2,12.3,0.0,0.0,3.0,14.2,Nairobi
2023-07-22,22.5,11.7,21.3,10.6,0.0,0.0,3.0,8.7,Nairobi
2023-07-23,23.2,12.4,21.8,12.1,0.2,0.2,51.0,9.7,Nairobi
2023-07-24,23.4,12.9,23.1,13.1,0.2,0.2,51.0,10.1,Nairobi
2023-07-25,23.6,11.9,23.8,11.1,0.3,0.3,51.0,13.0,Nairobi
2023-07-26,23.6,12.8,22.2,12.6,0.0,0.0,3.0,11.2,Nairobi
2023-07-27,22.9,11.0,22.1,9.8,0.0,0.0,3.0,9.4,Nairobi
2023-07-28,21.3,13.1,20.4,12.2,0.6,0.6,51.0,8.2,Nairobi
2023-07-29,23.4,13.0,23.3,12.5,0.0,0.0,3.0,11.3,Nairobi
2023-07-30,26.5,11.6,27.1,11.3,0.8,0.8,51.0,11.3,Nairobi
2023-07-31,27.5,12.6,28.0,12.6,0.0,0.0,3.0,17.9,Nairobi
2023-08-01,24.0,14.8,23.3,15.0,0.2,0.2,51.0,12.0,Nairobi
2023-08-02,21.4,14.3,19.6,13.4,3.0,3.0,55.0,13.7,Nairobi
2023-08-03,21.0,14.6,20.5,14.4,1.7,1.7,51.0,12.2,Nairobi
2023-08-04,21.3,13.9,20.2,13.2,1.0,1.0,51.0,10.7,Nairobi
2023-08-05,21.8,11.9,20.4,11.4,0.0,0.0,3.0,11.4,Nairobi
2023-08-06,20.7,13.8,19.0,13.3,0.9,0.9,51.0,12.3,Nairobi
2023-08-07,23.5,11.7,23.5,11.1,0.2,0.2,51.0,8.9,Nairobi
2023-08-08,24.6,10.8,24.0,10.1,0.2,0.2,51.0,13.0,Nairobi
2023-08-09,23.0,11.2,21.9,10.3,0.0,0.0,3.0,11.5,Nairobi
2023-08-10,21.7,14.7,21.1,14.5,1.2,1.2,51.0,9.8,Nairobi
2023-08-11,22.9,11.7,23.0,11.2,0.2,0.2,51.0,11.2,Nairobi
2023-08-12,21.9,14.2,20.9,14.0,0.8,0.8,51.0,11.7,Nairobi
2023-08-13,25.3,13.4,25.0,12.8,0.0,0.0,3.0,14.8,Nairobi
2023-08-14,24.2,12.1,22.4,11.5,0.0,0.0,3.0,13.5,Nairobi
2023-08-15,26.7,13.3,27.3,12.9,0.1,0.1,51.0,15.5,Nairobi
2023-08-16,24.7,14.4,25.3,14.8,0.3,0.3,51.0,15.6,Nairobi
2023-08-17,24.2,15.1,23.7,14.6,0.5,0.5,51.0,11.1,Nairobi
2023-08-18,25.1,14.7,25.8,14.2,0.4,0.4,51.0,11.8,Nairobi
2023-08-19,25.7,10.1,26.9,8.8,0.0,0.0,3.0,11.2,Nairobi
2023-08-20,27.5,11.2,27.1,10.0,0.0,0.0,3.0,13.8,Nairobi
2023-08-21,27.2,12.3,26.7,10.7,0.0,0.0,3.0,15.3,Nairobi
2023-08-22,26.3,15.1,26.3,14.5,0.2,0.2,51.0,14.3,Nairobi
2023-08-23,27.8,12.6,28.2,12.0,0.0,0.0,3.0,21.3,Nairobi
2023-08-24,25.9,14.4,26.2,13.9,0.8,0.8,51.0,17.1,Nairobi
2023-08-25,27.6,11.7,28.0,10.6,0.0,0.0,3.0,16.6,Nairobi
2023-08-26,26.9,14.9,27.1,14.6,0.8,0.8,51.0,11.2,Nairobi
2023-08-27,28.3,14.6,28.9,14.0,0.0,0.0,3.0,12.3,Nairobi
2023-08-28,25.2,12.7,23.5,12.3,0.0,0.0,3.0,13.8,Nairobi
2023-08-29,24.0,13.5,22.2,13.6,0.1,0.1,51.0,12.8,Nairobi
2023-08-30,24.8,14.9,24.7,14.9,0.8,0.8,51.0,10.9,Nairobi
2023-08-31,24.1,14.9,24.9,14.7,0.8,0.8,51.0,9.4,Nairobi
2023-09-01,25.7,15.8,27.5,15.9,0.2,0.2,51.0,10.1,Nairobi
2023-09-02,25.5,15.9,27.0,15.8,0.3,0.3,51.0,9.3,Nairobi
2023-09-03,27.2,13.7,27.8,13.4,0.0,0.0,3.0,9.7,Nairobi
2023-09-04,26.8,12.7,28.1,12.4,0.0,0.0,3.0,9.7,Nairobi
2023-09-05,26.7,14.2,28.0,14.3,0.4,0.4,51.0,9.0,Nairobi
2023-09-06,27.2,12.5,29.1,12.0,0.3,0.3,51.0,11.1,Nairobi
2023-09-07,28.1,13.9,29.3,13.8,3.5,3.5,61.0,11.0,Nairobi
2023-09-08,25.1,13.3,26.9,13.3,1.0,1.0,51.0,11.0,Nairobi
2023-09-09,23.2,15.2,25.0,15.6,2.3,2.3,51.0,8.3,Nairobi
2023-09-10,25.8,13.9,27.2,13.7,0.0,0.0,3.0,12.6,Nairobi
2023-09-11,24.8,13.9,26.5,14.2,0.8,0.8,51.0,8.8,Nairobi
2023-09-12,26.0,12.7,28.0,12.3,1.1,1.1,51.0,13.5,Nairobi
2023-09-13,25.3,13.9,27.3,14.3,2.8,2.8,61.0,12.0,Nairobi
2023-09-14,25.5,14.2,26.6,13.7,3.2,3.2,61.0,10.9,Nairobi
2023-09-15,23.4,14.7,24.4,14.1,0.5,0.5,51.0,9.8,Nairobi
2023-09-16,25.7,13.8,27.6,13.7,0.1,0.1,51.0,12.1,Nairobi
2023-09-17,26.5,12.6,28.4,12.3,0.0,0.0,3.0,10.9,Nairobi
2023-09-18,27.1,15.4,29.6,15.8,0.0,0.0,3.0,10.8,Nairobi
2023-09-19,26.6,13.7,28.2,13.7,0.8,0.8,51.0,10.5,Nairobi
2023-09-20,27.2,14.9,29.3,15.7,0.5,0.5,51.0,15.9,Nairobi
2023-09-21,27.9,14.1,29.0,14.8,0.8,0.8,51.0,13.4,Nairobi
2023-09-22,26.6,15.3,26.3,15.2,3.9,3.9,53.0,12.2,Nairobi
2023-09-23,27.6,14.9,28.2,14.2,0.2,0.2,51.0,14.4,Nairobi
2023-09-24,24.3,14.7,23.4,14.6,0.1,0.1,51.0,10.7,Nairobi
2023-09-25,26.8,13.3,28.4,13.3,0.1,0.1,51.0,11.6,Nairobi
2023-09-26,27.4,13.6,29.0,13.0,1.0,1.0,53.0,15.5,Nairobi
2023-09-27,26.7,14.5,28.5,15.0,0.6,0.6,51.0,12.3,Nairobi
2023-09-28,25.8,13.9,27.0,13.6,0.4,0.4,51.0,11.9,Nairobi
2023-09-29,26.4,14.2,27.4,14.6,1.4,1.4,53.0,15.2,Nairobi
2023-09-30,27.3,16.1,29.2,16.7,2.3,2.3,51.0,13.5,Nairobi
2023-10-01,26.9,15.4,28.3,15.5,0.0,0.0,3.0,10.7,Nairobi
2023-10-02,28.7,13.9,29.8,13.2,3.9,3.9,63.0,17.0,Nairobi
2023-10-03,27.4,12.5,27.4,12.0,0.0,0.0,3.0,16.0,Nairobi
2023-10-04,22.2,15.2,20.9,15.1,3.4,3.4,53.0,14.9,Nairobi
2023-10-05,24.6,14.7,25.2,15.5,5.0,5.0,61.0,13.0,Nairobi
2023-10-06,27.8,15.3,27.6,15.9,1.2,1.2,51.0,18.0,Nairobi
2023-10-07,28.2,15.4,28.9,14.9,1.3,1.3,53.0,14.3,Nairobi
2023-10-08,28.4,12.5,29.7,11.6,0.0,0.0,3.0,17.3,Nairobi
2023-10-09,29.8,12.8,29.7,12.3,0.0,0.0,3.0,18.5,Nairobi
2023-10-10,27.1,16.6,27.6,16.9,2.8,2.8,53.0,15.9,Nairobi
2023-10-11,28.8,15.6,29.3,15.9,0.4,0.4,51.0,16.9,Nairobi
2023-10-12,28.8,13.7,30.9,13.4,0.3,0.3,51.0,16.1,Nairobi
2023-10-13,29.8,14.0,30.0,13.9,0.1,0.1,51.0,15.0,Nairobi
2023-10-14,30.0,14.4,30.6,14.1,0.2,0.2,51.0,17.4,Nairobi
2023-10-15,28.5,16.6,29.6,16.9,0.7,0.7,51.0,18.4,Nairobi
2023-10-16,25.9,16.5,27.0,17.2,1.9,1.9,53.0,16.2,Nairobi
2023-10-17,27.6,16.2,29.4,17.1,3.6,3.6,55.0,16.1,Nairobi
2023-10-18,27.3,15.8,29.1,16.2,2.4,2.4,53.0,15.5,Nairobi
2023-10-19,25.5,15.5,26.4,15.9,6.9,6.9,63.0,18.3,Nairobi
2023-10-20,25.4,15.4,26.5,15.7,1.9,1.9,51.0,15.8,Nairobi
2023-10-21,26.3,14.6,28.1,15.4,1.9,1.9,53.0,9.7,Nairobi
2023-10-22,26.8,16.0,28.2,16.1,0.1,0.1,51.0,10.5,Nairobi
2023-10-23,27.5,14.4,28.7,14.7,0.0,0.0,3.0,14.5,Nairobi
2023-10-24,28.4,15.3,28.7,14.9,0.2,0.2,51.0,15.8,Nairobi
2023-10-25,27.6,15.7,28.3,15.9,1.0,1.0,51.0,16.7,Nairobi
2023-10-26,24.5,16.0,24.9,16.1,2.5,2.5,53.0,18.7,Nairobi
2023-10-27,27.0,14.6,26.7,15.1,2.6,2.6,53.0,15.3,Nairobi
2023-10-28,26.8,16.0,26.8,16.0,0.6,0.6,51.0,16.2,Nairobi
2023-10-29,26.3,14.8,27.7,15.3,2.5,2.5,53.0,13.2,Nairobi
2023-10-30,26.4,16.1,27.0,16.2,1.2,1.2,51.0,16.9,Nairobi
2023-10-31,25.6,15.7,26.5,16.1,8.1,8.1,55.0,17.6,Nairobi
2023-11-01,27.0,16.4,27.8,16.9,3.1,3.1,51.0,15.2,Nairobi
2023-11-02,25.2,15.4,26.9,15.7,4.8,4.8,63.0,15.9,Nairobi
2023-11-03,22.9,15.9,23.8,16.9,22.8,22.8,63.0,10.0,Nairobi
2023-11-04,21.8,15.4,22.6,15.7,11.8,11.8,63.0,13.0,Nairobi
2023-11-05,23.8,15.7,25.7,16.6,3.5,3.5,53.0,12.3,Nairobi
2023-11-06,24.9,15.6,27.9,16.6,4.7,4.7,53.0,13.7,Nairobi
2023-11-07,25.6,14.9,27.9,15.8,12.4,12.4,63.0,14.2,Nairobi
2023-11-08,24.2,16.3,25.2,17.2,4.6,4.6,63.0,11.4,Nairobi
2023-11-09,25.6,13.0,26.9,12.9,0.5,0.5,51.0,15.3,Nairobi
2023-11-10,25.2,14.4,26.8,14.8,4.1,4.1,53.0,14.4,Nairobi
2023-11-11,24.0,15.6,24.7,15.6,3.8,3.8,53.0,16.7,Nairobi
2023-11-12,24.4,15.7,26.2,16.1,11.9,11.9,63.0,16.2,Nairobi
2023-11-13,23.7,15.6,24.3,16.1,4.6,4.6,53.0,18.8,Nairobi
2023-11-14,24.1,16.3,25.2,17.1,1.8,1.8,51.0,9.0,Nairobi
2023-11-15,23.8,16.2,25.0,17.3,8.1,8.1,61.0,11.8,Nairobi
2023-11-16,23.9,15.6,25.5,16.7,8.9,8.9,61.0,17.5,Nairobi
2023-11-17,24.6,15.8,26.0,16.8,5.2,5.2,55.0,16.5,Nairobi
2023-11-18,24.8,15.6,25.6,16.6,3.6,3.6,53.0,15.6,Nairobi
2023-11-19,24.2,16.0,25.3,16.6,2.9,2.9,51.0,13.2,Nairobi
2023-11-20,23.4,14.8,24.7,15.3,3.1,3.1,53.0,14.2,Nairobi
2023-11-21,23.5,15.6,25.2,16.6,7.2,7.2,63.0,12.9,Nairobi
2023-11-22,21.8,15.7,23.8,16.6,18.2,18.2,63.0,15.5,Nairobi
2023-11-23,24.0,15.2,24.1,15.3,4.5,4.5,53.0,19.7,Nairobi
2023-11-24,23.3,15.8,25.5,16.7,8.2,8.2,63.0,11.6,Nairobi
2023-11-25,23.7,15.6,25.5,16.5,12.8,12.8,63.0,12.1,Nairobi
2023-11-26,24.0,15.6,26.7,16.7,4.9,4.9,53.0,15.1,Nairobi
2023-11-27,25.2,15.1,26.9,16.2,0.6,0.6,51.0,14.0,Nairobi
2023-11-28,24.3,14.2,27.0,14.7,0.2,0.2,51.0,15.6,Nairobi
2023-11-29,25.5,13.6,25.7,14.0,0.1,0.1,51.0,14.6,Nairobi
2023-11-30,25.1,15.0,26.1,15.3,1.0,1.0,51.0,17.1,Nairobi
2023-12-01,25.5,13.1,26.4,13.0,0.0,0.0,3.0,11.8,Nairobi
2023-12-02,25.7,14.7,27.0,14.8,0.4,0.4,51.0,16.1,Nairobi
2023-12-03,24.7,15.6,26.2,16.4,1.4,1.4,51.0,17.3,Nairobi
2023-12-04,24.8,15.8,25.4,15.6,1.6,1.6,51.0,20.1,Nairobi
2023-12-05,25.2,15.0,26.7,15.0,0.9,0.9,51.0,13.6,Nairobi
2023-12-06,26.0,14.9,27.1,14.4,0.1,0.1,51.0,14.2,Nairobi
2023-12-07,26.3,12.7,27.3,12.1,0.0,0.0,2.0,14.1,Nairobi
2023-12-08,26.6,12.6,26.9,11.8,0.0,0.0,3.0,15.4,Nairobi
2023-12-09,26.9,13.1,27.7,12.7,0.0,0.0,3.0,11.5,Nairobi
2023-12-10,25.2,13.8,27.1,13.8,1.5,1.5,51.0,15.2,Nairobi
2023-12-11,25.5,15.8,26.7,16.2,2.3,2.3,51.0,16.4,Nairobi
2023-12-12,26.2,15.4,28.2,16.4,1.2,1.2,51.0,12.5,Nairobi
2023-12-13,25.8,16.2,28.0,17.4,1.9,1.9,53.0,12.4,Nairobi
2023-12-14,25.1,16.1,26.4,17.0,1.8,1.8,53.0,13.9,Nairobi
2023-12-15,24.2,16.1,25.6,17.0,3.0,3.0,51.0,17.0,Nairobi
2023-12-16,23.8,15.6,23.9,15.7,3.7,3.7,53.0,21.1,Nairobi
2023-12-17,24.6,15.3,24.0,15.1,0.9,0.9,51.0,21.1,Nairobi
2023-12-18,25.4,15.7,25.9,16.1,1.7,1.7,53.0,16.1,Nairobi
2023-12-19,25.6,15.4,26.4,15.8,0.2,0.2,51.0,15.3,Nairobi
2023-12-20,25.8,14.2,26.1,14.2,0.8,0.8,51.0,13.7,Nairobi
2023-12-21,25.8,14.8,25.9,14.7,0.7,0.7,51.0,17.9,Nairobi
2023-12-22,25.7,14.3,25.7,14.4,0.4,0.4,51.0,18.9,Nairobi
2023-12-23,26.0,15.8,26.8,16.3,1.1,1.1,51.0,19.0,Nairobi
2023-12-24,26.7,15.8,27.9,16.4,0.9,0.9,51.0,20.4,Nairobi
2023-12-25,26.3,15.5,26.4,15.9,1.5,1.5,53.0,18.5,Nairobi
2023-12-26,23.9,15.8,24.2,16.1,2.4,2.4,53.0,22.9,Nairobi
2023-12-27,25.5,15.1,23.8,15.3,0.1,0.1,51.0,26.3,Nairobi
2023-12-28,27.3,14.0,28.1,14.2,0.0,0.0,3.0,13.8,Nairobi
2023-12-29,27.4,16.2,28.4,16.9,1.8,1.8,61.0,15.8,Nairobi
2023-12-30,25.9,16.9,26.3,17.8,2.8,2.8,61.0,18.6,Nairobi
2023-12-31,26.8,16.0,27.8,17.5,1.1,1.1,51.0,13.5,Nairobi
2024-01-01,26.7,15.3,27.9,15.6,0.8,0.8,51.0,17.6,Nairobi
2024-01-02,26.6,15.2,27.7,16.0,1.6,1.6,51.0,13.8,Nairobi
2024-01-03,25.8,16.2,26.9,17.1,1.7,1.7,51.0,12.8,Nairobi
2024-01-04,26.7,15.0,28.0,15.6,0.4,0.4,51.0,12.6,Nairobi
2024-01-05,26.0,15.5,28.7,16.0,7.6,7.6,63.0,9.1,Nairobi
2024-01-06,25.7,15.6,28.2,16.3,1.4,1.4,55.0,12.6,Nairobi
2024-01-07,24.5,15.7,26.6,16.5,9.9,9.9,63.0,14.5,Nairobi
2024-01-08,25.2,15.0,26.2,14.8,0.3,0.3,51.0,17.3,Nairobi
2024-01-09,25.7,14.3,27.3,14.2,0.5,0.5,51.0,17.7,Nairobi
2024-01-10,24.5,14.4,25.8,14.3,2.5,2.5,55.0,12.8,Nairobi
2024-01-11,25.1,14.7,27.0,15.1,1.4,1.4,55.0,12.9,Nairobi
2024-01-12,25.1,14.5,26.0,14.4,1.3,1.3,53.0,8.3,Nairobi
2024-01-13,22.1,15.3,23.2,15.6,3.6,3.6,61.0,8.7,Nairobi
2024-01-14,25.0,15.4,26.8,16.2,12.0,12.0,65.0,13.8,Nairobi
2024-01-15,25.9,14.8,27.9,14.9,1.0,1.0,51.0,18.4,Nairobi
2024-01-16,25.6,14.6,27.5,14.9,1.7,1.7,61.0,13.6,Nairobi
2024-01-17,26.3,15.4,26.4,16.1,2.7,2.7,61.0,13.4,Nairobi
2024-01-18,24.5,15.8,26.5,16.2,9.8,9.8,63.0,15.5,Nairobi
2024-01-19,27.0,14.7,29.6,14.7,4.3,4.3,61.0,9.8,Nairobi
2024-01-20,25.1,15.5,27.4,16.1,10.1,10.1,63.0,14.7,Nairobi
2024-01-21,25.3,16.0,25.6,16.6,4.0,4.0,61.0,16.3,Nairobi
2024-01-22,26.8,14.5,26.8,14.9,0.4,0.4,51.0,15.2,Nairobi
2024-01-23,26.5,13.4,27.2,13.3,0.0,0.0,3.0,14.2,Nairobi
2024-01-24,26.8,13.6,27.5,13.1,0.0,0.0,3.0,14.0,Nairobi
2024-01-25,26.6,14.6,28.4,14.4,0.3,0.3,51.0,9.8,Nairobi
2024-01-26,26.4,15.5,28.3,16.0,0.6,0.6,51.0,12.7,Nairobi
2024-01-27,26.2,15.9,27.4,16.6,1.5,1.5,51.0,16.2,Nairobi
2024-01-28,26.0,15.7,26.9,16.5,0.7,0.7,51.0,17.4,Nairobi
2024-01-29,27.0,14.9,28.3,15.1,0.1,0.1,51.0,15.5,Nairobi
2024-01-30,27.6,16.0,28.8,16.0,0.2,0.2,51.0,15.6,Nairobi
2024-01-31,27.5,15.1,27.8,15.6,0.5,0.5,51.0,15.3,Nairobi
2024-02-01,27.5,15.0,27.4,14.8,0.3,0.3,51.0,16.8,Nairobi
2024-02-02,28.4,14.3,28.7,13.4,0.0,0.0,3.0,14.6,Nairobi
2024-02-03,27.9,15.4,27.9,15.4,0.2,0.2,51.0,16.3,Nairobi
2024-02-04,26.6,15.1,26.6,15.1,0.4,0.4,51.0,19.1,Nairobi
2024-02-05,27.4,15.0,26.9,15.0,0.1,0.1,51.0,21.4,Nairobi
2024-02-06,28.0,15.0,27.9,15.3,0.0,0.0,3.0,18.8,Nairobi
2024-02-07,27.6,15.5,27.6,15.3,0.2,0.2,51.0,16.3,Nairobi
2024-02-08,27.7,14.3,28.5,14.5,0.6,0.6,51.0,14.8,Nairobi
2024-02-09,28.6,14.8,28.8,14.8,0.0,0.0,3.0,17.7,Nairobi
2024-02-10,28.2,15.8,28.1,16.2,0.4,0.4,51.0,20.5,Nairobi
2024-02-11,27.8,15.1,28.2,15.3,0.0,0.0,3.0,17.1,Nairobi
2024-02-12,28.4,14.0,28.4,13.6,0.0,0.0,3.0,16.3,Nairobi
2024-02-13,29.0,15.5,29.2,15.5,0.0,0.0,3.0,16.1,Nairobi
2024-02-14,28.4,16.1,27.7,16.7,0.0,0.0,3.0,20.1,Nairobi
2024-02-15,29.2,15.8,29.0,15.5,0.0,0.0,1.0,17.4,Nairobi
2024-02-16,28.4,15.5,28.1,15.3,0.0,0.0,3.0,19.6,Nairobi
2024-02-17,28.7,15.7,29.1,15.8,0.3,0.3,51.0,18.2,Nairobi
2024-02-18,30.9,13.3,30.8,14.1,0.0,0.0,3.0,19.2,Nairobi
2024-02-19,29.9,15.5,29.8,16.3,0.0,0.0,3.0,16.4,Nairobi
2024-02-20,29.5,16.6,28.9,16.1,1.6,1.6,61.0,19.3,Nairobi
2024-02-21,29.0,15.7,28.6,16.0,1.1,1.1,53.0,21.0,Nairobi
2024-02-22,27.7,14.7,26.7,14.6,0.0,0.0,3.0,24.2,Nairobi
2024-02-23,26.5,15.5,25.7,15.0,0.8,0.8,51.0,21.4,Nairobi
2024-02-24,24.1,15.7,24.8,15.7,15.6,15.6,63.0,16.6,Nairobi
2024-02-25,27.7,14.1,29.4,14.3,0.1,0.1,51.0,12.4,Nairobi
2024-02-26,29.9,15.4,30.4,15.4,2.8,2.8,63.0,13.0,Nairobi
2024-02-27,29.6,15.4,31.8,15.3,2.0,2.0,61.0,14.6,Nairobi
2024-02-28,26.4,15.4,28.6,16.1,1.2,1.2,51.0,11.5,Nairobi
2024-02-29,28.9,15.3,29.5,15.4,0.1,0.1,51.0,16.3,Nairobi
2024-03-01,29.2,14.3,29.8,14.5,0.0,0.0,3.0,15.5,Nairobi
2024-03-02,28.9,15.3,29.0,14.9,0.0,0.0,3.0,19.0,Nairobi
2024-03-03,28.6,14.8,29.4,14.2,0.0,0.0,3.0,14.0,Nairobi
2024-03-04,29.5,16.4,30.6,16.5,0.7,0.7,51.0,17.5,Nairobi
2024-03-05,27.4,15.0,27.8,15.4,0.9,0.9,51.0,20.5,Nairobi
2024-03-06,27.2,15.2,27.2,15.0,0.3,0.3,51.0,17.0,Nairobi
2024-03-07,27.5,14.1,27.1,13.7,0.6,0.6,51.0,14.1,Nairobi
2024-03-08,29.8,14.6,31.1,14.7,0.0,0.0,3.0,16.3,Nairobi
2024-03-09,28.3,15.9,29.2,16.2,0.2,0.2,51.0,18.3,Nairobi
2024-03-10,28.4,14.8,28.0,15.2,0.4,0.4,51.0,19.2,Nairobi
2024-03-11,27.8,14.7,26.8,14.1,0.0,0.0,3.0,21.9,Nairobi
2024-03-12,29.1,13.6,28.8,13.1,0.0,0.0,3.0,18.4,Nairobi
2024-03-13,29.1,15.2,29.4,14.8,0.0,0.0,3.0,18.3,Nairobi
2024-03-14,28.8,15.5,28.4,16.0,0.0,0.0,3.0,21.9,Nairobi
2024-03-15,27.3,14.2,26.5,13.6,0.1,0.1,51.0,21.4,Nairobi
2024-03-16,28.7,14.4,27.9,14.4,0.0,0.0,3.0,18.3,Nairobi
2024-03-17,30.5,15.3,30.1,14.8,0.0,0.0,3.0,16.9,Nairobi
2024-03-18,29.4,15.3,29.6,15.1,0.1,0.1,51.0,15.9,Nairobi
2024-03-19,29.7,15.1,29.8,15.4,0.6,0.6,51.0,18.5,Nairobi
2024-03-20,29.3,14.8,28.6,14.3,0.0,0.0,3.0,18.0,Nairobi
2024-03-21,29.4,15.0,29.2,15.0,0.0,0.0,3.0,17.1,Nairobi
2024-03-22,29.9,14.5,29.5,14.0,0.2,0.2,51.0,17.9,Nairobi
2024-03-23,29.6,16.2,30.4,16.3,0.4,0.4,51.0,17.4,Nairobi
2024-03-24,29.8,16.7,30.9,17.7,2.3,2.3,55.0,14.4,Nairobi
2024-03-25,27.5,16.5,29.4,17.8,5.6,5.6,61.0,12.1,Nairobi
2024-03-26,27.9,16.9,29.0,18.1,4.0,4.0,55.0,17.4,Nairobi
2024-03-27,26.6,17.7,27.3,18.0,3.7,3.7,53.0,16.7,Nairobi
2024-03-28,27.3,15.9,28.0,16.7,1.2,1.2,51.0,17.4,Nairobi
2024-03-29,27.3,15.0,29.0,15.1,0.7,0.7,51.0,15.9,Nairobi
2024-03-30,25.8,16.7,26.7,16.9,4.4,4.4,61.0,21.6,Nairobi
2024-03-31,25.6,16.0,26.3,16.2,9.1,9.1,63.0,19.2,Nairobi
2024-04-01,26.4,16.6,27.5,17.4,2.7,2.7,53.0,18.7,Nairobi
2024-04-02,27.2,16.5,29.3,17.5,0.8,0.8,51.0,12.9,Nairobi
2024-04-03,27.9,15.2,30.0,15.9,5.2,5.2,61.0,10.7,Nairobi
2024-04-04,25.6,16.4,26.3,17.3,3.0,3.0,53.0,12.7,Nairobi
2024-04-05,25.5,16.5,27.8,17.6,9.9,9.9,63.0,16.4,Nairobi
2024-04-06,24.9,15.6,26.3,16.9,14.2,14.2,61.0,13.3,Nairobi
2024-04-07,27.1,16.2,29.4,17.5,2.6,2.6,55.0,12.9,Nairobi
2024-04-08,25.8,15.1,28.5,16.1,3.6,3.6,61.0,11.8,Nairobi
2024-04-09,26.6,15.8,27.4,15.9,3.3,3.3,53.0,12.1,Nairobi
2024-04-10,27.3,14.1,28.0,13.4,0.7,0.7,51.0,13.4,Nairobi
2024-04-11,27.1,15.2,28.5,15.7,0.8,0.8,51.0,17.1,Nairobi
2024-04-12,27.1,17.4,29.7,18.2,3.5,3.5,55.0,14.1,Nairobi
2024-04-13,25.2,16.7,27.0,17.9,6.7,6.7,63.0,12.7,Nairobi
2024-04-14,26.4,16.3,28.8,17.6,9.2,9.2,63.0,14.1,Nairobi
2024-04-15,25.6,15.3,28.1,16.2,2.8,2.8,55.0,10.6,Nairobi
2024-04-16,25.6,14.9,27.9,15.7,0.2,0.2,51.0,8.9,Nairobi
2024-04-17,25.5,14.6,27.9,15.0,0.8,0.8,51.0,11.0,Nairobi
2024-04-18,26.2,14.5,28.7,15.5,3.1,3.1,61.0,12.2,Nairobi
2024-04-19,25.5,14.6,27.0,15.0,1.8,1.8,51.0,15.9,Nairobi
2024-04-20,25.8,15.5,27.4,15.6,1.1,1.1,53.0,14.0,Nairobi
2024-04-21,24.0,15.5,26.1,16.3,1.8,1.8,51.0,9.4,Nairobi
2024-04-22,26.2,14.7,28.1,15.6,7.9,7.9,63.0,13.5,Nairobi
2024-04-23,25.7,15.8,28.5,17.0,6.3,6.3,63.0,11.0,Nairobi
2024-04-24,26.1,15.6,28.4,16.6,14.4,14.4,63.0,17.4,Nairobi
2024-04-25,25.5,16.4,27.8,17.5,9.8,9.8,63.0,15.1,Nairobi
2024-04-26,22.3,16.6,24.4,17.4,28.9,28.9,63.0,8.2,Nairobi
2024-04-27,25.7,15.4,26.8,15.3,13.4,13.4,63.0,12.7,Nairobi
2024-04-28,25.7,15.5,27.6,16.5,15.7,15.7,63.0,10.8,Nairobi
2024-04-29,25.5,14.7,29.1,15.2,1.8,1.8,55.0,8.4,Nairobi
2024-04-30,25.7,15.4,28.6,16.4,1.8,1.8,51.0,8.0,Nairobi
2024-05-01,26.1,16.7,28.1,17.7,11.9,11.9,63.0,13.4,Nairobi
2024-05-02,25.3,17.0,27.5,18.0,7.0,7.0,61.0,10.1,Nairobi
2024-05-03,23.8,16.3,25.5,17.0,4.5,4.5,63.0,14.7,Nairobi
2024-05-04,22.4,16.5,22.0,17.6,0.6,0.6,51.0,14.5,Nairobi
2024-05-05,25.1,15.8,27.2,16.0,5.1,5.1,63.0,14.8,Nairobi
2024-05-06,24.2,15.9,26.3,17.2,0.7,0.7,51.0,9.5,Nairobi
2024-05-07,23.9,16.6,26.6,18.3,9.2,9.2,61.0,10.9,Nairobi
2024-05-08,24.1,14.2,26.1,14.5,6.6,6.6,55.0,12.7,Nairobi
2024-05-09,24.2,14.2,26.2,14.5,2.0,2.0,51.0,12.8,Nairobi
2024-05-10,24.4,15.1,25.7,15.8,5.4,5.4,55.0,9.8,Nairobi
2024-05-11,24.4,14.1,27.0,14.3,0.9,0.9,51.0,8.9,Nairobi
2024-05-12,25.0,14.8,26.9,15.1,2.0,2.0,51.0,11.1,Nairobi
2024-05-13,25.3,14.3,27.3,14.6,0.1,0.1,51.0,9.5,Nairobi
2024-05-14,26.0,13.0,28.5,12.8,0.1,0.1,51.0,9.9,Nairobi
2024-05-15,26.1,13.1,27.7,12.9,0.3,0.3,51.0,9.0,Nairobi
2024-05-16,25.0,12.5,27.6,12.6,2.5,2.5,55.0,12.6,Nairobi
2024-05-17,25.8,14.3,28.1,15.0,0.2,0.2,51.0,9.1,Nairobi
2024-05-18,26.5,14.4,28.9,15.0,0.1,0.1,51.0,10.6,Nairobi
2024-05-19,26.4,14.5,27.9,14.3,2.3,2.3,61.0,13.4,Nairobi
2024-05-20,25.7,15.0,28.0,15.1,5.4,5.4,63.0,11.7,Nairobi
2024-05-21,24.7,14.5,26.3,14.7,1.6,1.6,51.0,12.0,Nairobi
2024-05-22,24.9,14.2,25.7,14.4,1.7,1.7,53.0,16.6,Nairobi
2024-05-23,24.9,15.2,25.6,16.0,5.3,5.3,55.0,13.6,Nairobi
2024-05-24,24.5,12.7,25.9,12.6,1.5,1.5,53.0,11.0,Nairobi
2024-05-25,24.9,15.5,27.0,16.3,1.8,1.8,51.0,7.6,Nairobi
2024-05-26,25.0,14.0,26.7,14.2,0.5,0.5,51.0,9.4,Nairobi
2024-05-27,25.8,13.9,27.3,13.7,0.1,0.1,51.0,10.2,Nairobi
2024-05-28,25.4,14.6,26.2,15.1,0.0,0.0,3.0,10.1,Nairobi
2024-05-29,25.4,12.7,26.3,13.1,0.1,0.1,51.0,11.7,Nairobi
2024-05-30,25.6,11.9,27.0,12.0,0.1,0.1,51.0,10.8,Nairobi
2024-05-31,26.5,12.7,27.1,12.7,0.2,0.2,51.0,10.8,Nairobi
2024-06-01,26.4,12.9,27.5,12.9,0.2,0.2,51.0,15.4,Nairobi
2024-06-02,26.9,13.7,27.8,13.6,0.0,0.0,3.0,7.7,Nairobi
2024-06-03,25.8,14.1,27.6,14.2,0.0,0.0,3.0,7.6,Nairobi
2024-06-04,26.6,14.0,28.6,13.9,6.6,6.6,63.0,11.5,Nairobi
2024-06-05,25.7,14.1,26.4,14.5,0.0,0.0,3.0,11.8,Nairobi
2024-06-06,25.3,12.9,25.8,12.7,0.1,0.1,51.0,10.5,Nairobi
2024-06-07,25.5,12.9,27.2,12.6,0.8,0.8,51.0,8.2,Nairobi
2024-06-08,25.5,13.6,26.2,13.8,1.5,1.5,53.0,8.6,Nairobi
2024-06-09,22.5,15.0,21.3,15.5,0.1,0.1,51.0,12.6,Nairobi
2024-06-10,25.0,15.3,24.9,14.2,1.8,1.8,53.0,10.2,Nairobi
2024-06-11,23.5,12.3,23.5,11.8,0.6,0.6,51.0,10.0,Nairobi
2024-06-12,23.6,11.7,23.8,11.1,0.2,0.2,51.0,11.0,Nairobi
2024-06-13,24.4,11.5,25.0,10.7,0.0,0.0,2.0,9.4,Nairobi
2024-06-14,24.8,11.2,25.1,10.2,0.0,0.0,2.0,14.5,Nairobi
2024-06-15,24.7,12.1,25.3,11.5,0.7,0.7,51.0,13.6,Nairobi
2024-06-16,26.2,12.4,26.1,12.1,0.0,0.0,3.0,12.6,Nairobi
2024-06-17,26.1,12.0,26.1,11.7,0.0,0.0,3.0,10.3,Nairobi
2024-06-18,24.8,11.2,24.9,10.3,0.0,0.0,3.0,11.2,Nairobi
2024-06-19,24.2,12.7,24.3,12.7,1.7,1.7,51.0,12.0,Nairobi
2024-06-20,22.2,14.8,21.7,15.1,6.3,6.3,55.0,14.1,Nairobi
2024-06-21,23.4,14.1,21.6,14.3,4.3,4.3,61.0,14.0,Nairobi
2024-06-22,24.4,12.4,24.0,12.5,0.1,0.1,51.0,17.5,Nairobi
2024-06-23,23.6,9.7,23.4,8.5,0.0,0.0,3.0,9.4,Nairobi
2024-06-24,23.6,10.0,23.0,8.7,0.0,0.0,3.0,11.5,Nairobi
2024-06-25,24.1,9.5,23.5,7.9,0.0,0.0,3.0,14.4,Nairobi
2024-06-26,23.0,9.3,20.9,7.5,0.0,0.0,3.0,12.6,Nairobi
2024-06-27,21.2,11.6,20.1,10.9,0.7,0.7,51.0,15.0,Nairobi
2024-06-28,22.5,9.7,22.4,8.8,0.0,0.0,3.0,9.8,Nairobi
2024-06-29,24.9,9.9,25.1,8.7,0.0,0.0,3.0,13.8,Nairobi
2024-06-30,24.0,11.6,24.0,10.5,0.0,0.0,3.0,8.9,Nairobi
2024-07-01,24.1,10.9,23.5,10.2,0.0,0.0,3.0,14.0,Nairobi
2024-07-02,24.6,12.2,24.5,11.0,0.0,0.0,3.0,9.2,Nairobi
2024-07-03,25.4,11.6,25.7,11.1,0.0,0.0,3.0,12.5,Nairobi
2024-07-04,25.5,12.4,26.2,12.0,0.0,0.0,3.0,12.4,Nairobi
2024-07-05,25.1,11.9,24.5,11.3,0.0,0.0,3.0,11.9,Nairobi
2024-07-06,25.4,13.0,26.0,12.5,9.9,9.9,63.0,14.8,Nairobi
2024-07-07,22.2,13.6,24.8,14.0,17.6,17.6,63.0,11.5,Nairobi
2024-07-08,25.7,12.4,27.2,12.5,6.4,6.4,63.0,13.7,Nairobi
2024-07-09,23.4,13.6,25.5,14.1,10.4,10.4,63.0,12.7,Nairobi
2024-07-10,21.3,13.1,20.9,12.8,0.6,0.6,51.0,10.2,Nairobi
2024-07-11,23.1,10.3,23.4,9.7,0.0,0.0,3.0,10.9,Nairobi
2024-07-12,22.5,10.2,22.5,9.1,0.1,0.1,51.0,9.4,Nairobi
2024-07-13,22.6,12.8,21.8,11.8,0.4,0.4,51.0,10.5,Nairobi
2024-07-14,25.2,11.9,25.1,11.4,0.0,0.0,3.0,14.3,Nairobi
2024-07-15,23.2,11.0,23.3,9.9,0.0,0.0,3.0,13.0,Nairobi
2024-07-16,21.7,14.7,21.9,15.2,1.2,1.2,51.0,10.6,Nairobi
2024-07-17,24.4,15.1,24.9,16.1,1.0,1.0,51.0,12.2,Nairobi
2024-07-18,21.0,14.8,20.2,15.2,0.3,0.3,51.0,14.1,Nairobi
2024-07-19,22.0,12.2,21.4,12.0,0.1,0.1,51.0,11.3,Nairobi
2024-07-20,21.9,11.3,21.3,10.8,0.0,0.0,3.0,10.3,Nairobi
2024-07-21,24.7,12.2,25.7,11.7,0.9,0.9,51.0,10.5,Nairobi
2024-07-22,24.9,13.3,24.5,13.8,0.0,0.0,3.0,14.0,Nairobi
2024-07-23,23.8,10.3,24.7,9.2,0.0,0.0,3.0,8.4,Nairobi
2024-07-24,24.8,10.6,24.6,9.8,0.0,0.0,3.0,10.7,Nairobi
2024-07-25,25.4,10.5,26.6,10.0,0.6,0.6,51.0,8.8,Nairobi
2024-07-26,25.1,13.7,26.3,14.1,1.6,1.6,53.0,12.3,Nairobi
2024-07-27,25.1,13.6,25.8,14.2,0.2,0.2,51.0,10.2,Nairobi
2024-07-28,24.7,12.7,26.4,12.2,0.2,0.2,51.0,11.0,Nairobi
2024-07-29,24.0,13.6,24.6,13.7,0.0,0.0,3.0,13.4,Nairobi
2024-07-30,23.3,13.7,23.2,13.5,0.0,0.0,3.0,12.0,Nairobi
2024-07-31,23.2,13.3,23.5,13.6,0.3,0.3,51.0,11.4,Nairobi
2024-08-01,22.8,10.2,22.1,9.3,0.0,0.0,3.0,10.3,Nairobi
2024-08-02,23.4,11.2,22.9,10.7,0.0,0.0,3.0,13.7,Nairobi
2024-08-03,25.3,10.9,25.0,10.5,0.0,0.0,3.0,12.1,Nairobi
2024-08-04,24.6,14.1,24.9,13.5,0.5,0.5,51.0,14.3,Nairobi
2024-08-05,26.6,10.1,27.1,9.1,0.0,0.0,3.0,13.4,Nairobi
2024-08-06,26.4,10.6,25.7,9.4,0.5,0.5,53.0,12.6,Nairobi
2024-08-07,26.0,11.6,27.1,10.2,0.1,0.1,51.0,17.8,Nairobi
2024-08-08,21.0,13.2,21.0,13.0,1.6,1.6,53.0,9.2,Nairobi
2024-08-09,22.4,15.1,21.4,15.3,1.3,1.3,51.0,11.5,Nairobi
2024-08-10,23.0,12.2,23.0,12.1,0.4,0.4,51.0,12.9,Nairobi
2024-08-11,22.6,12.5,22.7,12.1,0.4,0.4,51.0,10.3,Nairobi
2024-08-12,23.6,13.1,24.0,12.9,0.1,0.1,51.0,10.1,Nairobi
2024-08-13,23.3,12.0,22.6,11.6,0.1,0.1,51.0,11.4,Nairobi
2024-08-14,25.3,10.7,25.9,9.6,0.0,0.0,3.0,14.8,Nairobi
2024-08-15,25.6,12.8,25.5,12.5,0.7,0.7,51.0,14.9,Nairobi
2024-08-16,25.3,14.6,25.3,14.9,1.1,1.1,51.0,14.3,Nairobi
2024-08-17,25.3,10.8,25.0,9.4,0.0,0.0,3.0,12.6,Nairobi
2024-08-18,21.9,12.3,20.5,11.1,0.2,0.2,51.0,10.5,Nairobi
2024-08-19,25.2,10.2,24.4,9.0,0.0,0.0,3.0,16.7,Nairobi
2024-08-20,24.9,10.2,23.1,9.2,0.0,0.0,3.0,11.2,Nairobi
2024-08-21,23.3,11.6,21.3,11.1,0.1,0.1,51.0,14.3,Nairobi
2024-08-22,23.7,14.1,21.9,14.0,0.2,0.2,51.0,13.1,Nairobi
2024-08-23,22.7,13.4,22.1,13.4,0.0,0.0,3.0,10.7,Nairobi
2024-08-24,23.0,14.3,22.4,14.3,0.3,0.3,51.0,10.1,Nairobi
2024-08-25,20.4,13.6,19.5,13.6,2.1,2.1,53.0,12.3,Nairobi
2024-08-26,22.9,10.9,21.7,10.2,0.0,0.0,3.0,10.0,Nairobi
2024-08-27,24.8,14.6,26.2,14.4,1.6,1.6,51.0,11.3,Nairobi
2024-08-28,24.6,15.3,24.8,16.2,2.5,2.5,53.0,12.3,Nairobi
2024-08-29,25.0,14.3,25.8,14.1,1.7,1.7,51.0,13.9,Nairobi
2024-08-30,24.9,13.1,26.1,12.8,0.3,0.3,51.0,12.0,Nairobi
2024-08-31,25.5,11.2,25.0,10.5,0.0,0.0,3.0,12.9,Nairobi
2024-09-01,24.4,14.3,23.0,14.3,0.3,0.3,51.0,11.0,Nairobi
2024-09-02,23.9,11.6,23.8,10.9,0.0,0.0,3.0,10.0,Nairobi
2024-09-03,22.9,14.2,22.0,14.5,0.9,0.9,51.0,12.1,Nairobi
2024-09-04,22.9,14.7,22.4,15.0,2.7,2.7,53.0,13.0,Nairobi
2024-09-05,24.0,13.4,24.1,12.8,0.1,0.1,51.0,10.6,Nairobi
2024-09-06,22.7,14.0,23.2,13.4,5.0,5.0,55.0,16.2,Nairobi
2024-09-07,25.0,12.4,25.9,11.9,0.0,0.0,3.0,10.6,Nairobi
2024-09-08,26.7,12.4,27.4,12.0,0.0,0.0,3.0,13.9,Nairobi
2024-09-09,26.6,11.1,27.5,10.3,0.0,0.0,3.0,15.8,Nairobi
2024-09-10,27.0,12.5,27.1,12.1,0.1,0.1,51.0,11.7,Nairobi
2024-09-11,27.4,12.0,27.6,11.0,0.0,0.0,3.0,13.2,Nairobi
2024-09-12,27.2,11.5,27.7,10.6,0.0,0.0,3.0,12.4,Nairobi
2024-09-13,26.7,10.8,28.1,9.7,0.2,0.2,51.0,14.7,Nairobi
2024-09-14,26.9,11.3,26.0,10.1,0.0,0.0,3.0,11.2,Nairobi
2024-09-15,27.3,11.2,27.6,10.5,0.0,0.0,3.0,17.7,Nairobi
2024-09-16,26.9,10.9,27.6,9.7,0.2,0.2,51.0,13.7,Nairobi
2024-09-17,25.9,12.0,26.6,11.6,0.0,0.0,3.0,11.2,Nairobi
2024-09-18,26.8,11.7,28.6,10.9,0.0,0.0,3.0,10.6,Nairobi
2024-09-19,28.1,12.8,28.7,12.3,0.0,0.0,1.0,13.1,Nairobi
2024-09-20,26.7,13.6,27.2,13.9,0.3,0.3,51.0,13.0,Nairobi
2024-09-21,26.6,13.1,27.5,12.9,0.1,0.1,51.0,14.2,Nairobi
2024-09-22,26.6,15.0,27.7,15.3,0.1,0.1,51.0,13.7,Nairobi
2024-09-23,25.4,12.6,23.8,11.8,0.1,0.1,51.0,12.5,Nairobi
2024-09-24,25.9,12.5,25.0,11.8,0.0,0.0,3.0,15.5,Nairobi
2024-09-25,25.8,11.5,24.7,10.9,0.0,0.0,3.0,10.5,Nairobi
2024-09-26,27.2,11.4,27.9,10.4,0.2,0.2,51.0,11.5,Nairobi
2024-09-27,28.0,13.9,29.7,14.0,0.4,0.4,51.0,10.7,Nairobi
2024-09-28,28.0,13.6,29.9,13.9,0.6,0.6,51.0,12.2,Nairobi
2024-09-29,25.3,13.7,26.8,13.6,2.8,2.8,61.0,10.4,Nairobi
2024-09-30,26.2,13.4,27.0,13.8,8.0,8.0,63.0,15.4,Nairobi
2024-10-01,27.0,14.2,27.3,14.2,0.1,0.1,51.0,18.2,Nairobi
2024-10-02,27.0,15.0,26.8,14.9,1.1,1.1,51.0,18.2,Nairobi
2024-10-03,25.5,14.5,25.1,14.7,1.0,1.0,51.0,14.1,Nairobi
2024-10-04,27.8,11.1,27.8,10.1,0.0,0.0,3.0,15.1,Nairobi
2024-10-05,25.3,12.8,26.1,12.7,1.6,1.6,51.0,12.3,Nairobi
2024-10-06,25.4,15.6,25.8,15.7,1.3,1.3,51.0,11.2,Nairobi
2024-10-07,25.7,15.5,26.1,15.5,1.1,1.1,51.0,13.7,Nairobi
2024-10-08,26.5,15.8,27.4,16.1,0.5,0.5,51.0,15.9,Nairobi
2024-10-09,26.3,14.1,26.6,13.3,0.1,0.1,51.0,13.7,Nairobi
2024-10-10,25.9,12.2,26.2,11.9,0.0,0.0,2.0,11.1,Nairobi
2024-10-11,28.1,14.4,28.0,14.4,0.5,0.5,51.0,14.1,Nairobi
2024-10-12,28.1,12.1,26.4,11.5,1.0,1.0,51.0,14.8,Nairobi
2024-10-13,26.2,14.8,25.7,14.7,8.1,8.1,63.0,12.2,Nairobi
2024-10-14,27.6,12.1,28.0,11.5,0.1,0.1,51.0,11.7,Nairobi
2024-10-15,27.3,13.5,29.6,13.7,0.3,0.3,51.0,12.6,Nairobi
2024-10-16,28.3,14.6,28.5,14.1,0.5,0.5,51.0,13.6,Nairobi
2024-10-17,29.2,15.6,28.6,14.9,0.0,0.0,3.0,12.4,Nairobi
2024-10-18,26.8,14.1,28.1,14.0,4.8,4.8,63.0,18.2,Nairobi
2024-10-19,25.1,15.2,26.2,15.6,5.3,5.3,63.0,12.6,Nairobi
2024-10-20,25.3,15.4,25.9,16.3,6.0,6.0,63.0,16.5,Nairobi
2024-10-21,26.1,13.0,27.7,12.9,0.2,0.2,51.0,13.2,Nairobi
2024-10-22,26.7,13.3,27.2,13.3,0.3,0.3,51.0,12.7,Nairobi
2024-10-23,26.2,13.9,27.3,13.6,0.3,0.3,51.0,11.5,Nairobi
2024-10-24,26.4,13.9,27.0,13.6,0.3,0.3,51.0,12.4,Nairobi
2024-10-25,27.6,13.4,28.7,13.2,0.2,0.2,51.0,11.7,Nairobi
2024-10-26,28.7,14.0,28.6,13.9,0.0,0.0,3.0,12.8,Nairobi
2024-10-27,28.0,14.9,29.0,14.7,0.7,0.7,51.0,13.7,Nairobi
2024-10-28,28.5,15.7,28.9,15.9,0.0,0.0,3.0,12.3,Nairobi
2024-10-29,28.8,14.4,28.4,13.8,0.0,0.0,3.0,13.3,Nairobi
2024-10-30,29.7,14.0,29.0,13.3,0.0,0.0,3.0,12.1,Nairobi
2024-10-31,29.8,13.9,30.0,13.4,0.0,0.0,3.0,11.2,Nairobi
2024-11-01,27.1,15.6,27.6,15.2,1.8,1.8,53.0,14.4,Nairobi
2024-11-02,28.4,15.5,27.8,15.6,0.0,0.0,3.0,15.7,Nairobi
2024-11-03,29.2,16.2,28.6,16.1,0.2,0.2,51.0,18.7,Nairobi
2024-11-04,28.4,15.8,29.5,15.1,0.0,0.0,3.0,12.3,Nairobi
2024-11-05,26.7,15.6,27.2,15.6,3.6,3.6,61.0,18.2,Nairobi
2024-11-06,25.8,16.0,25.3,15.8,2.0,2.0,51.0,18.3,Nairobi
2024-11-07,24.6,15.8,23.8,16.3,5.1,5.1,61.0,20.0,Nairobi
2024-11-08,24.5,14.7,23.8,14.0,5.1,5.1,63.0,16.3,Nairobi
2024-11-09,26.5,13.3,26.6,13.1,1.3,1.3,51.0,15.7,Nairobi
2024-11-10,25.3,15.7,26.3,15.8,1.8,1.8,51.0,15.6,Nairobi
2024-11-11,20.3,13.8,20.0,13.7,9.8,9.8,61.0,14.8,Nairobi
2024-11-12,25.9,12.3,26.1,12.0,0.2,0.2,51.0,13.4,Nairobi
2024-11-13,25.1,15.3,26.8,15.7,2.8,2.8,61.0,13.0,Nairobi
2024-11-14,26.3,16.3,28.6,17.3,7.9,7.9,63.0,13.9,Nairobi
2024-11-15,21.3,15.4,22.2,16.3,7.2,7.2,61.0,13.8,Nairobi
2024-11-16,20.0,15.1,20.1,15.5,12.0,12.0,63.0,11.7,Nairobi
2024-11-17,24.6,13.4,25.7,13.5,1.3,1.3,53.0,18.6,Nairobi
2024-11-18,25.1,14.8,26.1,14.5,0.6,0.6,51.0,12.6,Nairobi
2024-11-19,25.2,15.6,26.4,15.9,1.7,1.7,51.0,13.7,Nairobi
2024-11-20,25.3,15.9,26.7,17.0,2.2,2.2,53.0,15.9,Nairobi
2024-11-21,23.0,15.5,24.3,16.9,6.7,6.7,63.0,13.5,Nairobi
2024-11-22,24.6,15.2,26.2,16.0,2.5,2.5,61.0,14.7,Nairobi
2024-11-23,24.4,15.8,26.2,16.5,1.6,1.6,51.0,13.9,Nairobi
2024-11-24,23.9,16.1,25.7,16.6,19.9,19.9,65.0,15.0,Nairobi
2024-11-25,23.7,15.1,27.0,16.1,21.2,21.2,65.0,13.7,Nairobi
2024-11-26,23.6,14.1,24.8,15.1,2.0,2.0,51.0,11.0,Nairobi
2024-11-27,23.7,15.2,25.6,16.0,3.2,3.2,61.0,11.7,Nairobi
2024-11-28,24.2,15.5,26.2,16.4,4.4,4.4,61.0,13.5,Nairobi
2024-11-29,24.6,14.9,27.6,16.2,0.4,0.4,51.0,12.0,Nairobi
2024-11-30,24.3,13.6,26.1,14.3,0.5,0.5,51.0,15.9,Nairobi
2024-12-01,23.2,15.0,23.7,16.0,12.2,12.2,63.0,16.8,Nairobi
2024-12-02,24.3,15.6,23.9,16.4,1.2,1.2,51.0,15.4,Nairobi
2024-12-03,23.6,15.6,24.0,15.8,4.2,4.2,55.0,15.2,Nairobi
2024-12-04,25.6,15.0,25.4,15.5,0.4,0.4,51.0,17.5,Nairobi
2024-12-05,26.8,15.4,26.7,15.2,0.2,0.2,51.0,15.0,Nairobi
2024-12-06,27.0,15.7,26.7,15.3,0.3,0.3,51.0,16.8,Nairobi
2024-12-07,28.1,15.0,27.1,15.2,0.6,0.6,51.0,17.0,Nairobi
2024-12-08,27.2,14.5,26.7,15.1,0.2,0.2,51.0,15.8,Nairobi
2024-12-09,26.6,15.1,26.8,15.0,0.5,0.5,51.0,15.4,Nairobi
2024-12-10,26.1,16.1,25.9,16.4,2.1,2.1,53.0,19.1,Nairobi
2024-12-11,25.5,15.2,25.6,15.5,2.2,2.2,53.0,16.7,Nairobi
2024-12-12,26.7,15.7,26.9,15.7,1.7,1.7,51.0,15.0,Nairobi
2024-12-13,28.4,15.3,28.2,15.7,0.3,0.3,51.0,15.7,Nairobi
2024-12-14,27.3,16.4,28.1,16.8,0.0,0.0,3.0,10.6,Nairobi
2024-12-15,27.9,16.2,28.4,16.5,1.2,1.2,51.0,16.1,Nairobi
2024-12-16,25.7,15.9,25.7,16.0,1.9,1.9,51.0,20.0,Nairobi
2024-12-17,25.6,14.9,25.9,14.2,1.3,1.3,51.0,21.6,Nairobi
2024-12-18,27.0,14.8,27.8,15.4,1.1,1.1,51.0,13.6,Nairobi
2024-12-19,23.5,15.5,23.7,16.6,5.1,5.1,61.0,12.4,Nairobi
2024-12-20,25.4,15.7,26.1,16.7,5.6,5.6,63.0,13.3,Nairobi
2024-12-21,24.1,16.0,26.2,17.1,7.8,7.8,63.0,15.0,Nairobi
2024-12-22,23.4,14.6,25.2,15.8,3.1,3.1,55.0,14.6,Nairobi
2024-12-23,23.2,15.7,25.2,16.2,3.3,3.3,53.0,14.3,Nairobi
2024-12-24,24.0,15.5,25.5,16.5,6.9,6.9,61.0,12.9,Nairobi
2024-12-25,22.8,15.6,24.6,16.3,4.8,4.8,53.0,16.4,Nairobi
2024-12-26,23.8,14.8,24.5,15.1,1.9,1.9,53.0,14.8,Nairobi
2024-12-27,24.6,14.3,24.3,14.2,0.3,0.3,51.0,15.9,Nairobi
2024-12-28,25.7,14.3,26.2,14.1,0.4,0.4,51.0,13.9,Nairobi
2024-12-29,26.6,13.9,27.0,13.0,0.0,0.0,3.0,13.6,Nairobi
2024-12-30,26.9,14.7,26.4,14.0,0.0,0.0,3.0,15.3,Nairobi
2024-12-31,25.9,15.2,26.1,15.2,0.6,0.6,51.0,16.1,Nairobi
2025-01-01,25.9,14.6,25.2,15.2,0.7,0.7,51.0,18.1,Nairobi
2025-01-02,25.1,14.9,24.3,14.7,0.7,0.7,51.0,19.9,Nairobi
2025-01-03,25.4,14.5,24.3,13.8,0.0,0.0,3.0,20.0,Nairobi
2025-01-04,25.6,15.3,24.7,15.0,1.3,1.3,51.0,20.0,Nairobi
2025-01-05,24.7,15.0,23.7,14.5,0.9,0.9,51.0,20.0,Nairobi
2025-01-06,26.1,13.2,25.8,12.1,0.0,0.0,3.0,18.7,Nairobi
2025-01-07,27.8,13.7,27.5,12.1,0.0,0.0,3.0,17.0,Nairobi
2025-01-08,28.0,14.4,27.7,13.5,0.0,0.0,3.0,15.9,Nairobi
2025-01-09,27.5,15.7,28.1,15.0,0.5,0.5,51.0,16.4,Nairobi
2025-01-10,25.9,15.4,26.2,15.5,1.3,1.3,53.0,20.7,Nairobi
2025-01-11,27.4,15.3,26.7,15.3,0.1,0.1,51.0,16.4,Nairobi
2025-01-12,27.4,15.9,27.3,15.4,0.2,0.2,51.0,15.5,Nairobi
2025-01-13,27.5,16.5,27.0,16.2,0.0,0.0,3.0,15.9,Nairobi
2025-01-14,26.8,16.0,25.0,13.8,0.0,0.0,3.0,21.8,Nairobi
2025-01-15,25.1,13.9,23.1,12.2,0.2,0.2,51.0,22.4,Nairobi
2025-01-16,25.8,14.0,24.4,12.4,0.0,0.0,3.0,19.9,Nairobi
2025-01-17,26.5,14.4,26.0,12.8,0.0,0.0,3.0,15.8,Nairobi
2025-01-18,27.8,14.8,27.1,13.8,0.0,0.0,3.0,15.6,Nairobi
2025-01-19,27.4,16.1,27.2,14.9,0.0,0.0,3.0,17.1,Nairobi
2025-01-20,28.7,15.9,28.2,14.5,0.0,0.0,3.0,16.8,Nairobi
2025-01-21,28.4,15.6,28.1,14.8,0.0,0.0,3.0,14.4,Nairobi
2025-01-22,28.6,16.1,28.0,15.4,0.0,0.0,3.0,17.3,Nairobi
2025-01-23,27.7,15.6,27.7,14.9,0.0,0.0,3.0,16.5,Nairobi
2025-01-24,28.6,15.6,28.7,15.0,0.1,0.1,51.0,15.9,Nairobi
2025-01-25,28.3,15.8,27.7,15.0,0.4,0.4,51.0,14.0,Nairobi
2025-01-26,25.6,16.3,27.6,16.9,8.0,8.0,61.0,9.6,Nairobi
2025-01-27,23.6,15.5,25.3,15.9,0.3,0.3,51.0,11.5,Nairobi
2025-01-28,24.0,14.9,27.6,14.9,5.4,5.4,63.0,11.9,Nairobi
2025-01-29,24.7,14.2,27.7,14.5,4.7,4.7,63.0,10.4,Nairobi
2025-01-30,22.3,14.9,24.2,15.6,25.5,25.5,65.0,13.3,Nairobi
2025-01-31,24.8,14.4,26.4,14.4,0.4,0.4,51.0,13.0,Nairobi
2025-02-01,24.6,15.2,25.2,15.0,1.2,1.2,53.0,12.4,Nairobi
2025-02-02,25.8,15.1,27.4,15.6,0.3,0.3,51.0,13.3,Nairobi
2025-02-03,26.7,15.1,27.0,14.3,0.0,0.0,3.0,16.5,Nairobi
2025-02-04,26.5,15.0,26.1,13.7,0.0,0.0,3.0,19.9,Nairobi
2025-02-05,27.2,14.3,27.2,12.9,0.5,0.5,51.0,14.9,Nairobi
2025-02-06,27.0,15.3,27.4,14.3,0.2,0.2,51.0,17.1,Nairobi
2025-02-07,26.7,16.2,26.4,15.8,0.3,0.3,51.0,16.5,Nairobi
2025-02-08,29.7,14.9,28.9,14.3,0.0,0.0,3.0,15.7,Nairobi
2025-02-09,29.1,15.3,28.3,14.8,0.0,0.0,3.0,14.0,Nairobi
2025-02-10,28.9,15.9,27.6,15.8,0.0,0.0,3.0,20.5,Nairobi
2025-02-11,27.5,16.0,26.4,15.4,0.0,0.0,3.0,20.9,Nairobi
2025-02-12,26.2,15.5,26.0,15.0,1.1,1.1,51.0,23.2,Nairobi
2025-02-13,25.9,16.8,25.3,16.7,3.2,3.2,51.0,20.4,Nairobi
2025-02-14,28.5,15.0,27.4,14.6,0.0,0.0,3.0,19.4,Nairobi
2025-02-15,29.6,16.1,28.7,15.3,0.0,0.0,3.0,17.1,Nairobi
2025-02-16,29.1,16.5,28.5,16.7,0.8,0.8,53.0,18.6,Nairobi
2025-02-17,27.9,16.1,26.7,16.0,0.1,0.1,51.0,20.7,Nairobi
2025-02-18,29.3,15.0,27.9,13.4,0.0,0.0,3.0,18.2,Nairobi
2025-02-19,29.9,15.0,28.3,13.3,0.0,0.0,3.0,16.8,Nairobi
2025-02-20,30.9,16.0,30.1,14.2,0.0,0.0,3.0,16.2,Nairobi
2025-02-21,29.8,15.7,27.7,13.2,0.0,0.0,3.0,22.2,Nairobi
2025-02-22,28.1,15.0,25.5,13.3,0.0,0.0,3.0,25.9,Nairobi
2025-02-23,28.8,15.2,27.2,14.2,0.0,0.0,3.0,20.8,Nairobi
2025-02-24,28.4,14.9,26.7,13.2,0.0,0.0,3.0,21.4,Nairobi
2025-02-25,28.7,15.1,26.1,14.3,0.0,0.0,3.0,23.2,Nairobi
2025-02-26,29.1,15.7,27.4,13.8,0.0,0.0,3.0,19.1,Nairobi
2025-02-27,29.9,15.9,27.9,13.9,0.0,0.0,1.0,17.4,Nairobi
2025-02-28,30.9,15.8,29.2,13.6,0.0,0.0,3.0,20.2,Nairobi
2025-03-01,29.5,16.7,27.0,15.4,0.0,0.0,3.0,20.7,Nairobi
2025-03-02,29.7,15.8,28.9,15.4,0.0,0.0,3.0,18.3,Nairobi
2025-03-03,29.1,15.7,28.1,15.8,0.0,0.0,3.0,19.4,Nairobi
2025-03-04,29.3,16.1,28.4,16.0,0.0,0.0,3.0,17.4,Nairobi
2025-03-05,29.9,16.7,29.2,16.7,0.0,0.0,3.0,17.3,Nairobi
2025-03-06,30.3,16.0,30.0,15.8,0.0,0.0,3.0,17.5,Nairobi
2025-03-07,31.1,16.6,30.8,17.1,0.7,0.7,53.0,17.1,Nairobi
2025-03-08,29.3,17.7,29.5,17.9,0.9,0.9,53.0,15.6,Nairobi
2025-03-09,28.3,17.5,29.5,18.1,2.3,2.3,51.0,12.6,Nairobi
2025-03-10,25.0,16.6,25.9,17.5,13.8,13.8,63.0,9.6,Nairobi
2025-03-11,26.4,16.2,28.6,16.1,1.6,1.6,53.0,15.7,Nairobi
2025-03-12,25.9,16.1,27.6,16.7,1.0,1.0,51.0,16.9,Nairobi
2025-03-13,25.9,15.5,27.1,16.5,2.2,2.2,51.0,15.1,Nairobi
2025-03-14,30.3,15.7,29.5,15.9,0.0,0.0,3.0,17.7,Nairobi
2025-03-15,29.7,16.5,29.4,15.9,0.0,0.0,3.0,18.6,Nairobi
2025-03-16,28.7,16.0,28.1,15.3,0.0,0.0,3.0,15.1,Nairobi
2025-03-17,27.8,16.1,28.5,17.2,0.9,0.9,51.0,16.4,Nairobi
2025-03-18,26.1,16.3,27.3,16.6,3.8,3.8,53.0,17.8,Nairobi
2025-03-19,24.2,15.8,24.9,16.2,11.2,11.2,63.0,18.6,Nairobi
2025-03-20,23.5,15.8,25.3,16.4,7.5,7.5,63.0,11.8,Nairobi
2025-03-21,26.8,15.7,27.6,16.4,2.1,2.1,51.0,14.8,Nairobi
2025-03-22,26.0,16.0,27.7,16.0,2.1,2.1,51.0,17.7,Nairobi
2025-03-23,26.4,15.8,27.5,16.9,3.7,3.7,61.0,17.1,Nairobi
2025-03-24,27.6,16.8,28.3,17.0,1.0,1.0,51.0,18.2,Nairobi
2025-03-25,26.2,15.1,27.7,16.1,2.1,2.1,53.0,13.7,Nairobi
2025-03-26,25.5,15.7,26.8,16.0,1.8,1.8,51.0,16.4,Nairobi
2025-03-27,25.5,15.5,27.4,15.7,4.4,4.4,63.0,18.1,Nairobi
2025-03-28,23.4,15.7,23.9,16.9,7.6,7.6,63.0,14.7,Nairobi
2025-03-29,24.0,15.9,26.0,17.1,3.5,3.5,53.0,12.6,Nairobi
2025-03-30,23.8,15.6,26.0,16.5,2.8,2.8,51.0,15.9,Nairobi
2025-03-31,22.9,16.0,24.4,16.5,9.6,9.6,61.0,19.4,Nairobi
2025-04-01,24.9,15.9,26.8,16.9,3.9,3.9,55.0,14.1,Nairobi
2025-04-02,25.6,15.6,28.3,16.1,0.1,0.1,51.0,13.8,Nairobi
2025-04-03,25.2,16.1,26.9,17.0,5.0,5.0,63.0,12.4,Nairobi
2025-04-04,25.4,16.5,25.8,17.8,2.4,2.4,51.0,13.4,Nairobi
2025-04-05,25.5,16.4,27.7,17.3,3.9,3.9,55.0,15.3,Nairobi
2025-04-06,21.4,16.1,21.7,17.0,9.8,9.8,63.0,14.8,Nairobi
2025-04-07,23.2,15.7,25.1,16.9,2.0,2.0,51.0,15.9,Nairobi
2025-04-08,24.5,15.6,27.0,16.6,2.2,2.2,61.0,8.2,Nairobi
2025-04-09,25.8,15.6,28.6,16.5,0.2,0.2,51.0,11.2,Nairobi
2025-04-10,23.9,16.5,27.8,17.3,1.1,1.1,53.0,7.7,Nairobi
2025-04-11,24.9,14.9,27.9,15.2,1.3,1.3,53.0,14.8,Nairobi
2025-04-12,24.9,16.4,26.8,16.7,2.7,2.7,61.0,12.6,Nairobi
2025-04-13,24.2,15.8,24.9,16.3,5.3,5.3,53.0,12.5,Nairobi
2025-04-14,25.1,16.1,27.0,16.9,3.7,3.7,53.0,10.0,Nairobi
2025-04-15,25.1,16.2,26.2,17.4,3.3,3.3,53.0,12.6,Nairobi
2025-04-16,25.3,15.4,26.5,16.4,2.8,2.8,53.0,13.0,Nairobi
2025-04-17,25.5,15.6,27.8,16.9,1.3,1.3,51.0,9.9,Nairobi
2025-04-18,26.0,16.5,28.3,17.3,3.8,3.8,61.0,12.5,Nairobi
2025-04-19,26.0,16.4,28.1,17.0,14.0,14.0,63.0,11.7,Nairobi
2025-04-20,24.5,15.5,26.9,16.7,10.0,10.0,63.0,17.2,Nairobi
2025-04-21,23.0,15.0,25.7,16.2,11.8,11.8,63.0,9.8,Nairobi
2025-04-22,23.7,16.2,25.8,17.2,5.7,5.7,55.0,12.2,Nairobi
2025-04-23,22.0,15.9,22.1,16.0,9.1,9.1,63.0,17.5,Nairobi
2025-04-24,22.1,15.0,21.4,15.0,2.3,2.3,51.0,18.5,Nairobi
2025-04-25,23.1,15.2,24.0,15.9,3.4,3.4,53.0,15.3,Nairobi
2025-04-26,24.5,14.4,26.7,14.8,0.0,0.0,3.0,10.5,Nairobi
2025-04-27,24.7,15.2,25.8,16.1,1.0,1.0,51.0,9.9,Nairobi
2025-04-28,24.6,15.2,26.4,15.9,0.3,0.3,51.0,8.0,Nairobi
2025-04-29,25.4,15.8,27.4,17.2,2.5,2.5,55.0,11.3,Nairobi
2025-04-30,24.8,16.0,25.9,16.6,2.2,2.2,51.0,11.3,Nairobi
2025-05-01,25.1,15.5,25.3,16.6,0.7,0.7,51.0,13.7,Nairobi
2025-05-02,26.0,15.7,27.3,16.8,0.9,0.9,51.0,12.8,Nairobi
2025-05-03,26.2,16.0,28.4,16.3,3.0,3.0,61.0,13.0,Nairobi
2025-05-04,26.5,15.7,28.0,16.9,10.5,10.5,63.0,11.2,Nairobi
2025-05-05,23.4,15.2,24.9,16.0,12.5,12.5,63.0,12.2,Nairobi
2025-05-06,23.4,14.3,25.5,14.8,17.8,17.8,65.0,15.4,Nairobi
2025-05-07,23.3,14.8,25.0,15.7,10.2,10.2,63.0,9.3,Nairobi
2025-05-08,23.8,14.6,25.4,14.9,2.1,2.1,53.0,10.2,Nairobi
2025-05-09,23.4,15.4,25.1,16.0,2.1,2.1,53.0,13.9,Nairobi
2025-05-10,24.2,15.7,26.8,16.7,1.5,1.5,51.0,10.7,Nairobi
2025-05-11,24.1,15.3,26.6,16.3,3.6,3.6,55.0,13.1,Nairobi
2025-05-12,25.1,15.7,27.6,16.4,15.9,15.9,63.0,12.0,Nairobi
2025-05-13,23.0,14.9,24.1,15.5,26.8,26.8,65.0,11.9,Nairobi
2025-05-14,23.4,14.4,23.9,15.2,2.2,2.2,51.0,12.4,Nairobi
2025-05-15,23.1,14.5,24.7,15.4,1.4,1.4,51.0,9.6,Nairobi
2025-05-16,23.3,15.1,25.1,16.4,1.1,1.1,51.0,9.7,Nairobi
2025-05-17,23.6,14.9,24.4,16.0,0.7,0.7,51.0,8.2,Nairobi
2025-05-18,23.3,15.6,25.7,16.6,2.9,2.9,53.0,13.0,Nairobi
2025-05-19,22.6,14.9,24.1,15.9,2.6,2.6,53.0,9.8,Nairobi
2025-05-20,24.4,15.9,26.5,17.2,1.8,1.8,51.0,10.0,Nairobi
2025-05-21,24.3,16.2,25.9,17.1,0.9,0.9,51.0,9.6,Nairobi
2025-05-22,24.9,16.6,26.9,17.4,1.8,1.8,51.0,14.1,Nairobi
2025-05-23,24.5,15.5,25.4,15.8,2.4,2.4,55.0,10.5,Nairobi
2025-05-24,26.2,13.8,27.2,14.1,0.0,0.0,3.0,10.6,Nairobi
2025-05-25,23.1,14.2,23.3,14.5,0.8,0.8,53.0,13.4,Nairobi
2025-05-26,24.8,13.8,24.9,13.9,2.2,2.2,53.0,11.5,Nairobi
2025-05-27,22.7,14.4,23.4,15.6,10.3,10.3,63.0,13.1,Nairobi
2025-05-28,24.2,14.7,24.4,15.8,0.5,0.5,51.0,9.4,Nairobi
2025-05-29,24.1,15.1,24.3,15.2,1.3,1.3,51.0,12.0,Nairobi
2025-05-30,25.4,13.7,25.0,14.2,0.0,0.0,3.0,11.9,Nairobi
2025-05-31,26.1,13.1,25.5,12.8,0.0,0.0,3.0,16.6,Nairobi
2025-06-01,23.7,13.4,24.0,13.1,2.2,2.2,51.0,11.1,Nairobi
2025-06-02,23.7,15.2,24.6,16.4,2.2,2.2,51.0,10.3,Nairobi
2025-06-03,25.4,14.8,25.7,15.5,0.0,0.0,3.0,9.4,Nairobi
2025-06-04,25.4,14.2,26.2,14.9,0.5,0.5,51.0,13.0,Nairobi
2025-06-05,25.1,15.6,24.7,16.5,3.4,3.4,53.0,15.2,Nairobi
2025-06-06,22.7,15.0,23.0,15.2,6.8,6.8,61.0,14.2,Nairobi
2025-06-07,22.8,15.1,23.5,16.2,4.4,4.4,61.0,10.9,Nairobi
2025-06-08,23.3,14.2,23.7,14.5,1.5,1.5,51.0,10.7,Nairobi
2025-06-09,23.4,13.9,24.8,14.4,8.4,8.4,63.0,16.5,Nairobi
2025-06-10,24.0,12.9,24.2,12.5,0.8,0.8,51.0,10.1,Nairobi
2025-06-11,23.3,13.7,24.3,13.4,0.9,0.9,51.0,11.0,Nairobi
2025-06-12,23.0,15.2,24.0,16.0,2.4,2.4,51.0,8.7,Nairobi
2025-06-13,25.2,13.8,25.2,13.9,0.2,0.2,51.0,14.0,Nairobi
2025-06-14,24.7,11.6,23.9,11.2,0.0,0.0,3.0,11.4,Nairobi
2025-06-15,24.3,13.7,23.6,13.7,0.0,0.0,3.0,11.1,Nairobi
2025-06-16,23.6,12.5,22.8,12.3,0.0,0.0,3.0,10.6,Nairobi
2025-06-17,24.4,13.7,24.8,13.8,0.5,0.5,51.0,10.8,Nairobi
2025-06-18,24.5,13.2,24.8,13.0,0.3,0.3,51.0,10.4,Nairobi
2025-06-19,24.6,14.4,24.9,14.9,0.0,0.0,3.0,8.7,Nairobi
2025-06-20,23.3,14.6,23.6,15.2,3.0,3.0,61.0,12.5,Nairobi
2025-06-21,25.1,12.6,24.9,13.2,0.1,0.1,51.0,13.9,Nairobi
2025-06-22,24.4,14.3,24.9,14.6,1.2,1.2,51.0,12.1,Nairobi
2025-06-23,24.7,14.9,23.9,15.4,1.1,1.1,51.0,13.7,Nairobi
2025-06-24,25.4,11.9,25.1,11.9,0.0,0.0,3.0,12.8,Nairobi
2025-06-25,24.0,12.9,22.9,12.9,0.7,0.7,51.0,11.7,Nairobi
2025-06-26,23.6,15.4,23.6,15.6,4.1,4.1,53.0,12.0,Nairobi
2025-06-27,25.4,15.4,26.0,15.7,0.2,0.2,51.0,11.3,Nairobi
2025-06-28,24.7,14.3,25.6,14.7,0.7,0.7,51.0,12.3,Nairobi
2025-06-29,21.4,14.7,20.3,14.3,0.0,0.0,3.0,11.4,Nairobi
2025-06-30,21.4,13.4,20.3,13.1,0.0,0.0,3.0,9.6,Nairobi
2025-07-01,22.9,13.3,22.3,13.6,0.6,0.6,51.0,9.7,Nairobi
2025-07-02,23.5,13.2,22.5,13.4,0.0,0.0,3.0,12.3,Nairobi
2025-07-03,22.7,14.5,22.4,14.4,0.5,0.5,51.0,10.5,Nairobi
2025-07-04,23.8,14.9,24.1,15.0,0.5,0.5,51.0,13.0,Nairobi
2025-07-05,22.0,14.7,22.5,14.7,1.0,1.0,53.0,10.7,Nairobi
2025-07-06,23.3,14.8,23.1,14.8,0.9,0.9,51.0,11.2,Nairobi
2025-07-07,22.0,14.9,22.7,14.6,0.7,0.7,51.0,8.8,Nairobi
2025-07-08,22.2,14.2,22.7,14.3,0.6,0.6,51.0,7.9,Nairobi
2025-07-09,19.8,14.2,18.8,13.5,0.1,0.1,51.0,12.4,Nairobi
2025-07-10,22.7,14.7,21.8,14.8,0.0,0.0,3.0,10.3,Nairobi
2025-07-11,22.1,14.8,21.1,15.1,1.4,1.4,53.0,9.3,Nairobi
2025-07-12,23.1,14.0,22.7,14.5,1.4,1.4,51.0,10.6,Nairobi
2025-07-13,22.2,15.1,22.2,15.1,2.0,2.0,53.0,11.8,Nairobi
2025-07-14,23.6,13.1,24.2,12.8,0.2,0.2,51.0,9.5,Nairobi
2025-07-15,23.5,13.2,23.0,13.2,0.2,0.2,51.0,9.6,Nairobi
2025-07-16,23.1,13.8,23.6,13.8,0.7,0.7,51.0,8.6,Nairobi
2025-07-17,23.9,13.4,25.4,14.0,1.3,1.3,53.0,6.9,Nairobi
2025-07-18,23.4,13.4,23.4,13.1,0.9,0.9,51.0,9.6,Nairobi
2025-07-19,26.4,13.0,24.3,13.0,0.4,0.4,51.0,15.0,Nairobi
2025-07-20,24.8,12.1,23.7,11.4,0.0,0.0,3.0,11.5,Nairobi
2025-07-21,24.6,11.4,23.1,11.2,0.0,0.0,3.0,14.3,Nairobi
2025-07-22,24.3,11.6,23.8,11.7,0.1,0.1,51.0,12.2,Nairobi
2025-07-23,20.0,12.9,19.4,12.6,0.5,0.5,51.0,8.7,Nairobi
2025-07-24,26.3,11.3,25.0,10.3,0.0,0.0,3.0,13.3,Nairobi
2025-07-25,26.6,11.6,25.3,11.6,0.0,0.0,3.0,13.7,Nairobi
2025-07-26,26.6,12.0,25.7,11.4,0.0,0.0,3.0,15.1,Nairobi
2025-07-27,25.5,11.5,24.6,10.9,0.0,0.0,3.0,14.2,Nairobi
2025-07-28,,,,,,,,,Nairobi
2025-07-29,,,,,,,,,Nairobi
2019-01-01,33.9,23.9,35.2,28.0,0.0,0.0,3.0,15.5,Lagos
2019-01-02,32.5,24.5,36.1,29.1,0.0,0.0,3.0,14.8,Lagos
2019-01-03,33.8,23.7,35.7,27.9,0.0,0.0,3.0,15.5,Lagos
2019-01-04,33.4,24.0,37.7,28.4,0.0,0.0,3.0,18.0,Lagos
2019-01-05,34.5,24.3,34.8,28.8,0.0,0.0,3.0,16.6,Lagos
2019-01-06,33.3,22.9,35.6,25.4,0.0,0.0,1.0,16.6,Lagos
2019-01-07,33.2,24.4,36.1,29.1,0.0,0.0,3.0,18.2,Lagos
2019-01-08,33.4,23.8,33.9,28.4,0.0,0.0,3.0,14.4,Lagos
2019-01-09,33.1,22.8,34.6,26.9,0.0,0.0,3.0,16.2,Lagos
2019-01-10,31.8,23.6,35.7,28.0,0.0,0.0,2.0,15.0,Lagos
2019-01-11,31.8,25.5,36.0,31.3,0.1,0.1,51.0,14.4,Lagos
2019-01-12,33.0,24.5,37.9,29.5,0.0,0.0,3.0,18.6,Lagos
2019-01-13,31.9,25.9,35.8,31.7,0.4,0.4,51.0,18.9,Lagos
2019-01-14,30.9,27.0,34.3,31.9,1.2,1.2,53.0,17.4,Lagos
2019-01-15,30.7,25.5,35.0,31.0,1.3,1.3,53.0,14.7,Lagos
2019-01-16,31.1,25.7,36.2,31.3,1.6,1.6,53.0,14.1,Lagos
2019-01-17,31.4,25.9,36.4,31.1,1.7,1.7,51.0,18.6,Lagos
2019-01-18,31.1,26.3,34.6,31.3,1.2,1.2,51.0,20.0,Lagos
2019-01-19,32.1,25.9,35.8,31.3,1.3,1.3,51.0,19.9,Lagos
2019-01-20,31.8,26.0,36.8,31.7,0.4,0.4,51.0,15.6,Lagos
2019-01-21,30.9,24.4,35.9,29.4,4.9,4.9,63.0,14.7,Lagos
2019-01-22,31.9,25.8,37.2,31.4,0.4,0.4,51.0,18.7,Lagos
2019-01-23,31.2,26.8,35.9,32.3,1.0,1.0,51.0,19.7,Lagos
2019-01-24,27.5,24.9,32.9,28.9,13.1,13.1,61.0,14.0,Lagos
2019-01-25,30.8,24.1,37.2,28.9,0.0,0.0,3.0,14.5,Lagos
2019-01-26,31.5,25.9,37.7,31.7,0.9,0.9,51.0,18.6,Lagos
2019-01-27,30.5,24.5,35.5,29.4,4.9,4.9,63.0,17.9,Lagos
2019-01-28,29.1,26.2,34.0,31.3,7.4,7.4,61.0,18.6,Lagos
2019-01-29,29.0,25.5,34.6,31.4,2.6,2.6,53.0,12.2,Lagos
2019-01-30,31.0,23.5,36.8,27.5,8.2,8.2,63.0,14.8,Lagos
2019-01-31,31.4,25.5,37.9,31.0,0.6,0.6,51.0,14.2,Lagos
2019-02-01,30.7,26.7,36.1,32.8,0.4,0.4,51.0,15.3,Lagos
2019-02-02,28.4,25.5,34.5,30.6,9.7,9.7,61.0,15.8,Lagos
2019-02-03,30.6,25.1,36.7,30.5,2.6,2.6,55.0,17.1,Lagos
2019-02-04,31.0,25.9,36.2,31.6,1.7,1.7,53.0,20.1,Lagos
2019-02-05,31.7,26.3,37.6,31.5,0.8,0.8,51.0,19.0,Lagos
2019-02-06,30.7,26.4,36.7,32.0,1.2,1.2,51.0,16.1,Lagos
2019-02-07,30.3,25.8,37.6,31.3,1.7,1.7,55.0,15.0,Lagos
2019-02-08,30.4,25.9,36.3,31.5,4.6,4.6,63.0,11.9,Lagos
2019-02-09,32.7,25.0,38.5,30.1,0.1,0.1,51.0,16.2,Lagos
2019-02-10,34.0,25.1,35.6,30.2,0.0,0.0,3.0,13.5,Lagos
2019-02-11,33.2,22.6,37.7,25.7,0.0,0.0,3.0,14.6,Lagos
2019-02-12,34.0,25.0,38.3,30.1,0.0,0.0,3.0,17.1,Lagos
2019-02-13,32.8,25.0,38.6,30.5,0.0,0.0,3.0,17.3,Lagos
2019-02-14,32.6,25.7,38.0,31.3,0.2,0.2,51.0,15.5,Lagos
2019-02-15,32.2,26.4,37.7,32.7,1.0,1.0,51.0,19.5,Lagos
2019-02-16,32.9,23.5,36.6,28.2,0.0,0.0,3.0,16.3,Lagos
2019-02-17,32.4,25.9,38.0,31.4,0.6,0.6,51.0,16.2,Lagos
2019-02-18,32.5,26.4,38.0,32.7,0.5,0.5,51.0,15.2,Lagos
2019-02-19,32.0,26.8,37.4,32.8,1.4,1.4,51.0,17.7,Lagos
2019-02-20,32.1,26.5,36.9,32.4,1.9,1.9,51.0,16.9,Lagos
2019-02-21,32.7,27.6,37.3,32.7,1.3,1.3,53.0,22.6,Lagos
2019-02-22,31.8,27.5,35.5,32.2,1.9,1.9,55.0,22.7,Lagos
2019-02-23,31.4,27.5,35.7,32.6,0.9,0.9,51.0,20.9,Lagos
2019-02-24,28.1,25.0,33.5,28.6,11.1,11.1,63.0,14.8,Lagos
2019-02-25,30.0,25.2,34.7,28.6,2.2,2.2,55.0,17.6,Lagos
2019-02-26,27.8,25.8,33.9,29.9,13.9,13.9,63.0,15.8,Lagos
2019-02-27,30.2,25.6,36.1,31.4,0.9,0.9,51.0,9.6,Lagos
2019-02-28,31.0,25.7,37.8,31.7,3.6,3.6,61.0,12.6,Lagos
2019-03-01,30.3,26.2,37.2,31.5,3.5,3.5,61.0,12.0,Lagos
2019-03-02,30.6,25.5,36.8,30.6,0.6,0.6,51.0,16.6,Lagos
2019-03-03,31.3,25.3,37.0,30.8,0.2,0.2,51.0,16.5,Lagos
2019-03-04,31.4,26.7,37.3,32.0,1.8,1.8,61.0,22.0,Lagos
2019-03-05,31.1,26.7,36.5,31.9,0.9,0.9,51.0,16.4,Lagos
2019-03-06,31.7,25.8,36.9,30.2,6.4,6.4,61.0,15.8,Lagos
2019-03-07,30.7,26.4,35.1,32.5,0.5,0.5,51.0,19.5,Lagos
2019-03-08,31.2,25.1,37.0,30.7,0.2,0.2,51.0,17.1,Lagos
2019-03-09,31.7,25.5,36.9,30.3,3.3,3.3,61.0,18.7,Lagos
2019-03-10,30.8,25.2,35.8,30.8,5.6,5.6,63.0,15.3,Lagos
2019-03-11,31.4,25.5,37.8,30.8,1.3,1.3,53.0,16.3,Lagos
2019-03-12,31.4,27.3,36.3,32.9,0.7,0.7,51.0,16.6,Lagos
2019-03-13,32.4,27.1,37.2,32.8,0.3,0.3,51.0,15.8,Lagos
2019-03-14,32.9,27.1,37.5,32.9,1.1,1.1,53.0,21.5,Lagos
2019-03-15,31.9,26.6,37.2,32.3,0.7,0.7,53.0,16.2,Lagos
2019-03-16,31.7,27.2,36.9,33.5,3.3,3.3,61.0,15.1,Lagos
2019-03-17,31.9,25.9,36.6,31.2,0.4,0.4,51.0,16.2,Lagos
2019-03-18,32.5,25.8,38.4,31.7,0.1,0.1,51.0,19.4,Lagos
2019-03-19,32.6,27.4,36.6,31.9,0.3,0.3,51.0,19.1,Lagos
2019-03-20,32.0,27.3,36.1,32.1,1.8,1.8,53.0,21.0,Lagos
2019-03-21,32.0,26.3,36.4,31.4,5.0,5.0,61.0,22.7,Lagos
2019-03-22,29.7,24.9,35.2,30.2,3.8,3.8,61.0,20.0,Lagos
2019-03-23,31.8,26.8,37.5,32.6,1.2,1.2,53.0,18.7,Lagos
2019-03-24,31.0,27.5,35.5,32.1,1.1,1.1,51.0,20.9,Lagos
2019-03-25,31.2,26.6,35.8,30.8,1.6,1.6,51.0,19.0,Lagos
2019-03-26,31.4,25.6,37.8,31.1,0.0,0.0,2.0,14.6,Lagos
2019-03-27,31.9,27.3,37.9,32.8,0.7,0.7,51.0,13.0,Lagos
2019-03-28,32.1,27.3,37.6,33.1,0.8,0.8,51.0,17.2,Lagos
2019-03-29,31.6,27.7,36.5,33.0,2.1,2.1,53.0,18.0,Lagos
2019-03-30,31.9,27.6,36.6,32.0,2.4,2.4,61.0,18.8,Lagos
2019-03-31,31.4,26.6,36.8,32.7,1.6,1.6,53.0,17.9,Lagos
2019-04-01,33.0,26.4,38.7,32.9,0.0,0.0,3.0,20.0,Lagos
2019-04-02,32.3,27.5,37.6,33.2,0.3,0.3,51.0,20.0,Lagos
2019-04-03,32.9,27.8,38.1,33.5,0.3,0.3,51.0,17.0,Lagos
2019-04-04,32.7,28.1,37.9,31.6,1.5,1.5,53.0,25.1,Lagos
2019-04-05,31.7,27.1,35.9,31.5,3.7,3.7,61.0,21.4,Lagos
2019-04-06,32.2,27.6,36.4,32.4,0.8,0.8,51.0,21.8,Lagos
2019-04-07,30.4,25.7,35.7,30.6,14.0,14.0,63.0,17.1,Lagos
2019-04-08,31.7,26.0,35.7,30.6,1.4,1.4,53.0,20.5,Lagos
2019-04-09,31.8,27.4,36.3,33.2,0.0,0.0,3.0,18.2,Lagos
2019-04-10,31.8,27.0,36.4,31.2,4.5,4.5,61.0,19.9,Lagos
2019-04-11,29.7,25.0,33.9,29.9,13.6,13.6,65.0,16.4,Lagos
2019-04-12,30.9,26.0,34.9,31.7,0.8,0.8,51.0,19.9,Lagos
2019-04-13,31.2,24.5,35.1,28.9,1.2,1.2,51.0,16.1,Lagos
2019-04-14,29.5,26.1,35.6,31.8,2.3,2.3,55.0,13.1,Lagos
2019-04-15,30.5,24.8,35.0,30.5,0.0,0.0,3.0,12.5,Lagos
2019-04-16,30.9,26.4,36.7,31.4,0.0,0.0,3.0,13.8,Lagos
2019-04-17,31.8,25.7,38.0,31.2,0.6,0.6,51.0,14.3,Lagos
2019-04-18,32.1,27.3,37.6,32.7,0.7,0.7,51.0,17.4,Lagos
2019-04-19,31.9,27.8,37.0,32.3,0.8,0.8,51.0,16.6,Lagos
2019-04-20,32.4,27.5,36.6,33.1,0.2,0.2,51.0,18.5,Lagos
2019-04-21,32.7,27.1,37.4,32.7,0.8,0.8,51.0,17.6,Lagos
2019-04-22,32.2,27.6,36.4,32.5,1.0,1.0,51.0,18.7,Lagos
2019-04-23,30.6,26.0,35.9,31.2,11.5,11.5,63.0,17.2,Lagos
2019-04-24,31.1,25.9,36.7,31.0,3.3,3.3,53.0,14.5,Lagos
2019-04-25,31.2,25.4,36.4,31.1,7.5,7.5,63.0,15.7,Lagos
2019-04-26,30.7,27.1,34.9,32.6,1.4,1.4,51.0,16.9,Lagos
2019-04-27,31.3,27.0,36.2,32.5,2.4,2.4,53.0,17.2,Lagos
2019-04-28,31.8,26.9,37.4,32.7,1.0,1.0,51.0,18.0,Lagos
2019-04-29,31.1,27.8,35.9,31.9,3.8,3.8,61.0,20.4,Lagos
2019-04-30,31.4,26.2,35.4,30.8,4.3,4.3,55.0,20.1,Lagos
2019-05-01,31.2,25.7,36.1,31.7,3.3,3.3,61.0,19.4,Lagos
2019-05-02,30.8,26.0,35.4,31.5,5.2,5.2,61.0,18.6,Lagos
2019-05-03,29.3,26.1,34.8,32.1,4.6,4.6,61.0,15.6,Lagos
2019-05-04,29.6,25.0,34.5,29.9,0.8,0.8,51.0,15.7,Lagos
2019-05-05,32.1,25.2,38.3,30.1,0.5,0.5,53.0,18.6,Lagos
2019-05-06,32.6,27.2,36.6,32.9,0.3,0.3,51.0,18.3,Lagos
2019-05-07,31.6,27.7,35.7,33.2,1.6,1.6,53.0,17.1,Lagos
2019-05-08,32.6,26.9,37.3,33.3,0.2,0.2,51.0,17.4,Lagos
2019-05-09,32.4,27.6,36.9,32.8,0.1,0.1,51.0,17.1,Lagos
2019-05-10,31.1,26.7,36.0,32.9,0.5,0.5,51.0,12.8,Lagos
2019-05-11,30.3,26.3,35.4,32.7,1.2,1.2,51.0,16.1,Lagos
2019-05-12,32.0,24.9,38.2,30.4,0.0,0.0,3.0,14.1,Lagos
2019-05-13,31.4,26.4,36.6,32.4,0.5,0.5,51.0,13.0,Lagos
2019-05-14,30.6,25.9,36.9,32.0,1.5,1.5,51.0,13.3,Lagos
2019-05-15,29.7,25.5,34.5,30.3,14.8,14.8,63.0,13.5,Lagos
2019-05-16,30.0,24.3,35.4,28.3,0.2,0.2,51.0,15.4,Lagos
2019-05-17,30.5,26.0,35.0,31.8,0.0,0.0,3.0,13.4,Lagos
2019-05-18,31.1,25.6,37.6,30.6,0.3,0.3,51.0,16.0,Lagos
2019-05-19,31.4,27.2,37.1,32.2,0.0,0.0,3.0,15.7,Lagos
2019-05-20,28.5,25.1,33.8,30.2,6.0,6.0,61.0,14.0,Lagos
2019-05-21,28.4,25.1,34.0,30.5,1.2,1.2,51.0,12.0,Lagos
2019-05-22,29.1,25.2,35.5,30.5,1.4,1.4,53.0,10.2,Lagos
2019-05-23,30.6,25.0,37.2,30.4,1.3,1.3,53.0,17.7,Lagos
2019-05-24,29.1,25.5,34.4,30.7,5.4,5.4,61.0,12.8,Lagos
2019-05-25,29.5,24.8,35.0,30.2,2.5,2.5,61.0,15.5,Lagos
2019-05-26,29.1,26.2,33.9,31.5,5.4,5.4,63.0,13.8,Lagos
2019-05-27,29.7,24.5,34.0,29.6,10.3,10.3,63.0,18.4,Lagos
2019-05-28,29.5,25.5,35.2,30.5,1.9,1.9,53.0,19.6,Lagos
2019-05-29,29.5,25.8,34.9,30.2,2.7,2.7,53.0,23.9,Lagos
2019-05-30,27.8,24.7,32.2,29.5,13.8,13.8,63.0,14.2,Lagos
2019-05-31,26.2,24.2,31.1,29.0,64.9,64.9,65.0,11.5,Lagos
2019-06-01,28.6,24.4,32.7,29.1,13.3,13.3,63.0,17.5,Lagos
2019-06-02,29.2,24.9,32.9,29.5,1.9,1.9,53.0,15.0,Lagos
2019-06-03,30.0,24.8,34.6,29.7,1.4,1.4,51.0,16.4,Lagos
2019-06-04,28.6,25.4,34.5,30.5,5.5,5.5,61.0,17.6,Lagos
2019-06-05,29.1,25.4,33.7,29.7,2.4,2.4,53.0,23.7,Lagos
2019-06-06,28.2,25.4,31.7,28.2,3.6,3.6,55.0,22.2,Lagos
2019-06-07,28.2,24.6,32.9,28.8,9.0,9.0,61.0,19.6,Lagos
2019-06-08,28.9,24.8,33.9,29.5,2.2,2.2,53.0,17.9,Lagos
2019-06-09,27.5,24.9,31.9,29.0,2.8,2.8,51.0,18.0,Lagos
2019-06-10,27.4,24.9,31.3,29.4,10.8,10.8,63.0,17.2,Lagos
2019-06-11,28.4,24.4,33.4,28.8,5.1,5.1,61.0,18.7,Lagos
2019-06-12,28.9,25.0,33.2,29.8,0.9,0.9,51.0,19.6,Lagos
2019-06-13,28.7,24.7,32.8,29.6,5.5,5.5,63.0,16.8,Lagos
2019-06-14,28.0,25.0,32.9,29.6,8.5,8.5,61.0,17.4,Lagos
2019-06-15,26.1,24.4,31.0,29.2,16.4,16.4,63.0,12.9,Lagos
2019-06-16,29.2,23.9,35.8,28.7,1.1,1.1,51.0,18.0,Lagos
2019-06-17,29.1,24.7,34.2,29.4,1.2,1.2,51.0,18.2,Lagos
2019-06-18,28.7,25.2,34.2,30.5,1.7,1.7,51.0,17.1,Lagos
2019-06-19,29.4,24.8,35.5,29.9,1.1,1.1,51.0,21.1,Lagos
2019-06-20,27.5,25.7,32.6,29.6,3.2,3.2,53.0,18.8,Lagos
2019-06-21,27.9,24.9,32.8,29.8,5.8,5.8,63.0,18.2,Lagos
2019-06-22,28.0,25.0,33.1,29.5,2.3,2.3,51.0,16.9,Lagos
2019-06-23,28.0,24.8,32.4,29.4,3.6,3.6,55.0,21.6,Lagos
2019-06-24,27.2,24.3,30.8,28.8,4.2,4.2,55.0,19.2,Lagos
2019-06-25,26.8,23.9,30.9,28.9,6.9,6.9,61.0,16.4,Lagos
2019-06-26,27.1,24.3,33.7,28.6,9.2,9.2,61.0,13.5,Lagos
2019-06-27,27.8,24.0,33.3,28.7,3.0,3.0,53.0,14.2,Lagos
2019-06-28,26.2,23.9,31.0,28.4,9.1,9.1,63.0,13.2,Lagos
2019-06-29,27.8,24.2,33.8,29.1,1.2,1.2,51.0,16.6,Lagos
2019-06-30,28.1,24.5,32.9,28.9,2.4,2.4,53.0,15.7,Lagos
2019-07-01,27.8,24.6,32.9,29.0,2.2,2.2,51.0,19.6,Lagos
2019-07-02,28.0,24.9,31.4,29.9,0.6,0.6,51.0,19.9,Lagos
2019-07-03,27.8,25.2,33.2,29.4,2.5,2.5,53.0,16.2,Lagos
2019-07-04,27.4,24.7,30.9,28.8,6.3,6.3,61.0,18.9,Lagos
2019-07-05,27.1,25.0,33.1,28.9,4.5,4.5,53.0,15.8,Lagos
2019-07-06,28.9,24.0,34.1,28.2,2.9,2.9,53.0,16.7,Lagos
2019-07-07,28.2,24.9,31.4,27.9,2.1,2.1,53.0,26.6,Lagos
2019-07-08,27.9,24.2,31.1,27.0,3.8,3.8,53.0,25.0,Lagos
2019-07-09,27.2,24.5,30.9,28.3,1.6,1.6,53.0,18.1,Lagos
2019-07-10,28.0,24.5,32.2,28.5,2.0,2.0,53.0,18.2,Lagos
2019-07-11,27.4,24.5,31.5,28.8,9.1,9.1,61.0,15.3,Lagos
2019-07-12,25.0,22.7,29.3,26.6,40.6,40.6,63.0,14.0,Lagos
2019-07-13,27.0,23.1,31.7,27.4,1.2,1.2,51.0,17.2,Lagos
2019-07-14,28.5,23.2,32.9,27.0,2.3,2.3,53.0,16.8,Lagos
2019-07-15,26.7,24.1,30.4,27.9,8.9,8.9,55.0,17.4,Lagos
2019-07-16,26.5,23.5,30.7,27.9,6.8,6.8,61.0,15.7,Lagos
2019-07-17,28.8,23.0,34.1,27.2,1.2,1.2,53.0,17.3,Lagos
2019-07-18,27.3,24.7,30.3,28.1,1.1,1.1,53.0,20.9,Lagos
2019-07-19,27.4,24.5,31.2,28.3,3.6,3.6,53.0,20.4,Lagos
2019-07-20,26.5,23.7,30.7,27.4,11.0,11.0,61.0,18.3,Lagos
2019-07-21,27.6,23.6,31.4,27.4,2.3,2.3,55.0,19.2,Lagos
2019-07-22,28.3,23.9,33.2,27.8,1.5,1.5,51.0,18.9,Lagos
2019-07-23,26.2,23.9,30.2,27.8,2.0,2.0,51.0,15.9,Lagos
2019-07-24,27.5,23.9,32.9,27.9,1.5,1.5,51.0,15.1,Lagos
2019-07-25,28.0,24.3,33.4,28.3,3.4,3.4,55.0,15.8,Lagos
2019-07-26,26.6,24.3,30.2,28.5,8.7,8.7,63.0,17.4,Lagos
2019-07-27,26.9,24.1,30.3,27.9,7.6,7.6,61.0,20.5,Lagos
2019-07-28,26.7,24.2,30.2,27.3,4.1,4.1,55.0,20.4,Lagos
2019-07-29,26.5,24.4,30.3,27.9,2.5,2.5,51.0,16.6,Lagos
2019-07-30,27.0,24.0,31.1,27.5,1.2,1.2,51.0,19.8,Lagos
2019-07-31,27.5,23.9,32.6,27.6,1.2,1.2,51.0,19.4,Lagos
2019-08-01,27.7,24.1,30.6,27.4,1.7,1.7,51.0,21.8,Lagos
2019-08-02,27.1,23.9,30.4,27.2,0.6,0.6,51.0,21.1,Lagos
2019-08-03,26.7,24.2,28.9,27.2,1.2,1.2,51.0,21.4,Lagos
2019-08-04,27.2,23.5,30.8,27.7,1.9,1.9,53.0,19.4,Lagos
2019-08-05,27.5,23.9,30.3,27.4,0.8,0.8,51.0,18.6,Lagos
2019-08-06,27.4,24.1,31.2,27.3,0.7,0.7,51.0,19.0,Lagos
2019-08-07,27.8,23.3,32.5,27.3,0.7,0.7,51.0,19.9,Lagos
2019-08-08,27.0,24.2,29.4,27.4,1.2,1.2,51.0,20.6,Lagos
2019-08-09,27.3,23.8,30.9,26.7,2.1,2.1,51.0,20.6,Lagos
2019-08-10,27.5,24.3,31.2,27.9,1.6,1.6,51.0,20.8,Lagos
2019-08-11,28.0,23.8,32.1,27.4,0.9,0.9,51.0,23.3,Lagos
2019-08-12,27.4,24.3,30.7,27.3,1.5,1.5,53.0,21.2,Lagos
2019-08-13,27.7,24.4,31.3,27.3,1.8,1.8,53.0,19.1,Lagos
2019-08-14,27.8,24.1,31.1,27.8,3.2,3.2,51.0,20.1,Lagos
2019-08-15,27.6,24.0,31.1,28.5,3.4,3.4,53.0,19.8,Lagos
2019-08-16,28.0,24.3,31.6,28.2,1.0,1.0,51.0,21.4,Lagos
2019-08-17,28.1,24.3,31.9,28.2,2.7,2.7,53.0,19.4,Lagos
2019-08-18,28.1,24.2,32.2,28.1,1.1,1.1,51.0,20.9,Lagos
2019-08-19,27.2,24.6,30.7,28.0,1.6,1.6,51.0,21.7,Lagos
2019-08-20,27.7,24.3,31.7,27.9,1.2,1.2,51.0,18.8,Lagos
2019-08-21,27.2,24.4,30.7,28.4,1.6,1.6,51.0,17.3,Lagos
2019-08-22,27.7,24.2,31.6,27.9,1.8,1.8,53.0,22.9,Lagos
2019-08-23,27.0,24.1,29.4,27.4,7.0,7.0,61.0,23.2,Lagos
2019-08-24,27.1,24.6,29.5,28.0,1.8,1.8,53.0,18.9,Lagos
2019-08-25,28.0,23.4,32.5,27.1,6.4,6.4,61.0,17.3,Lagos
2019-08-26,26.9,24.3,31.7,28.3,6.1,6.1,61.0,19.1,Lagos
2019-08-27,27.6,23.8,31.8,28.1,1.6,1.6,51.0,18.1,Lagos
2019-08-28,27.3,23.5,31.7,28.1,3.4,3.4,53.0,16.8,Lagos
2019-08-29,28.8,23.3,34.4,28.0,1.3,1.3,53.0,17.0,Lagos
2019-08-30,28.6,24.0,33.2,28.2,1.6,1.6,53.0,13.7,Lagos
2019-08-31,28.0,22.9,33.0,26.9,9.2,9.2,61.0,21.6,Lagos
2019-09-01,27.2,24.1,29.8,27.7,8.8,8.8,61.0,21.7,Lagos
2019-09-02,27.4,23.9,31.9,27.4,9.2,9.2,61.0,18.4,Lagos
2019-09-03,27.4,23.7,31.1,28.2,2.1,2.1,51.0,14.6,Lagos
2019-09-04,26.2,23.7,31.0,27.5,15.7,15.7,63.0,17.8,Lagos
2019-09-05,27.6,24.5,32.5,28.6,1.5,1.5,51.0,17.1,Lagos
2019-09-06,26.5,24.0,30.7,28.4,12.8,12.8,63.0,18.9,Lagos
2019-09-07,27.5,23.5,31.8,28.5,2.3,2.3,53.0,16.3,Lagos
2019-09-08,27.4,23.9,32.6,28.5,3.2,3.2,53.0,16.3,Lagos
2019-09-09,27.1,24.0,30.6,28.3,9.5,9.5,61.0,16.6,Lagos
2019-09-10,27.0,23.9,30.4,27.9,10.9,10.9,61.0,19.9,Lagos
2019-09-11,26.2,23.7,30.5,27.9,14.3,14.3,63.0,11.8,Lagos
2019-09-12,27.3,24.0,32.1,27.6,3.9,3.9,53.0,17.9,Lagos
2019-09-13,27.7,23.9,33.7,28.9,0.9,0.9,51.0,17.6,Lagos
2019-09-14,27.9,24.4,32.8,29.2,2.4,2.4,51.0,17.8,Lagos
2019-09-15,28.0,24.2,32.6,29.0,2.8,2.8,53.0,17.3,Lagos
2019-09-16,28.5,24.7,34.2,29.3,1.8,1.8,53.0,16.3,Lagos
2019-09-17,27.6,24.6,32.2,28.8,5.9,5.9,61.0,16.3,Lagos
2019-09-18,27.3,23.3,32.9,27.4,27.7,27.7,63.0,15.5,Lagos
2019-09-19,26.0,23.6,30.9,27.9,75.8,75.8,65.0,11.5,Lagos
2019-09-20,28.1,24.4,34.8,29.7,3.6,3.6,53.0,15.2,Lagos
2019-09-21,28.8,23.3,34.8,27.7,0.4,0.4,51.0,16.3,Lagos
2019-09-22,28.0,24.8,32.9,29.3,2.1,2.1,53.0,18.4,Lagos
2019-09-23,28.9,24.2,34.5,29.0,1.4,1.4,53.0,15.7,Lagos
2019-09-24,29.1,23.9,34.4,28.3,1.2,1.2,53.0,15.5,Lagos
2019-09-25,29.2,24.9,33.7,29.7,1.2,1.2,51.0,21.2,Lagos
2019-09-26,28.9,24.9,34.6,29.9,1.5,1.5,53.0,18.3,Lagos
2019-09-27,28.7,24.4,33.9,29.2,7.7,7.7,63.0,15.8,Lagos
2019-09-28,26.9,24.0,31.3,28.6,4.7,4.7,53.0,15.8,Lagos
2019-09-29,28.4,23.8,33.0,27.9,10.2,10.2,63.0,16.2,Lagos
2019-09-30,27.6,25.0,32.7,28.5,8.1,8.1,61.0,18.5,Lagos
2019-10-01,26.9,23.5,32.4,28.1,23.8,23.8,63.0,11.2,Lagos
2019-10-02,27.2,23.4,32.0,27.8,6.3,6.3,55.0,19.7,Lagos
2019-10-03,28.5,23.1,34.8,27.0,2.0,2.0,53.0,13.8,Lagos
2019-10-04,26.1,23.5,32.6,27.6,19.9,19.9,63.0,10.2,Lagos
2019-10-05,25.6,23.7,29.1,27.3,43.7,43.7,63.0,17.9,Lagos
2019-10-06,28.2,23.0,34.9,27.3,14.3,14.3,63.0,11.2,Lagos
2019-10-07,27.5,24.3,31.7,28.0,7.3,7.3,55.0,18.4,Lagos
2019-10-08,26.6,24.2,30.6,27.7,10.5,10.5,61.0,17.7,Lagos
2019-10-09,27.7,24.4,31.3,28.3,12.7,12.7,63.0,18.6,Lagos
2019-10-10,27.8,24.3,32.2,28.4,2.3,2.3,51.0,17.1,Lagos
2019-10-11,27.2,23.9,32.6,28.7,8.5,8.5,61.0,15.0,Lagos
2019-10-12,25.8,22.6,30.5,26.9,33.2,33.2,63.0,12.6,Lagos
2019-10-13,29.2,22.5,35.7,26.7,4.9,4.9,63.0,12.0,Lagos
2019-10-14,30.0,24.2,35.4,28.7,2.9,2.9,55.0,16.7,Lagos
2019-10-15,28.0,24.2,32.3,28.7,7.0,7.0,63.0,14.5,Lagos
2019-10-16,28.9,24.5,34.4,29.6,4.7,4.7,61.0,16.5,Lagos
2019-10-17,28.4,23.9,34.0,28.5,13.3,13.3,63.0,15.6,Lagos
2019-10-18,28.1,23.8,34.4,28.6,9.2,9.2,63.0,12.6,Lagos
2019-10-19,26.5,23.4,31.2,27.8,24.7,24.7,63.0,19.5,Lagos
2019-10-20,27.1,24.2,31.6,28.0,23.7,23.7,63.0,17.8,Lagos
2019-10-21,28.4,23.6,36.0,28.6,1.3,1.3,51.0,12.8,Lagos
2019-10-22,29.2,24.2,36.2,28.8,10.5,10.5,63.0,13.2,Lagos
2019-10-23,28.1,24.2,32.9,29.3,5.9,5.9,63.0,14.0,Lagos
2019-10-24,28.3,24.4,35.4,29.3,13.9,13.9,63.0,9.3,Lagos
2019-10-25,28.7,23.6,35.4,28.4,15.2,15.2,65.0,10.6,Lagos
2019-10-26,27.8,23.5,33.5,28.4,10.3,10.3,63.0,13.2,Lagos
2019-10-27,27.0,24.1,31.9,29.1,9.6,9.6,61.0,10.6,Lagos
2019-10-28,27.4,23.4,32.5,27.5,10.8,10.8,63.0,8.4,Lagos
2019-10-29,27.6,23.5,32.8,28.1,3.1,3.1,61.0,12.0,Lagos
2019-10-30,27.7,24.4,33.0,29.0,2.4,2.4,53.0,14.5,Lagos
2019-10-31,29.1,24.2,36.8,29.0,0.6,0.6,51.0,9.0,Lagos
2019-11-01,30.0,24.3,38.3,29.2,0.2,0.2,51.0,12.3,Lagos
2019-11-02,29.1,25.2,36.3,30.4,2.8,2.8,53.0,10.8,Lagos
2019-11-03,27.7,24.4,34.1,29.0,8.1,8.1,63.0,9.0,Lagos
2019-11-04,30.0,23.4,37.5,27.6,0.8,0.8,51.0,12.8,Lagos
2019-11-05,28.7,24.6,35.8,30.2,3.0,3.0,55.0,12.8,Lagos
2019-11-06,29.6,24.5,36.3,29.6,2.0,2.0,53.0,12.5,Lagos
2019-11-07,29.1,25.0,36.1,30.6,1.1,1.1,51.0,12.2,Lagos
2019-11-08,29.3,24.8,35.6,30.0,0.8,0.8,51.0,11.7,Lagos
2019-11-09,30.5,24.8,37.7,29.8,0.5,0.5,51.0,14.4,Lagos
2019-11-10,26.6,25.0,32.3,29.6,16.4,16.4,63.0,12.6,Lagos
2019-11-11,29.9,24.4,37.2,29.6,1.3,1.3,51.0,10.7,Lagos
2019-11-12,29.1,25.3,35.5,30.8,1.3,1.3,51.0,10.5,Lagos
2019-11-13,29.7,24.6,36.0,29.7,1.0,1.0,51.0,9.3,Lagos
2019-11-14,32.2,24.6,37.7,29.8,0.1,0.1,51.0,13.5,Lagos
2019-11-15,30.2,25.3,37.4,30.6,1.3,1.3,51.0,9.4,Lagos
2019-11-16,29.3,25.1,35.6,30.1,0.6,0.6,51.0,13.7,Lagos
2019-11-17,29.9,26.0,35.9,31.8,1.0,1.0,51.0,10.2,Lagos
2019-11-18,29.9,25.5,37.4,31.3,1.4,1.4,53.0,14.0,Lagos
2019-11-19,30.4,25.4,36.3,31.0,0.4,0.4,51.0,14.1,Lagos
2019-11-20,30.2,25.6,37.8,30.8,0.4,0.4,51.0,15.0,Lagos
2019-11-21,30.9,26.8,36.0,31.6,1.7,1.7,53.0,13.7,Lagos
2019-11-22,30.2,24.6,35.6,29.5,0.5,0.5,51.0,12.4,Lagos
2019-11-23,30.6,25.0,35.6,30.2,0.2,0.2,51.0,11.9,Lagos
2019-11-24,30.3,25.6,35.2,31.1,1.9,1.9,53.0,13.1,Lagos
2019-11-25,30.9,25.3,37.5,30.5,0.3,0.3,51.0,14.7,Lagos
2019-11-26,30.6,25.9,37.3,31.8,1.2,1.2,53.0,16.1,Lagos
2019-11-27,31.2,25.7,38.2,31.3,0.6,0.6,51.0,14.9,Lagos
2019-11-28,30.8,25.5,36.3,31.1,3.1,3.1,53.0,13.2,Lagos
2019-11-29,30.9,25.3,37.2,30.8,0.1,0.1,51.0,11.5,Lagos
2019-11-30,32.0,24.8,38.3,30.2,0.0,0.0,3.0,15.4,Lagos
2019-12-01,31.8,24.7,36.8,30.1,0.0,0.0,3.0,17.1,Lagos
2019-12-02,31.2,25.8,35.8,31.1,1.1,1.1,51.0,16.6,Lagos
2019-12-03,31.2,25.8,37.1,31.9,1.0,1.0,51.0,13.7,Lagos
2019-12-04,31.4,25.2,37.3,31.1,0.9,0.9,53.0,16.1,Lagos
2019-12-05,30.7,25.2,36.5,30.3,1.4,1.4,51.0,13.4,Lagos
2019-12-06,29.6,25.5,35.4,29.8,1.5,1.5,53.0,13.9,Lagos
2019-12-07,30.4,24.9,36.1,30.7,0.1,0.1,51.0,14.2,Lagos
2019-12-08,30.1,25.0,35.8,30.6,0.7,0.7,51.0,13.1,Lagos
2019-12-09,31.0,25.9,36.2,31.5,1.0,1.0,51.0,13.5,Lagos
2019-12-10,31.8,24.8,36.5,30.3,1.1,1.1,53.0,17.3,Lagos
2019-12-11,30.1,25.2,35.9,30.6,1.0,1.0,51.0,13.8,Lagos
2019-12-12,30.0,24.6,34.8,29.8,0.2,0.2,51.0,13.3,Lagos
2019-12-13,30.5,24.1,35.0,28.6,0.0,0.0,2.0,12.9,Lagos
2019-12-14,30.6,24.3,35.7,29.2,0.1,0.1,51.0,13.3,Lagos
2019-12-15,30.8,24.8,36.2,30.1,0.6,0.6,51.0,12.3,Lagos
2019-12-16,32.7,24.5,37.5,29.7,0.0,0.0,3.0,16.0,Lagos
2019-12-17,33.1,24.9,37.9,30.2,0.0,0.0,3.0,16.6,Lagos
2019-12-18,32.5,25.1,37.7,30.6,0.0,0.0,3.0,16.9,Lagos
2019-12-19,33.2,24.5,37.8,29.9,0.0,0.0,3.0,15.9,Lagos
2019-12-20,33.5,25.3,38.0,31.0,0.0,0.0,2.0,16.8,Lagos
2019-12-21,30.8,25.9,36.5,31.6,0.9,0.9,51.0,14.6,Lagos
2019-12-22,32.2,24.4,36.7,29.4,0.0,0.0,2.0,15.6,Lagos
2019-12-23,33.1,23.2,32.6,27.4,0.0,0.0,3.0,11.5,Lagos
2019-12-24,32.6,21.5,33.9,23.8,0.0,0.0,0.0,12.7,Lagos
2019-12-25,33.0,22.4,36.0,25.8,0.0,0.0,3.0,13.4,Lagos
2019-12-26,32.7,23.2,36.1,27.1,0.0,0.0,3.0,14.8,Lagos
2019-12-27,33.8,23.6,37.5,27.8,0.0,0.0,3.0,15.5,Lagos
2019-12-28,32.9,23.7,36.2,28.2,0.0,0.0,3.0,13.7,Lagos
2019-12-29,34.5,22.3,34.3,25.9,0.0,0.0,2.0,14.9,Lagos
2019-12-30,33.5,21.0,33.0,23.1,0.0,0.0,3.0,13.6,Lagos
2019-12-31,32.9,21.6,32.7,23.3,0.0,0.0,2.0,13.9,Lagos
2020-01-01,33.3,21.6,33.0,23.1,0.0,0.0,3.0,12.6,Lagos
2020-01-02,33.1,21.9,32.0,19.4,0.0,0.0,3.0,15.3,Lagos
2020-01-03,33.2,21.6,31.1,18.1,0.0,0.0,3.0,18.5,Lagos
2020-01-04,33.3,20.9,32.0,17.9,0.0,0.0,3.0,16.2,Lagos
2020-01-05,32.0,20.9,31.7,19.8,0.0,0.0,3.0,11.8,Lagos
2020-01-06,32.7,21.8,33.0,22.8,0.0,0.0,3.0,14.3,Lagos
2020-01-07,33.0,22.2,33.7,24.4,0.0,0.0,3.0,15.5,Lagos
2020-01-08,32.7,23.7,36.2,26.9,0.0,0.0,3.0,16.2,Lagos
2020-01-09,32.2,23.1,36.8,27.9,0.0,0.0,3.0,16.2,Lagos
2020-01-10,32.1,25.9,35.6,31.7,0.1,0.1,51.0,15.4,Lagos
2020-01-11,30.4,26.2,34.3,31.2,0.1,0.1,51.0,18.5,Lagos
2020-01-12,31.1,24.7,36.3,30.1,0.0,0.0,3.0,13.0,Lagos
2020-01-13,31.4,25.6,36.2,31.9,0.0,0.0,3.0,15.1,Lagos
2020-01-14,33.2,25.7,38.1,31.2,0.0,0.0,3.0,16.9,Lagos
2020-01-15,32.5,25.6,37.5,30.4,0.0,0.0,3.0,19.0,Lagos
2020-01-16,32.8,25.3,37.4,30.6,0.0,0.0,3.0,17.5,Lagos
2020-01-17,33.3,26.0,36.8,31.9,0.0,0.0,3.0,18.1,Lagos
2020-01-18,33.3,24.8,37.1,29.8,0.0,0.0,3.0,16.1,Lagos
2020-01-19,32.3,24.7,32.9,30.2,0.0,0.0,3.0,15.5,Lagos
2020-01-20,31.8,22.4,32.6,25.5,0.0,0.0,3.0,12.5,Lagos
2020-01-21,33.8,22.5,35.5,25.2,0.0,0.0,3.0,16.5,Lagos
2020-01-22,32.5,22.6,36.0,26.5,0.0,0.0,3.0,14.5,Lagos
2020-01-23,32.0,23.4,36.8,28.5,0.0,0.0,3.0,17.3,Lagos
2020-01-24,32.7,24.6,33.1,28.8,0.0,0.0,3.0,11.8,Lagos
2020-01-25,32.8,20.1,32.1,18.6,0.0,0.0,3.0,13.5,Lagos
2020-01-26,32.7,18.7,31.1,18.5,0.0,0.0,3.0,12.7,Lagos
2020-01-27,32.2,19.6,33.9,20.5,0.0,0.0,2.0,14.8,Lagos
2020-01-28,32.5,21.0,36.6,24.0,0.0,0.0,3.0,17.5,Lagos
2020-01-29,32.7,23.5,36.3,27.8,0.0,0.0,3.0,16.0,Lagos
2020-01-30,32.0,22.0,36.7,25.6,0.0,0.0,3.0,17.2,Lagos
2020-01-31,32.1,24.1,36.9,29.0,0.2,0.2,51.0,15.5,Lagos
2020-02-01,33.5,23.3,36.3,27.8,0.0,0.0,3.0,16.3,Lagos
2020-02-02,33.6,23.9,35.3,28.4,0.0,0.0,3.0,16.6,Lagos
2020-02-03,32.2,22.4,35.7,26.1,0.0,0.0,3.0,17.3,Lagos
2020-02-04,32.6,24.1,36.8,29.1,0.0,0.0,3.0,16.7,Lagos
2020-02-05,31.9,23.8,35.9,28.4,0.0,0.0,3.0,14.9,Lagos
2020-02-06,33.2,23.8,35.5,28.7,0.0,0.0,3.0,14.9,Lagos
2020-02-07,34.7,22.6,34.6,25.9,0.0,0.0,1.0,13.7,Lagos
2020-02-08,34.5,22.9,34.8,23.9,0.0,0.0,3.0,16.7,Lagos
2020-02-09,32.8,23.6,36.7,28.6,0.0,0.0,3.0,18.1,Lagos
2020-02-10,31.8,25.1,37.1,31.0,2.2,2.2,53.0,15.8,Lagos
2020-02-11,33.9,24.6,34.8,29.2,0.0,0.0,3.0,15.8,Lagos
2020-02-12,33.9,21.0,32.6,21.9,0.0,0.0,3.0,15.5,Lagos
2020-02-13,33.0,21.1,32.8,22.2,0.0,0.0,3.0,15.8,Lagos
2020-02-14,33.9,21.4,35.0,23.9,0.0,0.0,2.0,16.9,Lagos
2020-02-15,33.4,22.3,36.9,25.8,0.0,0.0,2.0,17.7,Lagos
2020-02-16,32.4,23.7,37.1,28.1,0.0,0.0,3.0,18.1,Lagos
2020-02-17,33.3,25.1,37.1,30.5,0.0,0.0,3.0,19.5,Lagos
2020-02-18,33.2,25.7,37.3,31.7,0.4,0.4,51.0,19.1,Lagos
2020-02-19,32.3,25.6,37.3,31.9,0.1,0.1,51.0,17.4,Lagos
2020-02-20,33.0,25.6,38.4,31.7,0.0,0.0,3.0,18.0,Lagos
2020-02-21,33.3,26.2,38.8,32.0,0.0,0.0,3.0,20.6,Lagos
2020-02-22,33.9,26.8,39.1,33.0,0.1,0.1,51.0,20.9,Lagos
2020-02-23,33.6,27.2,39.2,33.4,0.1,0.1,51.0,20.6,Lagos
2020-02-24,33.6,27.0,39.4,33.3,0.0,0.0,3.0,18.5,Lagos
2020-02-25,32.8,26.0,37.5,31.9,0.3,0.3,51.0,19.1,Lagos
2020-02-26,31.8,26.0,36.7,31.5,0.5,0.5,51.0,15.0,Lagos
2020-02-27,33.0,26.1,38.0,32.3,0.2,0.2,51.0,19.6,Lagos
2020-02-28,33.4,26.5,39.4,32.5,0.3,0.3,51.0,20.3,Lagos
2020-02-29,33.5,27.1,38.4,33.3,0.1,0.1,51.0,19.8,Lagos
2020-03-01,32.4,27.7,36.7,32.6,0.6,0.6,51.0,20.4,Lagos
2020-03-02,31.8,27.3,36.5,32.0,4.7,4.7,61.0,17.1,Lagos
2020-03-03,31.9,25.1,36.7,30.2,0.1,0.1,51.0,14.5,Lagos
2020-03-04,33.0,27.6,38.1,33.3,0.3,0.3,51.0,16.0,Lagos
2020-03-05,32.9,27.8,37.4,33.4,0.7,0.7,53.0,15.8,Lagos
2020-03-06,32.1,26.7,36.1,31.3,3.9,3.9,63.0,17.3,Lagos
2020-03-07,30.9,25.6,35.7,31.2,0.1,0.1,51.0,15.6,Lagos
2020-03-08,31.6,26.4,36.9,30.5,0.6,0.6,53.0,16.7,Lagos
2020-03-09,32.6,27.2,36.6,32.7,0.0,0.0,3.0,18.9,Lagos
2020-03-10,32.8,27.2,37.0,32.6,0.4,0.4,51.0,20.6,Lagos
2020-03-11,32.7,27.3,37.1,32.2,0.7,0.7,51.0,22.7,Lagos
2020-03-12,31.0,27.4,35.7,32.6,0.6,0.6,51.0,17.1,Lagos
2020-03-13,30.9,26.8,36.8,31.6,1.9,1.9,51.0,19.5,Lagos
2020-03-14,31.1,25.0,37.7,30.7,5.7,5.7,63.0,14.2,Lagos
2020-03-15,32.7,25.8,37.7,31.5,0.0,0.0,3.0,21.1,Lagos
2020-03-16,33.0,26.7,37.7,32.4,0.2,0.2,51.0,18.7,Lagos
2020-03-17,32.6,27.0,37.2,32.2,0.0,0.0,3.0,19.5,Lagos
2020-03-18,32.9,27.6,37.3,31.7,0.2,0.2,51.0,21.4,Lagos
2020-03-19,32.2,27.4,36.0,31.9,0.4,0.4,51.0,23.8,Lagos
2020-03-20,31.5,27.0,36.1,31.2,0.4,0.4,51.0,19.4,Lagos
2020-03-21,32.2,26.9,37.1,32.4,0.8,0.8,51.0,17.7,Lagos
2020-03-22,32.3,26.9,36.8,32.9,0.1,0.1,51.0,16.9,Lagos
2020-03-23,31.1,26.7,34.4,30.6,0.5,0.5,51.0,20.1,Lagos
2020-03-24,29.7,25.9,32.8,29.9,3.7,3.7,55.0,22.3,Lagos
2020-03-25,28.6,25.7,33.6,30.8,7.9,7.9,63.0,19.2,Lagos
2020-03-26,30.1,25.0,36.1,30.8,0.0,0.0,3.0,12.4,Lagos
2020-03-27,30.6,26.7,34.8,32.0,0.4,0.4,51.0,15.3,Lagos
2020-03-28,31.0,25.5,35.5,31.3,0.1,0.1,51.0,17.2,Lagos
2020-03-29,31.9,26.1,37.2,31.9,0.0,0.0,3.0,21.2,Lagos
2020-03-30,32.1,26.7,36.0,30.9,0.0,0.0,3.0,20.9,Lagos
2020-03-31,32.3,27.0,36.5,32.3,0.0,0.0,3.0,17.8,Lagos
2020-04-01,32.2,26.5,35.9,31.6,1.1,1.1,55.0,20.0,Lagos
2020-04-02,31.4,25.0,35.8,30.5,0.0,0.0,3.0,15.5,Lagos
2020-04-03,32.3,26.9,36.5,32.3,0.0,0.0,3.0,21.5,Lagos
2020-04-04,31.8,27.6,35.0,30.8,0.8,0.8,51.0,23.9,Lagos
2020-04-05,30.3,25.2,37.6,30.5,0.0,0.0,3.0,14.7,Lagos
2020-04-06,31.3,27.1,36.0,31.6,0.4,0.4,51.0,18.6,Lagos
2020-04-07,31.1,24.9,36.6,30.6,0.0,0.0,3.0,16.1,Lagos
2020-04-08,32.2,26.4,37.1,31.3,0.0,0.0,2.0,21.2,Lagos
2020-04-09,32.5,27.1,37.3,32.4,1.3,1.3,53.0,17.2,Lagos
2020-04-10,31.8,25.6,37.4,30.5,1.9,1.9,53.0,11.6,Lagos
2020-04-11,32.8,25.8,38.0,30.7,0.3,0.3,51.0,15.9,Lagos
2020-04-12,32.4,27.1,37.1,32.5,0.2,0.2,51.0,18.2,Lagos
2020-04-13,32.3,27.7,37.3,32.6,0.0,0.0,3.0,16.3,Lagos
2020-04-14,33.4,27.3,38.5,33.2,0.2,0.2,51.0,17.4,Lagos
2020-04-15,33.4,27.2,38.2,32.9,0.0,0.0,3.0,17.4,Lagos
2020-04-16,32.5,27.5,37.8,32.0,2.2,2.2,53.0,23.6,Lagos
2020-04-17,31.4,27.3,35.8,31.7,3.6,3.6,53.0,21.7,Lagos
2020-04-18,30.7,26.7,35.8,31.2,3.2,3.2,53.0,19.1,Lagos
2020-04-19,29.5,25.7,33.1,30.6,3.8,3.8,61.0,18.4,Lagos
2020-04-20,30.9,25.8,35.9,31.0,0.7,0.7,51.0,17.1,Lagos
2020-04-21,31.6,25.2,37.6,30.7,0.9,0.9,53.0,16.9,Lagos
2020-04-22,30.8,27.4,34.9,32.2,2.1,2.1,53.0,18.9,Lagos
2020-04-23,29.9,25.5,34.4,31.0,1.2,1.2,51.0,19.1,Lagos
2020-04-24,31.1,25.7,36.6,31.3,0.1,0.1,51.0,16.9,Lagos
2020-04-25,29.4,26.1,33.5,30.7,4.8,4.8,61.0,21.8,Lagos
2020-04-26,29.0,26.6,33.7,31.6,5.4,5.4,61.0,16.6,Lagos
2020-04-27,30.2,25.3,36.0,31.1,0.4,0.4,51.0,14.4,Lagos
2020-04-28,30.6,25.8,35.7,31.5,0.0,0.0,3.0,17.1,Lagos
2020-04-29,31.2,26.8,36.3,31.3,0.4,0.4,51.0,16.3,Lagos
2020-04-30,31.3,25.7,36.2,31.0,0.6,0.6,51.0,18.0,Lagos
2020-05-01,32.0,26.5,37.1,31.3,0.0,0.0,3.0,14.4,Lagos
2020-05-02,32.4,26.5,36.8,31.9,0.3,0.3,51.0,18.0,Lagos
2020-05-03,31.3,26.9,37.4,32.0,2.0,2.0,53.0,19.1,Lagos
2020-05-04,30.3,25.6,35.7,31.8,0.9,0.9,53.0,11.9,Lagos
2020-05-05,32.2,25.8,37.3,31.2,0.0,0.0,3.0,15.6,Lagos
2020-05-06,32.2,26.7,36.8,32.7,0.5,0.5,51.0,18.0,Lagos
2020-05-07,32.3,27.3,36.4,31.9,0.3,0.3,51.0,19.3,Lagos
2020-05-08,31.8,27.4,35.5,32.9,0.5,0.5,51.0,16.1,Lagos
2020-05-09,31.8,27.1,36.2,32.0,3.3,3.3,55.0,18.0,Lagos
2020-05-10,30.7,26.8,35.8,31.3,6.8,6.8,63.0,15.9,Lagos
2020-05-11,29.1,24.9,34.3,30.1,11.2,11.2,61.0,14.0,Lagos
2020-05-12,30.2,25.0,35.9,30.1,1.3,1.3,51.0,14.7,Lagos
2020-05-13,31.1,26.9,35.0,32.5,1.9,1.9,53.0,13.0,Lagos
2020-05-14,31.0,25.9,36.5,31.9,0.2,0.2,51.0,15.7,Lagos
2020-05-15,32.4,26.9,36.4,32.7,0.1,0.1,51.0,16.3,Lagos
2020-05-16,31.8,27.3,36.2,32.2,1.5,1.5,51.0,20.1,Lagos
2020-05-17,31.7,26.9,37.6,32.9,0.5,0.5,51.0,14.3,Lagos
2020-05-18,31.6,27.3,35.5,31.9,0.7,0.7,53.0,19.9,Lagos
2020-05-19,30.2,26.2,35.2,31.1,2.9,2.9,53.0,15.8,Lagos
2020-05-20,31.5,25.2,36.0,30.5,2.1,2.1,53.0,18.9,Lagos
2020-05-21,30.8,26.7,35.0,31.6,3.6,3.6,61.0,20.1,Lagos
2020-05-22,28.9,25.3,32.6,30.3,7.5,7.5,61.0,16.9,Lagos
2020-05-23,30.0,25.6,34.7,31.3,1.5,1.5,51.0,18.3,Lagos
2020-05-24,30.7,24.9,35.4,29.8,1.1,1.1,51.0,18.7,Lagos
2020-05-25,28.4,24.7,33.3,30.0,24.9,24.9,63.0,9.2,Lagos
2020-05-26,30.4,24.6,36.6,29.9,0.1,0.1,51.0,13.0,Lagos
2020-05-27,31.3,25.7,36.5,31.5,1.0,1.0,53.0,18.9,Lagos
2020-05-28,28.1,25.1,33.9,30.5,15.8,15.8,63.0,10.8,Lagos
2020-05-29,30.2,25.0,36.3,30.4,3.0,3.0,53.0,13.4,Lagos
2020-05-30,28.8,25.8,33.4,30.4,10.1,10.1,63.0,18.0,Lagos
2020-05-31,29.8,24.4,35.8,29.9,6.1,6.1,63.0,13.9,Lagos
2020-06-01,30.3,25.7,35.9,30.9,5.9,5.9,63.0,16.6,Lagos
2020-06-02,29.0,25.5,34.0,29.8,0.2,0.2,51.0,11.7,Lagos
2020-06-03,29.9,24.6,35.5,29.2,1.2,1.2,51.0,15.5,Lagos
2020-06-04,29.8,25.3,34.6,30.7,1.1,1.1,51.0,16.5,Lagos
2020-06-05,29.8,25.6,35.0,31.2,1.0,1.0,51.0,13.5,Lagos
2020-06-06,28.5,25.5,34.7,30.1,4.9,4.9,61.0,14.4,Lagos
2020-06-07,28.5,24.2,34.9,28.8,7.7,7.7,63.0,10.5,Lagos
2020-06-08,30.9,24.2,37.0,28.7,0.2,0.2,51.0,18.6,Lagos
2020-06-09,28.5,25.0,32.4,29.4,1.3,1.3,51.0,20.9,Lagos
2020-06-10,28.5,24.5,33.2,29.7,7.1,7.1,61.0,13.7,Lagos
2020-06-11,28.5,23.8,33.0,28.6,5.6,5.6,61.0,18.1,Lagos
2020-06-12,26.9,24.9,31.3,29.3,5.8,5.8,53.0,15.7,Lagos
2020-06-13,28.8,24.5,33.3,29.5,3.6,3.6,61.0,13.7,Lagos
2020-06-14,27.8,25.1,33.4,30.4,3.0,3.0,55.0,14.2,Lagos
2020-06-15,28.8,24.4,34.2,29.2,5.3,5.3,61.0,14.1,Lagos
2020-06-16,29.0,26.1,34.6,31.0,1.8,1.8,51.0,17.6,Lagos
2020-06-17,27.0,25.1,32.5,29.1,8.2,8.2,61.0,18.2,Lagos
2020-06-18,26.1,24.0,30.6,27.4,110.6,110.6,65.0,17.3,Lagos
2020-06-19,27.9,23.9,33.9,28.3,2.4,2.4,51.0,12.2,Lagos
2020-06-20,28.5,24.4,33.7,28.9,13.6,13.6,63.0,16.1,Lagos
2020-06-21,27.0,24.6,31.5,29.0,8.3,8.3,63.0,13.6,Lagos
2020-06-22,27.6,24.0,33.0,28.9,9.4,9.4,63.0,12.7,Lagos
2020-06-23,28.3,23.5,34.6,28.1,2.1,2.1,53.0,13.0,Lagos
2020-06-24,28.4,24.4,32.4,29.3,3.8,3.8,55.0,16.3,Lagos
2020-06-25,28.7,24.9,33.1,29.8,1.7,1.7,51.0,18.8,Lagos
2020-06-26,28.2,24.9,32.9,29.4,2.2,2.2,53.0,22.4,Lagos
2020-06-27,26.8,24.6,30.7,29.3,7.1,7.1,63.0,16.8,Lagos
2020-06-28,26.7,24.0,31.3,28.7,10.4,10.4,61.0,13.0,Lagos
2020-06-29,25.8,23.7,30.1,28.2,60.7,60.7,65.0,14.4,Lagos
2020-06-30,26.1,23.9,30.4,28.0,7.8,7.8,61.0,15.5,Lagos
2020-07-01,27.5,24.0,32.4,28.5,13.1,13.1,63.0,10.7,Lagos
2020-07-02,28.3,24.6,32.9,29.1,2.2,2.2,51.0,17.6,Lagos
2020-07-03,28.4,24.9,32.7,28.7,1.5,1.5,51.0,25.0,Lagos
2020-07-04,25.9,24.2,30.1,27.7,48.0,48.0,65.0,20.0,Lagos
2020-07-05,26.3,23.5,31.6,27.8,10.9,10.9,61.0,9.5,Lagos
2020-07-06,28.4,23.5,34.4,27.7,4.1,4.1,55.0,11.5,Lagos
2020-07-07,26.4,24.3,30.0,28.8,10.4,10.4,55.0,15.3,Lagos
2020-07-08,25.8,24.0,29.9,28.2,17.8,17.8,63.0,11.7,Lagos
2020-07-09,25.7,23.9,30.0,27.8,10.0,10.0,61.0,14.0,Lagos
2020-07-10,27.8,23.8,32.5,28.2,3.5,3.5,51.0,16.6,Lagos
2020-07-11,25.8,24.0,30.4,28.2,14.3,14.3,61.0,15.5,Lagos
2020-07-12,26.7,23.4,30.7,27.5,5.8,5.8,61.0,20.2,Lagos
2020-07-13,27.0,24.1,30.5,27.7,1.7,1.7,51.0,22.7,Lagos
2020-07-14,27.9,23.9,30.4,27.4,1.7,1.7,51.0,24.0,Lagos
2020-07-15,27.2,24.5,29.6,27.6,0.7,0.7,51.0,20.5,Lagos
2020-07-16,27.0,24.1,29.6,27.5,2.5,2.5,53.0,19.6,Lagos
2020-07-17,27.1,24.3,31.2,28.0,2.4,2.4,53.0,14.2,Lagos
2020-07-18,27.8,23.2,31.7,27.7,1.3,1.3,51.0,16.6,Lagos
2020-07-19,27.9,23.3,32.2,27.4,0.3,0.3,51.0,18.7,Lagos
2020-07-20,27.0,24.0,30.2,28.3,3.1,3.1,61.0,18.1,Lagos
2020-07-21,27.1,23.6,31.3,27.7,7.3,7.3,63.0,16.1,Lagos
2020-07-22,26.8,23.8,31.2,28.2,0.7,0.7,51.0,17.8,Lagos
2020-07-23,27.2,23.5,31.4,27.3,1.2,1.2,51.0,21.7,Lagos
2020-07-24,27.8,23.7,31.4,27.9,1.4,1.4,51.0,21.1,Lagos
2020-07-25,28.2,23.9,31.6,27.6,0.7,0.7,51.0,20.9,Lagos
2020-07-26,27.2,24.2,29.6,26.8,1.6,1.6,51.0,23.5,Lagos
2020-07-27,27.6,23.7,30.5,26.7,0.8,0.8,51.0,24.9,Lagos
2020-07-28,27.4,23.8,30.0,26.6,0.7,0.7,51.0,23.7,Lagos
2020-07-29,27.8,23.2,31.7,27.3,0.6,0.6,51.0,20.2,Lagos
2020-07-30,27.5,23.8,30.3,27.1,1.0,1.0,51.0,21.2,Lagos
2020-07-31,26.7,24.1,27.7,26.8,2.5,2.5,53.0,27.0,Lagos
2020-08-01,27.2,23.7,30.6,27.1,1.7,1.7,53.0,19.8,Lagos
2020-08-02,27.2,23.4,29.6,26.6,0.7,0.7,51.0,23.1,Lagos
2020-08-03,27.8,23.9,30.0,26.6,0.1,0.1,51.0,25.2,Lagos
2020-08-04,27.7,23.0,30.2,26.2,0.2,0.2,51.0,23.5,Lagos
2020-08-05,27.2,22.9,29.1,25.4,1.0,1.0,51.0,25.5,Lagos
2020-08-06,26.8,23.3,27.3,25.0,0.7,0.7,51.0,25.8,Lagos
2020-08-07,26.9,23.5,27.9,25.9,1.4,1.4,53.0,26.1,Lagos
2020-08-08,27.7,23.0,30.3,25.9,0.4,0.4,51.0,17.1,Lagos
2020-08-09,28.1,22.6,30.4,26.0,0.1,0.1,51.0,21.1,Lagos
2020-08-10,27.4,23.6,29.0,26.0,0.3,0.3,51.0,25.7,Lagos
2020-08-11,27.3,23.1,29.1,26.4,0.2,0.2,51.0,21.0,Lagos
2020-08-12,28.5,22.2,32.7,25.8,0.0,0.0,3.0,17.3,Lagos
2020-08-13,28.4,22.4,31.6,26.2,0.0,0.0,3.0,20.4,Lagos
2020-08-14,27.7,23.4,28.9,26.6,1.6,1.6,51.0,24.5,Lagos
2020-08-15,27.6,23.5,30.2,26.6,1.7,1.7,51.0,20.5,Lagos
2020-08-16,28.7,22.5,32.2,26.1,0.8,0.8,51.0,17.9,Lagos
2020-08-17,28.1,23.4,31.1,26.6,1.4,1.4,53.0,21.7,Lagos
2020-08-18,29.0,23.6,32.4,27.2,0.5,0.5,51.0,19.5,Lagos
2020-08-19,29.4,23.7,32.6,26.9,0.3,0.3,51.0,23.4,Lagos
2020-08-20,28.7,24.0,30.2,26.8,0.2,0.2,51.0,24.2,Lagos
2020-08-21,26.3,24.2,28.0,26.9,2.6,2.6,51.0,24.6,Lagos
2020-08-22,26.7,23.6,29.1,27.1,2.5,2.5,53.0,21.7,Lagos
2020-08-23,27.5,23.6,30.7,26.6,0.7,0.7,51.0,21.4,Lagos
2020-08-24,27.3,23.5,29.5,26.6,0.3,0.3,51.0,19.6,Lagos
2020-08-25,27.4,23.3,30.1,27.1,0.7,0.7,51.0,20.0,Lagos
2020-08-26,27.9,22.8,31.2,26.4,1.0,1.0,51.0,17.3,Lagos
2020-08-27,28.6,23.4,31.2,27.2,0.9,0.9,51.0,21.1,Lagos
2020-08-28,29.0,24.2,32.1,27.3,0.5,0.5,51.0,22.4,Lagos
2020-08-29,28.5,24.0,31.3,27.6,1.5,1.5,51.0,20.7,Lagos
2020-08-30,28.1,24.0,30.5,28.0,2.7,2.7,53.0,20.5,Lagos
2020-08-31,27.9,23.8,30.8,27.5,7.2,7.2,55.0,22.1,Lagos
2020-09-01,26.3,24.2,30.3,27.8,2.5,2.5,53.0,14.7,Lagos
2020-09-02,27.7,24.1,31.4,27.9,1.5,1.5,51.0,18.1,Lagos
2020-09-03,27.8,24.0,31.2,27.6,2.6,2.6,53.0,20.9,Lagos
2020-09-04,28.3,24.2,32.1,27.5,1.7,1.7,51.0,19.6,Lagos
2020-09-05,27.4,24.4,29.5,26.8,1.0,1.0,51.0,25.3,Lagos
2020-09-06,28.5,24.1,31.6,27.7,0.9,0.9,51.0,19.6,Lagos
2020-09-07,28.1,24.2,31.5,27.8,2.9,2.9,53.0,18.7,Lagos
2020-09-08,28.9,24.4,32.6,28.2,1.3,1.3,51.0,18.3,Lagos
2020-09-09,25.3,23.7,28.8,27.1,148.3,148.3,65.0,16.2,Lagos
2020-09-10,27.4,23.3,31.6,28.0,2.0,2.0,51.0,20.7,Lagos
2020-09-11,27.4,24.3,30.9,28.4,0.7,0.7,53.0,19.6,Lagos
2020-09-12,27.2,24.5,31.6,28.4,6.7,6.7,63.0,18.9,Lagos
2020-09-13,26.9,23.8,32.5,28.3,10.3,10.3,61.0,15.3,Lagos
2020-09-14,27.2,23.9,32.3,28.0,2.6,2.6,51.0,17.2,Lagos
2020-09-15,27.8,24.2,32.7,28.1,8.8,8.8,63.0,16.4,Lagos
2020-09-16,26.3,23.5,31.0,27.2,10.0,10.0,63.0,20.9,Lagos
2020-09-17,27.5,23.6,31.6,26.7,4.9,4.9,53.0,18.7,Lagos
2020-09-18,27.7,24.0,32.3,28.4,2.0,2.0,51.0,15.0,Lagos
2020-09-19,27.7,23.9,32.5,28.3,3.0,3.0,61.0,16.5,Lagos
2020-09-20,26.3,24.3,29.8,29.0,7.0,7.0,53.0,19.7,Lagos
2020-09-21,28.1,23.8,33.9,27.6,3.5,3.5,53.0,20.8,Lagos
2020-09-22,28.1,24.3,33.7,28.0,10.6,10.6,63.0,17.6,Lagos
2020-09-23,27.6,24.4,32.5,28.9,2.7,2.7,53.0,18.5,Lagos
2020-09-24,27.5,23.8,31.7,28.4,2.3,2.3,53.0,10.3,Lagos
2020-09-25,28.1,23.5,32.1,28.2,1.2,1.2,53.0,15.3,Lagos
2020-09-26,28.1,24.2,34.3,28.4,13.2,13.2,65.0,11.5,Lagos
2020-09-27,27.5,23.3,31.2,27.6,4.7,4.7,63.0,13.8,Lagos
2020-09-28,28.0,23.6,33.3,28.1,2.7,2.7,53.0,18.8,Lagos
2020-09-29,27.9,24.1,32.2,28.8,3.6,3.6,53.0,20.0,Lagos
2020-09-30,27.3,24.2,32.1,28.0,8.4,8.4,61.0,20.6,Lagos
2020-10-01,27.6,23.4,32.9,27.6,2.4,2.4,51.0,18.2,Lagos
2020-10-02,27.7,23.6,33.3,28.0,3.3,3.3,53.0,13.1,Lagos
2020-10-03,28.0,24.7,32.6,29.1,2.9,2.9,53.0,15.9,Lagos
2020-10-04,28.6,23.9,34.9,28.6,4.6,4.6,61.0,12.6,Lagos
2020-10-05,29.2,24.1,34.7,28.9,1.0,1.0,51.0,12.5,Lagos
2020-10-06,28.2,24.2,33.9,28.7,4.9,4.9,55.0,16.6,Lagos
2020-10-07,27.7,23.5,31.8,28.1,3.1,3.1,61.0,14.7,Lagos
2020-10-08,27.6,24.0,32.4,28.6,7.7,7.7,61.0,14.4,Lagos
2020-10-09,26.5,24.1,31.6,28.6,12.2,12.2,63.0,15.7,Lagos
2020-10-10,27.7,23.9,33.2,28.5,3.9,3.9,53.0,15.5,Lagos
2020-10-11,26.7,23.7,32.4,28.5,14.0,14.0,63.0,11.0,Lagos
2020-10-12,29.7,23.1,36.0,26.9,0.9,0.9,51.0,17.3,Lagos
2020-10-13,28.8,24.4,34.8,29.0,2.3,2.3,55.0,16.6,Lagos
2020-10-14,27.1,24.1,31.8,28.9,2.2,2.2,53.0,13.2,Lagos
2020-10-15,28.7,23.7,34.6,28.4,1.9,1.9,55.0,17.7,Lagos
2020-10-16,27.8,23.8,33.3,28.3,2.1,2.1,55.0,15.8,Lagos
2020-10-17,26.8,24.4,31.9,29.3,8.6,8.6,61.0,10.3,Lagos
2020-10-18,28.6,23.7,33.9,28.5,1.2,1.2,51.0,15.3,Lagos
2020-10-19,29.2,24.2,35.6,28.8,1.6,1.6,51.0,14.8,Lagos
2020-10-20,29.0,24.4,34.1,29.7,1.2,1.2,51.0,17.6,Lagos
2020-10-21,29.4,24.7,34.6,29.6,2.7,2.7,55.0,14.4,Lagos
2020-10-22,29.2,25.1,34.8,30.7,1.8,1.8,51.0,14.4,Lagos
2020-10-23,29.5,25.3,35.1,30.2,2.2,2.2,53.0,15.8,Lagos
2020-10-24,29.6,24.7,36.2,30.0,3.6,3.6,61.0,19.4,Lagos
2020-10-25,27.7,24.9,34.8,30.0,12.5,12.5,63.0,15.5,Lagos
2020-10-26,29.1,24.9,35.0,30.5,4.3,4.3,63.0,12.2,Lagos
2020-10-27,28.6,25.0,34.9,30.2,2.7,2.7,53.0,14.3,Lagos
2020-10-28,29.0,24.9,36.6,30.1,1.5,1.5,53.0,13.0,Lagos
2020-10-29,28.5,24.8,35.8,30.0,1.1,1.1,51.0,13.3,Lagos
2020-10-30,29.4,25.0,35.4,30.1,0.8,0.8,51.0,14.8,Lagos
2020-10-31,29.5,25.2,35.9,30.6,1.6,1.6,53.0,13.7,Lagos
2020-11-01,29.4,25.0,35.1,30.8,1.7,1.7,51.0,16.7,Lagos
2020-11-02,29.0,24.5,35.3,29.9,3.6,3.6,53.0,14.4,Lagos
2020-11-03,30.1,24.3,38.3,28.7,1.1,1.1,53.0,16.0,Lagos
2020-11-04,28.4,25.0,34.9,30.1,6.9,6.9,61.0,11.6,Lagos
2020-11-05,29.1,24.2,35.8,29.5,9.5,9.5,63.0,10.8,Lagos
2020-11-06,29.7,25.6,36.8,31.2,1.8,1.8,51.0,14.5,Lagos
2020-11-07,29.9,25.6,38.1,30.8,5.7,5.7,61.0,15.3,Lagos
2020-11-08,30.8,25.4,36.4,30.6,0.9,0.9,51.0,15.1,Lagos
2020-11-09,30.4,24.7,36.3,29.7,3.0,3.0,55.0,12.4,Lagos
2020-11-10,29.1,26.0,35.4,31.5,2.0,2.0,53.0,12.8,Lagos
2020-11-11,29.6,24.7,35.8,29.5,1.2,1.2,53.0,13.8,Lagos
2020-11-12,31.5,24.7,38.7,29.3,0.0,0.0,3.0,13.4,Lagos
2020-11-13,32.7,24.6,37.6,29.0,0.0,0.0,3.0,15.6,Lagos
2020-11-14,30.5,25.4,36.1,30.9,0.1,0.1,51.0,16.0,Lagos
2020-11-15,31.2,25.3,37.2,30.3,0.6,0.6,51.0,14.5,Lagos
2020-11-16,30.0,25.1,35.4,30.8,4.0,4.0,61.0,16.3,Lagos
2020-11-17,29.9,25.0,36.3,30.2,1.3,1.3,51.0,14.2,Lagos
2020-11-18,30.5,25.5,37.2,31.1,3.8,3.8,61.0,16.3,Lagos
2020-11-19,29.5,24.9,35.2,30.0,2.9,2.9,53.0,14.8,Lagos
2020-11-20,29.9,23.9,35.9,28.5,1.2,1.2,51.0,12.3,Lagos
2020-11-21,30.1,25.1,36.2,30.3,4.8,4.8,61.0,14.7,Lagos
2020-11-22,31.5,24.9,38.0,29.9,0.2,0.2,51.0,17.2,Lagos
2020-11-23,30.1,25.2,36.0,30.2,1.3,1.3,51.0,15.8,Lagos
2020-11-24,30.0,25.8,36.1,31.0,1.1,1.1,53.0,17.7,Lagos
2020-11-25,31.1,25.1,37.5,30.4,1.1,1.1,53.0,16.2,Lagos
2020-11-26,30.8,24.7,36.0,30.4,3.2,3.2,53.0,15.9,Lagos
2020-11-27,29.5,24.8,34.6,30.1,7.1,7.1,61.0,17.4,Lagos
2020-11-28,29.6,25.0,36.1,30.6,1.3,1.3,53.0,15.6,Lagos
2020-11-29,30.2,23.9,36.3,28.6,0.4,0.4,51.0,13.0,Lagos
2020-11-30,30.8,24.7,36.9,29.6,0.1,0.1,51.0,16.6,Lagos
2020-12-01,30.4,25.2,35.2,30.5,2.2,2.2,51.0,17.7,Lagos
2020-12-02,31.1,25.1,36.5,30.0,1.2,1.2,53.0,17.9,Lagos
2020-12-03,30.7,25.1,35.9,30.2,2.7,2.7,53.0,18.3,Lagos
2020-12-04,30.7,25.1,35.3,30.5,1.2,1.2,51.0,17.8,Lagos
2020-12-05,31.2,25.7,36.0,31.0,0.4,0.4,51.0,16.2,Lagos
2020-12-06,31.2,25.4,35.3,30.7,0.5,0.5,51.0,18.5,Lagos
2020-12-07,30.4,26.4,34.5,30.9,0.9,0.9,51.0,16.3,Lagos
2020-12-08,30.7,25.2,35.1,30.5,1.4,1.4,51.0,17.4,Lagos
2020-12-09,30.3,25.5,35.3,31.1,0.9,0.9,51.0,16.1,Lagos
2020-12-10,30.0,25.7,35.1,30.9,1.0,1.0,51.0,16.9,Lagos
2020-12-11,30.6,25.7,35.4,30.7,0.7,0.7,51.0,17.6,Lagos
2020-12-12,30.5,25.8,34.7,31.4,1.6,1.6,53.0,17.3,Lagos
2020-12-13,29.9,25.5,34.7,31.4,1.6,1.6,51.0,17.9,Lagos
2020-12-14,30.6,25.3,35.3,30.4,0.6,0.6,51.0,15.5,Lagos
2020-12-15,30.4,25.1,35.4,30.3,0.9,0.9,51.0,14.9,Lagos
2020-12-16,30.3,25.0,36.7,30.2,1.1,1.1,51.0,16.3,Lagos
2020-12-17,30.5,25.4,35.9,30.4,0.4,0.4,51.0,17.4,Lagos
2020-12-18,31.0,24.7,36.4,29.5,0.1,0.1,51.0,18.4,Lagos
2020-12-19,30.0,24.9,34.2,30.3,1.7,1.7,53.0,17.4,Lagos
2020-12-20,30.5,24.5,35.3,29.3,0.6,0.6,51.0,15.0,Lagos
2020-12-21,29.8,24.9,35.6,29.8,0.5,0.5,51.0,14.7,Lagos
2020-12-22,30.3,25.3,35.9,30.4,0.5,0.5,51.0,14.1,Lagos
2020-12-23,31.1,25.2,36.6,30.8,0.2,0.2,51.0,15.0,Lagos
2020-12-24,30.1,24.2,35.3,29.5,2.0,2.0,55.0,14.6,Lagos
2020-12-25,31.2,24.7,36.6,29.7,0.1,0.1,51.0,15.1,Lagos
2020-12-26,33.2,23.4,35.2,27.1,0.0,0.0,3.0,14.6,Lagos
2020-12-27,32.2,23.9,35.8,28.3,0.0,0.0,3.0,16.2,Lagos
2020-12-28,32.5,23.6,36.8,28.0,0.0,0.0,3.0,17.7,Lagos
2020-12-29,32.9,24.1,36.5,28.1,0.0,0.0,3.0,17.0,Lagos
2020-12-30,33.0,24.0,37.4,28.3,0.0,0.0,3.0,17.4,Lagos
2020-12-31,32.4,23.9,36.7,28.6,0.0,0.0,3.0,19.1,Lagos
2021-01-01,31.7,24.7,36.4,29.6,0.1,0.1,51.0,18.9,Lagos
2021-01-02,31.6,26.0,36.0,31.6,0.5,0.5,51.0,18.0,Lagos
2021-01-03,31.7,26.8,36.9,32.1,0.2,0.2,51.0,18.4,Lagos
2021-01-04,30.9,25.7,36.4,31.6,0.4,0.4,51.0,18.3,Lagos
2021-01-05,31.6,26.0,35.7,31.9,1.8,1.8,53.0,20.7,Lagos
2021-01-06,31.2,26.3,36.3,31.7,1.4,1.4,51.0,17.1,Lagos
2021-01-07,30.2,25.8,34.6,30.8,2.4,2.4,51.0,19.6,Lagos
2021-01-08,30.4,25.7,34.8,30.8,1.7,1.7,53.0,17.1,Lagos
2021-01-09,31.1,25.4,35.8,30.8,0.1,0.1,51.0,19.7,Lagos
2021-01-10,30.8,25.2,36.0,30.9,0.9,0.9,51.0,17.2,Lagos
2021-01-11,31.3,25.3,36.3,30.6,0.3,0.3,51.0,15.5,Lagos
2021-01-12,31.5,25.0,37.2,30.5,1.6,1.6,53.0,19.1,Lagos
2021-01-13,31.3,25.0,35.1,29.9,0.7,0.7,51.0,17.8,Lagos
2021-01-14,31.1,24.7,35.7,30.0,4.0,4.0,61.0,18.0,Lagos
2021-01-15,30.8,24.7,35.9,30.1,1.3,1.3,51.0,17.1,Lagos
2021-01-16,29.2,24.1,33.9,29.1,2.8,2.8,55.0,17.5,Lagos
2021-01-17,30.3,25.1,35.6,30.0,0.4,0.4,51.0,14.6,Lagos
2021-01-18,30.7,24.7,36.0,29.6,0.8,0.8,51.0,15.6,Lagos
2021-01-19,30.7,25.0,35.3,29.9,0.0,0.0,3.0,17.0,Lagos
2021-01-20,32.4,25.1,36.9,29.8,0.0,0.0,3.0,14.9,Lagos
2021-01-21,32.5,24.4,35.2,28.4,0.0,0.0,3.0,14.8,Lagos
2021-01-22,32.5,23.6,36.9,28.0,0.0,0.0,3.0,16.0,Lagos
2021-01-23,32.8,23.3,35.7,27.3,0.0,0.0,3.0,16.4,Lagos
2021-01-24,31.3,23.2,36.0,27.2,0.0,0.0,3.0,16.2,Lagos
2021-01-25,31.9,24.8,36.5,29.8,0.0,0.0,1.0,16.5,Lagos
2021-01-26,32.4,23.9,37.4,28.4,0.0,0.0,3.0,18.8,Lagos
2021-01-27,32.3,25.1,36.8,30.5,0.2,0.2,51.0,20.7,Lagos
2021-01-28,31.5,25.6,35.9,31.6,1.3,1.3,51.0,17.6,Lagos
2021-01-29,31.0,25.8,36.1,31.6,0.9,0.9,51.0,16.6,Lagos
2021-01-30,31.4,25.6,36.9,31.5,2.9,2.9,53.0,18.2,Lagos
2021-01-31,31.9,25.1,37.3,30.8,0.5,0.5,51.0,20.0,Lagos
2021-02-01,30.9,25.3,35.3,30.9,2.5,2.5,53.0,16.6,Lagos
2021-02-02,30.7,25.6,36.7,31.4,1.0,1.0,51.0,17.5,Lagos
2021-02-03,31.6,25.8,37.7,31.8,0.8,0.8,51.0,17.0,Lagos
2021-02-04,31.2,26.1,37.0,31.8,1.2,1.2,51.0,18.0,Lagos
2021-02-05,31.6,26.1,36.4,31.6,2.7,2.7,53.0,18.0,Lagos
2021-02-06,31.5,25.9,37.5,31.7,1.5,1.5,51.0,19.0,Lagos
2021-02-07,32.4,26.2,37.6,32.1,0.4,0.4,51.0,19.7,Lagos
2021-02-08,31.6,26.2,37.3,31.7,1.0,1.0,51.0,19.3,Lagos
2021-02-09,32.5,25.6,37.6,31.3,0.3,0.3,51.0,20.7,Lagos
2021-02-10,31.9,25.9,36.8,32.2,0.8,0.8,51.0,17.2,Lagos
2021-02-11,32.5,26.2,37.4,32.4,1.8,1.8,55.0,17.4,Lagos
2021-02-12,32.3,26.5,37.6,32.4,0.2,0.2,51.0,17.2,Lagos
2021-02-13,32.1,26.5,37.2,32.2,0.9,0.9,51.0,18.2,Lagos
2021-02-14,31.2,26.8,36.3,32.2,2.0,2.0,53.0,18.8,Lagos
2021-02-15,31.3,24.9,37.1,30.5,5.1,5.1,63.0,16.4,Lagos
2021-02-16,31.4,26.8,37.5,32.4,0.8,0.8,51.0,15.7,Lagos
2021-02-17,32.4,26.0,37.9,32.0,2.1,2.1,53.0,19.0,Lagos
2021-02-18,33.2,25.5,36.2,30.9,0.0,0.0,3.0,19.9,Lagos
2021-02-19,32.4,24.0,32.3,25.9,0.0,0.0,3.0,18.0,Lagos
2021-02-20,32.6,22.6,31.9,23.2,0.0,0.0,3.0,18.6,Lagos
2021-02-21,33.8,21.9,34.8,22.0,0.0,0.0,3.0,18.8,Lagos
2021-02-22,32.0,23.4,36.9,27.4,0.0,0.0,3.0,19.1,Lagos
2021-02-23,32.4,24.7,36.6,29.9,0.6,0.6,51.0,16.6,Lagos
2021-02-24,31.9,25.8,37.1,30.3,0.4,0.4,51.0,15.6,Lagos
2021-02-25,31.3,26.0,36.2,30.9,0.8,0.8,53.0,23.2,Lagos
2021-02-26,31.3,26.9,36.0,31.2,1.0,1.0,51.0,21.0,Lagos
2021-02-27,30.3,25.7,35.0,31.3,0.6,0.6,51.0,16.0,Lagos
2021-02-28,32.7,24.9,37.6,29.7,0.0,0.0,1.0,18.4,Lagos
2021-03-01,32.4,26.4,37.5,32.2,0.8,0.8,51.0,19.7,Lagos
2021-03-02,32.4,27.0,37.3,32.7,0.5,0.5,51.0,20.4,Lagos
2021-03-03,33.0,26.9,38.7,33.0,0.3,0.3,51.0,20.1,Lagos
2021-03-04,32.9,27.7,38.0,32.6,1.4,1.4,51.0,20.9,Lagos
2021-03-05,32.2,27.2,36.8,32.6,1.5,1.5,51.0,22.2,Lagos
2021-03-06,31.9,26.5,37.3,31.4,1.9,1.9,53.0,19.6,Lagos
2021-03-07,31.3,26.8,36.0,31.8,1.4,1.4,53.0,20.1,Lagos
2021-03-08,32.1,26.6,36.6,32.0,0.8,0.8,51.0,20.8,Lagos
2021-03-09,31.4,27.3,35.3,31.8,0.9,0.9,51.0,20.2,Lagos
2021-03-10,31.2,26.4,35.3,31.4,1.7,1.7,51.0,25.0,Lagos
2021-03-11,30.7,25.8,34.8,30.7,1.2,1.2,51.0,23.1,Lagos
2021-03-12,32.1,26.3,36.6,31.7,1.2,1.2,51.0,20.5,Lagos
2021-03-13,32.1,25.1,36.2,29.9,17.0,17.0,65.0,17.9,Lagos
2021-03-14,30.2,26.2,35.1,30.5,0.3,0.3,51.0,21.0,Lagos
2021-03-15,31.5,25.7,37.8,30.7,0.0,0.0,3.0,20.2,Lagos
2021-03-16,31.7,27.3,35.6,31.2,0.0,0.0,3.0,19.7,Lagos
2021-03-17,28.3,25.2,32.4,30.3,5.7,5.7,61.0,17.6,Lagos
2021-03-18,29.5,25.3,32.8,30.4,4.3,4.3,61.0,18.4,Lagos
2021-03-19,29.5,23.5,34.8,28.1,0.0,0.0,3.0,14.7,Lagos
2021-03-20,30.2,24.9,35.4,29.6,0.0,0.0,3.0,15.0,Lagos
2021-03-21,30.8,25.9,35.5,31.1,0.2,0.2,51.0,19.5,Lagos
2021-03-22,30.1,26.7,35.4,30.8,9.5,9.5,63.0,20.9,Lagos
2021-03-23,27.5,25.0,32.3,28.3,18.9,18.9,65.0,17.8,Lagos
2021-03-24,30.3,23.5,34.5,27.7,1.6,1.6,53.0,18.8,Lagos
2021-03-25,29.6,26.2,32.5,30.0,1.5,1.5,53.0,18.1,Lagos
2021-03-26,30.6,24.1,37.1,29.3,0.0,0.0,3.0,18.4,Lagos
2021-03-27,30.4,26.3,35.6,31.7,0.9,0.9,51.0,15.3,Lagos
2021-03-28,31.0,25.8,37.6,31.0,0.7,0.7,51.0,17.6,Lagos
2021-03-29,31.9,24.8,37.8,30.0,0.0,0.0,3.0,21.1,Lagos
2021-03-30,32.0,25.2,37.5,30.8,0.6,0.6,51.0,19.9,Lagos
2021-03-31,31.8,26.8,37.7,31.7,1.0,1.0,51.0,18.8,Lagos
2021-04-01,31.4,26.9,37.7,32.1,1.1,1.1,51.0,17.5,Lagos
2021-04-02,31.1,26.7,36.3,32.3,1.1,1.1,53.0,18.6,Lagos
2021-04-03,30.3,26.8,34.8,32.2,1.4,1.4,53.0,16.1,Lagos
2021-04-04,31.7,27.4,36.3,32.4,1.3,1.3,51.0,17.4,Lagos
2021-04-05,32.0,27.6,36.4,32.3,1.2,1.2,51.0,21.3,Lagos
2021-04-06,32.2,27.4,37.0,32.3,0.4,0.4,51.0,20.5,Lagos
2021-04-07,32.3,27.5,37.4,32.5,1.0,1.0,51.0,16.9,Lagos
2021-04-08,31.6,27.8,36.0,32.8,1.6,1.6,51.0,21.7,Lagos
2021-04-09,31.9,27.3,36.7,32.1,1.0,1.0,51.0,21.1,Lagos
2021-04-10,30.9,25.8,35.8,31.6,0.3,0.3,51.0,18.1,Lagos
2021-04-11,31.2,25.9,35.5,31.2,0.0,0.0,3.0,17.3,Lagos
2021-04-12,32.6,26.2,38.4,32.1,0.1,0.1,51.0,19.5,Lagos
2021-04-13,32.0,27.4,36.7,32.8,0.3,0.3,51.0,16.3,Lagos
2021-04-14,32.4,27.1,36.8,31.7,0.2,0.2,51.0,20.5,Lagos
2021-04-15,33.0,26.7,38.6,31.8,0.1,0.1,51.0,18.8,Lagos
2021-04-16,32.2,27.1,36.0,30.8,2.3,2.3,55.0,22.9,Lagos
2021-04-17,30.8,26.4,34.7,31.6,2.8,2.8,55.0,19.3,Lagos
2021-04-18,30.9,23.9,37.3,28.5,8.8,8.8,63.0,10.6,Lagos
2021-04-19,30.7,23.7,35.4,28.4,0.3,0.3,51.0,15.2,Lagos
2021-04-20,31.1,25.5,35.6,30.8,0.8,0.8,51.0,22.7,Lagos
2021-04-21,31.6,26.4,36.7,31.9,0.2,0.2,51.0,17.6,Lagos
2021-04-22,32.0,26.0,38.1,32.0,0.6,0.6,51.0,16.3,Lagos
2021-04-23,32.4,25.7,36.7,31.2,1.8,1.8,55.0,18.1,Lagos
2021-04-24,31.5,27.6,34.9,31.7,3.3,3.3,61.0,22.6,Lagos
2021-04-25,31.2,27.0,34.5,32.5,0.3,0.3,51.0,17.9,Lagos
2021-04-26,32.5,27.1,37.5,32.5,0.1,0.1,51.0,15.8,Lagos
2021-04-27,31.8,27.8,35.6,32.4,0.5,0.5,51.0,21.0,Lagos
2021-04-28,31.2,26.8,34.9,31.4,0.7,0.7,51.0,16.2,Lagos
2021-04-29,31.1,24.4,34.9,28.9,0.0,0.0,3.0,16.5,Lagos
2021-04-30,32.3,27.0,36.5,31.9,0.2,0.2,51.0,18.3,Lagos
2021-05-01,32.9,26.7,36.7,32.0,0.5,0.5,51.0,19.8,Lagos
2021-05-02,32.8,27.8,36.8,32.3,0.0,0.0,3.0,19.7,Lagos
2021-05-03,30.9,26.8,34.4,30.6,2.1,2.1,51.0,22.6,Lagos
2021-05-04,29.1,26.1,32.7,30.8,2.0,2.0,53.0,19.4,Lagos
2021-05-05,30.8,25.4,35.0,30.8,0.8,0.8,51.0,19.9,Lagos
2021-05-06,28.6,25.8,32.0,29.7,0.8,0.8,51.0,18.4,Lagos
2021-05-07,30.0,25.4,33.7,30.7,1.1,1.1,51.0,21.4,Lagos
2021-05-08,29.7,24.2,33.0,28.3,1.7,1.7,51.0,20.4,Lagos
2021-05-09,28.4,24.7,32.9,29.7,1.1,1.1,51.0,8.7,Lagos
2021-05-10,30.6,24.8,35.6,29.6,0.4,0.4,51.0,14.0,Lagos
2021-05-11,30.8,25.3,35.3,30.9,0.8,0.8,51.0,18.6,Lagos
2021-05-12,30.9,26.5,35.4,30.9,1.3,1.3,53.0,19.3,Lagos
2021-05-13,31.4,25.8,35.7,30.9,0.9,0.9,51.0,20.8,Lagos
2021-05-14,31.0,25.7,36.3,31.3,1.5,1.5,51.0,14.7,Lagos
2021-05-15,32.0,26.5,36.3,32.2,0.6,0.6,51.0,16.3,Lagos
2021-05-16,31.2,25.4,35.8,30.9,1.2,1.2,51.0,16.6,Lagos
2021-05-17,30.7,26.7,34.8,31.2,1.2,1.2,51.0,15.8,Lagos
2021-05-18,30.2,26.8,34.0,32.0,6.0,6.0,61.0,14.9,Lagos
2021-05-19,31.4,25.3,35.7,31.2,2.1,2.1,53.0,18.8,Lagos
2021-05-20,30.9,26.4,35.4,30.9,3.6,3.6,61.0,15.1,Lagos
2021-05-21,30.6,25.6,35.5,31.1,1.0,1.0,51.0,17.7,Lagos
2021-05-22,30.5,25.7,33.8,31.3,1.2,1.2,53.0,18.1,Lagos
2021-05-23,30.8,24.4,36.6,29.9,0.0,0.0,3.0,15.2,Lagos
2021-05-24,31.5,25.9,36.5,31.4,0.0,0.0,3.0,16.0,Lagos
2021-05-25,31.6,27.3,36.1,32.1,0.8,0.8,51.0,18.4,Lagos
2021-05-26,31.7,26.7,35.9,31.3,1.5,1.5,53.0,22.7,Lagos
2021-05-27,30.5,26.3,34.6,31.5,1.9,1.9,51.0,19.5,Lagos
2021-05-28,30.4,26.1,35.7,31.7,1.0,1.0,51.0,15.3,Lagos
2021-05-29,30.2,26.8,36.0,32.6,1.3,1.3,51.0,13.8,Lagos
2021-05-30,29.7,26.5,34.8,31.7,2.2,2.2,53.0,16.0,Lagos
2021-05-31,30.6,25.9,35.7,30.5,2.0,2.0,53.0,21.4,Lagos
2021-06-01,29.6,25.8,33.5,30.9,3.1,3.1,61.0,14.8,Lagos
2021-06-02,30.2,25.4,35.3,30.7,1.5,1.5,51.0,13.3,Lagos
2021-06-03,31.0,26.3,36.0,31.5,0.0,0.0,3.0,18.0,Lagos
2021-06-04,28.7,25.4,33.2,30.2,9.2,9.2,63.0,13.6,Lagos
2021-06-05,27.9,25.0,33.3,29.7,4.8,4.8,61.0,13.6,Lagos
2021-06-06,29.8,24.1,34.3,29.2,1.0,1.0,51.0,15.4,Lagos
2021-06-07,30.0,25.9,34.8,31.0,0.7,0.7,51.0,14.9,Lagos
2021-06-08,29.8,25.1,35.2,30.5,2.5,2.5,53.0,13.3,Lagos
2021-06-09,30.1,24.3,35.9,28.9,1.3,1.3,51.0,17.9,Lagos
2021-06-10,29.2,25.0,34.0,30.9,2.5,2.5,53.0,12.1,Lagos
2021-06-11,31.2,25.1,37.1,29.5,2.4,2.4,61.0,18.1,Lagos
2021-06-12,29.3,25.4,34.0,30.7,0.6,0.6,51.0,17.1,Lagos
2021-06-13,30.0,23.9,34.7,29.0,0.4,0.4,51.0,19.0,Lagos
2021-06-14,31.0,26.4,33.5,31.1,0.2,0.2,51.0,15.0,Lagos
2021-06-15,31.4,26.5,35.2,31.4,1.4,1.4,51.0,21.1,Lagos
2021-06-16,31.2,24.9,35.9,29.5,11.6,11.6,63.0,23.8,Lagos
2021-06-17,30.2,24.5,35.6,29.0,6.4,6.4,61.0,12.6,Lagos
2021-06-18,29.6,24.3,35.7,29.8,7.0,7.0,63.0,15.3,Lagos
2021-06-19,29.7,24.9,34.2,30.3,4.5,4.5,61.0,16.8,Lagos
2021-06-20,27.0,24.5,31.5,28.7,20.3,20.3,63.0,11.5,Lagos
2021-06-21,27.4,23.4,31.1,27.2,25.6,25.6,63.0,15.5,Lagos
2021-06-22,29.4,23.3,34.2,26.5,6.2,6.2,63.0,17.3,Lagos
2021-06-23,27.3,23.8,32.4,28.5,17.5,17.5,63.0,16.7,Lagos
2021-06-24,27.8,24.1,33.9,28.7,8.6,8.6,63.0,12.6,Lagos
2021-06-25,29.6,24.3,35.9,29.2,2.4,2.4,53.0,15.9,Lagos
2021-06-26,26.6,23.1,31.1,27.7,20.3,20.3,63.0,13.7,Lagos
2021-06-27,28.0,22.8,32.2,26.7,0.4,0.4,51.0,12.2,Lagos
2021-06-28,28.8,23.7,34.0,27.8,4.9,4.9,61.0,14.3,Lagos
2021-06-29,28.5,24.8,33.7,28.4,7.0,7.0,61.0,15.9,Lagos
2021-06-30,28.5,24.5,33.4,29.3,5.3,5.3,61.0,15.3,Lagos
2021-07-01,29.0,24.4,34.1,29.3,3.7,3.7,55.0,13.6,Lagos
2021-07-02,28.1,23.8,32.7,28.5,19.3,19.3,65.0,21.9,Lagos
2021-07-03,27.2,24.0,32.7,28.3,31.6,31.6,65.0,12.9,Lagos
2021-07-04,28.6,22.4,32.4,24.9,7.8,7.8,63.0,12.3,Lagos
2021-07-05,29.4,23.8,34.7,27.9,0.8,0.8,51.0,16.6,Lagos
2021-07-06,29.1,25.1,33.6,29.5,2.1,2.1,55.0,18.0,Lagos
2021-07-07,28.4,25.0,31.6,28.8,3.1,3.1,53.0,19.9,Lagos
2021-07-08,27.3,24.9,31.6,28.7,2.7,2.7,51.0,16.4,Lagos
2021-07-09,26.3,23.9,30.3,27.9,11.0,11.0,61.0,16.6,Lagos
2021-07-10,27.5,23.4,33.7,27.8,2.2,2.2,51.0,15.8,Lagos
2021-07-11,28.6,23.6,33.1,27.6,2.0,2.0,53.0,18.3,Lagos
2021-07-12,28.2,24.2,31.8,28.7,3.1,3.1,53.0,18.8,Lagos
2021-07-13,28.7,23.7,32.7,27.8,0.8,0.8,51.0,20.6,Lagos
2021-07-14,27.1,24.4,31.3,28.3,1.3,1.3,51.0,20.5,Lagos
2021-07-15,28.2,24.4,32.3,28.3,4.4,4.4,55.0,19.5,Lagos
2021-07-16,25.3,24.1,29.6,26.2,76.2,76.2,65.0,23.0,Lagos
2021-07-17,27.6,24.2,31.5,28.5,2.5,2.5,53.0,17.8,Lagos
2021-07-18,27.9,24.1,31.0,28.1,0.7,0.7,51.0,19.1,Lagos
2021-07-19,27.6,24.5,30.9,28.1,1.7,1.7,51.0,21.1,Lagos
2021-07-20,27.8,24.3,31.5,27.6,3.2,3.2,53.0,20.9,Lagos
2021-07-21,28.0,24.5,31.3,28.0,3.5,3.5,55.0,19.6,Lagos
2021-07-22,28.2,23.8,31.9,27.7,0.6,0.6,51.0,19.3,Lagos
2021-07-23,28.5,24.4,32.0,28.0,0.6,0.6,51.0,18.2,Lagos
2021-07-24,27.9,23.9,31.1,27.9,1.1,1.1,51.0,19.6,Lagos
2021-07-25,28.1,24.3,30.1,27.6,0.5,0.5,51.0,21.4,Lagos
2021-07-26,27.6,24.4,29.2,27.2,1.0,1.0,51.0,25.6,Lagos
2021-07-27,28.1,24.7,28.8,26.9,0.3,0.3,51.0,23.6,Lagos
2021-07-28,28.2,24.3,30.4,28.1,1.8,1.8,51.0,18.8,Lagos
2021-07-29,28.9,23.1,32.2,27.2,0.9,0.9,51.0,18.8,Lagos
2021-07-30,28.5,24.3,32.0,28.2,0.1,0.1,51.0,19.9,Lagos
2021-07-31,28.6,24.7,31.5,27.6,2.3,2.3,51.0,20.8,Lagos
2021-08-01,29.5,23.9,32.6,28.0,1.1,1.1,51.0,19.1,Lagos
2021-08-02,28.4,25.0,31.0,28.5,0.9,0.9,51.0,15.9,Lagos
2021-08-03,28.3,24.9,32.2,28.7,2.3,2.3,53.0,21.2,Lagos
2021-08-04,27.8,24.5,31.0,28.3,7.5,7.5,55.0,22.0,Lagos
2021-08-05,26.8,23.9,30.6,27.6,14.8,14.8,61.0,18.3,Lagos
2021-08-06,27.8,23.7,32.3,28.0,1.5,1.5,51.0,18.1,Lagos
2021-08-07,28.9,24.0,34.5,28.4,5.7,5.7,61.0,20.9,Lagos
2021-08-08,27.2,24.3,32.0,27.6,8.5,8.5,63.0,23.9,Lagos
2021-08-09,27.5,24.1,31.5,27.8,2.7,2.7,53.0,20.7,Lagos
2021-08-10,27.2,23.9,32.2,27.8,3.0,3.0,51.0,20.2,Lagos
2021-08-11,27.4,24.2,30.1,27.4,1.0,1.0,51.0,25.1,Lagos
2021-08-12,27.2,24.0,31.4,27.3,2.3,2.3,51.0,19.1,Lagos
2021-08-13,27.3,24.5,31.3,28.3,2.2,2.2,51.0,17.3,Lagos
2021-08-14,27.1,24.3,30.6,27.8,1.3,1.3,53.0,22.2,Lagos
2021-08-15,27.1,23.8,30.6,27.7,1.5,1.5,51.0,20.8,Lagos
2021-08-16,28.0,24.4,30.4,28.1,1.1,1.1,51.0,20.5,Lagos
2021-08-17,27.1,24.1,30.1,28.5,2.3,2.3,51.0,14.1,Lagos
2021-08-18,27.9,23.9,31.7,28.4,2.4,2.4,53.0,13.5,Lagos
2021-08-19,28.2,23.5,31.6,27.2,10.5,10.5,63.0,16.6,Lagos
2021-08-20,26.5,23.5,29.7,27.0,10.7,10.7,63.0,18.9,Lagos
2021-08-21,26.7,23.7,31.1,27.7,30.6,30.6,65.0,18.9,Lagos
2021-08-22,27.1,23.1,33.3,27.8,4.8,4.8,61.0,13.0,Lagos
2021-08-23,27.6,23.3,34.8,27.4,4.5,4.5,61.0,17.8,Lagos
2021-08-24,27.4,24.1,32.4,28.7,10.3,10.3,61.0,17.1,Lagos
2021-08-25,26.8,23.9,31.5,27.4,6.5,6.5,61.0,16.4,Lagos
2021-08-26,27.3,24.1,31.0,28.8,2.8,2.8,53.0,16.7,Lagos
2021-08-27,28.5,24.8,32.4,28.8,3.7,3.7,53.0,20.1,Lagos
2021-08-28,27.8,22.9,32.1,27.6,1.5,1.5,51.0,15.5,Lagos
2021-08-29,27.9,24.7,32.5,29.0,5.9,5.9,61.0,19.7,Lagos
2021-08-30,27.0,23.6,30.8,28.3,13.7,13.7,63.0,18.2,Lagos
2021-08-31,29.2,24.0,35.3,28.4,2.1,2.1,53.0,18.2,Lagos
2021-09-01,28.9,24.0,35.1,28.1,5.0,5.0,61.0,21.5,Lagos
2021-09-02,27.2,23.8,31.5,28.2,10.9,10.9,61.0,18.2,Lagos
2021-09-03,26.1,24.2,30.5,28.0,11.5,11.5,63.0,18.9,Lagos
2021-09-04,28.6,23.6,33.4,28.0,9.4,9.4,63.0,17.3,Lagos
2021-09-05,27.8,23.6,34.2,27.8,3.0,3.0,53.0,17.6,Lagos
2021-09-06,26.8,24.3,32.4,28.5,6.9,6.9,61.0,15.6,Lagos
2021-09-07,28.7,24.0,35.0,28.6,2.2,2.2,53.0,15.8,Lagos
2021-09-08,28.4,24.6,32.7,29.0,1.5,1.5,51.0,20.0,Lagos
2021-09-09,28.4,24.2,33.2,29.3,1.6,1.6,51.0,16.7,Lagos
2021-09-10,29.0,24.5,34.2,29.3,11.1,11.1,63.0,15.1,Lagos
2021-09-11,28.0,23.6,32.9,27.9,18.2,18.2,63.0,11.7,Lagos
2021-09-12,28.7,24.4,33.1,29.2,0.5,0.5,51.0,20.9,Lagos
2021-09-13,26.9,24.0,30.6,28.5,16.8,16.8,63.0,13.5,Lagos
2021-09-14,27.9,23.2,34.0,27.8,5.4,5.4,63.0,17.0,Lagos
2021-09-15,27.0,24.0,32.1,28.5,3.1,3.1,53.0,14.4,Lagos
2021-09-16,28.6,23.3,33.6,27.4,5.6,5.6,63.0,16.8,Lagos
2021-09-17,28.9,24.4,35.2,29.4,3.7,3.7,61.0,13.4,Lagos
2021-09-18,27.4,24.2,32.6,29.1,8.9,8.9,63.0,16.3,Lagos
2021-09-19,27.9,24.2,33.8,29.0,3.2,3.2,55.0,16.3,Lagos
2021-09-20,29.2,24.3,36.1,28.5,0.0,0.0,3.0,13.3,Lagos
2021-09-21,27.7,25.0,32.1,29.6,12.1,12.1,63.0,15.9,Lagos
2021-09-22,26.2,23.3,31.7,27.9,31.1,31.1,63.0,9.2,Lagos
2021-09-23,28.8,22.8,34.7,27.0,1.4,1.4,53.0,10.9,Lagos
2021-09-24,28.5,24.1,35.5,28.3,3.0,3.0,61.0,17.1,Lagos
2021-09-25,28.7,23.5,33.6,28.1,9.1,9.1,63.0,13.3,Lagos
2021-09-26,28.7,22.7,34.4,26.5,0.9,0.9,51.0,13.6,Lagos
2021-09-27,27.7,24.2,33.1,29.6,4.6,4.6,61.0,14.0,Lagos
2021-09-28,28.6,24.8,33.9,30.5,2.3,2.3,53.0,13.9,Lagos
2021-09-29,28.8,24.2,35.4,29.1,1.2,1.2,51.0,16.3,Lagos
2021-09-30,27.8,24.5,33.6,29.4,15.6,15.6,63.0,13.0,Lagos
2021-10-01,28.3,24.3,35.0,28.8,1.2,1.2,53.0,14.0,Lagos
2021-10-02,29.4,24.5,34.7,29.2,1.7,1.7,53.0,18.1,Lagos
2021-10-03,28.5,24.5,35.1,29.6,4.6,4.6,61.0,14.9,Lagos
2021-10-04,28.7,24.6,35.7,29.8,1.8,1.8,53.0,15.4,Lagos
2021-10-05,29.4,24.8,35.7,30.2,1.3,1.3,51.0,18.4,Lagos
2021-10-06,26.5,24.9,31.2,28.8,16.8,16.8,63.0,16.9,Lagos
2021-10-07,29.1,24.1,34.6,29.0,2.6,2.6,53.0,13.0,Lagos
2021-10-08,29.6,24.4,36.5,29.3,0.5,0.5,51.0,15.6,Lagos
2021-10-09,28.0,25.7,33.8,30.6,10.2,10.2,63.0,14.3,Lagos
2021-10-10,28.5,25.3,34.1,30.1,11.4,11.4,63.0,14.4,Lagos
2021-10-11,29.7,24.6,35.7,29.5,2.9,2.9,53.0,14.7,Lagos
2021-10-12,30.0,25.3,35.6,30.5,1.9,1.9,53.0,17.8,Lagos
2021-10-13,29.6,25.4,35.7,30.7,1.1,1.1,51.0,15.1,Lagos
2021-10-14,29.4,24.6,35.8,29.9,5.1,5.1,61.0,14.9,Lagos
2021-10-15,29.2,24.5,35.3,29.3,1.3,1.3,51.0,15.5,Lagos
2021-10-16,29.8,25.5,35.2,29.8,2.1,2.1,51.0,18.3,Lagos
2021-10-17,29.3,25.1,34.8,29.5,2.0,2.0,53.0,18.9,Lagos
2021-10-18,26.2,24.1,30.8,28.1,13.7,13.7,61.0,12.1,Lagos
2021-10-19,29.2,23.8,34.9,28.0,10.1,10.1,63.0,19.6,Lagos
2021-10-20,28.6,24.3,33.8,28.8,3.6,3.6,53.0,12.2,Lagos
2021-10-21,28.6,23.7,34.0,28.0,30.9,30.9,65.0,11.9,Lagos
2021-10-22,29.0,24.1,35.1,28.2,9.3,9.3,63.0,13.0,Lagos
2021-10-23,26.2,23.7,31.3,27.7,24.8,24.8,65.0,14.5,Lagos
2021-10-24,28.8,23.4,35.8,28.0,4.7,4.7,55.0,13.4,Lagos
2021-10-25,29.6,24.6,35.4,29.2,4.0,4.0,61.0,20.0,Lagos
2021-10-26,29.5,24.8,36.0,30.0,1.1,1.1,51.0,13.9,Lagos
2021-10-27,28.8,24.6,34.5,29.1,4.9,4.9,61.0,11.3,Lagos
2021-10-28,28.5,24.3,35.7,29.2,2.6,2.6,53.0,14.3,Lagos
2021-10-29,29.5,24.2,35.9,29.3,1.0,1.0,51.0,13.4,Lagos
2021-10-30,29.2,24.8,36.5,30.1,2.9,2.9,55.0,15.6,Lagos
2021-10-31,29.1,24.9,34.0,29.0,1.2,1.2,53.0,20.0,Lagos
2021-11-01,29.6,25.0,35.4,29.5,2.1,2.1,53.0,18.8,Lagos
2021-11-02,28.6,24.1,33.4,26.6,0.4,0.4,51.0,16.9,Lagos
2021-11-03,29.5,23.7,35.6,28.2,0.4,0.4,51.0,15.3,Lagos
2021-11-04,29.1,24.9,35.8,30.2,3.9,3.9,61.0,15.8,Lagos
2021-11-05,29.3,24.4,36.1,29.0,1.0,1.0,51.0,8.0,Lagos
2021-11-06,29.8,23.4,35.1,27.7,0.3,0.3,51.0,14.9,Lagos
2021-11-07,29.6,25.2,35.8,29.6,5.1,5.1,61.0,16.1,Lagos
2021-11-08,30.0,25.0,36.0,30.4,1.5,1.5,51.0,14.5,Lagos
2021-11-09,29.3,24.8,35.6,29.3,2.7,2.7,53.0,12.4,Lagos
2021-11-10,29.1,24.8,35.7,28.7,7.7,7.7,61.0,16.2,Lagos
2021-11-11,29.2,24.6,35.3,29.2,8.5,8.5,63.0,11.2,Lagos
2021-11-12,29.2,23.5,34.5,27.9,0.9,0.9,51.0,12.5,Lagos
2021-11-13,29.4,24.7,36.0,29.9,2.3,2.3,53.0,14.5,Lagos
2021-11-14,29.9,25.1,36.6,30.4,0.4,0.4,51.0,14.8,Lagos
2021-11-15,29.6,25.7,35.9,30.3,6.0,6.0,63.0,13.5,Lagos
2021-11-16,29.8,25.1,36.1,28.1,2.1,2.1,55.0,17.4,Lagos
2021-11-17,30.3,25.5,35.9,29.1,1.1,1.1,51.0,13.8,Lagos
2021-11-18,30.3,25.0,36.9,30.2,1.8,1.8,53.0,14.0,Lagos
2021-11-19,30.0,25.1,36.4,30.1,2.5,2.5,61.0,17.7,Lagos
2021-11-20,29.8,24.8,34.7,30.2,0.4,0.4,51.0,13.0,Lagos
2021-11-21,30.4,25.9,36.6,31.6,1.1,1.1,51.0,12.9,Lagos
2021-11-22,30.2,25.6,36.7,31.1,1.1,1.1,51.0,16.5,Lagos
2021-11-23,30.6,25.2,36.4,30.5,1.5,1.5,53.0,17.1,Lagos
2021-11-24,30.4,25.4,37.0,30.8,1.3,1.3,51.0,16.2,Lagos
2021-11-25,30.1,24.6,36.2,29.4,1.6,1.6,53.0,16.4,Lagos
2021-11-26,30.8,25.0,36.1,29.4,0.3,0.3,51.0,15.7,Lagos
2021-11-27,30.2,25.4,36.0,30.8,1.4,1.4,53.0,15.5,Lagos
2021-11-28,31.1,25.2,36.2,30.4,0.3,0.3,51.0,15.6,Lagos
2021-11-29,30.7,25.6,36.0,30.7,0.6,0.6,51.0,15.8,Lagos
2021-11-30,30.9,24.4,35.3,28.7,1.4,1.4,53.0,15.3,Lagos
2021-12-01,31.4,24.7,36.6,29.8,0.2,0.2,51.0,17.4,Lagos
2021-12-02,31.5,25.0,36.9,29.9,0.7,0.7,51.0,18.9,Lagos
2021-12-03,32.1,24.9,36.8,30.1,0.2,0.2,51.0,18.5,Lagos
2021-12-04,32.1,25.5,38.0,31.5,0.1,0.1,51.0,15.7,Lagos
2021-12-05,32.6,25.0,37.6,29.7,2.8,2.8,61.0,17.6,Lagos
2021-12-06,31.6,25.1,36.7,29.8,0.3,0.3,51.0,20.0,Lagos
2021-12-07,31.5,25.4,36.7,30.7,1.2,1.2,51.0,13.4,Lagos
2021-12-08,30.9,24.9,37.5,30.1,0.8,0.8,51.0,15.0,Lagos
2021-12-09,31.9,24.6,37.0,29.3,0.0,0.0,2.0,15.0,Lagos
2021-12-10,31.5,24.4,36.6,29.3,0.1,0.1,51.0,14.0,Lagos
2021-12-11,31.9,25.0,37.8,30.3,0.0,0.0,3.0,14.5,Lagos
2021-12-12,33.1,24.9,37.6,30.2,0.0,0.0,3.0,17.0,Lagos
2021-12-13,32.8,24.3,37.7,29.3,0.0,0.0,3.0,19.4,Lagos
2021-12-14,31.9,25.5,37.0,31.3,1.6,1.6,61.0,17.2,Lagos
2021-12-15,32.0,25.4,37.5,30.5,0.6,0.6,51.0,15.8,Lagos
2021-12-16,33.4,25.5,37.4,31.0,0.1,0.1,51.0,15.0,Lagos
2021-12-17,31.9,24.7,35.9,29.1,0.0,0.0,3.0,14.0,Lagos
2021-12-18,32.3,23.6,32.1,27.6,0.0,0.0,3.0,16.2,Lagos
2021-12-19,31.7,21.4,31.8,22.0,0.0,0.0,3.0,11.2,Lagos
2021-12-20,33.5,23.7,33.8,23.7,0.0,0.0,3.0,12.8,Lagos
2021-12-21,33.3,22.7,33.9,23.0,0.0,0.0,3.0,14.1,Lagos
2021-12-22,33.6,22.8,33.5,23.5,0.0,0.0,3.0,14.5,Lagos
2021-12-23,33.2,23.2,33.4,25.7,0.0,0.0,3.0,17.0,Lagos
2021-12-24,31.6,23.3,36.3,27.7,0.0,0.0,3.0,17.1,Lagos
2021-12-25,33.8,23.8,37.6,27.8,0.0,0.0,3.0,21.8,Lagos
2021-12-26,32.3,24.8,36.3,29.8,0.0,0.0,3.0,18.3,Lagos
2021-12-27,32.4,25.2,37.8,30.7,0.9,0.9,53.0,17.9,Lagos
2021-12-28,32.0,24.5,36.0,29.5,0.2,0.2,51.0,18.5,Lagos
2021-12-29,30.1,25.3,34.5,30.4,0.4,0.4,51.0,14.6,Lagos
2021-12-30,32.6,23.8,36.4,28.3,0.0,0.0,3.0,18.2,Lagos
2021-12-31,30.9,24.0,34.8,28.7,1.0,1.0,53.0,13.7,Lagos
2022-01-01,31.2,24.6,35.6,29.8,0.7,0.7,51.0,16.1,Lagos
2022-01-02,31.9,24.4,36.5,29.8,0.5,0.5,51.0,15.8,Lagos
2022-01-03,33.7,24.8,33.9,29.6,0.0,0.0,3.0,16.1,Lagos
2022-01-04,31.0,24.4,32.9,25.5,0.0,0.0,3.0,17.0,Lagos
2022-01-05,31.6,23.8,34.8,28.7,0.0,0.0,3.0,12.9,Lagos
2022-01-06,32.6,22.2,34.6,25.4,0.0,0.0,3.0,16.7,Lagos
2022-01-07,31.9,24.2,36.6,28.8,0.1,0.1,51.0,18.3,Lagos
2022-01-08,32.1,24.3,36.7,28.3,1.8,1.8,61.0,16.8,Lagos
2022-01-09,33.7,25.0,37.4,30.5,1.0,1.0,55.0,17.3,Lagos
2022-01-10,31.3,24.6,35.7,29.6,0.0,0.0,3.0,15.9,Lagos
2022-01-11,31.5,25.1,36.1,29.8,0.3,0.3,51.0,17.3,Lagos
2022-01-12,31.5,25.1,35.9,30.4,0.5,0.5,51.0,18.7,Lagos
2022-01-13,29.6,23.8,35.7,27.7,10.3,10.3,63.0,18.2,Lagos
2022-01-14,29.9,24.9,35.7,30.3,0.4,0.4,51.0,17.8,Lagos
2022-01-15,31.7,24.9,36.9,30.1,0.0,0.0,3.0,19.8,Lagos
2022-01-16,31.0,24.7,36.0,30.0,0.1,0.1,51.0,16.7,Lagos
2022-01-17,29.9,23.4,35.6,28.0,0.0,0.0,3.0,18.3,Lagos
2022-01-18,31.7,24.2,35.8,28.5,0.1,0.1,51.0,18.3,Lagos
2022-01-19,31.5,23.6,33.9,27.7,1.0,1.0,51.0,14.5,Lagos
2022-01-20,31.2,22.3,30.9,22.7,0.0,0.0,3.0,13.1,Lagos
2022-01-21,31.3,21.1,32.2,21.7,0.0,0.0,3.0,12.0,Lagos
2022-01-22,32.9,21.5,33.3,23.2,0.0,0.0,0.0,17.0,Lagos
2022-01-23,32.8,22.6,33.5,24.4,0.0,0.0,1.0,15.8,Lagos
2022-01-24,32.8,23.7,36.3,27.8,0.0,0.0,3.0,17.6,Lagos
2022-01-25,32.9,23.0,33.3,26.5,0.0,0.0,3.0,13.0,Lagos
2022-01-26,31.0,20.8,30.4,21.9,0.0,0.0,3.0,16.8,Lagos
2022-01-27,31.9,22.0,36.1,25.6,0.0,0.0,3.0,16.0,Lagos
2022-01-28,31.8,23.9,36.0,28.2,0.0,0.0,3.0,17.9,Lagos
2022-01-29,33.0,22.8,33.1,26.4,0.0,0.0,3.0,15.3,Lagos
2022-01-30,31.4,20.0,33.0,20.7,0.0,0.0,3.0,14.8,Lagos
2022-01-31,30.8,20.8,29.6,19.5,0.0,0.0,3.0,17.4,Lagos
2022-02-01,32.5,20.5,32.0,21.1,0.0,0.0,3.0,14.1,Lagos
2022-02-02,33.1,20.7,34.2,21.9,0.0,0.0,3.0,18.0,Lagos
2022-02-03,31.6,23.1,35.9,27.1,0.0,0.0,3.0,16.9,Lagos
2022-02-04,31.0,24.2,35.8,29.2,0.4,0.4,51.0,16.3,Lagos
2022-02-05,31.3,24.6,35.7,29.7,1.8,1.8,61.0,18.6,Lagos
2022-02-06,31.9,23.5,36.2,27.9,0.0,0.0,3.0,18.1,Lagos
2022-02-07,31.5,24.1,36.4,28.8,0.0,0.0,3.0,18.4,Lagos
2022-02-08,32.0,23.9,36.6,28.6,0.0,0.0,3.0,19.8,Lagos
2022-02-09,32.7,24.3,37.5,29.8,0.1,0.1,51.0,19.5,Lagos
2022-02-10,32.1,24.5,37.1,29.9,0.0,0.0,3.0,19.2,Lagos
2022-02-11,32.0,25.1,37.2,30.6,0.1,0.1,51.0,17.5,Lagos
2022-02-12,31.4,24.8,36.5,30.0,0.1,0.1,51.0,17.2,Lagos
2022-02-13,32.3,24.6,36.8,30.4,0.4,0.4,51.0,16.8,Lagos
2022-02-14,32.6,25.5,37.3,31.0,1.1,1.1,51.0,20.4,Lagos
2022-02-15,32.4,26.2,37.3,31.5,0.5,0.5,51.0,19.4,Lagos
2022-02-16,31.3,25.8,35.5,31.3,4.0,4.0,61.0,17.5,Lagos
2022-02-17,31.2,26.1,35.9,30.6,0.7,0.7,51.0,15.4,Lagos
2022-02-18,31.7,26.1,35.3,31.6,0.3,0.3,51.0,21.0,Lagos
2022-02-19,29.6,26.3,35.5,29.4,1.9,1.9,55.0,24.0,Lagos
2022-02-20,30.2,25.8,35.8,30.4,0.7,0.7,53.0,18.7,Lagos
2022-02-21,31.3,24.7,36.0,30.2,1.2,1.2,51.0,18.7,Lagos
2022-02-22,32.0,25.5,37.7,30.6,0.4,0.4,51.0,20.1,Lagos
2022-02-23,32.6,26.2,37.0,31.4,0.6,0.6,51.0,19.3,Lagos
2022-02-24,32.3,25.6,37.4,31.1,0.4,0.4,51.0,18.4,Lagos
2022-02-25,31.9,25.4,38.2,31.0,0.2,0.2,51.0,18.6,Lagos
2022-02-26,31.9,25.7,38.3,31.2,0.1,0.1,51.0,19.4,Lagos
2022-02-27,31.8,25.9,36.8,31.1,1.4,1.4,53.0,19.8,Lagos
2022-02-28,32.3,26.0,37.0,31.2,0.3,0.3,51.0,21.4,Lagos
2022-03-01,32.4,26.5,36.9,31.9,0.1,0.1,51.0,20.4,Lagos
2022-03-02,32.5,26.1,36.0,29.0,0.6,0.6,53.0,22.4,Lagos
2022-03-03,31.0,26.1,36.5,30.6,3.9,3.9,63.0,22.5,Lagos
2022-03-04,30.3,24.9,35.6,28.8,15.2,15.2,63.0,17.6,Lagos
2022-03-05,30.8,24.1,36.7,29.1,0.2,0.2,51.0,17.7,Lagos
2022-03-06,29.5,26.5,33.6,31.6,2.5,2.5,61.0,17.1,Lagos
2022-03-07,31.1,26.6,36.4,31.9,0.3,0.3,51.0,16.6,Lagos
2022-03-08,31.6,26.6,37.1,32.1,0.1,0.1,51.0,18.2,Lagos
2022-03-09,31.7,26.9,36.9,32.2,1.1,1.1,51.0,20.6,Lagos
2022-03-10,32.0,27.0,36.7,30.6,2.2,2.2,53.0,25.6,Lagos
2022-03-11,31.2,25.2,35.2,28.4,3.9,3.9,63.0,19.3,Lagos
2022-03-12,29.7,24.0,34.1,27.8,8.9,8.9,63.0,13.8,Lagos
2022-03-13,29.6,24.9,35.6,30.2,7.0,7.0,63.0,13.8,Lagos
2022-03-14,30.7,24.9,37.4,30.1,1.1,1.1,53.0,18.8,Lagos
2022-03-15,30.8,25.7,36.0,29.8,5.1,5.1,63.0,18.8,Lagos
2022-03-16,30.8,26.0,36.9,31.2,1.9,1.9,53.0,17.7,Lagos
2022-03-17,31.2,25.9,36.9,31.8,0.8,0.8,51.0,18.1,Lagos
2022-03-18,31.7,26.5,37.3,32.1,2.3,2.3,55.0,18.6,Lagos
2022-03-19,31.7,26.8,36.8,31.7,2.2,2.2,61.0,21.7,Lagos
2022-03-20,31.8,26.7,36.3,31.1,1.4,1.4,53.0,22.6,Lagos
2022-03-21,31.6,27.0,36.8,31.1,1.2,1.2,51.0,21.6,Lagos
2022-03-22,31.4,25.2,35.4,30.0,3.1,3.1,55.0,19.6,Lagos
2022-03-23,31.6,27.3,36.1,31.5,1.1,1.1,51.0,20.5,Lagos
2022-03-24,30.9,25.3,36.8,28.9,2.7,2.7,61.0,17.5,Lagos
2022-03-25,31.3,25.9,36.7,31.7,0.7,0.7,51.0,15.2,Lagos
2022-03-26,31.4,26.3,37.7,31.9,1.3,1.3,51.0,17.4,Lagos
2022-03-27,32.2,26.8,38.6,32.0,1.6,1.6,51.0,19.3,Lagos
2022-03-28,31.4,27.0,36.9,31.2,1.3,1.3,51.0,20.5,Lagos
2022-03-29,31.5,26.9,36.2,31.7,1.9,1.9,51.0,18.4,Lagos
2022-03-30,30.8,26.4,36.5,31.8,0.2,0.2,51.0,18.2,Lagos
2022-03-31,32.3,27.0,37.5,32.2,0.3,0.3,51.0,19.6,Lagos
2022-04-01,31.0,27.0,35.6,30.7,5.6,5.6,63.0,21.7,Lagos
2022-04-02,30.6,26.1,34.5,30.5,3.3,3.3,55.0,20.1,Lagos
2022-04-03,32.1,27.0,35.7,31.6,0.2,0.2,51.0,20.2,Lagos
2022-04-04,31.7,26.9,36.3,31.4,0.5,0.5,51.0,20.4,Lagos
2022-04-05,31.6,26.8,36.7,31.7,4.5,4.5,61.0,17.6,Lagos
2022-04-06,29.8,26.7,34.6,31.9,0.2,0.2,51.0,19.4,Lagos
2022-04-07,31.4,26.6,36.4,31.2,1.0,1.0,53.0,21.1,Lagos
2022-04-08,30.9,27.0,36.1,30.9,0.8,0.8,51.0,23.8,Lagos
2022-04-09,30.7,25.9,36.0,30.4,0.6,0.6,51.0,15.5,Lagos
2022-04-10,30.7,24.9,36.0,30.3,0.1,0.1,51.0,14.2,Lagos
2022-04-11,32.1,26.1,36.5,31.6,0.1,0.1,51.0,19.1,Lagos
2022-04-12,29.6,26.2,34.2,30.5,6.5,6.5,63.0,14.0,Lagos
2022-04-13,29.5,24.6,32.7,29.7,4.7,4.7,61.0,15.7,Lagos
2022-04-14,31.7,25.5,38.0,30.9,0.3,0.3,51.0,20.0,Lagos
2022-04-15,30.3,25.6,35.2,31.0,1.7,1.7,51.0,15.6,Lagos
2022-04-16,32.2,23.7,37.7,27.9,11.9,11.9,63.0,17.0,Lagos
2022-04-17,30.7,24.6,37.1,29.3,14.6,14.6,63.0,18.0,Lagos
2022-04-18,28.8,24.2,35.3,28.9,2.2,2.2,55.0,11.3,Lagos
2022-04-19,30.1,26.6,36.0,31.7,0.6,0.6,51.0,14.0,Lagos
2022-04-20,31.2,25.5,36.7,31.7,0.8,0.8,51.0,17.9,Lagos
2022-04-21,30.4,26.5,34.7,31.8,4.7,4.7,55.0,15.2,Lagos
2022-04-22,31.0,25.6,36.4,30.7,0.0,0.0,3.0,16.1,Lagos
2022-04-23,31.7,26.1,36.4,31.4,0.0,0.0,3.0,21.4,Lagos
2022-04-24,30.2,25.1,33.5,29.2,0.4,0.4,51.0,20.0,Lagos
2022-04-25,30.2,25.2,35.4,30.2,0.1,0.1,51.0,17.9,Lagos
2022-04-26,29.8,24.9,36.4,28.7,4.4,4.4,61.0,23.3,Lagos
2022-04-27,29.5,24.8,33.4,28.8,31.3,31.3,65.0,20.9,Lagos
2022-04-28,29.3,24.3,34.0,28.5,2.3,2.3,53.0,12.0,Lagos
2022-04-29,31.0,25.1,37.5,29.9,1.5,1.5,55.0,17.3,Lagos
2022-04-30,30.7,24.8,36.4,30.1,3.1,3.1,61.0,16.5,Lagos
2022-05-01,30.9,26.5,36.2,31.6,0.6,0.6,51.0,17.4,Lagos
2022-05-02,30.6,26.5,35.0,31.2,2.4,2.4,61.0,21.2,Lagos
2022-05-03,31.1,24.6,36.3,30.1,0.0,0.0,3.0,17.9,Lagos
2022-05-04,32.2,25.7,36.9,28.9,5.8,5.8,63.0,20.4,Lagos
2022-05-05,31.3,24.5,35.6,29.3,0.0,0.0,3.0,17.3,Lagos
2022-05-06,28.1,25.0,34.1,30.3,8.9,8.9,63.0,11.9,Lagos
2022-05-07,30.1,24.0,35.2,28.4,0.4,0.4,51.0,14.0,Lagos
2022-05-08,31.1,25.1,37.5,30.9,0.5,0.5,51.0,19.7,Lagos
2022-05-09,30.2,26.7,36.0,31.7,10.0,10.0,63.0,20.2,Lagos
2022-05-10,29.9,25.5,37.1,31.5,1.3,1.3,51.0,15.2,Lagos
2022-05-11,30.5,25.9,37.2,31.2,2.6,2.6,53.0,16.1,Lagos
2022-05-12,30.1,26.2,36.0,31.9,0.7,0.7,51.0,14.5,Lagos
2022-05-13,31.4,25.5,37.2,30.7,0.9,0.9,53.0,13.4,Lagos
2022-05-14,31.0,26.5,35.9,31.7,0.2,0.2,51.0,16.5,Lagos
2022-05-15,30.7,25.4,35.8,30.4,1.1,1.1,53.0,18.2,Lagos
2022-05-16,31.4,25.5,36.6,30.7,2.3,2.3,53.0,15.6,Lagos
2022-05-17,31.8,26.2,37.7,31.6,0.5,0.5,51.0,13.0,Lagos
2022-05-18,30.8,26.3,36.1,30.0,1.1,1.1,51.0,21.1,Lagos
2022-05-19,29.1,25.3,34.2,29.2,13.7,13.7,63.0,18.3,Lagos
2022-05-20,29.8,25.1,36.7,30.0,1.0,1.0,51.0,18.7,Lagos
2022-05-21,27.4,24.3,32.7,28.7,25.6,25.6,63.0,12.7,Lagos
2022-05-22,29.5,24.6,34.4,28.8,16.3,16.3,63.0,14.2,Lagos
2022-05-23,30.0,24.1,35.5,28.8,3.9,3.9,63.0,20.0,Lagos
2022-05-24,28.8,24.1,33.4,28.3,0.1,0.1,51.0,14.6,Lagos
2022-05-25,28.8,24.5,34.1,29.0,2.1,2.1,53.0,17.3,Lagos
2022-05-26,28.5,24.2,33.4,28.0,8.9,8.9,63.0,16.5,Lagos
2022-05-27,28.8,23.5,34.2,28.0,2.4,2.4,53.0,17.6,Lagos
2022-05-28,29.8,24.4,35.1,29.4,2.1,2.1,53.0,16.5,Lagos
2022-05-29,30.0,25.7,35.1,30.5,1.3,1.3,51.0,18.0,Lagos
2022-05-30,29.6,25.0,34.5,30.1,2.3,2.3,55.0,18.1,Lagos
2022-05-31,28.7,25.4,33.1,30.4,1.4,1.4,51.0,17.0,Lagos
2022-06-01,30.0,24.9,35.3,30.5,0.2,0.2,51.0,13.3,Lagos
2022-06-02,30.8,25.0,35.6,30.3,1.1,1.1,51.0,19.6,Lagos
2022-06-03,28.2,24.5,32.9,28.3,7.3,7.3,63.0,18.4,Lagos
2022-06-04,29.3,24.4,33.9,28.6,25.6,25.6,65.0,17.7,Lagos
2022-06-05,28.2,23.7,31.7,26.5,17.4,17.4,63.0,22.4,Lagos
2022-06-06,28.7,23.3,35.2,28.1,8.1,8.1,63.0,12.4,Lagos
2022-06-07,30.5,23.5,37.7,27.6,3.6,3.6,63.0,13.4,Lagos
2022-06-08,29.6,24.6,35.0,29.2,4.6,4.6,61.0,16.8,Lagos
2022-06-09,29.5,25.7,35.1,29.6,2.4,2.4,51.0,19.7,Lagos
2022-06-10,28.7,24.4,33.5,28.7,6.0,6.0,61.0,17.9,Lagos
2022-06-11,26.4,22.8,31.1,27.0,8.7,8.7,63.0,14.8,Lagos
2022-06-12,29.3,23.6,35.8,28.3,1.5,1.5,51.0,12.6,Lagos
2022-06-13,29.7,24.1,35.3,28.3,3.5,3.5,61.0,17.8,Lagos
2022-06-14,28.7,23.4,33.6,26.8,19.9,19.9,65.0,18.4,Lagos
2022-06-15,27.4,23.6,32.2,28.1,31.9,31.9,65.0,16.3,Lagos
2022-06-16,25.4,22.7,29.9,26.3,44.8,44.8,63.0,17.7,Lagos
2022-06-17,27.0,23.2,31.9,27.6,5.5,5.5,61.0,12.8,Lagos
2022-06-18,26.5,23.4,31.0,27.3,4.9,4.9,61.0,12.2,Lagos
2022-06-19,28.0,22.5,33.8,26.3,0.7,0.7,51.0,10.9,Lagos
2022-06-20,28.5,23.7,34.0,28.5,5.1,5.1,63.0,15.9,Lagos
2022-06-21,27.8,23.7,32.6,27.8,7.1,7.1,61.0,21.0,Lagos
2022-06-22,26.3,22.7,30.0,26.7,2.4,2.4,53.0,16.9,Lagos
2022-06-23,28.4,23.1,34.3,27.5,2.2,2.2,53.0,14.1,Lagos
2022-06-24,26.9,24.5,30.6,28.4,4.6,4.6,63.0,13.5,Lagos
2022-06-25,28.3,23.2,32.0,27.4,0.2,0.2,51.0,15.8,Lagos
2022-06-26,27.0,23.8,31.6,28.0,11.6,11.6,63.0,12.8,Lagos
2022-06-27,28.3,23.4,34.6,27.6,3.4,3.4,53.0,14.2,Lagos
2022-06-28,28.1,24.0,33.0,29.0,5.7,5.7,63.0,13.5,Lagos
2022-06-29,27.9,24.2,32.4,27.7,6.6,6.6,63.0,18.9,Lagos
2022-06-30,26.2,23.3,29.8,26.3,28.5,28.5,63.0,21.8,Lagos
2022-07-01,27.6,23.4,31.4,27.5,10.1,10.1,63.0,17.8,Lagos
2022-07-02,27.6,23.6,31.7,27.2,0.4,0.4,51.0,15.6,Lagos
2022-07-03,28.8,22.9,33.6,26.6,1.0,1.0,53.0,20.5,Lagos
2022-07-04,28.0,24.3,33.6,27.6,7.7,7.7,63.0,24.4,Lagos
2022-07-05,26.8,22.9,31.6,27.0,21.8,21.8,65.0,17.1,Lagos
2022-07-06,28.0,22.8,33.5,27.2,5.2,5.2,63.0,14.5,Lagos
2022-07-07,28.5,23.9,33.9,28.1,1.5,1.5,51.0,17.8,Lagos
2022-07-08,25.6,23.2,29.4,27.4,27.5,27.5,63.0,17.4,Lagos
2022-07-09,26.5,23.6,29.7,26.9,9.9,9.9,61.0,16.8,Lagos
2022-07-10,27.9,23.3,32.5,27.2,2.8,2.8,53.0,19.9,Lagos
2022-07-11,26.5,24.1,29.8,27.5,4.0,4.0,55.0,19.9,Lagos
2022-07-12,25.7,24.2,29.1,27.7,5.7,5.7,61.0,14.8,Lagos
2022-07-13,27.0,23.7,30.2,27.4,0.6,0.6,51.0,21.8,Lagos
2022-07-14,27.9,23.8,31.6,27.7,1.5,1.5,51.0,20.6,Lagos
2022-07-15,27.8,24.1,32.0,27.6,2.1,2.1,53.0,19.3,Lagos
2022-07-16,27.2,24.3,29.8,27.7,3.3,3.3,55.0,21.4,Lagos
2022-07-17,27.4,23.8,30.6,27.2,2.2,2.2,53.0,18.7,Lagos
2022-07-18,27.4,22.8,31.1,26.4,1.9,1.9,53.0,21.9,Lagos
2022-07-19,27.6,23.4,30.9,26.8,0.4,0.4,51.0,20.2,Lagos
2022-07-20,27.3,23.5,30.6,26.3,2.2,2.2,51.0,19.8,Lagos
2022-07-21,27.4,23.2,30.2,26.4,2.3,2.3,53.0,20.4,Lagos
2022-07-22,27.8,23.7,31.5,27.0,1.3,1.3,51.0,18.6,Lagos
2022-07-23,27.6,23.7,31.7,27.3,1.7,1.7,51.0,18.4,Lagos
2022-07-24,27.5,23.6,31.4,27.7,1.8,1.8,51.0,17.3,Lagos
2022-07-25,27.7,23.9,32.4,27.3,2.5,2.5,53.0,19.9,Lagos
2022-07-26,26.5,23.1,29.2,26.0,17.5,17.5,63.0,21.1,Lagos
2022-07-27,27.2,24.3,30.0,27.6,2.2,2.2,53.0,22.9,Lagos
2022-07-28,27.4,24.2,29.7,27.6,1.6,1.6,55.0,25.0,Lagos
2022-07-29,27.5,24.2,29.2,27.1,1.0,1.0,51.0,25.4,Lagos
2022-07-30,28.1,23.6,31.4,26.8,0.5,0.5,51.0,22.3,Lagos
2022-07-31,27.2,24.0,29.0,26.1,1.6,1.6,51.0,27.5,Lagos
2022-08-01,26.6,23.4,28.2,25.7,4.4,4.4,53.0,24.6,Lagos
2022-08-02,26.3,22.1,28.9,25.4,0.7,0.7,51.0,18.1,Lagos
2022-08-03,27.2,22.3,30.4,25.8,1.2,1.2,51.0,19.4,Lagos
2022-08-04,27.4,22.9,30.1,26.0,0.4,0.4,51.0,21.7,Lagos
2022-08-05,27.7,22.5,31.0,26.0,0.6,0.6,51.0,17.9,Lagos
2022-08-06,27.7,22.0,31.6,25.6,0.4,0.4,51.0,18.0,Lagos
2022-08-07,27.9,22.8,31.6,26.4,0.8,0.8,51.0,20.0,Lagos
2022-08-08,28.0,23.5,29.6,26.6,0.6,0.6,51.0,22.4,Lagos
2022-08-09,28.0,23.8,30.7,26.7,1.2,1.2,51.0,20.0,Lagos
2022-08-10,28.7,23.6,31.1,26.9,0.4,0.4,51.0,21.0,Lagos
2022-08-11,29.4,23.6,32.2,26.7,7.1,7.1,63.0,23.2,Lagos
2022-08-12,28.1,23.5,30.3,27.2,1.2,1.2,51.0,21.4,Lagos
2022-08-13,28.1,23.6,30.3,26.6,0.8,0.8,51.0,26.3,Lagos
2022-08-14,26.7,24.0,28.0,25.7,1.9,1.9,51.0,28.4,Lagos
2022-08-15,26.3,23.7,28.3,25.0,5.7,5.7,61.0,29.3,Lagos
2022-08-16,25.8,23.1,28.7,25.8,3.3,3.3,53.0,20.3,Lagos
2022-08-17,27.2,22.2,31.1,25.9,0.5,0.5,51.0,16.0,Lagos
2022-08-18,27.1,22.7,30.5,25.8,1.0,1.0,51.0,19.1,Lagos
2022-08-19,26.2,23.7,28.6,26.4,11.4,11.4,63.0,22.4,Lagos
2022-08-20,26.6,23.1,29.6,25.8,3.0,3.0,51.0,21.4,Lagos
2022-08-21,27.6,21.8,32.1,25.2,0.6,0.6,51.0,18.0,Lagos
2022-08-22,26.4,23.1,28.9,26.0,2.3,2.3,53.0,25.5,Lagos
2022-08-23,25.8,24.1,27.8,26.0,14.0,14.0,63.0,25.0,Lagos
2022-08-24,26.7,23.1,31.0,26.4,1.6,1.6,53.0,15.9,Lagos
2022-08-25,27.4,22.4,32.4,26.4,1.4,1.4,53.0,17.1,Lagos
2022-08-26,26.0,23.4,28.6,26.2,10.4,10.4,61.0,20.1,Lagos
2022-08-27,26.6,23.4,28.2,25.6,5.1,5.1,55.0,28.6,Lagos
2022-08-28,26.9,23.0,30.8,26.2,2.3,2.3,51.0,18.0,Lagos
2022-08-29,27.6,22.4,32.4,26.1,2.3,2.3,53.0,17.4,Lagos
2022-08-30,26.0,23.7,28.6,26.8,11.6,11.6,63.0,20.4,Lagos
2022-08-31,27.0,23.7,30.4,26.5,4.7,4.7,53.0,22.4,Lagos
2022-09-01,27.0,23.7,31.0,27.1,1.4,1.4,53.0,17.6,Lagos
2022-09-02,27.8,23.7,33.0,27.5,2.2,2.2,51.0,15.0,Lagos
2022-09-03,27.5,23.7,33.6,27.6,1.1,1.1,51.0,18.6,Lagos
2022-09-04,27.1,23.6,30.7,26.8,7.4,7.4,61.0,20.6,Lagos
2022-09-05,27.6,23.8,32.2,27.7,2.4,2.4,53.0,18.4,Lagos
2022-09-06,27.6,23.6,31.9,27.7,0.6,0.6,51.0,18.2,Lagos
2022-09-07,28.2,23.9,32.9,28.0,1.4,1.4,51.0,18.6,Lagos
2022-09-08,26.8,24.0,30.5,27.7,3.0,3.0,55.0,20.2,Lagos
2022-09-09,27.6,24.0,31.8,27.5,1.8,1.8,53.0,20.1,Lagos
2022-09-10,28.3,24.4,32.1,27.7,1.1,1.1,51.0,19.4,Lagos
2022-09-11,27.8,24.4,31.4,28.1,3.8,3.8,55.0,21.3,Lagos
2022-09-12,25.5,23.2,28.6,26.9,12.6,12.6,63.0,18.4,Lagos
2022-09-13,27.0,23.6,30.3,27.6,1.8,1.8,53.0,14.8,Lagos
2022-09-14,27.7,23.1,33.0,27.4,1.2,1.2,51.0,16.6,Lagos
2022-09-15,27.4,24.3,31.2,28.0,5.6,5.6,63.0,20.4,Lagos
2022-09-16,27.6,23.7,31.3,27.8,3.9,3.9,53.0,19.8,Lagos
2022-09-17,27.8,23.4,32.8,27.7,1.5,1.5,51.0,18.3,Lagos
2022-09-18,27.3,23.7,30.7,26.0,4.6,4.6,53.0,19.4,Lagos
2022-09-19,26.0,22.8,28.3,26.0,27.6,27.6,63.0,28.3,Lagos
2022-09-20,27.4,23.9,31.7,27.4,2.3,2.3,53.0,17.8,Lagos
2022-09-21,27.2,23.4,32.3,28.1,10.5,10.5,63.0,10.4,Lagos
2022-09-22,27.8,22.7,32.6,26.8,6.4,6.4,63.0,14.9,Lagos
2022-09-23,28.3,23.4,33.7,27.3,0.4,0.4,51.0,15.4,Lagos
2022-09-24,28.4,23.3,35.2,27.6,7.7,7.7,63.0,15.6,Lagos
2022-09-25,27.9,23.9,32.8,28.0,5.5,5.5,63.0,18.0,Lagos
2022-09-26,26.3,23.8,29.9,27.7,14.1,14.1,63.0,18.9,Lagos
2022-09-27,27.3,23.4,30.7,27.6,7.4,7.4,61.0,15.8,Lagos
2022-09-28,26.1,23.4,29.9,27.6,12.9,12.9,61.0,17.4,Lagos
2022-09-29,27.3,22.7,31.8,27.0,1.7,1.7,53.0,14.9,Lagos
2022-09-30,27.2,23.1,31.6,27.0,6.7,6.7,63.0,16.6,Lagos
2022-10-01,27.9,23.6,32.9,27.6,1.9,1.9,51.0,16.0,Lagos
2022-10-02,28.3,23.1,35.2,27.4,1.0,1.0,51.0,19.1,Lagos
2022-10-03,28.5,22.5,32.9,26.6,0.0,0.0,3.0,17.7,Lagos
2022-10-04,28.2,24.4,33.1,29.1,1.5,1.5,51.0,18.7,Lagos
2022-10-05,28.4,23.6,34.1,28.2,0.6,0.6,51.0,18.2,Lagos
2022-10-06,27.4,23.8,32.5,28.0,6.7,6.7,63.0,19.5,Lagos
2022-10-07,26.2,23.5,30.1,28.0,4.7,4.7,55.0,14.0,Lagos
2022-10-08,28.5,23.2,33.9,27.6,0.3,0.3,51.0,16.4,Lagos
2022-10-09,27.4,23.4,31.7,27.3,28.4,28.4,63.0,12.0,Lagos
2022-10-10,28.8,23.2,34.4,28.1,7.8,7.8,63.0,13.0,Lagos
2022-10-11,28.9,23.5,36.1,28.1,1.3,1.3,51.0,14.7,Lagos
2022-10-12,28.7,23.4,34.4,27.0,5.3,5.3,63.0,11.2,Lagos
2022-10-13,27.8,24.6,33.0,28.3,17.6,17.6,63.0,14.2,Lagos
2022-10-14,29.2,23.6,35.0,28.3,1.5,1.5,51.0,14.8,Lagos
2022-10-15,28.5,22.9,33.3,27.2,16.5,16.5,65.0,10.1,Lagos
2022-10-16,29.2,24.0,36.1,28.5,0.8,0.8,51.0,13.9,Lagos
2022-10-17,28.4,24.4,34.7,29.5,1.3,1.3,51.0,12.1,Lagos
2022-10-18,29.1,24.8,34.9,29.8,6.8,6.8,63.0,13.5,Lagos
2022-10-19,29.4,24.3,36.0,28.8,2.0,2.0,61.0,18.8,Lagos
2022-10-20,28.5,24.3,34.1,28.4,1.1,1.1,51.0,13.0,Lagos
2022-10-21,28.6,24.5,35.3,29.5,0.7,0.7,51.0,13.7,Lagos
2022-10-22,29.4,23.4,35.9,27.7,1.0,1.0,51.0,11.9,Lagos
2022-10-23,29.7,23.6,36.3,28.5,3.8,3.8,61.0,15.3,Lagos
2022-10-24,29.8,24.5,37.4,30.0,4.9,4.9,63.0,14.5,Lagos
2022-10-25,27.0,24.5,31.6,29.1,8.6,8.6,63.0,12.7,Lagos
2022-10-26,29.4,24.5,35.8,29.3,0.2,0.2,51.0,13.1,Lagos
2022-10-27,29.4,24.4,36.4,29.8,1.1,1.1,51.0,12.6,Lagos
2022-10-28,30.1,24.1,37.0,29.2,2.4,2.4,55.0,14.7,Lagos
2022-10-29,30.4,24.5,37.1,29.2,0.3,0.3,51.0,14.0,Lagos
2022-10-30,29.3,24.8,36.3,29.7,1.2,1.2,53.0,13.7,Lagos
2022-10-31,29.1,24.4,36.0,29.5,0.8,0.8,53.0,10.8,Lagos
2022-11-01,30.2,24.7,37.7,29.6,5.0,5.0,63.0,16.6,Lagos
2022-11-02,31.1,24.8,38.0,29.3,0.8,0.8,51.0,18.6,Lagos
2022-11-03,29.8,25.5,35.6,30.8,1.0,1.0,51.0,15.8,Lagos
2022-11-04,29.8,24.1,35.6,29.1,2.9,2.9,61.0,14.8,Lagos
2022-11-05,30.3,24.7,37.0,29.4,0.3,0.3,51.0,15.5,Lagos
2022-11-06,30.7,25.0,37.5,29.7,3.3,3.3,61.0,15.6,Lagos
2022-11-07,30.9,24.4,37.2,28.9,1.1,1.1,53.0,15.3,Lagos
2022-11-08,31.3,24.3,38.2,28.9,0.7,0.7,53.0,17.2,Lagos
2022-11-09,29.2,24.8,35.5,29.1,2.0,2.0,53.0,16.8,Lagos
2022-11-10,29.7,25.2,34.5,30.1,0.7,0.7,51.0,19.6,Lagos
2022-11-11,29.1,24.5,34.9,28.6,4.0,4.0,61.0,17.2,Lagos
2022-11-12,30.2,24.7,36.4,29.4,2.0,2.0,53.0,15.5,Lagos
2022-11-13,29.4,25.0,35.6,30.1,1.3,1.3,51.0,14.9,Lagos
2022-11-14,30.0,24.1,36.2,28.5,2.2,2.2,61.0,14.7,Lagos
2022-11-15,30.4,24.7,37.7,29.5,2.1,2.1,53.0,18.6,Lagos
2022-11-16,32.5,24.3,37.0,28.4,0.0,0.0,3.0,19.0,Lagos
2022-11-17,30.8,25.1,35.9,29.9,2.3,2.3,53.0,16.6,Lagos
2022-11-18,29.8,24.6,36.7,29.5,1.6,1.6,55.0,14.1,Lagos
2022-11-19,29.6,24.6,36.2,29.5,2.1,2.1,53.0,15.0,Lagos
2022-11-20,31.3,24.6,36.3,29.3,1.0,1.0,51.0,15.9,Lagos
2022-11-21,31.1,25.2,36.6,30.0,0.1,0.1,51.0,16.4,Lagos
2022-11-22,29.8,24.7,35.7,29.8,1.3,1.3,51.0,14.2,Lagos
2022-11-23,30.5,23.7,36.1,28.6,1.9,1.9,55.0,14.1,Lagos
2022-11-24,30.9,24.0,36.8,28.4,0.1,0.1,51.0,14.0,Lagos
2022-11-25,32.9,24.0,37.5,28.2,0.0,0.0,3.0,17.3,Lagos
2022-11-26,31.6,24.8,36.2,29.4,0.0,0.0,3.0,17.9,Lagos
2022-11-27,31.3,25.3,36.3,30.1,0.5,0.5,51.0,17.2,Lagos
2022-11-28,31.0,24.5,36.6,29.2,1.9,1.9,61.0,19.4,Lagos
2022-11-29,29.8,24.4,35.0,29.1,0.7,0.7,51.0,13.8,Lagos
2022-11-30,30.4,23.9,35.5,28.8,0.4,0.4,51.0,13.1,Lagos
2022-12-01,29.4,24.1,34.6,28.4,0.2,0.2,51.0,17.7,Lagos
2022-12-02,30.9,23.8,37.7,28.1,6.6,6.6,63.0,14.5,Lagos
2022-12-03,31.6,25.7,36.6,30.5,0.5,0.5,51.0,17.4,Lagos
2022-12-04,31.0,24.6,36.2,29.3,0.2,0.2,51.0,16.2,Lagos
2022-12-05,31.3,25.6,36.5,31.3,0.8,0.8,51.0,15.9,Lagos
2022-12-06,31.6,24.5,37.4,29.3,0.3,0.3,51.0,18.9,Lagos
2022-12-07,30.9,24.8,36.2,29.5,0.6,0.6,51.0,19.8,Lagos
2022-12-08,30.7,24.2,36.5,28.8,1.5,1.5,55.0,15.9,Lagos
2022-12-09,31.5,24.3,36.1,29.4,0.0,0.0,3.0,12.6,Lagos
2022-12-10,32.1,23.6,36.4,27.8,0.0,0.0,3.0,15.3,Lagos
2022-12-11,32.9,23.8,37.1,28.1,0.0,0.0,3.0,18.0,Lagos
2022-12-12,31.8,24.2,36.0,29.0,0.1,0.1,51.0,15.8,Lagos
2022-12-13,31.9,24.3,36.1,29.2,0.4,0.4,51.0,17.1,Lagos
2022-12-14,31.7,24.1,36.6,28.6,0.1,0.1,51.0,19.2,Lagos
2022-12-15,29.8,24.4,35.0,29.3,1.1,1.1,53.0,16.1,Lagos
2022-12-16,31.1,24.2,35.6,29.0,0.2,0.2,51.0,16.6,Lagos
2022-12-17,30.6,24.7,34.9,29.8,1.3,1.3,53.0,15.6,Lagos
2022-12-18,30.3,24.5,36.3,29.3,0.3,0.3,51.0,13.8,Lagos
2022-12-19,33.2,22.6,34.0,26.4,0.0,0.0,3.0,13.8,Lagos
2022-12-20,31.5,22.2,35.5,25.8,0.0,0.0,3.0,15.8,Lagos
2022-12-21,32.0,23.5,35.8,27.5,0.0,0.0,3.0,16.6,Lagos
2022-12-22,31.8,23.7,35.3,27.8,0.9,0.9,53.0,14.9,Lagos
2022-12-23,31.0,22.2,31.1,25.5,0.0,0.0,3.0,15.5,Lagos
2022-12-24,31.2,21.9,30.6,23.6,0.0,0.0,3.0,15.0,Lagos
2022-12-25,30.6,21.6,31.0,21.1,0.0,0.0,2.0,15.5,Lagos
2022-12-26,31.3,21.1,31.1,21.8,0.0,0.0,0.0,13.8,Lagos
2022-12-27,31.4,21.8,32.1,22.2,0.0,0.0,0.0,13.0,Lagos
2022-12-28,32.2,21.6,32.7,22.1,0.0,0.0,2.0,12.2,Lagos
2022-12-29,31.5,20.9,33.7,22.3,0.0,0.0,3.0,15.5,Lagos
2022-12-30,31.7,21.8,32.7,24.6,0.0,0.0,3.0,15.0,Lagos
2022-12-31,32.6,21.1,32.1,20.4,0.0,0.0,3.0,17.6,Lagos
2023-01-01,31.1,20.0,30.9,19.9,0.0,0.0,1.0,12.1,Lagos
2023-01-02,31.4,20.6,30.9,19.9,0.0,0.0,3.0,17.3,Lagos
2023-01-03,32.4,21.3,32.1,20.3,0.0,0.0,3.0,15.9,Lagos
2023-01-04,32.2,20.7,32.3,20.8,0.0,0.0,3.0,15.5,Lagos
2023-01-05,32.0,21.7,34.1,23.5,0.0,0.0,3.0,17.7,Lagos
2023-01-06,32.4,23.2,36.1,27.0,0.0,0.0,3.0,18.3,Lagos
2023-01-07,31.7,23.1,36.2,27.4,0.0,0.0,3.0,17.7,Lagos
2023-01-08,32.0,24.5,36.9,29.3,0.0,0.0,3.0,18.0,Lagos
2023-01-09,32.8,23.3,36.6,27.5,0.0,0.0,3.0,16.9,Lagos
2023-01-10,33.2,23.6,35.4,28.0,0.0,0.0,3.0,17.0,Lagos
2023-01-11,32.9,22.9,35.9,26.6,0.0,0.0,3.0,17.8,Lagos
2023-01-12,33.2,23.4,35.8,27.3,0.0,0.0,3.0,18.8,Lagos
2023-01-13,31.6,23.1,34.7,27.1,0.0,0.0,3.0,17.3,Lagos
2023-01-14,31.2,22.9,35.7,26.9,0.0,0.0,3.0,15.9,Lagos
2023-01-15,31.2,23.6,35.8,28.3,0.1,0.1,51.0,14.2,Lagos
2023-01-16,32.8,23.4,35.7,27.9,0.0,0.0,3.0,16.6,Lagos
2023-01-17,32.8,23.2,35.8,27.6,0.0,0.0,3.0,17.7,Lagos
2023-01-18,32.9,23.7,36.4,28.1,0.0,0.0,3.0,18.8,Lagos
2023-01-19,32.6,23.7,36.8,28.2,0.0,0.0,3.0,18.1,Lagos
2023-01-20,31.9,24.3,35.8,29.3,0.4,0.4,51.0,17.6,Lagos
2023-01-21,31.8,25.0,36.7,29.9,0.8,0.8,53.0,15.8,Lagos
2023-01-22,29.7,25.3,34.8,29.8,1.2,1.2,53.0,17.3,Lagos
2023-01-23,30.2,26.0,34.9,29.8,0.8,0.8,51.0,16.2,Lagos
2023-01-24,30.3,25.0,36.8,29.7,1.7,1.7,55.0,17.6,Lagos
2023-01-25,30.9,24.0,37.2,29.1,0.4,0.4,51.0,17.2,Lagos
2023-01-26,30.5,25.9,35.7,31.1,0.8,0.8,51.0,22.1,Lagos
2023-01-27,30.3,25.9,34.7,30.5,1.1,1.1,51.0,20.0,Lagos
2023-01-28,30.5,25.3,34.8,29.2,7.2,7.2,63.0,19.1,Lagos
2023-01-29,30.1,25.7,35.3,30.6,1.7,1.7,53.0,16.1,Lagos
2023-01-30,29.8,24.9,35.9,30.1,0.4,0.4,51.0,18.9,Lagos
2023-01-31,30.2,24.8,35.3,30.4,0.7,0.7,51.0,17.8,Lagos
2023-02-01,30.2,24.1,35.9,29.0,0.0,0.0,3.0,16.3,Lagos
2023-02-02,30.8,25.0,36.0,30.3,0.4,0.4,51.0,17.1,Lagos
2023-02-03,30.8,24.9,36.7,30.0,0.5,0.5,51.0,16.4,Lagos
2023-02-04,31.5,25.4,36.6,31.0,1.2,1.2,53.0,18.6,Lagos
2023-02-05,31.4,25.7,36.8,30.8,0.6,0.6,51.0,20.1,Lagos
2023-02-06,31.5,25.3,37.2,30.0,1.1,1.1,53.0,25.1,Lagos
2023-02-07,31.1,26.3,36.2,31.0,0.8,0.8,51.0,16.8,Lagos
2023-02-08,31.6,25.5,36.6,30.3,1.7,1.7,53.0,16.6,Lagos
2023-02-09,31.6,25.3,36.7,30.7,0.8,0.8,51.0,18.4,Lagos
2023-02-10,31.8,25.2,37.3,30.4,0.3,0.3,51.0,17.0,Lagos
2023-02-11,32.1,25.3,38.0,30.7,0.6,0.6,51.0,17.9,Lagos
2023-02-12,31.7,25.6,37.3,31.1,0.3,0.3,51.0,18.8,Lagos
2023-02-13,33.2,25.1,38.8,30.2,0.0,0.0,3.0,19.1,Lagos
2023-02-14,32.3,25.0,37.3,30.0,0.0,0.0,2.0,17.0,Lagos
2023-02-15,34.6,24.4,37.2,28.8,0.0,0.0,3.0,18.4,Lagos
2023-02-16,34.6,23.8,34.6,28.1,0.0,0.0,3.0,14.6,Lagos
2023-02-17,34.3,23.1,34.2,22.4,0.0,0.0,3.0,16.6,Lagos
2023-02-18,33.5,23.6,32.9,23.5,0.0,0.0,3.0,15.6,Lagos
2023-02-19,32.5,22.0,35.0,23.1,0.0,0.0,0.0,16.9,Lagos
2023-02-20,33.3,23.1,37.4,27.5,0.0,0.0,3.0,20.1,Lagos
2023-02-21,33.5,24.8,38.5,29.9,0.0,0.0,3.0,20.3,Lagos
2023-02-22,33.4,25.6,37.6,31.2,0.4,0.4,51.0,19.7,Lagos
2023-02-23,33.2,26.1,38.0,31.8,0.5,0.5,51.0,21.6,Lagos
2023-02-24,32.0,26.3,36.8,30.9,3.3,3.3,55.0,20.2,Lagos
2023-02-25,31.6,26.2,35.8,30.8,0.3,0.3,51.0,18.1,Lagos
2023-02-26,32.8,25.6,36.9,30.6,0.0,0.0,3.0,19.2,Lagos
2023-02-27,32.7,25.8,36.8,30.6,0.2,0.2,51.0,19.6,Lagos
2023-02-28,33.2,24.9,37.5,28.5,0.1,0.1,51.0,21.1,Lagos
2023-03-01,32.8,26.3,37.4,31.1,0.0,0.0,3.0,18.4,Lagos
2023-03-02,32.4,27.2,35.9,31.7,0.4,0.4,51.0,18.7,Lagos
2023-03-03,31.7,25.9,36.2,28.9,7.3,7.3,63.0,19.1,Lagos
2023-03-04,31.3,25.8,36.0,30.3,5.0,5.0,63.0,19.1,Lagos
2023-03-05,32.5,25.4,36.5,30.9,0.0,0.0,3.0,20.7,Lagos
2023-03-06,31.9,25.9,36.6,29.7,5.4,5.4,63.0,24.6,Lagos
2023-03-07,31.9,25.5,36.7,29.6,0.4,0.4,51.0,17.1,Lagos
2023-03-08,32.4,27.0,36.3,31.6,0.1,0.1,51.0,18.2,Lagos
2023-03-09,31.2,25.7,35.1,30.5,5.2,5.2,63.0,20.7,Lagos
2023-03-10,31.9,25.8,36.2,30.4,0.0,0.0,3.0,15.5,Lagos
2023-03-11,32.2,25.9,36.8,31.4,0.1,0.1,51.0,16.6,Lagos
2023-03-12,31.9,26.5,36.3,31.2,0.0,0.0,3.0,16.9,Lagos
2023-03-13,31.6,25.3,35.0,30.2,0.2,0.2,51.0,17.8,Lagos
2023-03-14,32.3,25.3,37.3,30.8,0.8,0.8,53.0,17.9,Lagos
2023-03-15,32.1,26.5,37.5,29.5,2.7,2.7,53.0,18.8,Lagos
2023-03-16,31.4,23.7,36.9,27.3,17.0,17.0,65.0,17.2,Lagos
2023-03-17,31.6,25.0,36.8,30.6,0.5,0.5,51.0,19.8,Lagos
2023-03-18,30.4,25.2,35.3,28.3,2.5,2.5,61.0,20.7,Lagos
2023-03-19,30.9,23.3,36.3,26.8,13.2,13.2,63.0,14.4,Lagos
2023-03-20,32.2,25.0,37.1,30.2,0.0,0.0,3.0,17.8,Lagos
2023-03-21,32.9,26.3,36.3,30.0,1.7,1.7,53.0,20.2,Lagos
2023-03-22,30.3,23.9,36.1,28.4,0.4,0.4,51.0,13.2,Lagos
2023-03-23,31.9,24.5,36.9,28.8,2.5,2.5,55.0,15.0,Lagos
2023-03-24,31.1,23.8,35.5,27.4,0.0,0.0,3.0,23.6,Lagos
2023-03-25,31.1,25.4,35.3,29.7,0.0,0.0,3.0,16.2,Lagos
2023-03-26,31.5,25.9,36.4,30.8,0.3,0.3,51.0,17.6,Lagos
2023-03-27,31.5,24.9,35.4,29.7,0.0,0.0,3.0,13.4,Lagos
2023-03-28,32.0,27.1,36.3,31.7,0.0,0.0,3.0,16.6,Lagos
2023-03-29,32.5,26.2,36.6,31.5,0.1,0.1,51.0,18.3,Lagos
2023-03-30,32.6,27.0,37.3,32.2,0.9,0.9,51.0,17.6,Lagos
2023-03-31,31.7,23.9,36.0,27.7,8.7,8.7,63.0,14.7,Lagos
2023-04-01,32.6,27.0,36.7,32.0,0.0,0.0,3.0,17.7,Lagos
2023-04-02,32.8,26.4,37.2,31.6,0.7,0.7,53.0,16.8,Lagos
2023-04-03,32.3,25.9,36.7,28.9,2.9,2.9,55.0,21.0,Lagos
2023-04-04,32.0,24.6,37.8,28.4,12.9,12.9,63.0,17.1,Lagos
2023-04-05,32.5,27.0,36.7,31.7,0.0,0.0,3.0,18.4,Lagos
2023-04-06,33.1,26.5,36.9,31.3,0.9,0.9,53.0,23.1,Lagos
2023-04-07,31.9,26.7,36.3,30.7,3.3,3.3,61.0,17.9,Lagos
2023-04-08,32.0,26.3,36.1,31.0,4.4,4.4,61.0,20.0,Lagos
2023-04-09,32.3,25.4,36.5,29.4,5.5,5.5,63.0,22.8,Lagos
2023-04-10,30.9,26.5,37.0,31.5,0.0,0.0,3.0,15.7,Lagos
2023-04-11,31.1,27.2,36.4,32.0,0.2,0.2,51.0,17.4,Lagos
2023-04-12,31.4,27.2,36.1,31.6,0.6,0.6,51.0,18.1,Lagos
2023-04-13,32.3,26.2,37.2,31.7,0.9,0.9,53.0,18.4,Lagos
2023-04-14,32.3,26.3,38.2,31.8,0.9,0.9,51.0,19.5,Lagos
2023-04-15,31.7,26.8,37.1,31.0,1.0,1.0,51.0,19.9,Lagos
2023-04-16,32.5,24.7,38.4,29.7,3.1,3.1,63.0,17.6,Lagos
2023-04-17,31.3,25.2,36.4,30.3,9.4,9.4,63.0,16.8,Lagos
2023-04-18,32.1,25.4,37.4,30.7,0.1,0.1,51.0,13.5,Lagos
2023-04-19,31.5,26.7,37.6,32.0,4.3,4.3,63.0,16.2,Lagos
2023-04-20,32.9,25.3,39.3,30.6,0.7,0.7,51.0,20.9,Lagos
2023-04-21,31.0,27.3,36.0,31.2,0.7,0.7,51.0,18.9,Lagos
2023-04-22,31.7,26.8,35.8,30.6,2.8,2.8,61.0,21.7,Lagos
2023-04-23,29.3,24.7,33.8,28.7,6.3,6.3,61.0,17.9,Lagos
2023-04-24,31.0,24.8,38.0,30.6,1.3,1.3,55.0,12.2,Lagos
2023-04-25,31.0,25.9,37.6,31.4,0.3,0.3,51.0,16.6,Lagos
2023-04-26,30.4,25.5,34.9,30.4,0.8,0.8,51.0,18.1,Lagos
2023-04-27,28.6,24.1,34.6,29.5,16.0,16.0,63.0,13.4,Lagos
2023-04-28,30.2,24.8,35.6,30.4,0.8,0.8,53.0,12.9,Lagos
2023-04-29,29.2,24.6,34.6,28.6,15.0,15.0,65.0,14.3,Lagos
2023-04-30,29.7,24.4,34.2,29.5,0.7,0.7,51.0,14.0,Lagos
2023-05-01,28.8,25.0,34.6,30.6,1.7,1.7,53.0,15.2,Lagos
2023-05-02,30.3,24.5,36.1,29.7,1.1,1.1,51.0,14.3,Lagos
2023-05-03,31.1,26.0,37.0,31.1,0.5,0.5,51.0,13.6,Lagos
2023-05-04,31.1,25.3,36.8,30.4,0.9,0.9,53.0,15.0,Lagos
2023-05-05,31.4,24.7,37.3,29.5,0.1,0.1,51.0,14.6,Lagos
2023-05-06,32.1,26.1,37.3,31.5,0.2,0.2,51.0,21.5,Lagos
2023-05-07,31.6,24.2,36.1,28.6,0.1,0.1,51.0,17.3,Lagos
2023-05-08,32.0,26.2,37.0,31.4,1.3,1.3,53.0,14.6,Lagos
2023-05-09,32.3,26.0,37.7,31.2,1.2,1.2,51.0,14.7,Lagos
2023-05-10,32.9,27.6,37.7,32.7,0.7,0.7,51.0,20.3,Lagos
2023-05-11,30.4,27.1,34.9,31.9,2.0,2.0,53.0,21.7,Lagos
2023-05-12,30.3,26.5,37.3,32.0,1.3,1.3,51.0,12.0,Lagos
2023-05-13,31.5,26.5,38.7,32.5,0.3,0.3,51.0,15.3,Lagos
2023-05-14,31.7,26.3,37.8,31.8,4.0,4.0,63.0,12.5,Lagos
2023-05-15,30.3,24.9,36.3,29.4,45.0,45.0,65.0,15.3,Lagos
2023-05-16,30.6,26.0,36.5,31.7,2.9,2.9,61.0,16.3,Lagos
2023-05-17,31.0,25.6,36.8,31.5,3.0,3.0,61.0,20.4,Lagos
2023-05-18,30.0,25.5,34.6,30.8,3.3,3.3,61.0,15.1,Lagos
2023-05-19,31.1,25.5,37.3,30.1,3.7,3.7,61.0,19.1,Lagos
2023-05-20,29.8,26.3,35.7,31.5,2.8,2.8,63.0,17.7,Lagos
2023-05-21,30.0,24.4,34.9,29.5,8.8,8.8,63.0,18.2,Lagos
2023-05-22,28.7,25.8,34.5,30.3,1.6,1.6,53.0,14.1,Lagos
2023-05-23,30.3,25.8,36.8,31.8,1.9,1.9,53.0,16.5,Lagos
2023-05-24,30.5,25.9,37.3,31.4,1.4,1.4,53.0,13.3,Lagos
2023-05-25,30.9,25.6,36.7,30.8,0.7,0.7,51.0,17.5,Lagos
2023-05-26,30.8,25.8,36.6,30.9,0.0,0.0,3.0,19.9,Lagos
2023-05-27,29.1,25.8,33.7,30.6,1.1,1.1,51.0,18.3,Lagos
2023-05-28,30.7,24.9,35.6,29.8,2.9,2.9,61.0,18.9,Lagos
2023-05-29,28.5,25.8,32.6,29.8,2.2,2.2,53.0,17.3,Lagos
2023-05-30,30.3,23.9,35.6,28.8,0.8,0.8,51.0,15.1,Lagos
2023-05-31,30.7,26.0,36.0,31.7,2.8,2.8,55.0,20.1,Lagos
2023-06-01,29.8,24.8,36.6,30.3,3.0,3.0,61.0,17.1,Lagos
2023-06-02,28.0,24.4,31.8,29.0,6.1,6.1,63.0,19.7,Lagos
2023-06-03,28.1,24.7,33.0,30.1,3.3,3.3,61.0,14.1,Lagos
2023-06-04,29.6,24.4,36.0,29.2,1.3,1.3,51.0,15.7,Lagos
2023-06-05,30.0,25.6,35.1,30.6,1.0,1.0,51.0,21.3,Lagos
2023-06-06,28.1,25.5,33.4,28.9,13.4,13.4,63.0,16.7,Lagos
2023-06-07,27.7,24.3,31.8,29.0,13.6,13.6,63.0,21.3,Lagos
2023-06-08,28.5,23.7,32.3,28.0,10.8,10.8,63.0,22.3,Lagos
2023-06-09,30.0,23.8,35.5,28.2,6.9,6.9,63.0,17.3,Lagos
2023-06-10,27.9,24.4,33.1,28.3,9.4,9.4,63.0,19.8,Lagos
2023-06-11,26.9,24.7,31.7,28.7,13.4,13.4,63.0,16.9,Lagos
2023-06-12,29.9,23.4,34.1,26.8,0.4,0.4,51.0,18.4,Lagos
2023-06-13,30.1,24.0,35.2,27.8,0.3,0.3,51.0,17.8,Lagos
2023-06-14,28.9,24.8,31.9,28.7,2.5,2.5,53.0,20.0,Lagos
2023-06-15,27.1,24.7,31.6,29.3,18.2,18.2,63.0,13.0,Lagos
2023-06-16,28.8,24.1,33.4,28.8,3.3,3.3,53.0,15.1,Lagos
2023-06-17,29.9,24.6,36.3,29.5,4.4,4.4,61.0,14.8,Lagos
2023-06-18,29.5,25.3,33.1,29.9,5.7,5.7,61.0,20.0,Lagos
2023-06-19,29.0,24.8,34.4,29.3,6.2,6.2,61.0,16.0,Lagos
2023-06-20,27.8,24.5,32.4,28.8,6.4,6.4,63.0,15.5,Lagos
2023-06-21,27.0,24.4,31.9,28.1,16.0,16.0,63.0,17.5,Lagos
2023-06-22,27.2,23.8,30.1,28.1,10.3,10.3,61.0,22.4,Lagos
2023-06-23,27.8,24.4,32.1,28.1,6.3,6.3,61.0,20.6,Lagos
2023-06-24,26.5,24.1,29.8,27.2,25.0,25.0,63.0,18.9,Lagos
2023-06-25,28.3,24.0,31.7,27.3,5.2,5.2,61.0,18.8,Lagos
2023-06-26,29.2,23.7,32.8,27.1,0.0,0.0,3.0,20.1,Lagos
2023-06-27,28.7,23.4,32.7,26.2,0.3,0.3,51.0,23.4,Lagos
2023-06-28,26.0,24.1,29.2,27.7,20.7,20.7,63.0,17.3,Lagos
2023-06-29,27.7,23.8,31.5,27.9,4.0,4.0,61.0,15.1,Lagos
2023-06-30,28.6,23.8,33.2,28.1,0.9,0.9,51.0,15.6,Lagos
2023-07-01,28.7,24.3,34.8,29.6,11.5,11.5,65.0,14.2,Lagos
2023-07-02,27.4,24.4,32.3,28.5,10.4,10.4,63.0,14.6,Lagos
2023-07-03,28.8,24.0,33.7,28.6,0.9,0.9,51.0,17.3,Lagos
2023-07-04,28.4,24.4,32.0,29.0,12.4,12.4,63.0,18.7,Lagos
2023-07-05,29.1,24.1,34.5,29.1,0.8,0.8,51.0,15.5,Lagos
2023-07-06,29.0,24.2,33.6,29.4,0.5,0.5,51.0,17.0,Lagos
2023-07-07,28.1,24.5,32.3,28.3,13.7,13.7,65.0,17.3,Lagos
2023-07-08,26.2,23.9,30.1,28.2,15.8,15.8,63.0,20.6,Lagos
2023-07-09,26.0,23.3,29.9,27.5,21.0,21.0,63.0,11.5,Lagos
2023-07-10,28.1,23.7,32.4,28.3,2.2,2.2,51.0,15.5,Lagos
2023-07-11,28.6,24.1,33.3,28.8,1.2,1.2,51.0,19.1,Lagos
2023-07-12,25.7,23.8,30.3,28.5,44.5,44.5,63.0,12.9,Lagos
2023-07-13,28.1,23.7,32.6,28.7,2.1,2.1,51.0,14.6,Lagos
2023-07-14,28.1,23.7,33.0,28.5,5.0,5.0,61.0,15.1,Lagos
2023-07-15,28.9,24.2,34.8,29.3,1.5,1.5,51.0,18.2,Lagos
2023-07-16,29.0,23.7,34.3,28.2,12.1,12.1,63.0,15.5,Lagos
2023-07-17,28.8,24.4,34.0,29.1,4.6,4.6,63.0,16.7,Lagos
2023-07-18,28.1,24.5,33.6,28.9,8.5,8.5,63.0,19.8,Lagos
2023-07-19,28.9,24.9,32.8,28.9,1.4,1.4,53.0,22.0,Lagos
2023-07-20,28.6,25.4,32.4,29.3,4.5,4.5,61.0,21.6,Lagos
2023-07-21,28.2,24.8,32.3,29.0,9.9,9.9,63.0,17.9,Lagos
2023-07-22,26.6,24.1,30.3,28.1,18.6,18.6,65.0,16.2,Lagos
2023-07-23,25.5,23.5,29.6,27.2,41.3,41.3,65.0,18.5,Lagos
2023-07-24,27.8,23.9,32.0,28.3,17.6,17.6,63.0,16.1,Lagos
2023-07-25,28.3,23.6,33.1,28.6,0.6,0.6,51.0,18.4,Lagos
2023-07-26,28.2,24.7,32.1,28.7,0.9,0.9,51.0,19.2,Lagos
2023-07-27,28.4,24.9,33.4,29.1,2.1,2.1,55.0,20.7,Lagos
2023-07-28,27.3,24.5,30.6,28.3,5.4,5.4,61.0,21.0,Lagos
2023-07-29,27.2,24.3,30.8,28.1,11.1,11.1,63.0,16.5,Lagos
2023-07-30,28.2,24.3,33.1,28.8,4.7,4.7,55.0,19.4,Lagos
2023-07-31,27.4,24.2,31.0,28.0,9.7,9.7,63.0,21.2,Lagos
2023-08-01,26.9,24.3,30.3,26.8,15.5,15.5,63.0,24.2,Lagos
2023-08-02,27.4,24.6,30.2,27.7,3.3,3.3,53.0,21.7,Lagos
2023-08-03,27.8,24.5,31.4,28.2,1.3,1.3,51.0,18.4,Lagos
2023-08-04,27.7,24.4,31.7,28.4,1.2,1.2,51.0,18.7,Lagos
2023-08-05,27.9,24.1,31.9,28.1,2.0,2.0,51.0,20.4,Lagos
2023-08-06,28.1,24.6,31.8,28.7,1.4,1.4,51.0,20.9,Lagos
2023-08-07,28.1,24.2,32.2,28.3,0.7,0.7,51.0,20.1,Lagos
2023-08-08,28.0,23.3,30.8,26.4,10.4,10.4,63.0,23.4,Lagos
2023-08-09,27.2,24.0,30.0,27.3,6.2,6.2,61.0,21.1,Lagos
2023-08-10,27.7,24.3,30.6,28.0,2.5,2.5,51.0,20.2,Lagos
2023-08-11,27.1,24.5,31.0,28.8,0.9,0.9,53.0,16.3,Lagos
2023-08-12,27.7,24.4,32.2,28.0,2.0,2.0,51.0,22.5,Lagos
2023-08-13,27.8,24.3,30.0,28.2,1.4,1.4,53.0,24.3,Lagos
2023-08-14,27.3,24.1,30.5,27.8,16.1,16.1,63.0,16.4,Lagos
2023-08-15,27.6,23.6,32.3,28.6,6.6,6.6,61.0,13.5,Lagos
2023-08-16,29.3,23.9,35.5,28.5,5.0,5.0,63.0,13.2,Lagos
2023-08-17,28.1,23.8,33.6,27.8,24.7,24.7,65.0,15.7,Lagos
2023-08-18,27.1,24.2,31.3,27.8,7.9,7.9,61.0,23.9,Lagos
2023-08-19,27.4,23.5,32.2,27.6,6.1,6.1,61.0,17.3,Lagos
2023-08-20,27.8,23.0,31.5,27.6,1.8,1.8,51.0,17.6,Lagos
2023-08-21,28.5,23.9,33.3,28.9,0.6,0.6,51.0,16.1,Lagos
2023-08-22,28.5,24.5,33.0,28.7,0.9,0.9,51.0,17.8,Lagos
2023-08-23,27.9,25.1,32.4,29.1,6.1,6.1,63.0,21.2,Lagos
2023-08-24,28.8,24.4,34.1,29.8,3.5,3.5,53.0,17.6,Lagos
2023-08-25,28.6,24.4,33.1,29.2,1.1,1.1,51.0,17.9,Lagos
2023-08-26,28.2,24.8,32.1,28.8,1.7,1.7,51.0,20.5,Lagos
2023-08-27,27.6,24.7,31.3,29.4,7.0,7.0,61.0,17.6,Lagos
2023-08-28,28.0,23.9,33.1,29.0,7.3,7.3,61.0,15.7,Lagos
2023-08-29,28.8,24.3,33.9,29.1,1.0,1.0,51.0,20.5,Lagos
2023-08-30,28.3,24.1,33.1,28.6,18.9,18.9,63.0,16.6,Lagos
2023-08-31,28.3,24.2,33.0,28.5,1.9,1.9,51.0,18.8,Lagos
2023-09-01,28.3,24.5,33.1,28.9,4.9,4.9,61.0,17.9,Lagos
2023-09-02,27.8,24.1,31.5,27.6,10.7,10.7,63.0,18.7,Lagos
2023-09-03,25.9,23.5,29.2,27.5,12.3,12.3,61.0,16.4,Lagos
2023-09-04,27.9,23.2,32.4,27.5,5.0,5.0,61.0,14.0,Lagos
2023-09-05,26.9,23.8,30.2,28.4,11.7,11.7,63.0,19.8,Lagos
2023-09-06,28.3,23.4,33.4,28.2,1.7,1.7,53.0,16.6,Lagos
2023-09-07,28.9,24.6,34.7,28.8,0.8,0.8,51.0,16.6,Lagos
2023-09-08,28.0,24.9,32.8,28.9,11.6,11.6,63.0,18.1,Lagos
2023-09-09,27.3,24.4,30.3,28.2,21.1,21.1,63.0,16.3,Lagos
2023-09-10,28.8,24.0,33.9,28.9,1.1,1.1,53.0,18.2,Lagos
2023-09-11,28.6,24.6,33.2,29.0,1.3,1.3,51.0,20.8,Lagos
2023-09-12,27.8,24.1,30.3,27.9,5.2,5.2,61.0,24.2,Lagos
2023-09-13,28.3,24.0,33.1,28.8,16.7,16.7,63.0,15.4,Lagos
2023-09-14,28.5,23.9,33.8,27.9,5.8,5.8,61.0,16.7,Lagos
2023-09-15,28.4,24.4,32.8,28.2,7.2,7.2,63.0,22.3,Lagos
2023-09-16,26.8,23.0,31.5,27.4,45.2,45.2,65.0,14.1,Lagos
2023-09-17,27.2,24.4,30.8,28.7,2.8,2.8,53.0,18.0,Lagos
2023-09-18,28.9,23.7,33.8,28.8,3.9,3.9,53.0,16.0,Lagos
2023-09-19,28.8,23.9,35.1,28.6,8.6,8.6,63.0,14.7,Lagos
2023-09-20,29.0,23.5,36.1,27.8,0.7,0.7,51.0,16.7,Lagos
2023-09-21,29.0,25.1,34.9,30.3,0.6,0.6,51.0,16.7,Lagos
2023-09-22,28.7,24.2,33.8,28.3,6.8,6.8,63.0,11.2,Lagos
2023-09-23,28.7,23.0,33.7,27.8,3.0,3.0,53.0,12.8,Lagos
2023-09-24,25.6,23.7,30.6,27.9,43.8,43.8,63.0,12.6,Lagos
2023-09-25,28.9,23.7,34.6,28.8,1.9,1.9,53.0,14.6,Lagos
2023-09-26,29.1,24.4,34.1,29.2,1.3,1.3,51.0,15.9,Lagos
2023-09-27,29.8,25.0,35.7,30.2,0.2,0.2,51.0,18.5,Lagos
2023-09-28,29.2,25.6,33.9,30.6,0.9,0.9,51.0,18.9,Lagos
2023-09-29,28.1,25.3,33.4,29.6,14.5,14.5,63.0,11.6,Lagos
2023-09-30,28.8,24.5,35.6,29.6,3.1,3.1,55.0,14.0,Lagos
2023-10-01,29.3,24.9,35.6,28.8,3.0,3.0,61.0,21.1,Lagos
2023-10-02,28.9,24.7,34.1,29.0,1.6,1.6,53.0,18.8,Lagos
2023-10-03,29.3,24.5,35.3,29.6,3.8,3.8,55.0,14.8,Lagos
2023-10-04,29.6,24.9,36.6,30.1,6.0,6.0,61.0,16.1,Lagos
2023-10-05,29.1,24.7,36.1,29.4,18.7,18.7,65.0,9.5,Lagos
2023-10-06,29.3,24.4,35.9,30.0,4.3,4.3,61.0,12.0,Lagos
2023-10-07,26.9,24.8,32.8,29.5,16.9,16.9,61.0,15.5,Lagos
2023-10-08,29.4,24.1,35.8,29.2,14.3,14.3,65.0,11.6,Lagos
2023-10-09,29.1,24.1,35.1,28.9,4.9,4.9,61.0,12.8,Lagos
2023-10-10,29.9,24.3,36.6,29.4,0.1,0.1,51.0,12.6,Lagos
2023-10-11,29.3,24.5,34.0,29.9,1.8,1.8,53.0,15.9,Lagos
2023-10-12,28.5,24.4,34.4,29.2,25.7,25.7,65.0,11.8,Lagos
2023-10-13,31.1,24.0,38.0,28.5,1.9,1.9,53.0,17.2,Lagos
2023-10-14,30.0,25.5,36.8,31.3,1.3,1.3,53.0,11.3,Lagos
2023-10-15,29.6,25.1,35.2,30.8,4.5,4.5,63.0,15.1,Lagos
2023-10-16,28.5,24.4,33.7,29.5,9.0,9.0,63.0,17.7,Lagos
2023-10-17,27.8,24.5,32.6,29.5,9.4,9.4,63.0,11.1,Lagos
2023-10-18,29.8,22.8,36.9,27.4,0.0,0.0,3.0,15.7,Lagos
2023-10-19,29.5,25.2,34.9,30.9,10.0,10.0,63.0,16.3,Lagos
2023-10-20,30.0,24.6,36.3,30.2,2.0,2.0,53.0,15.8,Lagos
2023-10-21,30.1,24.8,37.1,30.3,2.2,2.2,55.0,15.1,Lagos
2023-10-22,29.7,25.3,36.0,30.7,2.7,2.7,55.0,11.6,Lagos
2023-10-23,29.4,25.6,34.0,31.0,5.9,5.9,63.0,12.2,Lagos
2023-10-24,30.0,24.9,36.5,30.4,1.2,1.2,51.0,16.3,Lagos
2023-10-25,29.7,25.5,34.6,31.2,6.2,6.2,63.0,16.6,Lagos
2023-10-26,30.1,25.9,36.1,31.7,4.3,4.3,63.0,16.1,Lagos
2023-10-27,29.8,25.6,35.4,31.3,0.3,0.3,51.0,14.5,Lagos
2023-10-28,30.4,24.6,37.5,30.3,2.0,2.0,53.0,12.2,Lagos
2023-10-29,31.2,25.2,37.9,30.8,0.3,0.3,51.0,9.9,Lagos
2023-10-30,30.5,26.0,37.2,32.0,3.8,3.8,53.0,17.1,Lagos
2023-10-31,28.9,23.9,34.7,28.0,0.0,0.0,3.0,12.3,Lagos
2023-11-01,30.8,25.4,36.5,31.3,0.2,0.2,51.0,11.2,Lagos
2023-11-02,30.8,24.5,36.5,29.9,2.2,2.2,53.0,15.9,Lagos
2023-11-03,30.7,25.7,36.7,31.5,0.5,0.5,51.0,16.4,Lagos
2023-11-04,29.9,24.1,35.7,27.8,9.3,9.3,63.0,13.9,Lagos
2023-11-05,29.7,25.6,35.8,31.4,5.3,5.3,63.0,10.8,Lagos
2023-11-06,30.2,24.6,38.1,30.5,8.7,8.7,63.0,7.2,Lagos
2023-11-07,29.4,25.8,35.9,31.4,2.8,2.8,53.0,11.3,Lagos
2023-11-08,30.1,25.1,36.1,30.7,4.2,4.2,61.0,14.2,Lagos
2023-11-09,29.8,25.0,34.8,30.3,0.5,0.5,51.0,13.2,Lagos
2023-11-10,30.8,25.8,37.6,31.6,0.5,0.5,51.0,16.4,Lagos
2023-11-11,30.6,25.8,36.2,31.1,3.6,3.6,61.0,14.8,Lagos
2023-11-12,30.1,25.7,36.2,31.2,1.5,1.5,51.0,15.3,Lagos
2023-11-13,30.8,25.4,37.8,31.4,1.8,1.8,53.0,13.6,Lagos
2023-11-14,31.6,25.1,39.2,31.3,1.1,1.1,53.0,14.5,Lagos
2023-11-15,30.7,24.9,36.8,29.3,4.9,4.9,61.0,14.5,Lagos
2023-11-16,31.2,24.9,36.8,29.5,0.1,0.1,51.0,15.1,Lagos
2023-11-17,30.9,24.7,38.0,30.1,1.9,1.9,55.0,14.3,Lagos
2023-11-18,30.7,25.6,37.3,31.5,3.3,3.3,63.0,12.9,Lagos
2023-11-19,30.8,25.0,37.3,30.7,0.0,0.0,3.0,15.0,Lagos
2023-11-20,30.5,25.2,37.3,30.9,0.6,0.6,51.0,16.6,Lagos
2023-11-21,32.0,24.8,38.0,30.2,0.0,0.0,3.0,17.0,Lagos
2023-11-22,30.7,24.9,35.6,30.2,1.8,1.8,53.0,19.6,Lagos
2023-11-23,30.4,26.3,35.9,30.5,0.8,0.8,51.0,15.6,Lagos
2023-11-24,30.4,26.1,35.7,30.5,9.4,9.4,63.0,15.2,Lagos
2023-11-25,28.5,25.3,33.0,31.1,12.1,12.1,63.0,14.6,Lagos
2023-11-26,28.2,24.4,34.5,29.3,16.3,16.3,61.0,9.7,Lagos
2023-11-27,29.8,22.6,35.7,26.9,0.0,0.0,3.0,12.6,Lagos
2023-11-28,30.0,23.7,35.9,28.7,3.9,3.9,63.0,16.2,Lagos
2023-11-29,29.9,24.8,35.4,30.6,0.9,0.9,51.0,14.4,Lagos
2023-11-30,30.5,24.9,36.9,30.6,0.8,0.8,53.0,14.3,Lagos
2023-12-01,30.7,25.1,37.2,30.7,1.9,1.9,55.0,15.3,Lagos
2023-12-02,31.1,25.1,36.7,30.8,0.5,0.5,51.0,14.2,Lagos
2023-12-03,30.8,24.9,37.4,30.7,0.0,0.0,3.0,18.5,Lagos
2023-12-04,31.0,24.7,37.2,30.1,0.0,0.0,2.0,12.3,Lagos
2023-12-05,31.3,24.3,37.4,29.9,2.7,2.7,55.0,14.9,Lagos
2023-12-06,28.8,25.2,34.9,30.8,2.9,2.9,55.0,14.3,Lagos
2023-12-07,30.3,24.8,36.4,30.8,0.5,0.5,51.0,14.0,Lagos
2023-12-08,31.4,25.5,37.1,31.5,0.3,0.3,51.0,16.5,Lagos
2023-12-09,31.2,24.8,37.7,30.5,0.0,0.0,3.0,16.7,Lagos
2023-12-10,31.2,24.7,37.7,30.3,3.9,3.9,63.0,14.3,Lagos
2023-12-11,31.5,25.2,37.7,30.3,0.0,0.0,1.0,17.1,Lagos
2023-12-12,31.1,24.4,34.1,28.6,1.2,1.2,53.0,11.2,Lagos
2023-12-13,30.2,21.8,32.1,24.2,0.0,0.0,3.0,10.2,Lagos
2023-12-14,30.9,21.5,34.1,24.2,0.0,0.0,0.0,11.5,Lagos
2023-12-15,32.1,22.0,34.8,25.0,0.0,0.0,3.0,10.8,Lagos
2023-12-16,31.4,21.2,35.9,24.3,0.0,0.0,2.0,11.9,Lagos
2023-12-17,32.0,23.0,37.0,27.4,0.0,0.0,2.0,14.2,Lagos
2023-12-18,33.0,22.9,36.2,27.4,0.0,0.0,3.0,13.8,Lagos
2023-12-19,31.9,23.7,37.9,29.0,0.0,0.0,3.0,15.6,Lagos
2023-12-20,33.7,24.3,38.6,29.2,0.0,0.0,3.0,15.8,Lagos
2023-12-21,32.6,22.9,35.6,27.3,0.0,0.0,3.0,11.0,Lagos
2023-12-22,33.3,22.6,36.9,25.1,0.0,0.0,3.0,11.5,Lagos
2023-12-23,33.0,22.6,37.4,26.7,0.0,0.0,3.0,15.1,Lagos
2023-12-24,33.3,23.7,38.1,28.8,0.0,0.0,3.0,17.0,Lagos
2023-12-25,32.9,22.9,36.6,27.6,0.0,0.0,3.0,14.1,Lagos
2023-12-26,32.7,24.4,37.8,29.6,0.0,0.0,3.0,17.0,Lagos
2023-12-27,32.3,24.1,36.4,29.1,0.0,0.0,3.0,14.6,Lagos
2023-12-28,32.4,24.1,36.7,29.3,0.0,0.0,3.0,17.3,Lagos
2023-12-29,33.0,23.6,36.8,28.5,0.0,0.0,3.0,15.2,Lagos
2023-12-30,32.2,24.6,37.5,29.8,0.0,0.0,3.0,15.9,Lagos
2023-12-31,32.3,24.9,38.0,30.2,0.0,0.0,3.0,16.7,Lagos
2024-01-01,32.1,24.7,38.0,30.4,1.9,1.9,53.0,17.7,Lagos
2024-01-02,33.1,24.5,38.4,30.1,0.2,0.2,51.0,19.2,Lagos
2024-01-03,31.0,25.6,36.1,31.7,0.1,0.1,51.0,20.5,Lagos
2024-01-04,31.6,24.9,38.2,30.8,0.1,0.1,51.0,16.9,Lagos
2024-01-05,31.0,25.3,36.8,31.3,1.0,1.0,51.0,16.8,Lagos
2024-01-06,31.8,25.5,36.8,31.8,2.3,2.3,53.0,15.9,Lagos
2024-01-07,31.8,25.1,37.3,31.1,0.5,0.5,53.0,15.5,Lagos
2024-01-08,31.7,24.9,37.2,30.7,1.0,1.0,55.0,16.2,Lagos
2024-01-09,31.1,24.9,36.5,30.9,0.7,0.7,53.0,18.1,Lagos
2024-01-10,31.0,25.1,37.2,30.7,2.2,2.2,53.0,18.3,Lagos
2024-01-11,33.3,24.6,38.1,30.0,0.0,0.0,3.0,19.4,Lagos
2024-01-12,32.8,24.7,37.7,30.3,0.4,0.4,51.0,17.6,Lagos
2024-01-13,32.4,25.6,37.6,31.1,0.0,0.0,3.0,18.1,Lagos
2024-01-14,31.8,24.5,37.4,30.1,0.3,0.3,51.0,18.9,Lagos
2024-01-15,32.4,24.8,36.9,29.9,0.0,0.0,3.0,20.5,Lagos
2024-01-16,32.9,24.0,37.4,28.6,0.0,0.0,3.0,17.0,Lagos
2024-01-17,34.1,24.5,36.1,29.5,0.0,0.0,3.0,18.7,Lagos
2024-01-18,33.0,23.5,37.3,27.9,0.0,0.0,0.0,16.5,Lagos
2024-01-19,32.2,24.4,37.4,29.5,0.0,0.0,3.0,15.9,Lagos
2024-01-20,34.4,24.0,38.2,29.0,0.0,0.0,0.0,18.4,Lagos
2024-01-21,33.1,23.8,38.3,28.9,0.0,0.0,3.0,18.3,Lagos
2024-01-22,32.9,24.7,38.2,30.2,0.0,0.0,1.0,17.7,Lagos
2024-01-23,32.9,25.2,37.0,30.8,0.0,0.0,3.0,17.3,Lagos
2024-01-24,31.5,25.3,37.3,30.9,2.2,2.2,61.0,14.8,Lagos
2024-01-25,34.0,25.3,34.6,30.7,0.0,0.0,1.0,13.6,Lagos
2024-01-26,32.4,23.4,33.5,24.8,0.0,0.0,3.0,14.9,Lagos
2024-01-27,32.8,21.4,33.4,22.6,0.0,0.0,1.0,11.6,Lagos
2024-01-28,32.7,21.3,33.2,22.8,0.0,0.0,0.0,12.8,Lagos
2024-01-29,33.0,22.1,35.3,25.1,0.0,0.0,3.0,15.7,Lagos
2024-01-30,33.4,23.7,37.7,28.4,0.0,0.0,3.0,18.0,Lagos
2024-01-31,32.6,24.6,38.1,30.1,0.0,0.0,3.0,17.9,Lagos
2024-02-01,32.4,25.7,38.7,31.6,0.0,0.0,3.0,17.9,Lagos
2024-02-02,34.2,25.7,38.6,31.2,0.0,0.0,3.0,17.8,Lagos
2024-02-03,33.6,23.5,34.3,27.9,0.0,0.0,3.0,11.8,Lagos
2024-02-04,34.1,22.1,34.1,24.3,0.0,0.0,3.0,14.9,Lagos
2024-02-05,33.6,21.4,34.4,22.8,0.0,0.0,3.0,13.0,Lagos
2024-02-06,33.4,21.1,33.7,22.3,0.0,0.0,3.0,14.5,Lagos
2024-02-07,33.7,20.1,33.6,21.7,0.0,0.0,3.0,14.8,Lagos
2024-02-08,34.0,19.5,35.5,21.2,0.0,0.0,3.0,15.5,Lagos
2024-02-09,32.4,24.2,38.6,29.1,0.0,0.0,3.0,17.7,Lagos
2024-02-10,32.9,25.1,37.8,30.4,0.0,0.0,3.0,20.0,Lagos
2024-02-11,32.4,25.8,37.8,31.5,0.0,0.0,3.0,18.6,Lagos
2024-02-12,33.6,25.8,40.4,31.6,0.0,0.0,2.0,20.7,Lagos
2024-02-13,33.4,27.2,39.7,32.4,0.2,0.2,51.0,21.4,Lagos
2024-02-14,33.6,27.2,39.6,32.6,0.5,0.5,51.0,21.1,Lagos
2024-02-15,33.3,26.8,39.5,32.1,1.3,1.3,53.0,21.4,Lagos
2024-02-16,32.9,25.7,39.1,31.8,0.0,0.0,3.0,19.8,Lagos
2024-02-17,32.5,26.1,38.2,32.6,0.4,0.4,51.0,17.9,Lagos
2024-02-18,32.6,26.3,39.3,32.8,2.0,2.0,53.0,14.8,Lagos
2024-02-19,32.6,26.8,38.8,33.7,2.2,2.2,55.0,16.8,Lagos
2024-02-20,31.7,25.3,37.4,31.0,20.6,20.6,65.0,19.1,Lagos
2024-02-21,32.6,27.3,38.4,31.4,4.7,4.7,61.0,20.4,Lagos
2024-02-22,32.3,24.8,38.8,29.6,3.9,3.9,63.0,18.7,Lagos
2024-02-23,30.7,27.0,36.6,32.3,0.5,0.5,51.0,15.0,Lagos
2024-02-24,32.3,26.8,35.8,32.1,0.0,0.0,3.0,11.7,Lagos
2024-02-25,32.5,25.7,38.4,32.0,0.0,0.0,3.0,16.0,Lagos
2024-02-26,32.0,26.4,37.5,32.5,3.9,3.9,61.0,14.9,Lagos
2024-02-27,32.5,26.4,38.2,33.0,0.8,0.8,53.0,18.6,Lagos
2024-02-28,32.5,27.0,37.8,33.4,0.1,0.1,51.0,19.1,Lagos
2024-02-29,32.6,27.9,37.2,32.5,0.1,0.1,51.0,24.2,Lagos
2024-03-01,31.7,27.4,37.0,32.2,0.8,0.8,51.0,20.1,Lagos
2024-03-02,32.5,27.0,37.2,31.5,7.4,7.4,61.0,19.2,Lagos
2024-03-03,31.9,26.2,37.0,30.6,11.0,11.0,63.0,16.3,Lagos
2024-03-04,32.6,26.2,37.6,32.2,0.0,0.0,3.0,19.8,Lagos
2024-03-05,32.6,26.2,37.6,31.6,2.9,2.9,61.0,18.2,Lagos
2024-03-06,32.3,27.7,36.7,32.4,0.5,0.5,51.0,20.7,Lagos
2024-03-07,32.3,26.0,36.9,30.0,11.6,11.6,63.0,22.0,Lagos
2024-03-08,32.0,27.5,36.3,32.5,0.3,0.3,51.0,21.7,Lagos
2024-03-09,30.4,25.5,34.8,31.2,2.8,2.8,61.0,14.0,Lagos
2024-03-10,32.1,24.9,37.8,30.4,0.0,0.0,3.0,15.9,Lagos
2024-03-11,32.7,27.7,37.9,32.9,0.0,0.0,3.0,20.8,Lagos
2024-03-12,32.5,27.5,37.5,33.2,0.2,0.2,51.0,20.0,Lagos
2024-03-13,32.3,27.7,37.0,33.2,1.0,1.0,53.0,19.7,Lagos
2024-03-14,32.3,26.0,37.4,28.1,6.9,6.9,63.0,25.3,Lagos
2024-03-15,34.5,25.3,42.1,31.1,0.0,0.0,3.0,18.5,Lagos
2024-03-16,32.4,26.9,38.0,33.4,0.0,0.0,3.0,18.6,Lagos
2024-03-17,32.6,27.5,38.4,33.4,0.0,0.0,2.0,17.3,Lagos
2024-03-18,33.0,27.2,40.0,33.7,1.2,1.2,53.0,17.2,Lagos
2024-03-19,33.3,27.3,40.0,33.5,0.6,0.6,51.0,18.7,Lagos
2024-03-20,32.6,27.6,39.1,33.6,0.7,0.7,51.0,17.9,Lagos
2024-03-21,33.2,27.3,40.0,33.2,13.7,13.7,65.0,15.4,Lagos
2024-03-22,33.1,27.3,37.9,32.9,0.0,0.0,3.0,18.8,Lagos
2024-03-23,32.6,28.0,37.4,33.5,1.6,1.6,53.0,20.2,Lagos
2024-03-24,32.4,27.0,38.6,32.5,0.0,0.0,3.0,15.6,Lagos
2024-03-25,32.7,26.9,38.2,31.0,5.3,5.3,61.0,19.2,Lagos
2024-03-26,32.6,27.4,38.1,32.5,0.0,0.0,3.0,16.2,Lagos
2024-03-27,33.2,27.7,39.6,33.8,0.0,0.0,3.0,19.0,Lagos
2024-03-28,33.4,27.3,39.3,32.1,11.3,11.3,63.0,17.8,Lagos
2024-03-29,33.0,26.1,38.2,29.7,18.5,18.5,65.0,21.8,Lagos
2024-03-30,32.6,27.7,38.2,32.4,0.8,0.8,51.0,22.2,Lagos
2024-03-31,32.5,27.7,37.9,33.7,1.7,1.7,55.0,17.6,Lagos
2024-04-01,31.5,27.4,35.9,33.0,1.8,1.8,55.0,19.2,Lagos
2024-04-02,32.4,27.0,37.5,33.5,0.6,0.6,51.0,22.9,Lagos
2024-04-03,32.4,27.0,37.5,32.4,0.3,0.3,51.0,21.5,Lagos
2024-04-04,32.9,26.9,38.5,32.6,1.7,1.7,55.0,19.6,Lagos
2024-04-05,32.3,26.7,36.5,30.7,16.8,16.8,63.0,21.6,Lagos
2024-04-06,32.2,26.3,36.9,31.4,14.5,14.5,63.0,16.9,Lagos
2024-04-07,33.4,25.6,39.3,31.5,1.0,1.0,55.0,19.4,Lagos
2024-04-08,31.7,27.4,35.7,33.2,0.1,0.1,51.0,24.5,Lagos
2024-04-09,32.6,27.5,38.3,33.1,0.8,0.8,53.0,15.3,Lagos
2024-04-10,32.9,26.6,39.1,32.4,2.3,2.3,55.0,16.4,Lagos
2024-04-11,32.5,27.2,37.1,31.4,4.7,4.7,61.0,21.1,Lagos
2024-04-12,34.4,27.5,40.1,32.3,0.0,0.0,3.0,19.4,Lagos
2024-04-13,32.7,28.1,37.2,32.9,1.9,1.9,55.0,21.8,Lagos
2024-04-14,32.0,26.4,39.2,32.0,2.0,2.0,55.0,15.5,Lagos
2024-04-15,32.7,27.3,39.1,33.6,6.3,6.3,63.0,13.8,Lagos
2024-04-16,32.1,27.3,37.2,32.3,0.7,0.7,51.0,18.1,Lagos
2024-04-17,32.4,26.2,37.0,32.4,0.0,0.0,3.0,17.3,Lagos
2024-04-18,32.8,26.8,38.3,33.2,0.3,0.3,51.0,21.7,Lagos
2024-04-19,32.0,28.3,37.5,33.9,1.7,1.7,53.0,21.4,Lagos
2024-04-20,33.4,27.6,39.0,34.0,1.0,1.0,53.0,21.1,Lagos
2024-04-21,32.0,27.8,38.6,33.8,5.9,5.9,63.0,18.8,Lagos
2024-04-22,33.7,26.6,41.0,32.4,0.1,0.1,51.0,18.0,Lagos
2024-04-23,31.0,26.0,36.5,31.3,2.7,2.7,61.0,15.7,Lagos
2024-04-24,32.4,26.2,37.2,32.0,0.0,0.0,3.0,17.8,Lagos
2024-04-25,32.5,27.3,38.0,32.7,2.9,2.9,61.0,18.5,Lagos
2024-04-26,32.8,27.8,37.9,33.2,3.2,3.2,61.0,20.0,Lagos
2024-04-27,33.4,27.4,39.6,34.1,0.1,0.1,51.0,17.1,Lagos
2024-04-28,33.4,28.3,38.8,34.2,0.0,0.0,3.0,20.9,Lagos
2024-04-29,32.4,28.0,37.6,33.3,0.9,0.9,51.0,19.8,Lagos
2024-04-30,33.2,26.5,39.5,33.3,1.7,1.7,53.0,23.2,Lagos
2024-05-01,31.7,27.8,35.8,32.3,0.1,0.1,51.0,22.9,Lagos
2024-05-02,32.7,27.6,38.9,32.8,0.2,0.2,51.0,16.6,Lagos
2024-05-03,32.7,27.0,38.0,31.1,7.1,7.1,63.0,19.8,Lagos
2024-05-04,32.3,26.0,37.8,32.4,1.1,1.1,51.0,16.0,Lagos
2024-05-05,32.8,27.7,38.5,33.9,1.4,1.4,53.0,17.7,Lagos
2024-05-06,31.7,25.9,37.2,31.4,5.8,5.8,63.0,16.9,Lagos
2024-05-07,32.1,25.1,38.8,30.3,2.9,2.9,53.0,13.2,Lagos
2024-05-08,33.1,27.7,38.5,33.9,1.2,1.2,53.0,20.7,Lagos
2024-05-09,33.0,26.5,38.3,32.9,0.0,0.0,3.0,19.9,Lagos
2024-05-10,32.9,28.6,38.6,34.2,0.0,0.0,3.0,17.3,Lagos
2024-05-11,32.6,26.9,38.8,33.4,1.5,1.5,53.0,15.7,Lagos
2024-05-12,32.7,26.6,38.1,33.0,2.1,2.1,53.0,16.3,Lagos
2024-05-13,32.7,26.6,40.2,32.0,0.0,0.0,3.0,14.7,Lagos
2024-05-14,31.4,25.2,37.2,30.5,0.0,0.0,3.0,16.9,Lagos
2024-05-15,31.9,26.7,38.8,33.0,0.6,0.6,51.0,16.9,Lagos
2024-05-16,31.0,25.5,36.2,29.8,11.1,11.1,61.0,17.4,Lagos
2024-05-17,32.0,24.9,37.9,30.1,2.0,2.0,53.0,17.1,Lagos
2024-05-18,31.2,25.5,37.1,31.5,10.3,10.3,63.0,16.6,Lagos
2024-05-19,31.7,27.1,36.8,32.7,1.7,1.7,53.0,18.1,Lagos
2024-05-20,31.8,26.9,37.5,33.0,0.1,0.1,51.0,17.4,Lagos
2024-05-21,32.5,26.4,38.4,32.4,2.3,2.3,55.0,21.3,Lagos
2024-05-22,29.7,26.2,34.0,31.7,3.3,3.3,53.0,19.1,Lagos
2024-05-23,31.2,25.1,36.4,30.8,0.7,0.7,51.0,21.7,Lagos
2024-05-24,31.4,26.4,36.3,31.2,4.8,4.8,63.0,19.6,Lagos
2024-05-25,28.7,25.5,34.3,29.6,24.8,24.8,63.0,13.6,Lagos
2024-05-26,30.5,25.6,36.2,31.5,0.5,0.5,51.0,16.3,Lagos
2024-05-27,31.8,25.2,37.6,30.1,0.0,0.0,3.0,17.6,Lagos
2024-05-28,30.9,27.0,36.2,32.4,2.4,2.4,61.0,17.7,Lagos
2024-05-29,30.9,25.9,36.2,32.2,0.4,0.4,51.0,17.5,Lagos
2024-05-30,32.7,25.9,39.8,31.8,2.1,2.1,61.0,16.3,Lagos
2024-05-31,29.5,24.2,33.5,29.1,12.6,12.6,63.0,18.2,Lagos
2024-06-01,30.5,25.5,37.1,31.8,1.6,1.6,51.0,14.2,Lagos
2024-06-02,27.6,24.9,32.4,30.0,12.5,12.5,63.0,14.1,Lagos
2024-06-03,29.5,24.6,34.7,30.0,0.4,0.4,51.0,15.9,Lagos
2024-06-04,29.3,26.1,34.0,30.5,3.3,3.3,55.0,19.1,Lagos
2024-06-05,30.0,25.0,36.1,30.3,1.6,1.6,53.0,14.8,Lagos
2024-06-06,29.2,25.0,34.0,29.7,17.7,17.7,63.0,19.2,Lagos
2024-06-07,29.0,25.0,33.5,30.0,6.5,6.5,61.0,10.2,Lagos
2024-06-08,29.5,24.9,34.7,30.5,16.0,16.0,63.0,14.1,Lagos
2024-06-09,29.1,25.9,33.4,30.2,14.6,14.6,63.0,18.2,Lagos
2024-06-10,29.8,25.6,34.7,30.3,3.2,3.2,53.0,16.3,Lagos
2024-06-11,28.2,25.1,33.3,29.3,9.5,9.5,61.0,14.1,Lagos
2024-06-12,29.4,23.3,34.8,28.3,2.8,2.8,55.0,14.7,Lagos
2024-06-13,30.1,25.5,35.2,31.2,0.5,0.5,51.0,17.1,Lagos
2024-06-14,27.5,25.2,31.7,29.7,8.6,8.6,63.0,14.7,Lagos
2024-06-15,28.0,24.4,32.0,28.5,19.8,19.8,63.0,17.1,Lagos
2024-06-16,27.2,24.7,32.9,29.7,3.3,3.3,55.0,7.8,Lagos
2024-06-17,28.8,24.5,34.8,29.2,1.7,1.7,53.0,14.8,Lagos
2024-06-18,29.3,24.5,35.3,29.7,1.4,1.4,53.0,9.8,Lagos
2024-06-19,30.2,25.3,35.6,30.4,1.6,1.6,53.0,18.7,Lagos
2024-06-20,28.2,25.2,33.8,30.0,5.2,5.2,61.0,14.7,Lagos
2024-06-21,29.2,24.5,33.9,28.5,17.4,17.4,65.0,14.2,Lagos
2024-06-22,29.2,23.6,34.9,28.7,1.1,1.1,51.0,16.3,Lagos
2024-06-23,29.2,25.1,34.3,30.4,1.2,1.2,51.0,15.3,Lagos
2024-06-24,29.6,25.7,35.6,30.2,10.7,10.7,63.0,12.5,Lagos
2024-06-25,27.3,23.7,31.5,29.0,31.3,31.3,63.0,15.0,Lagos
2024-06-26,29.2,23.9,35.0,29.1,6.2,6.2,61.0,15.3,Lagos
2024-06-27,29.4,24.3,34.7,29.0,2.0,2.0,53.0,13.0,Lagos
2024-06-28,29.0,25.5,34.3,30.4,9.6,9.6,61.0,17.6,Lagos
2024-06-29,27.4,25.1,31.4,29.5,8.1,8.1,61.0,14.6,Lagos
2024-06-30,29.0,24.4,34.1,29.6,2.3,2.3,61.0,16.9,Lagos
2024-07-01,29.6,24.3,34.8,29.3,5.0,5.0,61.0,14.8,Lagos
2024-07-02,28.1,24.3,32.9,28.4,14.5,14.5,63.0,19.4,Lagos
2024-07-03,26.0,24.3,30.2,27.9,37.5,37.5,63.0,16.8,Lagos
2024-07-04,27.2,23.8,31.4,28.1,21.9,21.9,63.0,14.0,Lagos
2024-07-05,29.9,23.9,36.4,28.5,5.5,5.5,61.0,12.5,Lagos
2024-07-06,27.6,24.2,32.3,28.5,22.3,22.3,63.0,12.6,Lagos
2024-07-07,28.7,24.0,33.7,29.1,6.2,6.2,61.0,19.9,Lagos
2024-07-08,27.9,23.9,31.8,28.1,14.0,14.0,63.0,14.1,Lagos
2024-07-09,27.7,23.9,31.3,28.1,1.4,1.4,51.0,18.2,Lagos
2024-07-10,28.1,24.4,33.1,29.0,9.9,9.9,63.0,17.8,Lagos
2024-07-11,27.3,24.4,31.2,28.5,4.8,4.8,63.0,20.0,Lagos
2024-07-12,27.5,24.1,30.9,28.1,5.7,5.7,61.0,18.9,Lagos
2024-07-13,28.3,24.7,32.8,28.6,2.7,2.7,53.0,20.6,Lagos
2024-07-14,28.1,24.8,32.1,29.0,5.5,5.5,63.0,17.3,Lagos
2024-07-15,28.4,24.5,31.7,28.3,0.4,0.4,51.0,21.5,Lagos
2024-07-16,27.6,24.7,30.3,28.6,0.9,0.9,51.0,20.8,Lagos
2024-07-17,28.0,24.8,31.1,28.4,0.5,0.5,51.0,20.5,Lagos
2024-07-18,28.2,24.5,31.6,28.1,0.8,0.8,51.0,24.3,Lagos
2024-07-19,27.8,24.2,30.6,27.7,1.8,1.8,51.0,22.6,Lagos
2024-07-20,27.7,24.5,30.9,27.1,2.6,2.6,53.0,25.7,Lagos
2024-07-21,27.6,24.3,31.2,27.2,1.2,1.2,51.0,23.4,Lagos
2024-07-22,28.0,23.7,31.3,27.8,0.7,0.7,51.0,19.6,Lagos
2024-07-23,27.8,24.1,31.6,27.7,0.3,0.3,51.0,19.0,Lagos
2024-07-24,27.6,24.3,31.4,27.7,0.2,0.2,51.0,19.1,Lagos
2024-07-25,28.2,24.0,31.7,27.3,0.1,0.1,51.0,21.4,Lagos
2024-07-26,28.1,24.3,31.7,27.6,0.9,0.9,51.0,22.9,Lagos
2024-07-27,27.7,24.3,30.4,27.5,0.2,0.2,51.0,20.6,Lagos
2024-07-28,27.6,24.2,29.7,27.0,1.1,1.1,51.0,26.4,Lagos
2024-07-29,28.2,24.5,30.9,27.7,0.2,0.2,51.0,21.9,Lagos
2024-07-30,28.2,24.0,30.9,27.1,1.6,1.6,53.0,24.4,Lagos
2024-07-31,27.2,24.2,29.7,27.3,0.8,0.8,51.0,23.0,Lagos
2024-08-01,27.4,24.1,30.8,27.3,1.0,1.0,51.0,22.2,Lagos
2024-08-02,27.9,24.0,32.0,27.4,2.8,2.8,55.0,20.7,Lagos
2024-08-03,27.6,23.3,31.2,27.3,1.2,1.2,51.0,20.4,Lagos
2024-08-04,27.5,23.7,30.5,27.4,0.8,0.8,51.0,20.4,Lagos
2024-08-05,27.4,23.5,30.9,27.2,0.8,0.8,51.0,19.2,Lagos
2024-08-06,27.6,24.1,30.8,27.1,0.8,0.8,51.0,23.2,Lagos
2024-08-07,27.9,24.1,30.6,27.1,0.6,0.6,51.0,25.2,Lagos
2024-08-08,27.3,23.8,29.6,27.0,1.3,1.3,51.0,20.9,Lagos
2024-08-09,28.5,23.6,32.7,27.7,0.3,0.3,51.0,18.2,Lagos
2024-08-10,28.7,24.0,32.0,27.5,0.1,0.1,51.0,22.2,Lagos
2024-08-11,28.4,24.3,31.9,27.3,0.6,0.6,51.0,20.7,Lagos
2024-08-12,27.5,24.4,30.0,27.6,1.4,1.4,53.0,21.6,Lagos
2024-08-13,27.7,24.7,30.2,27.7,0.6,0.6,51.0,23.0,Lagos
2024-08-14,28.2,24.3,32.3,27.4,1.8,1.8,53.0,21.2,Lagos
2024-08-15,28.1,24.2,30.8,28.0,0.3,0.3,51.0,21.4,Lagos
2024-08-16,27.5,24.4,29.1,27.9,1.1,1.1,53.0,25.7,Lagos
2024-08-17,28.2,24.3,31.2,27.6,0.8,0.8,51.0,24.3,Lagos
2024-08-18,28.9,24.1,32.9,28.3,0.4,0.4,51.0,16.4,Lagos
2024-08-19,27.5,24.1,30.4,27.9,6.5,6.5,61.0,18.6,Lagos
2024-08-20,26.4,23.4,29.2,27.2,13.6,13.6,61.0,20.5,Lagos
2024-08-21,28.1,23.9,32.1,27.7,1.3,1.3,51.0,20.1,Lagos
2024-08-22,28.8,24.0,32.9,27.9,0.5,0.5,51.0,20.5,Lagos
2024-08-23,26.6,24.2,28.4,26.2,20.1,20.1,63.0,28.4,Lagos
2024-08-24,26.5,23.5,29.4,27.0,11.3,11.3,63.0,16.2,Lagos
2024-08-25,28.3,23.6,33.1,28.0,5.3,5.3,63.0,19.1,Lagos
2024-08-26,27.3,24.0,30.2,28.0,10.8,10.8,63.0,23.0,Lagos
2024-08-27,28.1,24.7,31.3,27.6,0.7,0.7,51.0,27.6,Lagos
2024-08-28,28.1,24.0,33.1,27.9,1.5,1.5,53.0,18.2,Lagos
2024-08-29,27.6,23.7,30.7,27.9,1.9,1.9,53.0,17.4,Lagos
2024-08-30,27.6,24.4,30.3,27.4,3.6,3.6,53.0,25.2,Lagos
2024-08-31,27.7,24.4,30.2,27.3,0.6,0.6,51.0,23.3,Lagos
2024-09-01,28.0,24.1,31.7,27.8,1.0,1.0,51.0,20.1,Lagos
2024-09-02,28.4,23.7,32.2,27.3,0.1,0.1,51.0,19.4,Lagos
2024-09-03,28.0,23.9,31.1,27.6,0.0,0.0,3.0,20.9,Lagos
2024-09-04,28.8,23.8,32.6,27.5,0.0,0.0,3.0,17.6,Lagos
2024-09-05,29.1,24.0,33.3,28.0,0.1,0.1,51.0,20.9,Lagos
2024-09-06,29.0,24.0,32.5,27.2,0.0,0.0,3.0,21.5,Lagos
2024-09-07,27.5,24.3,30.8,27.9,8.6,8.6,63.0,18.8,Lagos
2024-09-08,28.5,23.5,33.3,27.6,0.4,0.4,51.0,17.4,Lagos
2024-09-09,29.1,23.8,35.3,28.0,0.6,0.6,51.0,19.9,Lagos
2024-09-10,29.3,24.7,34.3,28.4,10.8,10.8,63.0,19.6,Lagos
2024-09-11,28.3,24.6,32.4,28.7,7.4,7.4,61.0,19.9,Lagos
2024-09-12,27.7,24.6,31.5,28.9,12.3,12.3,63.0,17.1,Lagos
2024-09-13,28.7,23.9,34.1,28.0,13.5,13.5,63.0,17.9,Lagos
2024-09-14,27.4,23.7,31.6,27.9,12.2,12.2,63.0,18.2,Lagos
2024-09-15,28.7,24.0,34.5,28.6,4.0,4.0,63.0,16.1,Lagos
2024-09-16,28.8,24.0,33.5,28.7,0.9,0.9,51.0,19.2,Lagos
2024-09-17,27.3,24.0,31.9,28.1,18.0,18.0,63.0,16.1,Lagos
2024-09-18,28.1,24.3,32.2,28.5,12.5,12.5,63.0,17.9,Lagos
2024-09-19,28.3,24.2,32.3,28.5,1.7,1.7,51.0,21.2,Lagos
2024-09-20,28.6,24.7,32.5,29.1,1.8,1.8,53.0,15.5,Lagos
2024-09-21,28.7,23.8,33.5,28.0,2.3,2.3,61.0,14.8,Lagos
2024-09-22,28.1,24.6,32.3,29.1,4.4,4.4,55.0,20.0,Lagos
2024-09-23,28.7,24.5,33.6,28.7,1.7,1.7,53.0,20.0,Lagos
2024-09-24,28.8,24.5,33.5,29.2,7.4,7.4,61.0,16.8,Lagos
2024-09-25,27.7,23.9,33.6,27.7,19.8,19.8,63.0,16.1,Lagos
2024-09-26,28.8,23.3,34.0,28.0,2.4,2.4,55.0,15.9,Lagos
2024-09-27,28.4,24.5,33.2,28.7,7.2,7.2,63.0,20.0,Lagos
2024-09-28,28.1,24.0,32.3,28.7,9.9,9.9,63.0,17.5,Lagos
2024-09-29,28.3,24.5,33.6,29.0,10.5,10.5,65.0,15.3,Lagos
2024-09-30,28.3,24.1,33.8,29.3,21.3,21.3,65.0,18.5,Lagos
2024-10-01,29.0,24.2,33.8,28.7,0.6,0.6,51.0,18.1,Lagos
2024-10-02,29.8,24.9,36.6,29.2,3.0,3.0,53.0,18.2,Lagos
2024-10-03,27.1,23.8,31.4,27.8,16.0,16.0,63.0,14.5,Lagos
2024-10-04,28.3,24.3,32.3,28.3,7.0,7.0,61.0,23.2,Lagos
2024-10-05,27.6,24.0,31.2,27.8,9.8,9.8,61.0,15.9,Lagos
2024-10-06,27.5,23.8,31.6,28.0,7.9,7.9,63.0,12.2,Lagos
2024-10-07,28.3,23.6,33.9,28.8,5.0,5.0,53.0,13.1,Lagos
2024-10-08,29.6,23.6,35.9,28.4,0.6,0.6,53.0,12.3,Lagos
2024-10-09,28.5,24.5,32.6,29.5,2.9,2.9,61.0,17.1,Lagos
2024-10-10,28.9,23.9,34.1,29.0,0.3,0.3,51.0,15.3,Lagos
2024-10-11,29.6,24.4,35.0,29.2,1.0,1.0,53.0,19.2,Lagos
2024-10-12,28.6,23.6,33.7,28.1,10.3,10.3,63.0,16.1,Lagos
2024-10-13,26.4,24.2,30.5,29.0,11.2,11.2,61.0,14.3,Lagos
2024-10-14,28.0,24.3,32.2,28.6,12.1,12.1,63.0,15.1,Lagos
2024-10-15,29.5,23.7,35.0,28.7,1.3,1.3,51.0,13.9,Lagos
2024-10-16,28.4,24.4,34.5,29.8,7.4,7.4,61.0,12.6,Lagos
2024-10-17,26.0,23.7,30.8,28.7,27.9,27.9,63.0,14.0,Lagos
2024-10-18,29.2,22.8,35.5,27.3,4.0,4.0,61.0,13.3,Lagos
2024-10-19,29.3,23.5,35.4,28.3,6.3,6.3,63.0,13.1,Lagos
2024-10-20,29.1,24.2,34.9,29.5,3.3,3.3,61.0,15.6,Lagos
2024-10-21,28.8,24.2,34.5,29.5,4.0,4.0,61.0,13.0,Lagos
2024-10-22,28.4,24.1,33.8,29.5,6.2,6.2,61.0,10.0,Lagos
2024-10-23,29.6,23.6,35.7,28.8,1.2,1.2,53.0,13.4,Lagos
2024-10-24,29.9,25.0,36.6,29.9,0.7,0.7,51.0,17.9,Lagos
2024-10-25,29.8,25.5,35.7,29.5,25.0,25.0,65.0,17.0,Lagos
2024-10-26,29.6,24.7,35.8,30.2,2.3,2.3,53.0,12.4,Lagos
2024-10-27,29.8,23.9,36.7,29.2,0.5,0.5,51.0,14.3,Lagos
2024-10-28,29.1,25.6,34.4,31.3,3.5,3.5,53.0,14.2,Lagos
2024-10-29,29.1,24.8,35.6,30.2,5.1,5.1,61.0,12.9,Lagos
2024-10-30,29.6,24.4,36.3,29.3,3.9,3.9,63.0,14.7,Lagos
2024-10-31,29.6,25.0,36.6,30.3,0.4,0.4,51.0,13.3,Lagos
2024-11-01,30.0,25.2,36.7,31.0,1.3,1.3,53.0,12.7,Lagos
2024-11-02,29.2,25.6,34.6,30.7,2.7,2.7,53.0,19.5,Lagos
2024-11-03,28.8,24.8,34.7,30.4,5.8,5.8,61.0,17.4,Lagos
2024-11-04,31.1,23.8,38.0,28.9,1.8,1.8,53.0,14.2,Lagos
2024-11-05,31.8,24.1,37.8,29.1,0.0,0.0,1.0,14.3,Lagos
2024-11-06,30.0,24.1,36.7,28.6,1.7,1.7,61.0,13.0,Lagos
2024-11-07,31.0,24.7,37.2,29.9,0.0,0.0,3.0,15.7,Lagos
2024-11-08,30.8,25.3,37.7,30.7,0.0,0.0,3.0,17.2,Lagos
2024-11-09,30.0,25.1,36.5,30.0,0.9,0.9,51.0,16.3,Lagos
2024-11-10,29.7,24.7,34.7,30.2,3.6,3.6,61.0,16.3,Lagos
2024-11-11,30.0,24.4,36.8,29.3,0.8,0.8,53.0,10.8,Lagos
2024-11-12,30.8,24.1,37.6,29.1,0.3,0.3,51.0,13.0,Lagos
2024-11-13,32.0,25.4,38.6,31.4,0.0,0.0,3.0,13.4,Lagos
2024-11-14,30.9,25.0,37.6,28.6,11.1,11.1,63.0,14.6,Lagos
2024-11-15,31.2,25.7,37.5,31.6,0.4,0.4,51.0,9.7,Lagos
2024-11-16,30.7,25.7,38.3,31.5,1.4,1.4,53.0,12.7,Lagos
2024-11-17,30.2,25.2,36.4,31.1,2.2,2.2,51.0,9.5,Lagos
2024-11-18,31.2,24.8,38.1,30.8,1.1,1.1,53.0,11.3,Lagos
2024-11-19,32.2,24.9,37.9,30.6,0.0,0.0,3.0,9.5,Lagos
2024-11-20,33.4,25.4,38.9,31.0,0.0,0.0,3.0,13.8,Lagos
2024-11-21,31.9,25.2,38.3,31.1,0.0,0.0,3.0,13.7,Lagos
2024-11-22,30.4,25.3,37.0,31.2,7.2,7.2,61.0,12.9,Lagos
2024-11-23,31.1,25.9,37.3,31.9,1.9,1.9,53.0,11.1,Lagos
2024-11-24,32.6,25.1,38.4,30.6,0.0,0.0,3.0,11.4,Lagos
2024-11-25,33.0,25.1,38.1,30.9,0.0,0.0,3.0,15.1,Lagos
2024-11-26,31.3,25.6,37.1,31.6,3.1,3.1,61.0,12.1,Lagos
2024-11-27,31.0,25.7,37.6,31.6,0.8,0.8,51.0,14.5,Lagos
2024-11-28,32.4,25.1,36.5,30.9,0.0,0.0,1.0,12.2,Lagos
2024-11-29,33.0,24.4,35.3,29.8,0.0,0.0,3.0,8.6,Lagos
2024-11-30,34.1,23.2,36.2,27.2,0.0,0.0,3.0,11.5,Lagos
2024-12-01,34.1,23.8,36.0,27.7,0.0,0.0,3.0,12.3,Lagos
2024-12-02,33.7,23.4,37.6,27.9,0.0,0.0,0.0,12.3,Lagos
2024-12-03,33.6,24.7,39.2,30.2,0.0,0.0,3.0,12.3,Lagos
2024-12-04,32.1,25.5,38.2,31.0,1.6,1.6,55.0,17.0,Lagos
2024-12-05,31.2,25.3,37.6,31.0,4.3,4.3,61.0,11.2,Lagos
2024-12-06,31.0,25.2,36.2,30.9,0.7,0.7,51.0,11.6,Lagos
2024-12-07,32.7,24.4,37.4,29.8,0.0,0.0,3.0,11.9,Lagos
2024-12-08,33.7,24.8,37.0,29.0,0.0,0.0,1.0,10.7,Lagos
2024-12-09,32.7,24.5,36.2,29.1,0.0,0.0,3.0,10.1,Lagos
2024-12-10,33.8,23.6,37.7,28.4,0.0,0.0,3.0,14.5,Lagos
2024-12-11,33.0,25.4,38.0,30.9,0.0,0.0,3.0,14.4,Lagos
2024-12-12,32.1,25.7,37.8,31.8,0.8,0.8,51.0,12.0,Lagos
2024-12-13,31.6,25.1,37.7,30.9,2.0,2.0,53.0,12.3,Lagos
2024-12-14,32.4,24.5,38.0,30.1,0.0,0.0,3.0,13.0,Lagos
2024-12-15,33.3,24.6,38.6,30.2,0.0,0.0,3.0,12.3,Lagos
2024-12-16,33.5,24.9,38.8,30.4,0.0,0.0,2.0,12.2,Lagos
2024-12-17,33.9,25.2,38.6,30.8,0.0,0.0,2.0,13.1,Lagos
2024-12-18,33.5,24.1,37.2,29.2,0.0,0.0,3.0,12.3,Lagos
2024-12-19,33.8,24.4,33.9,25.7,0.0,0.0,3.0,12.1,Lagos
2024-12-20,34.0,23.7,33.5,22.2,0.0,0.0,1.0,11.6,Lagos
2024-12-21,33.7,23.2,32.9,22.3,0.0,0.0,3.0,10.7,Lagos
2024-12-22,33.5,22.4,33.6,23.5,0.0,0.0,1.0,8.7,Lagos
2024-12-23,33.5,22.5,36.2,25.9,0.0,0.0,3.0,13.0,Lagos
2024-12-24,32.7,23.8,37.5,28.8,0.0,0.0,3.0,11.9,Lagos
2024-12-25,34.0,24.4,38.1,29.6,0.0,0.0,3.0,14.3,Lagos
2024-12-26,34.3,25.1,38.4,30.6,0.0,0.0,2.0,14.4,Lagos
2024-12-27,33.4,24.7,38.4,30.5,0.0,0.0,3.0,13.3,Lagos
2024-12-28,33.7,24.7,38.0,30.4,0.0,0.0,3.0,13.5,Lagos
2024-12-29,33.7,24.6,38.4,30.4,0.0,0.0,3.0,13.4,Lagos
2024-12-30,33.7,25.2,38.3,31.5,0.0,0.0,3.0,12.8,Lagos
2024-12-31,32.8,25.5,38.2,31.7,0.0,0.0,3.0,13.5,Lagos
2025-01-01,32.9,25.5,38.2,31.3,0.0,0.0,3.0,13.6,Lagos
2025-01-02,32.7,25.2,38.4,31.2,0.0,0.0,3.0,13.8,Lagos
2025-01-03,32.4,25.9,37.7,32.1,0.2,0.2,51.0,13.6,Lagos
2025-01-04,32.6,26.3,38.0,32.1,1.4,1.4,53.0,12.9,Lagos
2025-01-05,32.9,26.2,38.5,32.3,0.3,0.3,51.0,15.5,Lagos
2025-01-06,32.7,26.2,38.5,32.0,1.6,1.6,53.0,13.5,Lagos
2025-01-07,32.2,26.3,37.8,32.3,0.5,0.5,51.0,12.3,Lagos
2025-01-08,32.4,25.9,38.2,32.1,1.1,1.1,53.0,12.3,Lagos
2025-01-09,32.6,25.7,37.9,31.6,0.1,0.1,51.0,13.1,Lagos
2025-01-10,34.1,25.3,37.5,30.9,0.2,0.2,51.0,12.8,Lagos
2025-01-11,33.5,24.3,32.9,24.8,0.0,0.0,3.0,10.8,Lagos
2025-01-12,34.4,22.3,34.8,24.9,0.0,0.0,3.0,11.7,Lagos
2025-01-13,32.7,23.4,37.2,28.2,0.0,0.0,3.0,14.6,Lagos
2025-01-14,32.3,24.4,37.0,30.0,0.0,0.0,3.0,12.5,Lagos
2025-01-15,33.2,25.4,38.6,31.4,0.0,0.0,3.0,13.1,Lagos
2025-01-16,34.1,25.8,39.8,31.7,0.0,0.0,3.0,12.4,Lagos
2025-01-17,34.8,26.8,39.5,33.1,0.0,0.0,3.0,16.8,Lagos
2025-01-18,30.0,26.8,34.4,31.0,1.0,1.0,51.0,21.4,Lagos
2025-01-19,30.8,26.6,34.4,31.1,0.2,0.2,51.0,16.7,Lagos
2025-01-20,31.4,24.5,35.5,29.9,1.0,1.0,53.0,13.7,Lagos
2025-01-21,32.2,25.4,37.9,31.1,0.0,0.0,3.0,13.5,Lagos
2025-01-22,32.6,26.5,38.7,32.3,0.6,0.6,53.0,15.0,Lagos
2025-01-23,30.3,25.0,35.5,30.3,3.8,3.8,63.0,14.4,Lagos
2025-01-24,32.1,25.5,37.7,31.2,0.9,0.9,53.0,11.3,Lagos
2025-01-25,31.7,25.8,37.7,31.4,1.2,1.2,51.0,12.6,Lagos
2025-01-26,30.3,26.0,36.2,31.7,1.4,1.4,55.0,12.9,Lagos
2025-01-27,31.4,24.9,37.5,30.2,2.0,2.0,53.0,15.3,Lagos
2025-01-28,32.3,25.5,38.5,31.6,0.9,0.9,53.0,13.5,Lagos
2025-01-29,30.4,25.6,35.8,30.9,1.7,1.7,53.0,10.9,Lagos
2025-01-30,31.4,25.4,36.7,30.8,0.8,0.8,53.0,11.0,Lagos
2025-01-31,32.1,25.7,38.2,31.5,2.9,2.9,61.0,12.2,Lagos
2025-02-01,31.8,26.0,37.5,32.3,0.2,0.2,51.0,13.8,Lagos
2025-02-02,31.6,25.8,37.0,31.8,2.5,2.5,55.0,10.8,Lagos
2025-02-03,32.5,25.7,38.6,31.4,0.2,0.2,51.0,11.5,Lagos
2025-02-04,33.7,26.8,39.1,33.0,0.0,0.0,3.0,15.5,Lagos
2025-02-05,32.0,26.7,37.0,32.9,0.7,0.7,51.0,14.5,Lagos
2025-02-06,32.1,26.6,37.5,32.2,1.0,1.0,53.0,14.3,Lagos
2025-02-07,32.7,27.2,38.9,32.3,1.1,1.1,53.0,14.4,Lagos
2025-02-08,30.2,26.7,35.2,32.2,4.4,4.4,61.0,12.2,Lagos
2025-02-09,31.6,25.7,38.0,31.9,0.5,0.5,51.0,12.5,Lagos
2025-02-10,32.1,26.8,37.8,32.2,2.8,2.8,55.0,13.4,Lagos
2025-02-11,32.4,26.8,38.7,33.1,1.4,1.4,55.0,14.5,Lagos
2025-02-12,31.0,26.1,36.8,32.4,1.8,1.8,55.0,11.6,Lagos
2025-02-13,32.3,26.3,38.8,31.5,3.9,3.9,63.0,12.1,Lagos
2025-02-14,32.2,26.1,38.3,32.2,0.8,0.8,53.0,13.4,Lagos
2025-02-15,31.9,26.4,38.4,32.5,1.4,1.4,53.0,12.3,Lagos
2025-02-16,33.5,26.5,39.8,32.6,0.3,0.3,51.0,14.6,Lagos
2025-02-17,33.4,26.6,39.6,32.5,0.4,0.4,51.0,13.6,Lagos
2025-02-18,32.2,27.1,38.3,33.4,0.0,0.0,3.0,12.9,Lagos
2025-02-19,31.5,27.0,37.4,33.0,2.3,2.3,61.0,14.4,Lagos
2025-02-20,32.4,27.0,38.2,32.9,0.9,0.9,51.0,12.2,Lagos
2025-02-21,32.0,27.1,37.4,32.8,2.0,2.0,53.0,15.9,Lagos
2025-02-22,32.0,26.4,37.6,31.0,12.7,12.7,63.0,14.1,Lagos
2025-02-23,31.0,25.1,36.5,29.8,0.8,0.8,53.0,11.1,Lagos
2025-02-24,31.9,26.1,37.9,32.2,0.1,0.1,51.0,14.5,Lagos
2025-02-25,31.8,26.7,37.5,32.8,5.5,5.5,61.0,13.8,Lagos
2025-02-26,31.6,26.4,37.8,31.7,1.4,1.4,51.0,14.8,Lagos
2025-02-27,32.4,26.1,38.6,31.7,0.7,0.7,53.0,13.1,Lagos
2025-02-28,31.7,25.9,38.7,32.3,1.5,1.5,53.0,13.7,Lagos
2025-03-01,31.6,26.5,38.0,32.3,1.0,1.0,53.0,12.5,Lagos
2025-03-02,32.3,26.8,38.6,33.1,0.4,0.4,51.0,14.1,Lagos
2025-03-03,32.1,27.2,37.4,31.8,4.4,4.4,63.0,16.4,Lagos
2025-03-04,32.0,26.4,37.3,30.9,2.8,2.8,53.0,19.8,Lagos
2025-03-05,30.6,27.0,36.2,31.2,7.6,7.6,63.0,15.4,Lagos
2025-03-06,32.0,26.3,37.1,30.4,3.4,3.4,61.0,17.2,Lagos
2025-03-07,32.6,26.6,38.8,31.4,0.5,0.5,51.0,13.5,Lagos
2025-03-08,32.2,27.4,37.3,33.2,0.3,0.3,51.0,14.7,Lagos
2025-03-09,31.2,27.4,36.4,33.0,1.9,1.9,53.0,15.7,Lagos
2025-03-10,32.6,27.4,38.1,32.7,0.8,0.8,51.0,15.6,Lagos
2025-03-11,31.2,27.2,37.5,32.8,2.8,2.8,55.0,16.2,Lagos
2025-03-12,31.8,27.0,37.2,32.7,0.3,0.3,51.0,14.3,Lagos
2025-03-13,32.2,26.5,38.2,30.8,0.5,0.5,51.0,17.4,Lagos
2025-03-14,31.9,27.4,37.7,32.4,0.7,0.7,53.0,14.6,Lagos
2025-03-15,31.9,27.5,37.3,32.9,2.2,2.2,53.0,14.1,Lagos
2025-03-16,31.6,27.4,37.4,32.8,4.3,4.3,61.0,16.3,Lagos
2025-03-17,32.1,25.7,37.8,29.8,3.2,3.2,61.0,16.4,Lagos
2025-03-18,31.2,26.4,36.4,30.9,2.1,2.1,53.0,15.8,Lagos
2025-03-19,30.5,26.7,36.3,31.0,2.7,2.7,53.0,14.4,Lagos
2025-03-20,30.9,26.9,35.2,32.6,0.2,0.2,51.0,14.1,Lagos
2025-03-21,31.8,27.6,37.1,33.0,1.3,1.3,53.0,15.5,Lagos
2025-03-22,31.5,25.9,37.2,31.6,3.3,3.3,55.0,11.8,Lagos
2025-03-23,31.5,26.5,37.2,32.0,2.4,2.4,61.0,14.8,Lagos
2025-03-24,31.5,26.7,37.5,32.5,5.9,5.9,61.0,12.3,Lagos
2025-03-25,31.8,27.0,37.0,31.8,2.8,2.8,61.0,14.5,Lagos
2025-03-26,28.9,25.8,33.7,30.5,7.4,7.4,63.0,16.7,Lagos
2025-03-27,31.5,25.4,37.6,30.2,0.8,0.8,51.0,13.9,Lagos
2025-03-28,31.2,27.1,37.4,32.2,1.9,1.9,55.0,13.1,Lagos
2025-03-29,31.7,27.4,36.8,32.9,0.3,0.3,51.0,17.0,Lagos
2025-03-30,31.7,26.6,37.0,31.6,18.6,18.6,65.0,18.7,Lagos
2025-03-31,31.4,25.5,36.8,30.5,9.6,9.6,63.0,17.2,Lagos
2025-04-01,31.2,27.3,37.8,32.0,6.0,6.0,61.0,16.6,Lagos
2025-04-02,30.6,24.6,35.8,28.4,18.9,18.9,65.0,15.2,Lagos
2025-04-03,31.3,25.3,37.2,30.6,4.8,4.8,61.0,12.6,Lagos
2025-04-04,31.6,26.8,37.7,32.2,0.1,0.1,51.0,13.0,Lagos
2025-04-05,32.2,27.6,37.9,32.7,0.4,0.4,51.0,16.0,Lagos
2025-04-06,31.9,27.0,38.1,31.8,3.0,3.0,61.0,16.2,Lagos
2025-04-07,31.1,27.2,36.6,33.2,0.7,0.7,51.0,16.0,Lagos
2025-04-08,31.9,26.9,37.7,32.1,1.2,1.2,51.0,17.2,Lagos
2025-04-09,30.8,24.4,36.4,29.5,25.7,25.7,65.0,13.9,Lagos
2025-04-10,31.2,26.6,36.8,32.8,5.7,5.7,61.0,13.8,Lagos
2025-04-11,30.2,25.1,36.0,30.7,25.4,25.4,65.0,11.0,Lagos
2025-04-12,31.2,25.0,37.3,30.7,0.0,0.0,3.0,11.1,Lagos
2025-04-13,31.8,27.3,37.6,32.7,5.0,5.0,61.0,14.6,Lagos
2025-04-14,31.7,27.5,38.6,32.8,13.4,13.4,63.0,15.3,Lagos
2025-04-15,30.8,25.1,36.3,29.6,4.1,4.1,63.0,17.3,Lagos
2025-04-16,30.8,25.4,36.3,31.0,5.7,5.7,63.0,17.8,Lagos
2025-04-17,31.8,26.0,37.9,30.9,3.5,3.5,61.0,12.5,Lagos
2025-04-18,32.0,26.3,38.4,32.8,0.2,0.2,51.0,14.7,Lagos
2025-04-19,31.3,27.6,37.1,33.0,3.6,3.6,55.0,15.2,Lagos
2025-04-20,31.5,26.9,38.0,32.5,8.1,8.1,63.0,13.0,Lagos
2025-04-21,32.1,26.8,38.1,32.0,2.6,2.6,55.0,14.2,Lagos
2025-04-22,32.0,25.5,37.5,30.8,14.7,14.7,63.0,17.6,Lagos
2025-04-23,30.8,24.6,35.9,29.8,6.8,6.8,63.0,14.3,Lagos
2025-04-24,32.1,26.3,38.2,32.3,0.0,0.0,3.0,12.9,Lagos
2025-04-25,32.0,27.1,37.8,33.1,0.1,0.1,51.0,16.1,Lagos
2025-04-26,30.5,26.6,35.4,32.5,6.9,6.9,63.0,13.1,Lagos
2025-04-27,30.1,24.3,34.7,29.9,1.0,1.0,53.0,13.9,Lagos
2025-04-28,31.8,26.3,38.1,32.6,1.7,1.7,55.0,11.1,Lagos
2025-04-29,30.3,26.1,35.8,30.7,4.4,4.4,63.0,15.2,Lagos
2025-04-30,31.7,24.8,36.5,30.7,0.0,0.0,3.0,12.3,Lagos
2025-05-01,30.6,24.9,36.4,29.6,3.5,3.5,61.0,10.1,Lagos
2025-05-02,30.1,24.7,35.2,29.5,21.2,21.2,65.0,8.1,Lagos
2025-05-03,31.3,24.6,37.1,29.3,0.0,0.0,3.0,10.0,Lagos
2025-05-04,31.1,26.9,37.2,32.7,5.2,5.2,61.0,11.9,Lagos
2025-05-05,31.1,26.9,36.9,32.8,3.7,3.7,53.0,13.3,Lagos
2025-05-06,31.5,25.5,37.0,31.4,1.0,1.0,51.0,13.2,Lagos
2025-05-07,31.9,26.9,38.6,33.2,7.3,7.3,61.0,10.2,Lagos
2025-05-08,31.9,25.8,37.9,31.0,11.5,11.5,65.0,13.9,Lagos
2025-05-09,29.7,26.9,35.0,31.9,14.9,14.9,63.0,14.8,Lagos
2025-05-10,31.3,26.7,36.5,32.0,0.9,0.9,51.0,14.2,Lagos
2025-05-11,32.0,26.5,38.0,32.3,0.3,0.3,51.0,12.4,Lagos
2025-05-12,31.7,26.9,37.5,32.9,1.1,1.1,51.0,13.8,Lagos
2025-05-13,30.6,25.9,35.6,31.1,8.1,8.1,63.0,15.4,Lagos
2025-05-14,31.6,25.8,37.2,31.7,0.1,0.1,51.0,13.9,Lagos
2025-05-15,31.8,26.9,37.8,32.3,1.7,1.7,53.0,12.3,Lagos
2025-05-16,31.8,26.6,37.4,32.8,10.8,10.8,63.0,12.1,Lagos
2025-05-17,30.3,25.9,36.0,30.4,26.8,26.8,65.0,11.3,Lagos
2025-05-18,29.4,25.2,33.9,30.6,6.5,6.5,61.0,10.4,Lagos
2025-05-19,31.8,24.8,37.6,30.3,0.0,0.0,3.0,13.3,Lagos
2025-05-20,30.3,25.5,36.2,29.8,7.7,7.7,63.0,15.9,Lagos
2025-05-21,30.2,24.4,35.8,29.4,2.4,2.4,51.0,14.6,Lagos
2025-05-22,30.7,25.2,37.8,31.0,7.2,7.2,63.0,8.9,Lagos
2025-05-23,29.7,25.4,34.8,29.9,10.6,10.6,63.0,15.6,Lagos
2025-05-24,29.8,25.5,34.9,29.9,13.4,13.4,65.0,16.1,Lagos
2025-05-25,31.5,25.0,37.1,30.6,0.0,0.0,3.0,10.6,Lagos
2025-05-26,31.4,26.8,36.6,32.1,0.0,0.0,3.0,16.5,Lagos
2025-05-27,30.0,25.7,34.9,30.5,1.0,1.0,51.0,13.8,Lagos
2025-05-28,30.0,24.6,35.7,29.0,4.9,4.9,61.0,14.1,Lagos
2025-05-29,28.2,24.8,33.7,29.4,17.9,17.9,63.0,11.5,Lagos
2025-05-30,31.2,24.8,38.0,30.0,5.7,5.7,61.0,8.9,Lagos
2025-05-31,31.0,26.2,36.6,31.8,0.0,0.0,3.0,13.5,Lagos
2025-06-01,31.2,26.8,36.8,31.3,0.8,0.8,51.0,17.3,Lagos
2025-06-02,30.2,26.0,35.4,31.6,3.4,3.4,53.0,14.9,Lagos
2025-06-03,30.0,24.2,36.5,28.4,21.5,21.5,63.0,15.6,Lagos
2025-06-04,29.6,24.1,35.0,29.4,21.8,21.8,63.0,9.9,Lagos
2025-06-05,30.9,25.2,36.8,30.8,5.9,5.9,63.0,11.8,Lagos
2025-06-06,29.8,25.1,35.4,30.3,3.4,3.4,55.0,12.1,Lagos
2025-06-07,28.6,24.4,33.6,28.4,10.8,10.8,63.0,9.9,Lagos
2025-06-08,30.5,25.2,36.8,30.9,7.7,7.7,63.0,14.1,Lagos
2025-06-09,29.6,25.5,35.1,30.9,17.8,17.8,63.0,10.9,Lagos
2025-06-10,29.6,24.6,35.8,30.1,1.4,1.4,51.0,11.0,Lagos
2025-06-11,29.9,25.5,36.6,30.5,8.8,8.8,63.0,12.6,Lagos
2025-06-12,30.6,24.6,35.2,29.6,4.2,4.2,61.0,14.0,Lagos
2025-06-13,29.6,24.9,34.9,30.4,1.8,1.8,55.0,13.8,Lagos
2025-06-14,27.5,24.3,32.1,28.2,62.1,62.1,65.0,12.8,Lagos
2025-06-15,30.3,24.1,36.4,28.8,21.8,21.8,65.0,11.0,Lagos
2025-06-16,29.7,24.6,35.3,29.3,3.2,3.2,61.0,13.0,Lagos
2025-06-17,29.4,25.2,34.4,30.6,2.4,2.4,55.0,12.7,Lagos
2025-06-18,29.1,24.3,34.6,28.8,19.1,19.1,65.0,12.2,Lagos
2025-06-19,28.9,23.7,34.2,28.5,24.4,24.4,65.0,12.1,Lagos
2025-06-20,29.5,24.0,34.9,27.6,15.9,15.9,63.0,14.0,Lagos
2025-06-21,28.6,24.8,33.6,29.6,3.4,3.4,55.0,10.9,Lagos
2025-06-22,28.0,24.5,32.6,28.8,14.6,14.6,63.0,11.7,Lagos
2025-06-23,29.2,24.4,34.2,29.5,6.1,6.1,61.0,9.8,Lagos
2025-06-24,28.5,24.4,33.5,29.5,8.5,8.5,63.0,11.8,Lagos
2025-06-25,30.2,24.5,35.6,28.9,3.3,3.3,53.0,12.6,Lagos
2025-06-26,29.1,24.9,33.4,29.7,9.0,9.0,63.0,11.7,Lagos
2025-06-27,28.7,24.0,33.0,28.3,3.4,3.4,61.0,12.5,Lagos
2025-06-28,28.9,23.9,33.4,27.6,2.8,2.8,53.0,15.2,Lagos
2025-06-29,28.4,25.1,33.5,29.4,12.0,12.0,63.0,15.2,Lagos
2025-06-30,28.1,24.0,31.6,27.6,13.5,13.5,63.0,14.2,Lagos
2025-07-01,29.3,23.9,33.6,27.1,9.5,9.5,63.0,15.0,Lagos
2025-07-02,29.7,24.5,34.8,29.1,3.0,3.0,53.0,12.6,Lagos
2025-07-03,28.4,23.9,33.7,28.1,14.0,14.0,61.0,17.1,Lagos
2025-07-04,26.6,23.9,30.3,27.7,10.2,10.2,61.0,14.9,Lagos
2025-07-05,28.4,23.1,32.6,27.4,5.6,5.6,61.0,16.0,Lagos
2025-07-06,28.0,24.2,32.1,28.2,11.2,11.2,63.0,14.5,Lagos
2025-07-07,27.1,24.4,31.4,27.7,16.0,16.0,63.0,15.8,Lagos
2025-07-08,28.3,24.0,32.3,28.2,8.8,8.8,63.0,18.0,Lagos
2025-07-09,28.3,23.8,32.7,27.7,4.7,4.7,55.0,16.3,Lagos
2025-07-10,28.6,23.9,32.3,27.8,1.1,1.1,51.0,13.9,Lagos
2025-07-11,28.0,23.8,31.8,27.1,2.4,2.4,53.0,17.1,Lagos
2025-07-12,27.1,24.0,29.9,27.2,1.6,1.6,53.0,22.7,Lagos
2025-07-13,28.2,23.6,32.1,27.2,0.8,0.8,51.0,15.9,Lagos
2025-07-14,29.5,22.5,34.3,27.0,0.0,0.0,3.0,11.5,Lagos
2025-07-15,28.7,23.5,32.7,27.3,0.1,0.1,51.0,13.8,Lagos
2025-07-16,27.3,24.4,29.5,27.4,1.8,1.8,53.0,17.6,Lagos
2025-07-17,27.7,24.1,30.6,27.6,2.8,2.8,61.0,18.1,Lagos
2025-07-18,28.4,23.7,32.4,27.7,0.2,0.2,51.0,14.0,Lagos
2025-07-19,28.6,23.6,32.8,27.6,0.3,0.3,51.0,14.3,Lagos
2025-07-20,27.6,24.1,30.0,27.7,1.0,1.0,51.0,18.8,Lagos
2025-07-21,28.2,24.3,31.4,27.7,0.7,0.7,51.0,22.3,Lagos
2025-07-22,27.9,24.1,31.3,27.4,1.7,1.7,53.0,18.3,Lagos
2025-07-23,27.7,24.1,31.0,27.6,3.3,3.3,55.0,19.2,Lagos
2025-07-24,28.1,23.9,31.6,26.9,0.7,0.7,51.0,18.8,Lagos
2025-07-25,28.0,23.7,30.8,27.2,0.3,0.3,51.0,16.1,Lagos
2025-07-26,28.2,23.8,31.9,27.2,0.2,0.2,51.0,17.7,Lagos
2025-07-27,27.3,24.0,29.9,27.4,1.3,1.3,51.0,17.6,Lagos
2025-07-28,,,,,,,,,Lagos
2025-07-29,,,,,,,,,Lagos
2019-01-01,25.4,15.2,26.0,15.2,0.0,0.0,2.0,16.2,Dubai
2019-01-02,25.9,15.5,25.9,15.0,0.0,0.0,3.0,12.9,Dubai
2019-01-03,28.0,14.3,26.9,12.8,0.0,0.0,3.0,14.8,Dubai
2019-01-04,26.0,17.0,25.6,15.4,0.0,0.0,3.0,23.8,Dubai
2019-01-05,24.8,16.4,25.3,16.0,0.0,0.0,2.0,19.6,Dubai
2019-01-06,24.4,14.5,23.6,13.6,0.0,0.0,3.0,16.3,Dubai
2019-01-07,26.2,14.2,25.0,13.8,0.0,0.0,3.0,17.1,Dubai
2019-01-08,26.5,15.0,26.1,14.2,0.0,0.0,3.0,14.4,Dubai
2019-01-09,27.1,14.2,25.9,12.4,0.0,0.0,3.0,20.2,Dubai
2019-01-10,25.0,17.0,24.0,16.2,0.0,0.0,3.0,30.3,Dubai
2019-01-11,23.0,19.5,19.7,17.4,0.0,0.0,3.0,33.1,Dubai
2019-01-12,23.7,18.3,23.3,17.7,0.0,0.0,3.0,21.0,Dubai
2019-01-13,25.2,13.9,25.0,13.0,0.0,0.0,3.0,20.3,Dubai
2019-01-14,26.8,15.9,25.3,14.5,0.0,0.0,3.0,15.8,Dubai
2019-01-15,26.8,17.9,27.6,18.2,0.0,0.0,3.0,18.2,Dubai
2019-01-16,26.7,15.6,26.9,15.5,0.0,0.0,3.0,16.7,Dubai
2019-01-17,28.1,16.1,27.1,15.2,0.0,0.0,3.0,22.4,Dubai
2019-01-18,22.6,19.0,21.7,16.3,0.0,0.0,2.0,28.9,Dubai
2019-01-19,20.9,17.8,17.0,13.7,1.0,1.0,53.0,33.5,Dubai
2019-01-20,20.8,17.7,16.0,13.1,0.0,0.0,0.0,34.5,Dubai
2019-01-21,22.5,16.8,21.7,15.1,0.0,0.0,1.0,18.5,Dubai
2019-01-22,22.2,15.5,20.3,14.8,0.0,0.0,2.0,19.2,Dubai
2019-01-23,23.1,14.9,22.0,13.4,0.0,0.0,3.0,17.8,Dubai
2019-01-24,24.3,13.6,24.4,12.8,0.0,0.0,2.0,15.9,Dubai
2019-01-25,24.8,14.4,24.1,14.4,0.0,0.0,3.0,15.2,Dubai
2019-01-26,26.8,13.5,24.5,11.1,0.0,0.0,0.0,21.1,Dubai
2019-01-27,27.1,15.4,25.3,13.3,0.0,0.0,0.0,15.8,Dubai
2019-01-28,29.3,15.8,28.2,13.4,0.0,0.0,3.0,20.4,Dubai
2019-01-29,27.5,18.6,25.3,17.2,0.0,0.0,3.0,33.9,Dubai
2019-01-30,24.0,18.0,24.1,18.4,0.0,0.0,3.0,26.4,Dubai
2019-01-31,24.0,16.2,22.8,14.9,0.0,0.0,3.0,22.5,Dubai
2019-02-01,24.7,15.9,25.0,15.3,0.0,0.0,0.0,18.5,Dubai
2019-02-02,26.9,15.4,26.5,15.2,0.0,0.0,1.0,18.2,Dubai
2019-02-03,26.6,18.7,25.6,17.3,15.0,15.0,63.0,30.5,Dubai
2019-02-04,22.4,18.1,20.9,15.0,0.7,0.7,51.0,27.7,Dubai
2019-02-05,21.2,15.2,19.9,13.8,0.0,0.0,1.0,23.6,Dubai
2019-02-06,21.4,12.8,18.8,11.2,0.0,0.0,2.0,26.7,Dubai
2019-02-07,21.7,8.8,21.2,6.5,0.0,0.0,0.0,10.5,Dubai
2019-02-08,22.8,10.7,23.1,8.7,0.0,0.0,1.0,16.3,Dubai
2019-02-09,24.2,11.1,22.6,9.7,0.0,0.0,3.0,16.5,Dubai
2019-02-10,25.3,14.7,24.7,14.0,0.7,0.7,53.0,24.9,Dubai
2019-02-11,27.8,18.0,27.8,17.2,0.0,0.0,3.0,28.4,Dubai
2019-02-12,21.7,18.8,18.8,14.2,3.8,3.8,61.0,39.1,Dubai
2019-02-13,22.1,18.2,20.6,13.3,0.0,0.0,1.0,35.5,Dubai
2019-02-14,22.9,12.3,23.1,10.8,0.0,0.0,3.0,20.2,Dubai
2019-02-15,27.3,14.4,26.2,12.2,0.0,0.0,3.0,22.1,Dubai
2019-02-16,30.3,18.6,27.5,17.6,0.5,0.5,51.0,31.5,Dubai
2019-02-17,24.6,19.1,25.0,16.7,3.3,3.3,63.0,25.0,Dubai
2019-02-18,22.4,18.4,19.2,14.9,0.0,0.0,2.0,27.7,Dubai
2019-02-19,22.8,18.1,21.1,15.8,0.3,0.3,51.0,22.0,Dubai
2019-02-20,21.8,17.7,17.2,14.3,0.2,0.2,51.0,38.1,Dubai
2019-02-21,21.9,14.5,21.2,12.3,0.0,0.0,3.0,20.9,Dubai
2019-02-22,22.3,15.2,21.7,13.9,1.0,1.0,55.0,16.6,Dubai
2019-02-23,24.6,18.2,26.2,17.5,0.0,0.0,3.0,18.5,Dubai
2019-02-24,25.4,16.3,26.3,16.1,0.0,0.0,2.0,13.9,Dubai
2019-02-25,24.9,17.5,22.0,15.6,0.0,0.0,2.0,37.3,Dubai
2019-02-26,23.3,19.1,22.5,15.7,0.0,0.0,1.0,34.8,Dubai
2019-02-27,25.8,14.2,25.4,12.8,0.0,0.0,3.0,20.3,Dubai
2019-02-28,26.5,19.7,26.3,19.1,0.1,0.1,51.0,30.6,Dubai
2019-03-01,31.0,20.4,26.6,15.1,0.0,0.0,3.0,47.0,Dubai
2019-03-02,20.2,18.0,14.4,11.0,0.0,0.0,3.0,45.8,Dubai
2019-03-03,20.9,17.9,17.7,14.5,0.0,0.0,3.0,32.3,Dubai
2019-03-04,21.8,17.7,18.9,14.6,0.0,0.0,0.0,28.5,Dubai
2019-03-05,22.8,17.7,20.9,14.7,0.0,0.0,0.0,24.5,Dubai
2019-03-06,24.9,13.2,24.3,11.9,0.0,0.0,3.0,24.9,Dubai
2019-03-07,24.8,16.1,23.1,16.6,0.0,0.0,3.0,29.9,Dubai
2019-03-08,22.8,17.2,21.4,15.8,0.0,0.0,3.0,21.7,Dubai
2019-03-09,23.1,14.6,21.3,12.5,0.0,0.0,2.0,37.1,Dubai
2019-03-10,22.5,17.9,20.6,12.6,0.0,0.0,3.0,36.9,Dubai
2019-03-11,21.5,15.6,19.8,14.3,0.0,0.0,2.0,21.6,Dubai
2019-03-12,23.1,16.4,19.6,14.3,0.0,0.0,0.0,35.0,Dubai
2019-03-13,23.4,14.3,23.4,12.7,0.0,0.0,3.0,20.3,Dubai
2019-03-14,29.2,14.7,28.7,14.5,0.0,0.0,3.0,27.1,Dubai
2019-03-15,26.7,20.2,26.9,17.7,0.8,0.8,51.0,33.2,Dubai
2019-03-16,27.0,18.2,29.2,18.2,0.0,0.0,3.0,25.0,Dubai
2019-03-17,31.2,21.0,29.2,19.8,3.7,3.7,55.0,28.2,Dubai
2019-03-18,22.7,19.5,22.0,15.2,0.0,0.0,1.0,33.6,Dubai
2019-03-19,22.6,18.7,18.9,15.5,0.0,0.0,3.0,35.1,Dubai
2019-03-20,22.8,17.0,22.6,16.0,0.0,0.0,3.0,23.8,Dubai
2019-03-21,25.5,15.2,26.0,14.6,0.0,0.0,3.0,19.4,Dubai
2019-03-22,30.8,17.9,29.6,18.0,0.1,0.1,51.0,30.8,Dubai
2019-03-23,29.3,20.9,29.1,19.6,2.3,2.3,61.0,39.9,Dubai
2019-03-24,29.5,20.0,27.9,18.1,0.0,0.0,3.0,43.1,Dubai
2019-03-25,32.2,22.6,29.3,20.4,0.0,0.0,3.0,37.3,Dubai
2019-03-26,34.7,22.5,31.0,23.2,0.0,0.0,3.0,35.6,Dubai
2019-03-27,28.4,21.8,28.5,22.2,4.4,4.4,55.0,34.6,Dubai
2019-03-28,29.4,20.3,28.8,20.3,2.7,2.7,55.0,25.6,Dubai
2019-03-29,28.3,17.9,27.9,19.2,0.0,0.0,3.0,17.6,Dubai
2019-03-30,28.5,15.4,26.1,14.4,0.0,0.0,3.0,23.9,Dubai
2019-03-31,31.6,21.0,30.4,18.4,0.0,0.0,3.0,26.4,Dubai
2019-04-01,37.6,25.9,34.3,22.1,0.0,0.0,3.0,33.3,Dubai
2019-04-02,29.8,23.9,31.5,22.2,0.0,0.0,3.0,25.3,Dubai
2019-04-03,35.0,22.7,34.9,24.7,0.6,0.6,53.0,19.4,Dubai
2019-04-04,36.5,23.1,32.9,21.4,0.0,0.0,3.0,23.6,Dubai
2019-04-05,33.6,24.1,33.2,22.8,0.0,0.0,3.0,17.9,Dubai
2019-04-06,36.1,22.5,35.7,23.1,0.0,0.0,3.0,25.2,Dubai
2019-04-07,36.5,22.3,34.1,20.2,0.0,0.0,3.0,20.2,Dubai
2019-04-08,30.0,24.4,30.4,22.9,0.0,0.0,3.0,29.6,Dubai
2019-04-09,31.7,21.4,32.0,24.2,0.0,0.0,3.0,18.4,Dubai
2019-04-10,29.2,24.0,29.4,24.2,0.1,0.1,51.0,25.7,Dubai
2019-04-11,28.7,22.1,28.7,24.2,0.0,0.0,3.0,16.3,Dubai
2019-04-12,30.9,22.7,30.9,24.6,0.0,0.0,3.0,16.3,Dubai
2019-04-13,30.7,21.6,29.0,21.9,8.5,8.5,63.0,25.4,Dubai
2019-04-14,24.9,19.6,22.0,17.9,6.7,6.7,61.0,45.0,Dubai
2019-04-15,26.6,20.7,26.9,20.6,0.0,0.0,0.0,31.1,Dubai
2019-04-16,27.0,18.8,26.9,19.1,0.0,0.0,0.0,18.4,Dubai
2019-04-17,29.5,16.7,29.6,15.2,0.0,0.0,0.0,15.5,Dubai
2019-04-18,32.8,17.2,31.7,15.7,0.0,0.0,0.0,17.5,Dubai
2019-04-19,36.1,21.0,32.8,18.3,0.0,0.0,0.0,26.9,Dubai
2019-04-20,36.8,22.8,35.0,20.0,0.0,0.0,1.0,25.8,Dubai
2019-04-21,36.0,24.8,35.9,22.8,0.0,0.0,2.0,26.5,Dubai
2019-04-22,36.7,26.1,36.4,24.5,0.0,0.0,3.0,33.5,Dubai
2019-04-23,27.8,23.7,28.9,23.0,0.0,0.0,3.0,28.4,Dubai
2019-04-24,27.1,22.7,24.6,20.5,0.0,0.0,0.0,35.9,Dubai
2019-04-25,27.0,21.3,25.1,20.2,0.0,0.0,0.0,31.1,Dubai
2019-04-26,27.0,19.2,27.6,19.7,0.0,0.0,3.0,25.4,Dubai
2019-04-27,28.3,20.8,28.3,20.9,0.0,0.0,3.0,25.7,Dubai
2019-04-28,30.3,19.9,29.8,20.5,0.0,0.0,3.0,27.7,Dubai
2019-04-29,30.0,23.5,30.1,24.7,0.0,0.0,0.0,29.2,Dubai
2019-04-30,30.5,23.1,30.7,24.2,0.0,0.0,0.0,26.6,Dubai
2019-05-01,29.7,23.5,31.3,23.9,0.0,0.0,0.0,25.7,Dubai
2019-05-02,31.3,20.6,32.2,21.8,0.0,0.0,0.0,22.0,Dubai
2019-05-03,33.5,21.0,36.1,21.2,0.0,0.0,0.0,20.3,Dubai
2019-05-04,33.4,20.7,35.9,23.2,0.0,0.0,3.0,24.6,Dubai
2019-05-05,35.9,24.2,36.4,26.9,0.0,0.0,3.0,20.6,Dubai
2019-05-06,32.7,24.0,34.2,24.9,0.0,0.0,0.0,25.6,Dubai
2019-05-07,31.8,24.6,33.4,25.4,0.0,0.0,0.0,23.1,Dubai
2019-05-08,33.2,23.2,33.8,22.8,0.0,0.0,0.0,20.3,Dubai
2019-05-09,34.9,21.5,36.9,24.3,0.0,0.0,0.0,28.2,Dubai
2019-05-10,34.2,23.8,35.7,24.4,0.0,0.0,2.0,22.6,Dubai
2019-05-11,34.8,25.4,37.1,27.0,0.0,0.0,0.0,23.9,Dubai
2019-05-12,34.0,25.6,35.1,28.1,0.0,0.0,0.0,27.7,Dubai
2019-05-13,32.7,26.5,34.4,27.5,0.0,0.0,3.0,28.2,Dubai
2019-05-14,32.9,26.2,33.0,27.6,0.0,0.0,3.0,28.6,Dubai
2019-05-15,34.4,23.8,34.4,23.1,0.0,0.0,0.0,21.6,Dubai
2019-05-16,33.7,23.4,35.6,23.2,0.0,0.0,0.0,21.0,Dubai
2019-05-17,37.9,25.8,38.5,26.1,0.0,0.0,3.0,28.2,Dubai
2019-05-18,35.1,26.8,36.0,28.3,0.0,0.0,3.0,23.0,Dubai
2019-05-19,36.4,28.8,37.2,29.0,0.0,0.0,3.0,26.0,Dubai
2019-05-20,36.9,27.6,39.0,30.0,0.0,0.0,1.0,23.4,Dubai
2019-05-21,32.8,27.0,36.4,30.4,0.0,0.0,3.0,24.2,Dubai
2019-05-22,32.9,25.2,33.2,29.0,0.0,0.0,3.0,32.2,Dubai
2019-05-23,32.7,26.0,34.1,29.0,0.0,0.0,2.0,30.6,Dubai
2019-05-24,34.3,24.4,35.3,25.1,0.0,0.0,3.0,22.4,Dubai
2019-05-25,36.7,23.4,38.2,24.9,0.0,0.0,0.0,22.3,Dubai
2019-05-26,39.9,24.3,39.6,25.2,0.0,0.0,3.0,26.7,Dubai
2019-05-27,40.8,25.6,41.3,25.4,0.0,0.0,3.0,24.5,Dubai
2019-05-28,40.3,27.7,38.7,31.2,0.0,0.0,3.0,22.0,Dubai
2019-05-29,38.7,26.5,38.2,27.8,0.0,0.0,0.0,25.6,Dubai
2019-05-30,37.4,25.6,38.3,26.1,0.0,0.0,0.0,23.1,Dubai
2019-05-31,36.7,26.6,38.3,26.3,0.0,0.0,0.0,23.1,Dubai
2019-06-01,36.2,27.0,37.8,29.0,0.0,0.0,3.0,24.5,Dubai
2019-06-02,35.9,26.3,37.5,28.7,0.0,0.0,3.0,18.7,Dubai
2019-06-03,36.5,24.8,38.8,24.5,0.0,0.0,3.0,23.2,Dubai
2019-06-04,42.8,28.4,43.1,26.6,0.0,0.0,3.0,28.8,Dubai
2019-06-05,41.0,28.0,40.8,27.4,0.0,0.0,3.0,22.8,Dubai
2019-06-06,41.5,26.9,41.1,28.2,0.0,0.0,2.0,27.2,Dubai
2019-06-07,38.9,26.5,38.9,29.0,0.0,0.0,0.0,26.9,Dubai
2019-06-08,38.2,27.1,39.8,27.4,0.0,0.0,0.0,19.0,Dubai
2019-06-09,36.6,27.0,40.1,29.9,0.0,0.0,0.0,19.8,Dubai
2019-06-10,36.5,26.7,40.4,31.3,0.0,0.0,0.0,21.0,Dubai
2019-06-11,38.7,27.8,42.5,32.3,0.0,0.0,1.0,21.7,Dubai
2019-06-12,46.2,29.3,44.9,31.3,0.0,0.0,0.0,27.1,Dubai
2019-06-13,42.8,29.8,43.1,27.7,0.0,0.0,0.0,22.6,Dubai
2019-06-14,41.7,28.5,42.0,32.2,0.0,0.0,3.0,27.0,Dubai
2019-06-15,39.3,27.7,42.9,34.8,0.0,0.0,3.0,20.5,Dubai
2019-06-16,39.5,27.1,43.6,32.9,0.0,0.0,3.0,18.9,Dubai
2019-06-17,38.8,27.8,42.8,31.0,0.0,0.0,3.0,21.3,Dubai
2019-06-18,37.4,28.0,43.2,33.9,0.0,0.0,0.0,18.5,Dubai
2019-06-19,38.2,31.7,42.8,35.7,0.0,0.0,0.0,24.0,Dubai
2019-06-20,42.6,29.2,47.2,32.3,0.0,0.0,1.0,21.1,Dubai
2019-06-21,39.4,30.6,45.1,36.8,0.0,0.0,1.0,22.9,Dubai
2019-06-22,38.1,31.3,45.1,39.2,0.0,0.0,1.0,24.4,Dubai
2019-06-23,39.3,31.3,43.3,38.9,0.0,0.0,3.0,21.7,Dubai
2019-06-24,38.6,31.4,42.2,36.7,0.0,0.0,1.0,24.8,Dubai
2019-06-25,41.1,29.7,43.9,32.0,0.0,0.0,1.0,24.1,Dubai
2019-06-26,41.1,31.6,43.9,35.1,0.0,0.0,0.0,24.0,Dubai
2019-06-27,40.9,30.7,43.3,35.0,0.0,0.0,1.0,29.5,Dubai
2019-06-28,40.6,29.3,42.8,34.4,0.0,0.0,0.0,21.9,Dubai
2019-06-29,42.0,29.4,40.7,28.1,0.0,0.0,0.0,22.3,Dubai
2019-06-30,39.9,28.5,41.2,29.0,0.0,0.0,0.0,27.1,Dubai
2019-07-01,38.8,29.8,42.0,34.0,0.0,0.0,0.0,25.1,Dubai
2019-07-02,37.7,29.8,42.4,34.7,0.0,0.0,0.0,21.2,Dubai
2019-07-03,39.4,28.7,42.5,31.7,0.0,0.0,0.0,22.1,Dubai
2019-07-04,41.1,30.7,44.6,35.6,0.0,0.0,1.0,25.1,Dubai
2019-07-05,40.0,30.1,44.7,37.1,0.0,0.0,1.0,22.7,Dubai
2019-07-06,39.8,29.4,44.8,35.9,0.0,0.0,2.0,20.6,Dubai
2019-07-07,39.2,30.6,42.8,37.0,0.0,0.0,2.0,25.2,Dubai
2019-07-08,37.7,28.9,43.1,34.0,0.0,0.0,0.0,20.8,Dubai
2019-07-09,37.8,30.2,43.1,36.0,0.0,0.0,3.0,23.1,Dubai
2019-07-10,37.4,32.6,41.3,36.2,0.0,0.0,3.0,31.3,Dubai
2019-07-11,38.5,28.5,40.9,28.9,0.0,0.0,3.0,18.9,Dubai
2019-07-12,37.9,29.5,42.7,31.8,0.0,0.0,3.0,21.6,Dubai
2019-07-13,38.9,29.9,42.9,37.5,0.0,0.0,1.0,20.4,Dubai
2019-07-14,39.9,30.9,41.7,34.1,0.0,0.0,2.0,28.6,Dubai
2019-07-15,37.4,30.1,40.9,36.5,0.0,0.0,0.0,27.0,Dubai
2019-07-16,38.6,29.9,41.3,33.5,0.0,0.0,0.0,28.4,Dubai
2019-07-17,37.5,30.0,44.4,33.9,0.0,0.0,1.0,18.6,Dubai
2019-07-18,36.9,31.1,44.7,38.6,0.0,0.0,1.0,22.8,Dubai
2019-07-19,40.2,32.0,46.4,39.6,0.0,0.0,1.0,27.3,Dubai
2019-07-20,43.2,31.5,46.7,35.4,0.0,0.0,0.0,29.6,Dubai
2019-07-21,41.0,31.1,45.0,35.4,0.0,0.0,0.0,23.2,Dubai
2019-07-22,40.1,33.1,44.9,39.1,0.0,0.0,3.0,20.9,Dubai
2019-07-23,42.6,32.1,47.3,35.5,0.0,0.0,1.0,28.2,Dubai
2019-07-24,40.6,32.2,46.4,34.3,0.0,0.0,2.0,26.6,Dubai
2019-07-25,39.3,32.6,42.9,34.2,0.0,0.0,2.0,29.5,Dubai
2019-07-26,40.4,31.8,43.4,34.6,0.0,0.0,0.0,30.1,Dubai
2019-07-27,42.2,29.5,42.1,34.6,0.0,0.0,0.0,34.3,Dubai
2019-07-28,43.0,31.0,45.3,33.5,0.0,0.0,0.0,30.1,Dubai
2019-07-29,41.5,33.5,44.0,37.3,0.0,0.0,3.0,27.8,Dubai
2019-07-30,42.1,31.8,43.9,34.5,0.0,0.0,3.0,28.6,Dubai
2019-07-31,41.9,33.5,43.3,36.2,0.0,0.0,3.0,28.2,Dubai
2019-08-01,40.9,32.2,42.7,35.6,0.0,0.0,3.0,28.6,Dubai
2019-08-02,38.1,30.0,41.9,37.5,0.0,0.0,2.0,21.3,Dubai
2019-08-03,39.7,31.0,41.6,31.7,0.0,0.0,3.0,13.4,Dubai
2019-08-04,39.7,29.9,42.7,34.4,0.0,0.0,3.0,24.3,Dubai
2019-08-05,38.1,30.0,42.2,37.3,0.0,0.0,2.0,25.8,Dubai
2019-08-06,38.3,30.9,42.4,35.2,0.0,0.0,2.0,28.1,Dubai
2019-08-07,38.1,30.0,42.3,33.5,0.0,0.0,3.0,23.1,Dubai
2019-08-08,38.8,31.2,44.6,37.5,0.0,0.0,3.0,20.2,Dubai
2019-08-09,45.5,31.5,46.2,37.2,0.0,0.0,3.0,30.3,Dubai
2019-08-10,42.7,32.4,47.1,34.2,0.0,0.0,3.0,22.6,Dubai
2019-08-11,37.5,30.9,43.3,39.1,0.0,0.0,3.0,22.5,Dubai
2019-08-12,38.8,29.7,43.4,36.7,0.0,0.0,3.0,21.5,Dubai
2019-08-13,39.2,33.2,45.2,37.9,0.0,0.0,3.0,22.9,Dubai
2019-08-14,41.6,33.3,46.2,38.4,0.0,0.0,2.0,24.5,Dubai
2019-08-15,45.4,32.6,45.1,35.3,0.0,0.0,2.0,23.5,Dubai
2019-08-16,43.1,31.5,45.2,31.0,0.0,0.0,0.0,25.5,Dubai
2019-08-17,41.4,31.0,43.6,37.4,0.0,0.0,0.0,23.7,Dubai
2019-08-18,40.1,31.7,43.9,32.2,0.0,0.0,1.0,23.3,Dubai
2019-08-19,42.0,31.2,45.2,32.9,0.0,0.0,0.0,22.9,Dubai
2019-08-20,40.7,29.4,43.3,31.1,0.0,0.0,0.0,22.7,Dubai
2019-08-21,38.6,29.0,41.1,33.4,0.0,0.0,0.0,25.3,Dubai
2019-08-22,37.1,29.7,42.8,36.1,0.0,0.0,0.0,22.1,Dubai
2019-08-23,41.6,31.1,43.4,33.9,0.0,0.0,1.0,25.6,Dubai
2019-08-24,41.8,30.5,42.1,33.1,0.0,0.0,0.0,23.8,Dubai
2019-08-25,39.8,29.1,41.7,29.8,0.0,0.0,0.0,21.1,Dubai
2019-08-26,39.4,27.7,42.5,32.6,0.0,0.0,0.0,24.3,Dubai
2019-08-27,41.5,28.2,43.1,35.4,0.0,0.0,3.0,23.9,Dubai
2019-08-28,42.8,27.8,43.3,29.1,0.0,0.0,0.0,27.2,Dubai
2019-08-29,42.8,27.5,42.8,28.8,0.0,0.0,2.0,25.6,Dubai
2019-08-30,39.5,27.4,42.6,29.5,0.0,0.0,3.0,21.8,Dubai
2019-08-31,38.0,26.6,43.6,30.8,0.0,0.0,3.0,18.2,Dubai
2019-09-01,39.3,29.4,43.8,32.9,0.0,0.0,3.0,19.3,Dubai
2019-09-02,42.5,30.2,42.8,28.8,0.0,0.0,2.0,27.6,Dubai
2019-09-03,41.5,28.2,43.2,27.6,0.0,0.0,3.0,19.6,Dubai
2019-09-04,40.0,29.2,41.3,31.3,0.0,0.0,3.0,22.3,Dubai
2019-09-05,38.7,28.1,44.2,35.3,0.0,0.0,3.0,20.5,Dubai
2019-09-06,40.1,27.8,44.4,34.3,0.0,0.0,3.0,21.9,Dubai
2019-09-07,38.7,28.9,42.4,36.4,0.0,0.0,3.0,20.6,Dubai
2019-09-08,37.4,29.2,44.1,36.5,0.0,0.0,2.0,18.9,Dubai
2019-09-09,36.7,29.1,42.6,35.2,0.0,0.0,3.0,17.9,Dubai
2019-09-10,37.9,30.2,43.4,35.6,0.0,0.0,3.0,22.7,Dubai
2019-09-11,37.1,29.0,43.9,36.3,0.0,0.0,2.0,21.9,Dubai
2019-09-12,37.3,28.3,42.3,35.4,0.0,0.0,2.0,19.3,Dubai
2019-09-13,35.9,28.7,42.5,35.7,0.0,0.0,3.0,18.8,Dubai
2019-09-14,37.0,28.4,43.2,35.7,0.0,0.0,3.0,20.2,Dubai
2019-09-15,37.8,27.2,42.1,33.6,0.0,0.0,3.0,21.9,Dubai
2019-09-16,39.0,29.4,42.4,32.0,0.0,0.0,3.0,25.1,Dubai
2019-09-17,38.6,28.8,41.7,34.7,0.0,0.0,3.0,26.0,Dubai
2019-09-18,39.1,28.8,43.8,36.7,0.0,0.0,3.0,24.4,Dubai
2019-09-19,40.9,27.1,42.8,28.6,0.0,0.0,0.0,21.6,Dubai
2019-09-20,39.5,27.4,39.1,25.9,0.0,0.0,0.0,30.3,Dubai
2019-09-21,36.0,27.3,41.5,33.3,0.0,0.0,0.0,22.4,Dubai
2019-09-22,36.7,27.2,40.3,33.2,0.0,0.0,0.0,19.2,Dubai
2019-09-23,36.7,25.5,40.6,30.8,0.0,0.0,0.0,19.5,Dubai
2019-09-24,40.5,28.1,43.9,31.1,0.0,0.0,2.0,27.4,Dubai
2019-09-25,36.0,28.6,40.4,31.6,0.0,0.0,3.0,23.0,Dubai
2019-09-26,36.7,29.1,40.0,31.6,0.0,0.0,2.0,23.5,Dubai
2019-09-27,37.9,28.8,41.0,34.3,0.0,0.0,1.0,24.4,Dubai
2019-09-28,35.8,28.5,40.6,36.0,0.0,0.0,1.0,20.8,Dubai
2019-09-29,36.8,28.3,41.5,35.0,0.0,0.0,1.0,22.3,Dubai
2019-09-30,36.4,27.8,40.7,34.1,0.0,0.0,0.0,21.5,Dubai
2019-10-01,35.8,27.6,40.3,33.7,0.0,0.0,0.0,20.9,Dubai
2019-10-02,36.5,25.3,39.4,29.4,0.0,0.0,0.0,22.1,Dubai
2019-10-03,36.1,26.5,38.6,28.7,0.0,0.0,1.0,22.3,Dubai
2019-10-04,40.2,29.7,40.9,32.8,0.0,0.0,0.0,27.3,Dubai
2019-10-05,38.0,28.1,38.8,31.1,0.0,0.0,0.0,26.5,Dubai
2019-10-06,37.1,26.5,37.7,30.9,0.0,0.0,1.0,28.2,Dubai
2019-10-07,36.3,28.3,39.4,31.3,0.5,0.5,53.0,23.0,Dubai
2019-10-08,34.7,27.2,38.0,30.3,0.0,0.0,1.0,21.5,Dubai
2019-10-09,33.9,26.7,38.4,32.3,0.0,0.0,0.0,17.1,Dubai
2019-10-10,34.1,28.3,39.6,35.0,0.0,0.0,1.0,20.1,Dubai
2019-10-11,34.1,27.4,40.1,34.5,0.0,0.0,1.0,22.3,Dubai
2019-10-12,38.7,26.3,38.7,29.6,0.0,0.0,1.0,27.0,Dubai
2019-10-13,37.4,25.0,38.5,27.1,0.0,0.0,1.0,22.2,Dubai
2019-10-14,34.6,25.6,36.2,27.7,0.0,0.0,0.0,19.5,Dubai
2019-10-15,34.6,24.4,37.2,25.1,0.0,0.0,1.0,21.9,Dubai
2019-10-16,34.9,22.8,35.3,25.8,0.0,0.0,0.0,21.8,Dubai
2019-10-17,34.1,24.3,37.8,28.4,0.0,0.0,0.0,19.1,Dubai
2019-10-18,33.8,24.8,37.9,29.5,0.0,0.0,3.0,25.0,Dubai
2019-10-19,34.1,24.5,37.6,29.0,0.0,0.0,2.0,22.2,Dubai
2019-10-20,33.4,23.9,37.4,28.2,0.0,0.0,3.0,18.8,Dubai
2019-10-21,31.8,23.7,35.7,27.7,0.0,0.0,0.0,22.2,Dubai
2019-10-22,32.8,24.5,37.4,28.3,0.0,0.0,0.0,21.4,Dubai
2019-10-23,34.4,25.2,37.7,30.1,0.0,0.0,0.0,25.3,Dubai
2019-10-24,33.6,24.1,37.9,28.9,0.0,0.0,3.0,20.8,Dubai
2019-10-25,34.7,23.8,35.2,27.3,0.0,0.0,2.0,17.9,Dubai
2019-10-26,36.2,23.5,35.0,27.2,0.0,0.0,3.0,22.2,Dubai
2019-10-27,34.6,21.1,34.6,21.6,0.0,0.0,0.0,24.5,Dubai
2019-10-28,33.6,22.5,33.8,23.0,0.0,0.0,0.0,17.6,Dubai
2019-10-29,37.9,24.6,36.3,22.4,0.0,0.0,3.0,25.5,Dubai
2019-10-30,37.7,23.3,36.9,22.7,0.0,0.0,0.0,25.3,Dubai
2019-10-31,35.8,24.3,37.1,26.1,0.0,0.0,1.0,21.5,Dubai
2019-11-01,31.9,25.5,35.8,28.8,0.0,0.0,1.0,26.0,Dubai
2019-11-02,30.9,25.8,31.0,27.5,0.0,0.0,0.0,23.1,Dubai
2019-11-03,32.3,20.9,33.2,21.5,0.0,0.0,3.0,20.2,Dubai
2019-11-04,33.1,21.8,33.4,23.6,0.0,0.0,3.0,22.7,Dubai
2019-11-05,30.7,22.7,33.5,25.6,0.0,0.0,0.0,17.6,Dubai
2019-11-06,32.6,22.4,34.7,24.7,0.0,0.0,1.0,22.0,Dubai
2019-11-07,33.1,22.5,33.8,21.5,0.0,0.0,3.0,24.1,Dubai
2019-11-08,32.0,21.0,32.7,18.6,0.0,0.0,3.0,21.6,Dubai
2019-11-09,30.7,21.6,31.6,21.9,0.0,0.0,3.0,16.1,Dubai
2019-11-10,28.7,22.3,29.6,22.8,3.3,3.3,61.0,28.1,Dubai
2019-11-11,29.4,19.0,27.6,19.6,0.0,0.0,0.0,27.7,Dubai
2019-11-12,30.0,16.6,26.9,14.2,0.0,0.0,0.0,21.9,Dubai
2019-11-13,29.2,16.7,26.7,14.1,0.0,0.0,1.0,24.6,Dubai
2019-11-14,28.6,15.7,27.0,13.9,0.0,0.0,0.0,19.3,Dubai
2019-11-15,28.2,16.4,26.7,13.6,0.0,0.0,3.0,23.6,Dubai
2019-11-16,28.3,21.0,26.8,19.6,0.1,0.1,51.0,18.1,Dubai
2019-11-17,30.7,19.7,29.4,18.8,0.0,0.0,3.0,26.3,Dubai
2019-11-18,30.0,20.9,30.2,20.6,0.0,0.0,2.0,20.1,Dubai
2019-11-19,30.5,20.8,29.5,21.7,0.0,0.0,3.0,27.6,Dubai
2019-11-20,25.2,21.8,26.4,22.7,11.2,11.2,61.0,28.2,Dubai
2019-11-21,24.2,21.2,22.1,19.2,2.1,2.1,53.0,29.7,Dubai
2019-11-22,24.2,16.2,24.6,14.9,0.0,0.0,1.0,21.7,Dubai
2019-11-23,25.0,15.0,24.1,14.2,0.0,0.0,3.0,21.4,Dubai
2019-11-24,26.0,15.6,25.1,14.7,0.0,0.0,0.0,24.6,Dubai
2019-11-25,25.8,16.4,25.9,15.8,0.0,0.0,3.0,21.0,Dubai
2019-11-26,26.8,16.3,26.1,15.9,0.0,0.0,2.0,21.3,Dubai
2019-11-27,26.8,15.3,25.8,15.1,0.0,0.0,3.0,20.5,Dubai
2019-11-28,28.7,16.5,28.1,15.6,0.0,0.0,2.0,26.6,Dubai
2019-11-29,27.0,15.5,26.9,15.2,0.0,0.0,2.0,17.6,Dubai
2019-11-30,27.1,17.3,27.6,17.8,0.0,0.0,0.0,14.1,Dubai
2019-12-01,27.7,17.3,28.9,17.4,0.0,0.0,0.0,17.3,Dubai
2019-12-02,27.3,16.2,26.6,15.8,0.0,0.0,0.0,15.0,Dubai
2019-12-03,27.2,16.6,26.6,17.1,0.0,0.0,0.0,19.8,Dubai
2019-12-04,25.3,16.5,26.0,16.8,0.1,0.1,51.0,16.6,Dubai
2019-12-05,25.7,18.5,25.8,19.5,0.0,0.0,1.0,18.3,Dubai
2019-12-06,27.7,17.5,27.7,17.2,0.0,0.0,2.0,29.1,Dubai
2019-12-07,28.1,19.2,26.9,18.9,0.6,0.6,51.0,25.8,Dubai
2019-12-08,26.1,20.1,26.3,20.1,0.1,0.1,51.0,15.7,Dubai
2019-12-09,26.7,18.8,28.0,20.0,0.0,0.0,1.0,20.4,Dubai
2019-12-10,25.6,20.2,28.0,21.9,2.0,2.0,55.0,20.9,Dubai
2019-12-11,24.6,21.2,25.4,20.2,5.6,5.6,63.0,29.3,Dubai
2019-12-12,24.7,18.0,23.5,18.1,0.0,0.0,3.0,25.7,Dubai
2019-12-13,25.2,15.6,26.8,15.0,0.1,0.1,51.0,14.8,Dubai
2019-12-14,25.3,18.2,26.5,19.0,0.0,0.0,3.0,10.8,Dubai
2019-12-15,25.2,16.8,26.4,17.3,0.1,0.1,51.0,18.8,Dubai
2019-12-16,25.9,19.6,27.1,21.0,0.7,0.7,51.0,25.3,Dubai
2019-12-17,27.5,22.1,27.7,21.5,0.0,0.0,3.0,23.9,Dubai
2019-12-18,25.8,20.3,25.2,21.0,0.4,0.4,51.0,24.2,Dubai
2019-12-19,24.1,20.8,22.5,19.0,1.1,1.1,51.0,23.9,Dubai
2019-12-20,24.1,17.4,22.6,16.7,0.0,0.0,1.0,35.1,Dubai
2019-12-21,24.3,14.2,22.1,11.3,0.0,0.0,0.0,28.7,Dubai
2019-12-22,25.1,13.1,23.2,9.8,0.0,0.0,0.0,25.2,Dubai
2019-12-23,24.2,12.6,22.4,10.2,0.0,0.0,3.0,17.6,Dubai
2019-12-24,24.1,12.3,22.7,10.8,0.0,0.0,3.0,18.9,Dubai
2019-12-25,25.1,11.6,23.3,10.0,0.0,0.0,0.0,24.0,Dubai
2019-12-26,24.8,12.2,23.1,11.0,0.0,0.0,0.0,14.1,Dubai
2019-12-27,23.9,14.8,22.8,13.5,0.0,0.0,2.0,15.8,Dubai
2019-12-28,23.8,14.4,23.7,14.1,0.0,0.0,0.0,12.8,Dubai
2019-12-29,24.6,14.3,24.5,13.4,0.0,0.0,0.0,18.1,Dubai
2019-12-30,24.6,16.9,25.3,16.8,0.0,0.0,2.0,16.0,Dubai
2019-12-31,25.1,15.2,24.6,14.5,0.0,0.0,2.0,21.7,Dubai
2020-01-01,25.1,16.3,22.2,15.5,0.0,0.0,3.0,21.5,Dubai
2020-01-02,24.7,17.7,24.8,17.5,0.0,0.0,3.0,17.0,Dubai
2020-01-03,26.1,16.4,25.7,16.8,0.0,0.0,2.0,12.1,Dubai
2020-01-04,28.6,16.2,25.6,13.9,0.0,0.0,0.0,22.1,Dubai
2020-01-05,27.3,19.5,24.9,16.7,1.0,1.0,53.0,31.0,Dubai
2020-01-06,23.6,19.3,21.2,17.1,3.5,3.5,53.0,27.4,Dubai
2020-01-07,23.5,14.0,22.0,12.6,0.0,0.0,0.0,18.0,Dubai
2020-01-08,26.9,13.4,23.8,10.9,0.0,0.0,0.0,22.7,Dubai
2020-01-09,25.9,14.7,23.3,12.4,4.7,4.7,61.0,20.3,Dubai
2020-01-10,20.6,18.3,20.9,16.2,20.9,20.9,63.0,29.0,Dubai
2020-01-11,21.1,17.4,20.3,12.9,70.8,70.8,65.0,40.0,Dubai
2020-01-12,18.7,14.6,15.0,9.3,8.1,8.1,61.0,42.5,Dubai
2020-01-13,20.7,14.9,18.1,12.8,0.0,0.0,3.0,25.5,Dubai
2020-01-14,20.0,15.2,16.0,11.9,1.1,1.1,53.0,29.6,Dubai
2020-01-15,19.4,13.2,16.4,11.5,3.1,3.1,53.0,27.6,Dubai
2020-01-16,20.4,12.1,19.8,10.2,0.0,0.0,0.0,12.7,Dubai
2020-01-17,21.8,11.7,20.7,9.5,0.0,0.0,0.0,16.9,Dubai
2020-01-18,22.9,13.0,22.8,10.6,0.0,0.0,3.0,15.7,Dubai
2020-01-19,23.5,13.0,22.6,11.4,0.0,0.0,3.0,14.4,Dubai
2020-01-20,23.6,13.8,22.6,12.5,0.0,0.0,0.0,22.5,Dubai
2020-01-21,21.8,15.0,21.1,13.8,0.0,0.0,0.0,17.3,Dubai
2020-01-22,25.4,11.7,24.2,10.3,0.0,0.0,0.0,18.4,Dubai
2020-01-23,25.6,17.2,23.4,15.9,0.2,0.2,51.0,28.2,Dubai
2020-01-24,20.5,16.7,18.8,15.9,3.8,3.8,61.0,24.5,Dubai
2020-01-25,20.8,15.0,20.4,14.2,0.0,0.0,0.0,16.1,Dubai
2020-01-26,19.3,16.4,15.4,11.0,0.6,0.6,51.0,41.5,Dubai
2020-01-27,20.7,16.9,18.1,13.5,0.0,0.0,1.0,29.7,Dubai
2020-01-28,21.5,13.5,20.7,11.3,0.0,0.0,1.0,15.5,Dubai
2020-01-29,21.4,11.6,20.7,9.6,0.0,0.0,3.0,19.8,Dubai
2020-01-30,20.9,12.5,19.6,11.3,0.0,0.0,1.0,20.5,Dubai
2020-01-31,20.9,12.9,21.1,11.9,0.0,0.0,1.0,17.7,Dubai
2020-02-01,21.5,12.3,20.9,11.3,0.0,0.0,3.0,19.0,Dubai
2020-02-02,22.4,13.4,20.2,11.8,0.0,0.0,3.0,22.0,Dubai
2020-02-03,21.6,17.5,16.6,14.0,0.0,0.0,3.0,38.3,Dubai
2020-02-04,21.9,13.8,21.3,11.4,0.0,0.0,0.0,19.6,Dubai
2020-02-05,21.6,11.8,21.0,10.1,0.0,0.0,0.0,16.1,Dubai
2020-02-06,23.2,13.4,24.1,12.4,0.0,0.0,1.0,17.4,Dubai
2020-02-07,22.9,16.3,23.9,16.7,0.0,0.0,3.0,17.0,Dubai
2020-02-08,27.2,12.8,27.2,12.3,0.0,0.0,3.0,19.9,Dubai
2020-02-09,29.1,17.8,26.6,15.9,0.0,0.0,0.0,26.7,Dubai
2020-02-10,25.8,19.5,23.8,18.2,0.4,0.4,51.0,28.6,Dubai
2020-02-11,22.7,19.3,22.6,13.9,0.0,0.0,3.0,33.4,Dubai
2020-02-12,19.7,16.1,15.1,11.0,0.0,0.0,3.0,39.5,Dubai
2020-02-13,20.8,13.4,19.2,10.2,0.0,0.0,2.0,30.5,Dubai
2020-02-14,21.6,11.5,20.6,9.5,0.0,0.0,0.0,17.0,Dubai
2020-02-15,22.2,12.6,22.7,10.8,0.0,0.0,0.0,16.7,Dubai
2020-02-16,25.7,13.0,25.5,12.6,0.0,0.0,3.0,27.0,Dubai
2020-02-17,30.3,16.4,28.1,13.2,0.0,0.0,3.0,20.2,Dubai
2020-02-18,26.3,15.8,26.0,12.0,0.0,0.0,3.0,16.2,Dubai
2020-02-19,26.9,16.9,27.0,15.5,0.0,0.0,3.0,16.9,Dubai
2020-02-20,29.3,14.8,26.8,11.4,0.0,0.0,3.0,22.6,Dubai
2020-02-21,25.7,17.0,26.7,15.5,0.0,0.0,3.0,19.0,Dubai
2020-02-22,27.9,18.9,28.9,21.0,0.0,0.0,2.0,18.5,Dubai
2020-02-23,27.5,19.9,29.5,20.7,0.0,0.0,3.0,18.5,Dubai
2020-02-24,28.6,18.6,28.8,18.9,0.0,0.0,3.0,21.7,Dubai
2020-02-25,30.7,18.6,32.6,18.0,0.0,0.0,3.0,20.9,Dubai
2020-02-26,29.6,20.6,25.6,19.4,0.0,0.0,1.0,36.9,Dubai
2020-02-27,23.2,19.8,20.0,16.5,0.0,0.0,2.0,34.7,Dubai
2020-02-28,23.3,18.0,23.8,17.8,0.0,0.0,2.0,19.5,Dubai
2020-02-29,24.6,16.9,26.6,17.7,0.0,0.0,3.0,24.8,Dubai
2020-03-01,24.3,16.1,26.3,16.6,0.0,0.0,3.0,19.6,Dubai
2020-03-02,27.5,16.5,27.1,16.7,0.0,0.0,1.0,20.6,Dubai
2020-03-03,23.5,17.6,21.9,16.8,0.0,0.0,0.0,32.0,Dubai
2020-03-04,22.9,18.7,19.3,16.1,0.0,0.0,2.0,35.1,Dubai
2020-03-05,23.9,17.1,24.8,16.6,0.0,0.0,3.0,21.9,Dubai
2020-03-06,26.1,15.7,27.2,15.8,0.0,0.0,0.0,26.7,Dubai
2020-03-07,27.9,16.1,27.9,16.6,0.0,0.0,0.0,25.9,Dubai
2020-03-08,29.1,16.2,27.5,13.6,0.0,0.0,0.0,24.9,Dubai
2020-03-09,24.2,17.8,24.3,19.0,0.1,0.1,51.0,20.3,Dubai
2020-03-10,25.7,17.5,24.4,16.4,0.0,0.0,1.0,30.4,Dubai
2020-03-11,25.9,14.0,25.2,11.8,0.0,0.0,0.0,22.5,Dubai
2020-03-12,24.7,14.6,24.2,14.2,0.0,0.0,3.0,19.6,Dubai
2020-03-13,28.0,14.6,27.2,13.7,0.0,0.0,3.0,21.5,Dubai
2020-03-14,30.8,17.4,27.2,13.1,0.0,0.0,3.0,20.5,Dubai
2020-03-15,30.9,21.2,27.9,18.4,0.0,0.0,3.0,25.1,Dubai
2020-03-16,29.7,19.7,28.7,17.1,0.0,0.0,2.0,23.8,Dubai
2020-03-17,28.8,19.9,30.4,19.8,0.0,0.0,1.0,20.1,Dubai
2020-03-18,30.7,20.7,30.4,20.4,0.0,0.0,3.0,23.4,Dubai
2020-03-19,31.1,21.8,30.5,21.1,0.0,0.0,3.0,34.6,Dubai
2020-03-20,31.0,21.4,32.6,23.9,0.0,0.0,3.0,18.9,Dubai
2020-03-21,29.2,22.4,29.7,21.5,5.2,5.2,61.0,31.2,Dubai
2020-03-22,30.1,21.5,30.1,20.3,14.3,14.3,63.0,39.8,Dubai
2020-03-23,23.1,19.5,19.7,15.4,0.0,0.0,2.0,35.4,Dubai
2020-03-24,23.4,18.9,19.2,15.9,0.0,0.0,3.0,34.8,Dubai
2020-03-25,23.9,17.7,23.6,17.6,0.0,0.0,3.0,20.8,Dubai
2020-03-26,27.0,16.9,27.8,17.0,0.0,0.0,3.0,23.9,Dubai
2020-03-27,31.5,18.5,30.3,17.7,0.0,0.0,3.0,27.0,Dubai
2020-03-28,33.8,20.7,31.1,18.5,0.0,0.0,3.0,28.9,Dubai
2020-03-29,33.5,24.9,30.1,22.6,0.3,0.3,51.0,32.1,Dubai
2020-03-30,27.0,21.3,26.8,20.6,1.2,1.2,53.0,45.8,Dubai
2020-03-31,26.0,18.3,24.9,17.1,0.0,0.0,0.0,28.4,Dubai
2020-04-01,27.5,19.0,28.9,18.4,0.0,0.0,0.0,19.6,Dubai
2020-04-02,29.0,18.5,31.3,20.0,0.0,0.0,3.0,19.2,Dubai
2020-04-03,34.9,19.8,35.2,21.5,0.0,0.0,2.0,24.0,Dubai
2020-04-04,35.4,22.2,34.6,19.3,0.0,0.0,3.0,25.3,Dubai
2020-04-05,32.3,22.7,31.4,23.0,0.0,0.0,3.0,26.4,Dubai
2020-04-06,28.7,21.2,29.1,21.9,0.0,0.0,3.0,24.1,Dubai
2020-04-07,29.5,18.3,30.7,18.2,0.0,0.0,3.0,22.2,Dubai
2020-04-08,32.5,19.5,32.2,20.8,0.0,0.0,0.0,17.9,Dubai
2020-04-09,36.5,22.3,35.1,20.4,0.0,0.0,0.0,23.0,Dubai
2020-04-10,39.9,25.5,36.4,23.2,0.0,0.0,3.0,35.3,Dubai
2020-04-11,38.3,28.6,35.4,25.1,0.0,0.0,3.0,33.4,Dubai
2020-04-12,36.3,26.6,33.8,25.3,0.0,0.0,3.0,29.8,Dubai
2020-04-13,31.7,25.6,30.3,25.4,1.2,1.2,53.0,29.4,Dubai
2020-04-14,28.6,23.8,29.8,23.6,0.8,0.8,53.0,31.7,Dubai
2020-04-15,31.2,21.8,33.0,21.4,2.9,2.9,53.0,27.5,Dubai
2020-04-16,26.4,21.5,28.8,22.5,3.8,3.8,61.0,22.5,Dubai
2020-04-17,26.2,20.8,29.3,23.3,0.0,0.0,1.0,18.9,Dubai
2020-04-18,28.4,18.7,30.6,20.3,0.0,0.0,3.0,24.8,Dubai
2020-04-19,34.7,20.7,35.1,22.4,0.0,0.0,3.0,25.7,Dubai
2020-04-20,34.4,25.3,33.4,25.2,0.1,0.1,51.0,27.8,Dubai
2020-04-21,29.7,25.7,29.5,26.0,0.0,0.0,3.0,33.3,Dubai
2020-04-22,29.7,23.7,31.1,26.3,0.0,0.0,3.0,27.0,Dubai
2020-04-23,31.1,22.0,31.4,23.3,0.0,0.0,1.0,19.2,Dubai
2020-04-24,31.5,24.0,33.1,24.7,0.0,0.0,0.0,16.9,Dubai
2020-04-25,36.0,22.2,35.1,20.9,0.0,0.0,0.0,20.5,Dubai
2020-04-26,39.4,22.7,38.3,19.8,0.0,0.0,3.0,20.8,Dubai
2020-04-27,42.0,27.7,39.8,26.0,0.0,0.0,2.0,25.6,Dubai
2020-04-28,33.3,26.0,34.4,29.8,0.0,0.0,3.0,17.6,Dubai
2020-04-29,39.0,23.9,38.4,25.2,0.0,0.0,3.0,35.1,Dubai
2020-04-30,40.3,29.5,38.7,26.7,0.0,0.0,3.0,32.7,Dubai
2020-05-01,37.6,29.6,39.1,28.9,0.0,0.0,2.0,26.6,Dubai
2020-05-02,35.7,27.6,38.1,29.5,0.0,0.0,2.0,17.9,Dubai
2020-05-03,37.9,26.6,37.8,28.0,0.0,0.0,1.0,28.3,Dubai
2020-05-04,32.7,25.7,34.3,29.4,0.0,0.0,0.0,18.6,Dubai
2020-05-05,32.6,23.2,33.0,26.9,0.0,0.0,3.0,17.4,Dubai
2020-05-06,34.3,20.5,34.2,20.0,0.0,0.0,2.0,17.7,Dubai
2020-05-07,33.4,21.2,34.1,20.2,0.0,0.0,3.0,26.4,Dubai
2020-05-08,33.0,25.5,34.1,27.6,0.0,0.0,3.0,25.2,Dubai
2020-05-09,32.6,24.4,35.1,25.7,0.0,0.0,3.0,20.0,Dubai
2020-05-10,34.4,22.7,35.9,25.5,0.0,0.0,2.0,18.1,Dubai
2020-05-11,35.0,27.0,37.3,29.2,0.0,0.0,1.0,27.2,Dubai
2020-05-12,32.1,27.0,30.2,27.2,0.0,0.0,0.0,40.0,Dubai
2020-05-13,31.9,26.0,30.6,26.0,0.0,0.0,0.0,35.8,Dubai
2020-05-14,35.5,22.9,37.7,22.9,0.0,0.0,0.0,23.5,Dubai
2020-05-15,35.6,23.6,38.3,27.5,0.0,0.0,3.0,26.2,Dubai
2020-05-16,37.4,25.4,40.2,24.6,0.0,0.0,2.0,22.1,Dubai
2020-05-17,37.8,25.2,39.3,29.3,0.0,0.0,0.0,24.7,Dubai
2020-05-18,38.2,24.4,38.0,25.7,0.0,0.0,0.0,25.4,Dubai
2020-05-19,39.3,25.8,40.2,26.5,0.0,0.0,3.0,29.0,Dubai
2020-05-20,36.1,26.6,35.6,28.0,0.0,0.0,3.0,19.5,Dubai
2020-05-21,36.0,24.9,35.3,23.4,0.0,0.0,3.0,20.9,Dubai
2020-05-22,36.3,25.0,37.6,27.9,0.0,0.0,0.0,22.7,Dubai
2020-05-23,37.7,25.2,38.8,27.7,0.0,0.0,0.0,27.2,Dubai
2020-05-24,39.3,25.8,40.9,30.1,0.0,0.0,2.0,21.5,Dubai
2020-05-25,37.3,28.4,41.9,30.9,0.0,0.0,1.0,24.6,Dubai
2020-05-26,36.9,28.3,39.0,29.9,0.0,0.0,1.0,23.2,Dubai
2020-05-27,35.7,26.9,40.0,33.5,0.0,0.0,1.0,22.7,Dubai
2020-05-28,38.1,26.6,39.8,29.4,0.0,0.0,1.0,25.2,Dubai
2020-05-29,41.8,26.7,40.7,27.0,0.0,0.0,0.0,27.5,Dubai
2020-05-30,40.6,27.2,42.5,30.7,0.0,0.0,0.0,30.8,Dubai
2020-05-31,38.9,29.4,41.0,32.3,0.0,0.0,0.0,27.2,Dubai
2020-06-01,38.8,30.0,40.7,32.8,0.0,0.0,0.0,33.4,Dubai
2020-06-02,40.0,29.5,40.1,31.9,0.0,0.0,0.0,29.6,Dubai
2020-06-03,37.6,28.3,39.6,30.8,0.0,0.0,0.0,23.1,Dubai
2020-06-04,38.0,29.0,40.5,30.3,0.0,0.0,0.0,24.4,Dubai
2020-06-05,38.4,27.2,43.4,31.5,0.0,0.0,0.0,17.6,Dubai
2020-06-06,36.1,28.0,43.6,35.3,0.0,0.0,0.0,19.3,Dubai
2020-06-07,41.8,26.7,43.9,32.8,0.0,0.0,3.0,25.9,Dubai
2020-06-08,40.2,27.4,42.7,32.2,0.0,0.0,0.0,21.7,Dubai
2020-06-09,38.5,28.1,45.8,35.8,0.0,0.0,0.0,24.9,Dubai
2020-06-10,39.7,30.4,44.8,37.9,0.0,0.0,1.0,21.7,Dubai
2020-06-11,41.6,29.7,43.1,37.7,0.0,0.0,0.0,23.5,Dubai
2020-06-12,37.4,28.2,40.9,33.0,0.0,0.0,0.0,21.1,Dubai
2020-06-13,39.4,27.3,44.9,28.8,0.0,0.0,0.0,16.4,Dubai
2020-06-14,40.0,27.0,45.5,33.5,0.0,0.0,3.0,22.1,Dubai
2020-06-15,39.8,28.0,44.2,34.5,0.0,0.0,3.0,22.4,Dubai
2020-06-16,39.2,29.2,43.6,32.9,0.0,0.0,3.0,21.6,Dubai
2020-06-17,43.5,27.5,44.8,32.3,0.0,0.0,0.0,27.0,Dubai
2020-06-18,41.6,27.9,46.2,34.0,0.0,0.0,0.0,27.8,Dubai
2020-06-19,39.3,29.2,46.8,33.6,0.0,0.0,0.0,24.0,Dubai
2020-06-20,37.3,31.2,44.7,38.6,0.0,0.0,0.0,23.0,Dubai
2020-06-21,36.4,29.4,43.2,36.2,0.0,0.0,0.0,22.6,Dubai
2020-06-22,36.1,29.5,39.3,34.0,0.0,0.0,2.0,28.8,Dubai
2020-06-23,36.8,28.4,40.8,30.8,0.0,0.0,0.0,19.4,Dubai
2020-06-24,39.5,29.4,44.9,35.9,0.0,0.0,2.0,25.6,Dubai
2020-06-25,40.8,31.1,45.9,37.2,0.0,0.0,3.0,24.0,Dubai
2020-06-26,37.5,30.6,44.9,38.4,0.0,0.0,2.0,20.2,Dubai
2020-06-27,41.0,31.6,43.9,36.3,0.0,0.0,2.0,26.6,Dubai
2020-06-28,40.3,30.5,44.7,36.9,0.0,0.0,0.0,23.7,Dubai
2020-06-29,37.7,28.7,42.9,35.0,0.0,0.0,0.0,26.4,Dubai
2020-06-30,38.8,27.7,41.8,32.2,0.0,0.0,0.0,20.3,Dubai
2020-07-01,42.0,29.6,45.7,35.0,0.0,0.0,1.0,31.3,Dubai
2020-07-02,42.2,31.1,44.6,34.1,0.0,0.0,1.0,30.6,Dubai
2020-07-03,39.4,32.6,43.7,36.4,0.0,0.0,2.0,24.2,Dubai
2020-07-04,40.7,30.2,43.5,34.8,0.0,0.0,3.0,21.0,Dubai
2020-07-05,39.3,29.7,41.7,37.2,0.0,0.0,0.0,24.1,Dubai
2020-07-06,38.5,27.6,42.6,30.3,0.0,0.0,1.0,20.4,Dubai
2020-07-07,38.0,28.7,43.7,33.0,0.0,0.0,1.0,19.9,Dubai
2020-07-08,43.8,30.7,45.7,35.3,0.0,0.0,3.0,26.9,Dubai
2020-07-09,41.3,31.0,43.7,33.3,0.0,0.0,3.0,21.7,Dubai
2020-07-10,42.5,29.9,42.1,34.5,0.0,0.0,3.0,23.4,Dubai
2020-07-11,43.3,30.6,43.4,31.8,0.0,0.0,3.0,25.5,Dubai
2020-07-12,43.1,29.7,45.8,31.0,0.0,0.0,3.0,23.3,Dubai
2020-07-13,43.2,32.7,45.9,35.2,0.0,0.0,1.0,22.9,Dubai
2020-07-14,43.1,32.8,45.1,36.0,0.0,0.0,2.0,25.1,Dubai
2020-07-15,40.6,30.8,45.4,37.2,0.0,0.0,0.0,24.5,Dubai
2020-07-16,43.4,33.3,48.1,36.0,0.0,0.0,3.0,26.7,Dubai
2020-07-17,41.4,33.9,43.9,34.6,0.0,0.0,2.0,21.9,Dubai
2020-07-18,41.4,33.3,45.4,35.7,0.0,0.0,3.0,22.7,Dubai
2020-07-19,43.9,34.2,46.7,36.6,0.0,0.0,3.0,24.4,Dubai
2020-07-20,40.2,33.4,44.7,35.9,0.0,0.0,2.0,24.4,Dubai
2020-07-21,41.6,31.9,46.2,36.9,0.0,0.0,0.0,26.7,Dubai
2020-07-22,43.0,31.2,45.3,32.5,0.0,0.0,1.0,32.8,Dubai
2020-07-23,37.1,29.5,43.6,32.0,0.0,0.0,0.0,31.5,Dubai
2020-07-24,37.4,29.7,41.9,35.5,0.0,0.0,0.0,22.3,Dubai
2020-07-25,39.2,30.8,42.4,35.2,0.0,0.0,0.0,26.0,Dubai
2020-07-26,40.0,30.7,43.6,36.2,0.0,0.0,2.0,24.7,Dubai
2020-07-27,39.6,31.2,42.8,37.5,0.0,0.0,3.0,23.4,Dubai
2020-07-28,40.7,32.4,43.1,37.1,0.0,0.0,3.0,29.0,Dubai
2020-07-29,40.8,31.7,43.1,35.5,0.0,0.0,1.0,24.6,Dubai
2020-07-30,37.2,30.6,43.5,36.4,0.0,0.0,2.0,20.1,Dubai
2020-07-31,43.9,29.9,46.4,34.4,0.0,0.0,3.0,24.6,Dubai
2020-08-01,44.1,32.1,47.8,35.9,0.0,0.0,3.0,27.0,Dubai
2020-08-02,43.1,32.7,46.7,35.4,0.0,0.0,2.0,23.1,Dubai
2020-08-03,40.4,30.0,43.4,33.4,0.0,0.0,1.0,24.7,Dubai
2020-08-04,37.6,30.3,43.9,37.7,0.0,0.0,3.0,20.1,Dubai
2020-08-05,36.8,30.3,43.7,37.9,0.0,0.0,3.0,21.1,Dubai
2020-08-06,39.5,30.2,45.2,38.1,0.0,0.0,2.0,21.5,Dubai
2020-08-07,40.0,30.7,43.8,37.2,0.0,0.0,3.0,26.7,Dubai
2020-08-08,38.3,31.1,41.9,36.8,0.0,0.0,3.0,25.7,Dubai
2020-08-09,39.0,30.7,41.7,34.8,0.0,0.0,3.0,17.9,Dubai
2020-08-10,40.7,31.4,45.3,38.6,0.0,0.0,3.0,25.0,Dubai
2020-08-11,42.0,32.6,46.1,37.7,0.0,0.0,3.0,25.6,Dubai
2020-08-12,37.7,32.8,45.8,40.7,0.0,0.0,3.0,22.4,Dubai
2020-08-13,36.5,31.9,42.9,40.3,0.0,0.0,3.0,19.9,Dubai
2020-08-14,37.9,30.9,44.0,36.0,0.0,0.0,3.0,18.8,Dubai
2020-08-15,40.7,31.4,45.8,39.5,0.0,0.0,3.0,24.5,Dubai
2020-08-16,40.1,31.7,45.3,40.1,0.0,0.0,3.0,20.9,Dubai
2020-08-17,37.0,31.3,44.8,40.4,0.0,0.0,2.0,22.7,Dubai
2020-08-18,37.8,30.3,45.6,37.8,0.0,0.0,3.0,22.5,Dubai
2020-08-19,42.0,33.0,48.2,39.9,0.0,0.0,2.0,23.3,Dubai
2020-08-20,38.9,32.6,47.1,41.0,0.0,0.0,3.0,23.2,Dubai
2020-08-21,39.0,31.5,45.1,38.8,0.0,0.0,3.0,20.0,Dubai
2020-08-22,43.1,30.8,47.8,34.4,0.0,0.0,3.0,28.4,Dubai
2020-08-23,41.1,31.3,47.7,33.5,0.0,0.0,3.0,33.6,Dubai
2020-08-24,41.1,31.0,45.4,34.2,0.0,0.0,2.0,24.3,Dubai
2020-08-25,41.2,30.7,46.6,35.3,0.0,0.0,3.0,28.2,Dubai
2020-08-26,41.1,30.9,44.8,36.6,0.0,0.0,3.0,26.2,Dubai
2020-08-27,41.0,32.4,46.6,34.9,0.0,0.0,3.0,26.6,Dubai
2020-08-28,41.0,32.8,45.1,35.3,0.0,0.0,3.0,23.1,Dubai
2020-08-29,39.4,31.5,42.5,33.6,0.0,0.0,3.0,20.3,Dubai
2020-08-30,42.5,32.1,45.4,38.8,0.0,0.0,3.0,26.6,Dubai
2020-08-31,44.1,30.9,40.2,29.1,0.0,0.0,2.0,29.3,Dubai
2020-09-01,40.7,28.4,42.1,25.0,0.0,0.0,0.0,23.4,Dubai
2020-09-02,39.7,29.0,41.6,25.2,0.0,0.0,0.0,25.7,Dubai
2020-09-03,40.4,27.8,41.7,27.8,0.0,0.0,1.0,24.0,Dubai
2020-09-04,41.0,27.2,41.9,31.0,0.0,0.0,0.0,24.7,Dubai
2020-09-05,40.5,27.0,41.4,31.2,0.0,0.0,0.0,21.4,Dubai
2020-09-06,39.6,27.2,40.8,27.8,0.0,0.0,0.0,24.9,Dubai
2020-09-07,40.1,26.4,40.6,28.8,0.0,0.0,0.0,26.7,Dubai
2020-09-08,37.2,27.5,41.2,32.7,0.0,0.0,0.0,25.0,Dubai
2020-09-09,35.9,27.9,40.7,34.2,0.0,0.0,0.0,18.4,Dubai
2020-09-10,37.1,27.6,43.6,33.9,0.0,0.0,0.0,18.8,Dubai
2020-09-11,39.5,26.3,41.5,31.4,0.0,0.0,0.0,23.3,Dubai
2020-09-12,44.1,26.4,43.7,32.4,0.0,0.0,3.0,21.3,Dubai
2020-09-13,42.5,28.6,41.5,25.1,0.0,0.0,0.0,22.4,Dubai
2020-09-14,42.4,28.6,41.8,25.8,0.0,0.0,0.0,25.7,Dubai
2020-09-15,42.5,26.4,40.4,23.0,0.0,0.0,3.0,26.4,Dubai
2020-09-16,40.3,25.9,39.8,24.3,0.0,0.0,1.0,25.8,Dubai
2020-09-17,40.6,26.2,40.3,31.0,0.0,0.0,0.0,27.2,Dubai
2020-09-18,41.4,26.2,40.9,31.2,0.0,0.0,0.0,25.3,Dubai
2020-09-19,40.1,25.3,40.4,29.9,0.0,0.0,0.0,27.1,Dubai
2020-09-20,37.2,26.6,39.8,31.3,0.0,0.0,0.0,22.9,Dubai
2020-09-21,35.4,25.7,39.9,31.0,0.0,0.0,3.0,22.9,Dubai
2020-09-22,38.5,24.4,40.9,28.8,0.0,0.0,1.0,26.5,Dubai
2020-09-23,43.0,24.9,42.0,28.0,0.0,0.0,0.0,29.5,Dubai
2020-09-24,40.7,26.3,39.8,29.1,0.0,0.0,0.0,24.5,Dubai
2020-09-25,40.3,25.1,39.6,21.9,0.0,0.0,1.0,26.0,Dubai
2020-09-26,34.7,25.2,40.3,29.5,0.0,0.0,0.0,20.7,Dubai
2020-09-27,36.1,24.5,39.4,29.2,0.0,0.0,2.0,19.7,Dubai
2020-09-28,35.5,25.4,39.4,30.2,0.0,0.0,0.0,18.8,Dubai
2020-09-29,37.1,25.2,38.0,30.4,0.0,0.0,0.0,18.9,Dubai
2020-09-30,39.5,25.8,38.5,28.8,0.0,0.0,0.0,25.2,Dubai
2020-10-01,38.3,27.5,36.3,26.0,0.0,0.0,0.0,25.1,Dubai
2020-10-02,35.3,24.3,38.7,23.2,0.0,0.0,0.0,18.7,Dubai
2020-10-03,34.0,25.1,39.7,29.8,0.0,0.0,0.0,21.9,Dubai
2020-10-04,35.2,26.0,40.9,30.5,0.0,0.0,0.0,21.1,Dubai
2020-10-05,35.3,26.1,40.2,31.5,0.0,0.0,0.0,20.1,Dubai
2020-10-06,36.3,24.5,39.4,28.3,0.0,0.0,2.0,25.0,Dubai
2020-10-07,38.4,25.1,38.3,27.1,0.0,0.0,0.0,25.3,Dubai
2020-10-08,35.5,24.7,39.0,27.8,0.0,0.0,0.0,22.8,Dubai
2020-10-09,35.5,25.6,39.5,30.6,0.0,0.0,1.0,23.5,Dubai
2020-10-10,35.0,25.3,37.8,29.9,0.0,0.0,0.0,26.7,Dubai
2020-10-11,34.2,27.5,37.9,30.0,0.0,0.0,0.0,27.2,Dubai
2020-10-12,35.2,28.5,38.8,28.3,0.0,0.0,0.0,22.6,Dubai
2020-10-13,35.9,25.7,36.8,23.9,0.0,0.0,0.0,28.2,Dubai
2020-10-14,35.8,23.2,32.8,19.4,0.0,0.0,0.0,28.5,Dubai
2020-10-15,35.8,21.2,33.0,16.9,0.0,0.0,0.0,28.8,Dubai
2020-10-16,34.3,20.0,33.3,15.4,0.0,0.0,0.0,25.3,Dubai
2020-10-17,35.5,21.0,33.2,16.7,0.0,0.0,0.0,27.4,Dubai
2020-10-18,35.5,20.5,32.9,16.6,0.0,0.0,0.0,24.7,Dubai
2020-10-19,34.1,19.4,33.8,14.7,0.0,0.0,0.0,23.1,Dubai
2020-10-20,32.9,20.7,33.7,18.2,0.0,0.0,0.0,22.1,Dubai
2020-10-21,35.4,19.3,33.5,16.4,0.0,0.0,0.0,22.7,Dubai
2020-10-22,31.8,19.7,34.6,20.2,0.0,0.0,0.0,19.4,Dubai
2020-10-23,32.2,20.1,34.5,21.7,0.0,0.0,0.0,23.1,Dubai
2020-10-24,35.4,19.2,32.9,14.7,0.0,0.0,0.0,23.4,Dubai
2020-10-25,34.7,21.1,34.2,18.0,0.0,0.0,0.0,23.0,Dubai
2020-10-26,33.3,20.5,32.5,19.5,0.0,0.0,0.0,25.2,Dubai
2020-10-27,32.5,18.2,31.7,17.6,0.0,0.0,0.0,17.8,Dubai
2020-10-28,31.1,20.7,32.0,20.8,0.0,0.0,0.0,23.2,Dubai
2020-10-29,32.4,20.2,33.2,21.4,0.0,0.0,0.0,22.5,Dubai
2020-10-30,32.7,19.7,33.0,18.8,0.0,0.0,0.0,21.4,Dubai
2020-10-31,31.5,20.7,33.9,22.3,0.0,0.0,0.0,20.2,Dubai
2020-11-01,30.0,20.1,33.5,22.2,0.0,0.0,0.0,16.4,Dubai
2020-11-02,30.6,19.9,33.7,21.6,0.0,0.0,1.0,18.0,Dubai
2020-11-03,30.9,21.0,33.9,22.7,0.0,0.0,0.0,22.2,Dubai
2020-11-04,30.4,21.0,33.5,22.9,0.0,0.0,0.0,20.4,Dubai
2020-11-05,30.2,20.5,33.4,22.7,0.0,0.0,0.0,16.6,Dubai
2020-11-06,32.2,18.7,30.1,17.5,0.0,0.0,3.0,22.1,Dubai
2020-11-07,31.9,20.5,32.6,20.5,0.0,0.0,3.0,18.5,Dubai
2020-11-08,29.5,23.6,31.7,24.7,0.3,0.3,51.0,20.0,Dubai
2020-11-09,30.9,22.2,33.4,24.7,0.0,0.0,0.0,19.6,Dubai
2020-11-10,30.3,21.8,32.9,24.6,0.0,0.0,0.0,20.5,Dubai
2020-11-11,31.9,21.4,35.0,23.9,0.0,0.0,2.0,18.4,Dubai
2020-11-12,33.4,22.2,34.0,22.6,0.0,0.0,0.0,19.9,Dubai
2020-11-13,33.5,22.6,32.2,24.5,0.0,0.0,0.0,25.6,Dubai
2020-11-14,29.5,22.8,31.1,23.2,3.5,3.5,61.0,24.3,Dubai
2020-11-15,30.4,21.8,28.8,22.3,0.0,0.0,2.0,23.8,Dubai
2020-11-16,29.7,20.4,31.5,20.7,0.0,0.0,1.0,22.8,Dubai
2020-11-17,29.3,20.6,30.1,22.1,0.0,0.0,0.0,19.6,Dubai
2020-11-18,29.1,20.9,29.8,21.5,0.0,0.0,1.0,22.8,Dubai
2020-11-19,27.8,22.6,27.9,23.2,0.0,0.0,1.0,21.8,Dubai
2020-11-20,31.4,19.7,31.2,19.7,0.0,0.0,1.0,28.2,Dubai
2020-11-21,29.9,20.7,30.7,21.0,0.0,0.0,0.0,19.0,Dubai
2020-11-22,29.8,19.8,28.4,20.4,0.0,0.0,0.0,22.2,Dubai
2020-11-23,27.8,21.0,27.3,19.2,0.8,0.8,53.0,34.0,Dubai
2020-11-24,26.5,21.2,25.1,21.2,0.0,0.0,2.0,32.9,Dubai
2020-11-25,28.9,16.7,27.4,16.2,0.0,0.0,2.0,23.1,Dubai
2020-11-26,29.8,19.4,28.7,18.5,0.0,0.0,1.0,25.6,Dubai
2020-11-27,29.4,20.4,27.1,18.8,0.0,0.0,3.0,27.4,Dubai
2020-11-28,27.5,20.3,27.2,20.8,0.0,0.0,3.0,23.0,Dubai
2020-11-29,28.6,19.3,28.0,18.8,0.0,0.0,3.0,17.3,Dubai
2020-11-30,27.2,17.6,28.4,17.4,0.0,0.0,1.0,17.0,Dubai
2020-12-01,28.2,18.1,28.6,19.3,0.0,0.0,3.0,17.2,Dubai
2020-12-02,27.7,16.3,28.7,16.8,0.0,0.0,0.0,17.6,Dubai
2020-12-03,26.8,18.7,28.9,19.6,0.0,0.0,0.0,14.4,Dubai
2020-12-04,28.0,19.6,30.1,21.1,0.0,0.0,1.0,17.3,Dubai
2020-12-05,28.4,20.3,30.4,22.3,0.0,0.0,3.0,13.8,Dubai
2020-12-06,28.7,19.4,29.8,21.0,0.0,0.0,0.0,21.7,Dubai
2020-12-07,26.1,21.0,25.5,21.2,0.0,0.0,2.0,25.1,Dubai
2020-12-08,25.0,21.8,22.5,20.3,0.0,0.0,2.0,24.9,Dubai
2020-12-09,25.6,18.2,25.7,16.0,0.0,0.0,1.0,19.5,Dubai
2020-12-10,24.8,19.6,24.4,19.8,0.2,0.2,51.0,15.6,Dubai
2020-12-11,26.0,17.5,25.5,16.6,0.0,0.0,1.0,18.4,Dubai
2020-12-12,25.0,17.9,24.2,17.5,0.0,0.0,1.0,14.7,Dubai
2020-12-13,24.9,15.6,24.1,14.5,0.0,0.0,1.0,17.3,Dubai
2020-12-14,25.2,15.4,24.7,14.7,0.0,0.0,1.0,20.6,Dubai
2020-12-15,27.4,15.9,24.7,14.8,0.0,0.0,2.0,19.4,Dubai
2020-12-16,27.9,16.4,25.5,15.4,0.0,0.0,2.0,20.2,Dubai
2020-12-17,26.8,16.0,26.1,15.6,0.0,0.0,3.0,20.9,Dubai
2020-12-18,25.7,14.8,25.2,14.3,0.0,0.0,3.0,16.6,Dubai
2020-12-19,25.5,15.8,25.4,15.6,0.0,0.0,3.0,16.9,Dubai
2020-12-20,25.6,20.6,24.6,20.3,0.0,0.0,3.0,20.0,Dubai
2020-12-21,24.7,16.5,24.1,16.3,0.0,0.0,2.0,18.7,Dubai
2020-12-22,24.2,17.3,23.8,16.9,0.0,0.0,1.0,16.8,Dubai
2020-12-23,24.8,15.0,24.6,13.9,0.0,0.0,2.0,20.5,Dubai
2020-12-24,23.8,14.1,23.0,12.3,0.0,0.0,2.0,15.0,Dubai
2020-12-25,24.4,15.0,22.8,13.6,0.0,0.0,3.0,31.6,Dubai
2020-12-26,22.8,18.2,20.9,16.6,0.0,0.0,3.0,30.8,Dubai
2020-12-27,25.0,17.7,20.0,14.5,0.0,0.0,3.0,27.7,Dubai
2020-12-28,25.4,15.1,22.6,12.1,0.0,0.0,2.0,24.2,Dubai
2020-12-29,24.0,14.4,21.9,13.0,0.0,0.0,0.0,19.3,Dubai
2020-12-30,25.7,12.6,24.8,10.1,0.0,0.0,2.0,20.3,Dubai
2020-12-31,26.4,15.2,25.6,13.8,0.0,0.0,3.0,25.3,Dubai
2021-01-01,25.7,16.4,24.0,15.6,0.0,0.0,3.0,21.8,Dubai
2021-01-02,24.7,14.3,23.9,12.6,0.0,0.0,1.0,20.6,Dubai
2021-01-03,22.7,15.3,22.8,14.6,0.3,0.3,51.0,17.5,Dubai
2021-01-04,23.0,11.0,20.9,8.6,0.0,0.0,1.0,21.6,Dubai
2021-01-05,23.5,10.7,20.5,6.9,0.0,0.0,0.0,19.4,Dubai
2021-01-06,23.3,12.1,20.9,9.9,0.0,0.0,0.0,17.9,Dubai
2021-01-07,23.2,12.1,19.7,9.6,0.0,0.0,0.0,27.6,Dubai
2021-01-08,22.9,14.3,18.0,9.5,0.0,0.0,0.0,29.2,Dubai
2021-01-09,24.1,8.5,19.4,4.8,0.0,0.0,0.0,22.3,Dubai
2021-01-10,23.8,10.3,19.9,6.3,0.0,0.0,0.0,24.5,Dubai
2021-01-11,23.1,9.4,21.5,5.7,0.0,0.0,0.0,16.3,Dubai
2021-01-12,23.1,10.7,21.9,8.5,0.0,0.0,0.0,19.1,Dubai
2021-01-13,22.9,11.4,22.1,9.1,0.0,0.0,0.0,14.2,Dubai
2021-01-14,22.5,15.7,21.5,15.3,0.0,0.0,1.0,18.9,Dubai
2021-01-15,22.5,13.8,22.4,12.8,0.0,0.0,1.0,17.5,Dubai
2021-01-16,22.3,13.1,22.2,11.7,0.0,0.0,1.0,14.1,Dubai
2021-01-17,24.1,13.6,22.7,12.4,0.0,0.0,0.0,16.3,Dubai
2021-01-18,25.4,13.8,24.5,11.7,0.0,0.0,2.0,15.4,Dubai
2021-01-19,25.1,16.8,24.5,17.9,0.0,0.0,2.0,21.1,Dubai
2021-01-20,24.7,15.5,24.4,15.0,0.0,0.0,2.0,16.2,Dubai
2021-01-21,24.0,14.2,24.4,13.8,0.0,0.0,3.0,35.2,Dubai
2021-01-22,21.8,16.4,19.3,15.0,0.0,0.0,2.0,33.0,Dubai
2021-01-23,25.2,12.9,21.5,11.4,0.0,0.0,0.0,23.3,Dubai
2021-01-24,23.4,13.7,21.8,11.1,0.0,0.0,1.0,22.7,Dubai
2021-01-25,22.7,16.5,23.4,15.6,0.0,0.0,1.0,14.6,Dubai
2021-01-26,23.6,15.1,23.0,15.0,0.0,0.0,3.0,22.0,Dubai
2021-01-27,24.5,16.3,24.5,16.2,0.0,0.0,0.0,16.3,Dubai
2021-01-28,25.8,13.4,24.4,12.0,0.0,0.0,0.0,18.3,Dubai
2021-01-29,27.1,11.2,25.2,8.7,0.0,0.0,1.0,18.2,Dubai
2021-01-30,27.4,15.7,26.0,14.2,0.0,0.0,0.0,20.3,Dubai
2021-01-31,23.8,15.3,24.6,13.8,0.0,0.0,1.0,22.3,Dubai
2021-02-01,22.6,17.3,21.0,16.2,0.0,0.0,3.0,24.9,Dubai
2021-02-02,23.7,14.1,24.4,12.7,0.0,0.0,3.0,15.8,Dubai
2021-02-03,23.5,13.1,24.3,12.3,0.0,0.0,3.0,17.6,Dubai
2021-02-04,24.0,13.3,24.4,12.9,0.0,0.0,3.0,19.8,Dubai
2021-02-05,28.4,14.8,27.4,12.0,0.0,0.0,1.0,20.6,Dubai
2021-02-06,26.9,16.1,26.1,14.1,0.0,0.0,0.0,21.1,Dubai
2021-02-07,26.0,17.7,25.2,14.0,0.0,0.0,1.0,23.5,Dubai
2021-02-08,25.6,16.7,25.5,16.5,0.0,0.0,3.0,23.8,Dubai
2021-02-09,24.0,18.2,25.1,19.1,0.0,0.0,3.0,15.8,Dubai
2021-02-10,25.0,17.2,26.5,18.4,0.0,0.0,3.0,16.2,Dubai
2021-02-11,24.6,16.8,25.9,18.2,0.0,0.0,3.0,22.3,Dubai
2021-02-12,23.3,16.8,24.1,17.2,0.0,0.0,3.0,14.9,Dubai
2021-02-13,23.4,16.1,23.9,17.0,0.0,0.0,3.0,20.4,Dubai
2021-02-14,24.0,16.4,25.1,17.3,0.0,0.0,3.0,19.0,Dubai
2021-02-15,24.1,16.4,25.0,17.4,0.0,0.0,3.0,18.2,Dubai
2021-02-16,23.6,15.1,25.4,15.4,0.0,0.0,3.0,15.3,Dubai
2021-02-17,29.5,14.9,28.7,15.1,0.0,0.0,3.0,18.6,Dubai
2021-02-18,31.3,18.6,28.4,16.5,0.0,0.0,3.0,27.4,Dubai
2021-02-19,25.7,19.6,26.8,17.7,0.0,0.0,3.0,19.0,Dubai
2021-02-20,25.8,17.5,27.7,19.0,0.0,0.0,3.0,32.9,Dubai
2021-02-21,25.8,20.0,26.6,21.4,0.0,0.0,3.0,27.4,Dubai
2021-02-22,27.4,19.2,27.7,20.6,0.0,0.0,1.0,21.0,Dubai
2021-02-23,26.7,19.4,27.2,21.2,0.0,0.0,3.0,21.3,Dubai
2021-02-24,26.2,19.8,26.6,20.9,0.0,0.0,3.0,21.7,Dubai
2021-02-25,29.4,20.3,27.9,20.4,0.0,0.0,3.0,29.5,Dubai
2021-02-26,23.9,19.4,23.5,18.1,0.0,0.0,2.0,27.2,Dubai
2021-02-27,23.1,18.2,22.2,17.5,0.0,0.0,2.0,20.9,Dubai
2021-02-28,23.7,18.3,23.7,17.9,0.0,0.0,1.0,21.8,Dubai
2021-03-01,25.6,13.6,25.9,12.3,0.0,0.0,1.0,18.2,Dubai
2021-03-02,30.4,18.3,29.6,18.0,0.0,0.0,3.0,21.6,Dubai
2021-03-03,30.5,21.3,29.7,20.9,0.0,0.0,2.0,19.0,Dubai
2021-03-04,30.5,17.8,30.8,19.2,0.0,0.0,0.0,15.6,Dubai
2021-03-05,36.0,18.2,34.5,16.1,0.0,0.0,0.0,39.2,Dubai
2021-03-06,25.6,21.4,25.0,19.8,0.0,0.0,0.0,31.0,Dubai
2021-03-07,24.3,20.1,22.6,18.6,0.0,0.0,0.0,28.5,Dubai
2021-03-08,23.8,17.7,24.4,17.8,0.0,0.0,1.0,20.2,Dubai
2021-03-09,27.4,16.2,26.9,15.4,0.0,0.0,3.0,16.9,Dubai
2021-03-10,28.5,18.1,27.8,15.6,0.0,0.0,0.0,22.0,Dubai
2021-03-11,28.2,20.9,27.8,20.7,0.0,0.0,3.0,21.6,Dubai
2021-03-12,35.2,18.5,32.6,16.0,0.0,0.0,3.0,19.2,Dubai
2021-03-13,31.0,21.4,27.7,20.6,0.0,0.0,3.0,33.4,Dubai
2021-03-14,24.7,17.9,25.8,18.7,0.0,0.0,2.0,18.4,Dubai
2021-03-15,24.4,17.9,26.4,18.7,0.0,0.0,3.0,19.7,Dubai
2021-03-16,27.9,15.5,27.0,15.6,0.0,0.0,3.0,14.3,Dubai
2021-03-17,32.7,18.8,31.0,17.3,0.0,0.0,3.0,19.5,Dubai
2021-03-18,33.4,19.0,31.9,16.1,0.0,0.0,0.0,17.7,Dubai
2021-03-19,34.0,21.7,31.5,18.0,0.0,0.0,3.0,22.5,Dubai
2021-03-20,29.5,20.6,29.9,22.0,0.0,0.0,2.0,28.0,Dubai
2021-03-21,28.2,22.5,24.0,20.5,0.0,0.0,0.0,40.6,Dubai
2021-03-22,28.4,22.6,28.1,20.9,0.0,0.0,0.0,29.2,Dubai
2021-03-23,28.8,18.7,27.8,17.5,0.0,0.0,0.0,25.9,Dubai
2021-03-24,33.4,17.4,33.2,17.4,0.0,0.0,0.0,27.7,Dubai
2021-03-25,36.7,22.1,35.4,21.2,0.0,0.0,0.0,25.2,Dubai
2021-03-26,34.3,23.8,32.8,22.3,0.0,0.0,0.0,23.5,Dubai
2021-03-27,35.8,20.7,34.7,18.1,0.0,0.0,2.0,20.0,Dubai
2021-03-28,29.6,19.1,30.8,17.2,0.0,0.0,2.0,25.8,Dubai
2021-03-29,28.4,21.9,29.2,23.1,0.0,0.0,2.0,24.9,Dubai
2021-03-30,28.8,20.1,30.3,21.4,0.0,0.0,0.0,18.4,Dubai
2021-03-31,29.6,18.6,30.7,19.0,0.0,0.0,0.0,20.0,Dubai
2021-04-01,29.4,18.5,31.3,19.4,0.0,0.0,0.0,18.4,Dubai
2021-04-02,31.6,18.7,31.4,19.4,0.0,0.0,0.0,20.9,Dubai
2021-04-03,34.7,20.5,33.7,18.7,0.0,0.0,1.0,25.7,Dubai
2021-04-04,28.8,22.1,29.7,23.4,0.0,0.0,2.0,24.9,Dubai
2021-04-05,28.9,22.8,28.2,20.7,0.0,0.0,2.0,35.0,Dubai
2021-04-06,29.7,21.7,31.1,20.5,0.0,0.0,0.0,31.0,Dubai
2021-04-07,28.4,18.2,30.4,19.2,0.0,0.0,1.0,22.0,Dubai
2021-04-08,29.8,18.1,32.1,19.4,0.0,0.0,3.0,20.9,Dubai
2021-04-09,30.5,18.4,32.2,19.7,0.0,0.0,0.0,22.3,Dubai
2021-04-10,36.8,21.8,37.8,21.6,0.0,0.0,1.0,27.2,Dubai
2021-04-11,36.8,24.6,36.9,23.1,0.0,0.0,1.0,22.6,Dubai
2021-04-12,36.8,24.4,35.0,24.9,0.0,0.0,0.0,25.9,Dubai
2021-04-13,38.0,23.6,37.2,21.7,0.0,0.0,0.0,30.2,Dubai
2021-04-14,36.4,24.7,34.9,23.7,0.0,0.0,3.0,29.8,Dubai
2021-04-15,34.0,24.4,34.3,24.9,0.0,0.0,3.0,23.3,Dubai
2021-04-16,29.8,23.7,30.3,25.6,0.0,0.0,3.0,28.5,Dubai
2021-04-17,29.4,22.4,29.1,22.8,0.0,0.0,3.0,25.2,Dubai
2021-04-18,30.5,20.7,30.0,20.8,0.0,0.0,3.0,18.8,Dubai
2021-04-19,30.2,20.3,30.1,22.2,0.0,0.0,3.0,19.4,Dubai
2021-04-20,30.6,20.5,32.6,20.9,0.0,0.0,0.0,21.0,Dubai
2021-04-21,34.7,20.4,34.5,22.3,0.0,0.0,0.0,22.6,Dubai
2021-04-22,35.5,22.3,34.5,20.9,0.0,0.0,0.0,23.4,Dubai
2021-04-23,36.3,21.5,34.8,20.5,0.0,0.0,0.0,22.0,Dubai
2021-04-24,35.3,20.2,34.6,19.0,0.0,0.0,0.0,21.7,Dubai
2021-04-25,35.1,21.6,34.1,20.7,0.0,0.0,3.0,24.4,Dubai
2021-04-26,38.5,24.8,36.2,21.9,0.0,0.0,3.0,27.2,Dubai
2021-04-27,37.4,24.4,36.7,22.0,0.0,0.0,3.0,23.9,Dubai
2021-04-28,39.1,24.7,37.4,23.3,0.0,0.0,3.0,24.1,Dubai
2021-04-29,35.8,26.9,33.9,27.2,0.0,0.0,3.0,29.2,Dubai
2021-04-30,34.1,27.1,33.8,26.9,1.4,1.4,61.0,23.3,Dubai
2021-05-01,31.9,24.9,34.2,26.9,0.0,0.0,1.0,18.4,Dubai
2021-05-02,32.1,23.2,35.4,26.0,0.0,0.0,3.0,19.7,Dubai
2021-05-03,33.9,23.4,36.6,26.6,0.0,0.0,3.0,28.6,Dubai
2021-05-04,36.7,25.1,38.7,24.8,0.2,0.2,51.0,29.5,Dubai
2021-05-05,35.3,26.6,36.3,27.3,0.0,0.0,3.0,30.4,Dubai
2021-05-06,32.9,25.4,36.0,30.6,0.0,0.0,3.0,29.3,Dubai
2021-05-07,34.3,24.6,38.3,29.3,0.0,0.0,3.0,26.1,Dubai
2021-05-08,38.0,24.7,40.6,29.2,0.0,0.0,0.0,36.7,Dubai
2021-05-09,36.8,24.2,35.9,26.9,0.0,0.0,0.0,29.8,Dubai
2021-05-10,32.9,24.1,34.1,23.5,0.0,0.0,0.0,24.5,Dubai
2021-05-11,32.6,23.6,35.9,24.1,0.0,0.0,0.0,18.9,Dubai
2021-05-12,36.2,23.1,37.6,26.6,0.0,0.0,0.0,22.5,Dubai
2021-05-13,36.3,23.5,36.4,26.1,0.0,0.0,0.0,25.0,Dubai
2021-05-14,35.7,23.1,39.6,25.2,0.0,0.0,0.0,20.3,Dubai
2021-05-15,36.3,23.9,39.4,27.8,0.0,0.0,0.0,21.5,Dubai
2021-05-16,38.2,24.3,38.0,25.9,0.0,0.0,0.0,23.0,Dubai
2021-05-17,35.9,23.7,37.8,26.6,0.0,0.0,0.0,24.7,Dubai
2021-05-18,40.1,24.9,40.4,29.8,0.0,0.0,0.0,22.5,Dubai
2021-05-19,39.9,25.9,37.9,25.0,0.0,0.0,0.0,23.1,Dubai
2021-05-20,37.7,26.4,38.6,27.1,0.0,0.0,0.0,25.2,Dubai
2021-05-21,36.6,25.5,40.6,27.4,0.0,0.0,0.0,19.2,Dubai
2021-05-22,41.8,24.9,41.4,26.7,0.0,0.0,0.0,21.7,Dubai
2021-05-23,40.7,25.7,39.6,27.1,0.0,0.0,0.0,26.6,Dubai
2021-05-24,43.3,26.1,42.3,24.4,0.0,0.0,0.0,30.8,Dubai
2021-05-25,43.2,26.3,41.2,26.1,0.0,0.0,0.0,30.3,Dubai
2021-05-26,42.5,26.5,40.0,25.0,0.0,0.0,0.0,33.2,Dubai
2021-05-27,35.5,29.3,36.7,31.5,0.0,0.0,0.0,31.1,Dubai
2021-05-28,37.3,26.9,42.4,29.3,0.0,0.0,0.0,19.2,Dubai
2021-05-29,35.9,25.3,40.6,30.8,0.0,0.0,2.0,18.9,Dubai
2021-05-30,39.6,25.3,40.7,27.4,0.0,0.0,0.0,23.0,Dubai
2021-05-31,43.0,26.6,41.1,26.8,0.0,0.0,0.0,23.1,Dubai
2021-06-01,40.4,28.0,42.2,28.0,0.0,0.0,0.0,28.8,Dubai
2021-06-02,37.4,26.6,42.5,31.7,0.0,0.0,0.0,20.3,Dubai
2021-06-03,39.8,25.9,43.6,30.3,0.0,0.0,0.0,18.1,Dubai
2021-06-04,39.0,26.3,43.3,30.6,0.0,0.0,0.0,21.3,Dubai
2021-06-05,38.7,26.1,44.4,30.1,0.0,0.0,0.0,17.4,Dubai
2021-06-06,45.4,27.5,46.9,32.5,0.0,0.0,1.0,27.6,Dubai
2021-06-07,43.1,29.7,47.3,33.7,0.0,0.0,0.0,28.2,Dubai
2021-06-08,37.2,29.9,42.0,34.8,0.0,0.0,0.0,22.5,Dubai
2021-06-09,35.3,28.1,41.8,35.2,0.0,0.0,0.0,18.2,Dubai
2021-06-10,37.8,27.2,44.0,32.4,0.0,0.0,0.0,26.8,Dubai
2021-06-11,38.6,27.3,42.7,31.3,0.0,0.0,0.0,19.6,Dubai
2021-06-12,37.1,28.1,43.1,35.4,0.0,0.0,0.0,21.3,Dubai
2021-06-13,37.1,28.0,41.5,34.1,0.0,0.0,0.0,23.2,Dubai
2021-06-14,36.7,27.7,40.4,33.2,0.0,0.0,0.0,23.0,Dubai
2021-06-15,38.6,28.3,40.5,34.2,0.0,0.0,0.0,24.9,Dubai
2021-06-16,38.6,26.8,39.9,26.9,0.0,0.0,0.0,19.6,Dubai
2021-06-17,36.9,28.8,41.2,32.2,0.0,0.0,1.0,25.9,Dubai
2021-06-18,38.4,28.0,44.2,32.5,0.0,0.0,1.0,21.6,Dubai
2021-06-19,36.6,28.9,43.4,36.9,0.0,0.0,0.0,26.0,Dubai
2021-06-20,42.2,28.7,43.9,31.4,0.0,0.0,0.0,23.5,Dubai
2021-06-21,43.0,29.5,43.4,29.3,0.0,0.0,0.0,26.4,Dubai
2021-06-22,43.8,28.7,44.5,31.8,0.0,0.0,0.0,26.2,Dubai
2021-06-23,43.6,30.7,44.5,31.5,0.0,0.0,1.0,26.7,Dubai
2021-06-24,43.7,28.9,42.9,33.7,0.0,0.0,0.0,26.1,Dubai
2021-06-25,43.5,26.8,41.6,28.9,0.0,0.0,0.0,31.9,Dubai
2021-06-26,41.8,26.8,40.7,28.3,0.0,0.0,0.0,27.8,Dubai
2021-06-27,42.0,29.5,41.6,27.7,0.0,0.0,0.0,32.0,Dubai
2021-06-28,39.8,30.7,42.2,30.6,0.0,0.0,0.0,25.7,Dubai
2021-06-29,39.9,29.3,41.0,31.0,0.0,0.0,2.0,24.9,Dubai
2021-06-30,39.8,29.6,40.8,30.9,0.0,0.0,2.0,28.0,Dubai
2021-07-01,38.3,28.1,40.7,30.1,0.0,0.0,1.0,20.1,Dubai
2021-07-02,37.3,29.2,41.6,30.4,0.0,0.0,0.0,17.2,Dubai
2021-07-03,38.9,29.3,42.3,33.3,0.0,0.0,2.0,22.5,Dubai
2021-07-04,42.0,29.0,43.3,34.1,0.0,0.0,0.0,21.6,Dubai
2021-07-05,42.8,30.7,47.2,36.7,0.0,0.0,2.0,27.0,Dubai
2021-07-06,40.9,32.0,47.1,37.5,0.0,0.0,3.0,22.6,Dubai
2021-07-07,40.4,32.0,43.2,36.8,0.0,0.0,1.0,26.1,Dubai
2021-07-08,40.3,31.8,42.3,34.7,0.0,0.0,2.0,26.9,Dubai
2021-07-09,40.7,30.8,41.2,33.3,0.0,0.0,2.0,31.0,Dubai
2021-07-10,42.5,29.6,43.9,33.7,0.0,0.0,3.0,29.7,Dubai
2021-07-11,42.9,32.7,43.8,35.1,0.0,0.0,2.0,25.8,Dubai
2021-07-12,40.0,30.0,46.4,34.1,0.0,0.0,3.0,28.9,Dubai
2021-07-13,44.2,31.7,46.1,34.6,0.0,0.0,3.0,28.2,Dubai
2021-07-14,41.5,33.1,47.2,35.2,0.0,0.0,2.0,29.5,Dubai
2021-07-15,42.5,33.5,46.8,35.8,0.0,0.0,3.0,26.8,Dubai
2021-07-16,40.0,33.0,41.1,36.0,0.0,0.0,3.0,33.5,Dubai
2021-07-17,37.8,30.7,39.6,33.9,0.3,0.3,51.0,35.4,Dubai
2021-07-18,35.7,30.6,40.7,34.2,0.3,0.3,51.0,22.5,Dubai
2021-07-19,37.6,31.6,41.6,36.9,0.0,0.0,2.0,29.2,Dubai
2021-07-20,38.2,31.4,42.7,39.0,0.0,0.0,2.0,23.5,Dubai
2021-07-21,39.7,32.8,41.7,38.0,0.0,0.0,3.0,25.5,Dubai
2021-07-22,39.6,32.9,41.6,36.3,0.0,0.0,0.0,29.1,Dubai
2021-07-23,40.4,32.2,43.9,35.2,0.0,0.0,0.0,14.5,Dubai
2021-07-24,43.1,33.1,44.9,34.9,0.0,0.0,3.0,25.1,Dubai
2021-07-25,41.8,33.5,44.0,35.8,0.0,0.0,0.0,25.8,Dubai
2021-07-26,38.8,30.8,42.4,35.9,0.0,0.0,3.0,21.9,Dubai
2021-07-27,39.2,30.2,42.7,35.1,0.0,0.0,3.0,20.8,Dubai
2021-07-28,41.0,29.2,42.9,31.4,0.0,0.0,3.0,19.2,Dubai
2021-07-29,40.4,30.0,43.0,30.9,0.0,0.0,3.0,22.5,Dubai
2021-07-30,43.9,31.1,46.5,37.3,0.0,0.0,3.0,25.3,Dubai
2021-07-31,42.0,31.7,45.3,39.3,0.0,0.0,3.0,26.3,Dubai
2021-08-01,37.0,29.0,42.5,36.4,0.0,0.0,0.0,23.0,Dubai
2021-08-02,38.7,28.7,42.9,31.6,0.0,0.0,3.0,23.0,Dubai
2021-08-03,40.5,29.0,44.1,33.6,0.0,0.0,2.0,24.1,Dubai
2021-08-04,40.0,29.5,43.2,36.1,0.0,0.0,0.0,22.0,Dubai
2021-08-05,37.8,29.9,43.7,36.3,0.0,0.0,0.0,22.2,Dubai
2021-08-06,37.8,29.0,43.9,36.2,0.0,0.0,0.0,22.0,Dubai
2021-08-07,39.3,30.5,46.2,37.7,0.0,0.0,0.0,21.2,Dubai
2021-08-08,40.8,31.5,46.5,38.4,0.0,0.0,1.0,21.7,Dubai
2021-08-09,42.2,31.4,44.6,34.6,0.0,0.0,1.0,20.0,Dubai
2021-08-10,42.7,32.4,43.2,36.1,0.0,0.0,2.0,26.6,Dubai
2021-08-11,42.7,30.9,42.8,34.0,0.0,0.0,0.0,25.8,Dubai
2021-08-12,41.4,29.7,43.5,31.7,0.0,0.0,0.0,26.1,Dubai
2021-08-13,39.2,27.9,44.7,34.3,0.0,0.0,2.0,17.3,Dubai
2021-08-14,38.7,29.5,44.4,33.4,0.0,0.0,0.0,19.9,Dubai
2021-08-15,38.7,29.4,45.6,36.9,0.0,0.0,2.0,18.1,Dubai
2021-08-16,40.6,30.5,47.3,39.5,0.0,0.0,3.0,26.7,Dubai
2021-08-17,42.1,31.2,45.2,34.5,0.0,0.0,0.0,33.7,Dubai
2021-08-18,41.4,30.3,46.3,33.6,0.0,0.0,0.0,27.4,Dubai
2021-08-19,40.3,30.8,44.9,33.8,0.0,0.0,0.0,27.0,Dubai
2021-08-20,38.5,31.5,41.0,32.8,0.0,0.0,0.0,23.2,Dubai
2021-08-21,39.0,30.5,41.2,33.6,0.0,0.0,0.0,25.0,Dubai
2021-08-22,39.5,30.1,43.3,36.5,0.0,0.0,2.0,23.8,Dubai
2021-08-23,40.8,30.8,44.5,35.1,0.0,0.0,3.0,24.5,Dubai
2021-08-24,40.6,31.1,43.9,33.0,0.0,0.0,2.0,23.0,Dubai
2021-08-25,39.5,30.1,41.6,32.9,0.0,0.0,1.0,27.7,Dubai
2021-08-26,37.0,29.3,44.8,35.7,0.0,0.0,0.0,23.0,Dubai
2021-08-27,39.1,30.3,43.2,35.6,0.0,0.0,0.0,24.1,Dubai
2021-08-28,40.7,28.4,43.6,32.8,0.0,0.0,1.0,24.8,Dubai
2021-08-29,42.5,30.9,43.6,28.6,0.0,0.0,0.0,23.8,Dubai
2021-08-30,40.8,29.8,44.5,31.1,0.0,0.0,0.0,22.0,Dubai
2021-08-31,39.9,28.9,42.9,29.9,0.0,0.0,0.0,23.3,Dubai
2021-09-01,40.8,29.5,43.1,30.4,0.0,0.0,1.0,25.9,Dubai
2021-09-02,39.6,27.3,41.6,28.0,0.0,0.0,0.0,24.9,Dubai
2021-09-03,38.7,27.8,40.5,32.1,0.0,0.0,0.0,24.7,Dubai
2021-09-04,38.2,27.2,39.8,31.3,0.0,0.0,0.0,20.5,Dubai
2021-09-05,40.2,27.1,40.3,30.2,0.0,0.0,3.0,22.1,Dubai
2021-09-06,39.8,27.6,41.1,29.1,0.0,0.0,1.0,23.4,Dubai
2021-09-07,35.8,28.1,42.8,35.9,0.0,0.0,3.0,19.0,Dubai
2021-09-08,38.8,28.2,44.9,35.2,0.0,0.0,1.0,22.9,Dubai
2021-09-09,40.9,29.0,42.5,34.8,0.0,0.0,1.0,23.1,Dubai
2021-09-10,38.3,29.0,44.4,36.7,0.0,0.0,3.0,21.1,Dubai
2021-09-11,40.6,29.7,45.0,38.6,0.0,0.0,2.0,29.0,Dubai
2021-09-12,41.2,29.4,43.7,36.3,0.0,0.0,1.0,22.2,Dubai
2021-09-13,39.3,28.4,43.2,35.4,0.0,0.0,1.0,22.8,Dubai
2021-09-14,36.8,28.7,44.2,35.9,0.0,0.0,0.0,18.1,Dubai
2021-09-15,40.6,28.8,43.4,36.6,0.0,0.0,3.0,22.2,Dubai
2021-09-16,40.8,26.2,40.6,26.2,0.0,0.0,1.0,25.1,Dubai
2021-09-17,37.2,27.6,42.8,33.8,0.0,0.0,3.0,23.2,Dubai
2021-09-18,38.1,26.4,41.1,30.7,0.0,0.0,0.0,21.9,Dubai
2021-09-19,40.7,26.6,41.5,28.4,0.0,0.0,0.0,23.7,Dubai
2021-09-20,39.2,26.8,41.1,29.5,0.0,0.0,0.0,24.9,Dubai
2021-09-21,37.7,28.0,40.6,33.3,0.0,0.0,0.0,24.4,Dubai
2021-09-22,35.3,28.4,40.2,34.6,0.0,0.0,0.0,19.6,Dubai
2021-09-23,35.3,27.9,40.4,31.3,0.0,0.0,0.0,21.7,Dubai
2021-09-24,37.0,26.7,41.3,30.9,0.0,0.0,2.0,24.1,Dubai
2021-09-25,36.6,30.0,41.2,36.4,0.0,0.0,3.0,19.6,Dubai
2021-09-26,36.1,28.1,41.2,34.2,0.0,0.0,2.0,21.1,Dubai
2021-09-27,35.4,29.1,40.1,34.0,0.0,0.0,0.0,18.7,Dubai
2021-09-28,36.2,28.6,41.9,34.2,0.0,0.0,1.0,22.2,Dubai
2021-09-29,36.9,29.1,42.1,35.7,0.0,0.0,2.0,23.7,Dubai
2021-09-30,37.2,27.4,41.1,32.7,0.0,0.0,3.0,23.7,Dubai
2021-10-01,35.8,27.0,40.7,33.0,0.0,0.0,3.0,20.5,Dubai
2021-10-02,35.2,26.4,40.5,32.3,0.0,0.0,3.0,18.2,Dubai
2021-10-03,38.3,29.7,40.3,31.1,0.0,0.0,3.0,29.7,Dubai
2021-10-04,37.0,28.9,38.7,31.2,0.0,0.0,3.0,28.4,Dubai
2021-10-05,35.8,26.8,40.5,30.9,0.0,0.0,2.0,22.2,Dubai
2021-10-06,36.2,26.3,40.1,30.5,0.0,0.0,0.0,21.5,Dubai
2021-10-07,37.2,25.8,39.5,27.7,0.0,0.0,0.0,21.5,Dubai
2021-10-08,34.3,25.9,39.7,30.9,0.0,0.0,0.0,19.5,Dubai
2021-10-09,35.5,27.2,42.2,33.6,0.0,0.0,3.0,17.9,Dubai
2021-10-10,36.1,27.2,42.0,34.1,0.0,0.0,3.0,19.5,Dubai
2021-10-11,39.4,25.7,37.8,26.5,0.0,0.0,0.0,23.1,Dubai
2021-10-12,39.0,24.9,37.6,25.1,0.0,0.0,0.0,25.6,Dubai
2021-10-13,37.5,24.1,37.5,21.6,0.0,0.0,0.0,19.7,Dubai
2021-10-14,34.0,24.5,38.2,28.1,0.0,0.0,0.0,18.5,Dubai
2021-10-15,33.7,24.0,39.1,27.6,0.0,0.0,0.0,16.3,Dubai
2021-10-16,35.1,25.3,39.3,30.0,0.0,0.0,1.0,23.0,Dubai
2021-10-17,39.3,24.2,36.4,25.6,0.0,0.0,0.0,19.9,Dubai
2021-10-18,36.3,23.9,36.3,22.6,0.0,0.0,0.0,22.7,Dubai
2021-10-19,34.2,26.5,38.5,31.4,0.0,0.0,1.0,20.5,Dubai
2021-10-20,33.7,24.1,38.4,27.7,0.0,0.0,0.0,19.2,Dubai
2021-10-21,33.9,25.1,36.8,29.6,0.0,0.0,0.0,23.4,Dubai
2021-10-22,35.1,25.3,39.4,27.3,0.0,0.0,0.0,19.1,Dubai
2021-10-23,34.0,25.8,36.6,25.8,0.0,0.0,0.0,26.3,Dubai
2021-10-24,32.1,25.4,35.9,29.0,0.0,0.0,0.0,25.4,Dubai
2021-10-25,32.4,23.7,35.9,26.4,0.0,0.0,0.0,21.6,Dubai
2021-10-26,33.6,24.6,35.8,28.2,0.0,0.0,0.0,19.4,Dubai
2021-10-27,32.4,23.4,34.7,24.5,0.0,0.0,0.0,21.2,Dubai
2021-10-28,32.5,23.9,34.6,26.0,0.3,0.3,51.0,21.3,Dubai
2021-10-29,34.3,23.7,35.1,25.4,0.0,0.0,0.0,22.7,Dubai
2021-10-30,33.1,22.4,33.0,21.0,0.0,0.0,0.0,18.0,Dubai
2021-10-31,33.6,23.4,35.6,26.1,0.0,0.0,0.0,18.1,Dubai
2021-11-01,36.1,23.2,36.1,26.0,0.0,0.0,0.0,20.9,Dubai
2021-11-02,31.8,23.2,36.0,26.8,0.0,0.0,3.0,19.6,Dubai
2021-11-03,31.1,23.4,36.0,27.4,0.0,0.0,3.0,16.9,Dubai
2021-11-04,30.6,22.3,33.9,25.8,0.0,0.0,3.0,17.1,Dubai
2021-11-05,31.8,23.2,33.5,26.0,0.5,0.5,53.0,21.1,Dubai
2021-11-06,30.4,22.7,32.9,25.6,0.8,0.8,51.0,17.5,Dubai
2021-11-07,30.9,22.0,30.4,23.3,0.0,0.0,0.0,15.6,Dubai
2021-11-08,32.4,21.6,31.9,21.2,0.0,0.0,0.0,27.5,Dubai
2021-11-09,29.4,20.5,30.2,21.2,0.6,0.6,53.0,20.6,Dubai
2021-11-10,29.8,21.1,29.8,21.5,0.0,0.0,0.0,22.2,Dubai
2021-11-11,30.8,20.0,29.7,19.0,0.0,0.0,0.0,21.9,Dubai
2021-11-12,31.7,19.9,30.2,19.1,0.0,0.0,0.0,19.6,Dubai
2021-11-13,29.9,19.4,31.7,19.3,0.0,0.0,0.0,24.2,Dubai
2021-11-14,30.2,24.4,32.1,26.0,0.0,0.0,0.0,24.1,Dubai
2021-11-15,32.9,19.4,29.9,18.0,0.0,0.0,0.0,26.7,Dubai
2021-11-16,30.0,19.0,30.7,17.4,0.0,0.0,0.0,16.9,Dubai
2021-11-17,30.3,20.5,31.4,20.8,0.0,0.0,0.0,22.6,Dubai
2021-11-18,31.6,22.0,29.5,22.7,0.0,0.0,1.0,22.9,Dubai
2021-11-19,29.6,21.2,29.6,19.7,0.0,0.0,1.0,26.3,Dubai
2021-11-20,28.8,18.5,28.9,18.7,0.0,0.0,0.0,21.3,Dubai
2021-11-21,32.6,20.3,31.0,20.5,0.0,0.0,0.0,23.0,Dubai
2021-11-22,33.7,20.4,31.8,18.6,0.0,0.0,0.0,23.1,Dubai
2021-11-23,30.2,19.5,31.2,17.4,0.0,0.0,1.0,16.9,Dubai
2021-11-24,30.4,23.8,31.4,26.0,0.0,0.0,3.0,25.8,Dubai
2021-11-25,29.0,23.1,29.8,25.0,0.0,0.0,0.0,21.1,Dubai
2021-11-26,28.8,19.0,31.3,20.1,0.0,0.0,0.0,18.9,Dubai
2021-11-27,29.8,19.7,30.9,20.8,0.0,0.0,0.0,24.7,Dubai
2021-11-28,29.2,22.8,31.3,25.6,0.0,0.0,0.0,19.1,Dubai
2021-11-29,27.3,20.7,27.9,22.3,0.0,0.0,1.0,19.9,Dubai
2021-11-30,27.7,19.3,28.1,19.9,0.6,0.6,53.0,20.2,Dubai
2021-12-01,30.0,20.1,28.9,20.2,0.0,0.0,0.0,25.2,Dubai
2021-12-02,28.1,16.5,27.3,16.3,0.0,0.0,3.0,19.6,Dubai
2021-12-03,28.3,18.5,26.9,18.0,0.0,0.0,1.0,25.0,Dubai
2021-12-04,25.5,22.3,24.3,22.3,0.0,0.0,3.0,28.1,Dubai
2021-12-05,26.6,18.0,27.6,17.4,0.0,0.0,3.0,17.3,Dubai
2021-12-06,26.3,17.8,26.6,18.0,0.0,0.0,2.0,15.5,Dubai
2021-12-07,25.9,17.7,26.5,16.8,0.0,0.0,0.0,15.6,Dubai
2021-12-08,29.6,17.1,25.7,16.2,0.0,0.0,3.0,23.5,Dubai
2021-12-09,28.9,14.8,26.2,12.4,0.0,0.0,3.0,23.4,Dubai
2021-12-10,27.3,13.5,26.6,11.5,0.0,0.0,3.0,16.0,Dubai
2021-12-11,26.3,16.0,26.7,15.1,0.0,0.0,3.0,14.0,Dubai
2021-12-12,26.2,19.9,26.1,20.7,0.0,0.0,3.0,15.5,Dubai
2021-12-13,27.0,16.0,27.1,15.7,0.0,0.0,1.0,19.1,Dubai
2021-12-14,29.5,15.8,27.3,14.0,0.0,0.0,2.0,18.7,Dubai
2021-12-15,27.1,13.8,26.0,12.8,0.0,0.0,3.0,15.9,Dubai
2021-12-16,26.6,15.7,25.9,14.8,0.0,0.0,3.0,14.3,Dubai
2021-12-17,27.0,16.9,26.8,16.1,0.0,0.0,3.0,18.9,Dubai
2021-12-18,27.1,17.8,25.2,17.6,0.0,0.0,3.0,16.4,Dubai
2021-12-19,26.7,16.2,27.3,16.3,0.0,0.0,3.0,15.0,Dubai
2021-12-20,25.9,16.3,26.3,16.1,0.0,0.0,3.0,12.5,Dubai
2021-12-21,27.1,16.6,26.4,17.2,0.0,0.0,3.0,18.7,Dubai
2021-12-22,26.6,17.7,26.5,17.3,0.0,0.0,1.0,26.4,Dubai
2021-12-23,26.3,21.0,24.5,20.6,0.0,0.0,2.0,27.3,Dubai
2021-12-24,27.1,18.5,27.3,18.6,0.0,0.0,1.0,20.2,Dubai
2021-12-25,26.2,18.5,25.8,18.8,0.0,0.0,3.0,24.2,Dubai
2021-12-26,26.1,22.4,24.8,21.9,0.0,0.0,3.0,25.2,Dubai
2021-12-27,25.2,21.4,23.8,20.2,1.0,1.0,53.0,25.4,Dubai
2021-12-28,25.4,16.3,25.5,16.3,0.0,0.0,3.0,14.1,Dubai
2021-12-29,25.6,15.2,26.0,14.3,0.0,0.0,3.0,20.0,Dubai
2021-12-30,27.0,17.1,26.2,17.5,0.0,0.0,3.0,12.3,Dubai
2021-12-31,25.9,17.6,25.6,17.3,0.4,0.4,51.0,15.4,Dubai
2022-01-01,23.6,18.6,25.6,19.5,7.7,7.7,63.0,16.9,Dubai
2022-01-02,25.8,18.8,25.5,18.6,4.6,4.6,63.0,44.3,Dubai
2022-01-03,24.3,20.4,25.4,19.7,6.8,6.8,63.0,37.3,Dubai
2022-01-04,22.1,19.7,20.8,16.0,1.4,1.4,53.0,31.1,Dubai
2022-01-05,21.9,19.4,18.4,15.4,0.2,0.2,51.0,35.9,Dubai
2022-01-06,22.0,16.9,19.4,14.2,0.0,0.0,2.0,37.9,Dubai
2022-01-07,22.7,11.6,22.7,9.6,0.0,0.0,0.0,16.1,Dubai
2022-01-08,22.2,11.7,21.2,9.4,0.0,0.0,1.0,13.1,Dubai
2022-01-09,22.0,12.4,21.2,10.3,0.0,0.0,1.0,15.2,Dubai
2022-01-10,23.2,13.1,21.7,12.1,0.0,0.0,1.0,17.0,Dubai
2022-01-11,24.1,13.7,23.3,12.1,0.0,0.0,3.0,19.3,Dubai
2022-01-12,23.6,14.3,22.9,12.4,0.0,0.0,1.0,13.4,Dubai
2022-01-13,24.2,15.0,25.4,14.9,0.0,0.0,1.0,15.4,Dubai
2022-01-14,24.4,14.8,24.5,14.6,0.0,0.0,2.0,15.4,Dubai
2022-01-15,27.0,16.4,25.0,15.0,0.4,0.4,51.0,33.0,Dubai
2022-01-16,23.5,18.8,22.6,15.4,16.4,16.4,63.0,40.9,Dubai
2022-01-17,26.8,18.1,27.8,17.8,2.9,2.9,63.0,28.9,Dubai
2022-01-18,26.3,19.6,26.1,20.0,0.0,0.0,3.0,27.6,Dubai
2022-01-19,23.5,19.4,25.6,20.8,0.0,0.0,3.0,17.4,Dubai
2022-01-20,24.2,19.3,23.1,17.0,0.0,0.0,3.0,28.1,Dubai
2022-01-21,20.2,16.7,16.2,9.6,0.0,0.0,3.0,52.7,Dubai
2022-01-22,20.7,14.7,19.6,12.9,0.0,0.0,1.0,25.7,Dubai
2022-01-23,21.5,12.7,20.3,9.9,0.0,0.0,1.0,20.0,Dubai
2022-01-24,21.4,14.9,21.3,13.8,0.0,0.0,0.0,13.2,Dubai
2022-01-25,23.2,12.7,23.5,11.4,0.0,0.0,1.0,15.2,Dubai
2022-01-26,23.6,11.7,23.9,10.9,0.0,0.0,3.0,18.6,Dubai
2022-01-27,26.3,12.9,24.8,11.4,0.0,0.0,0.0,20.4,Dubai
2022-01-28,24.0,13.0,23.6,11.5,0.0,0.0,0.0,20.3,Dubai
2022-01-29,23.2,16.2,22.4,16.1,0.0,0.0,0.0,20.8,Dubai
2022-01-30,23.5,15.3,23.5,14.8,0.0,0.0,0.0,22.4,Dubai
2022-01-31,23.8,16.1,24.2,15.5,0.0,0.0,0.0,15.5,Dubai
2022-02-01,23.3,15.3,24.2,15.6,0.0,0.0,0.0,19.4,Dubai
2022-02-02,23.0,17.4,22.2,17.5,0.0,0.0,0.0,23.3,Dubai
2022-02-03,24.1,13.6,24.0,12.8,0.0,0.0,0.0,24.6,Dubai
2022-02-04,24.1,14.6,24.5,13.8,0.0,0.0,1.0,13.3,Dubai
2022-02-05,25.4,14.3,24.1,13.2,0.0,0.0,0.0,20.2,Dubai
2022-02-06,22.6,19.2,20.9,15.9,0.0,0.0,1.0,32.4,Dubai
2022-02-07,21.8,18.4,17.6,14.6,0.0,0.0,0.0,35.3,Dubai
2022-02-08,22.5,18.1,20.1,14.6,0.0,0.0,0.0,26.3,Dubai
2022-02-09,23.3,14.3,24.0,12.3,0.0,0.0,0.0,17.6,Dubai
2022-02-10,25.2,12.7,25.7,11.2,0.0,0.0,0.0,19.3,Dubai
2022-02-11,26.0,14.6,25.9,14.5,0.0,0.0,0.0,17.8,Dubai
2022-02-12,27.3,14.4,26.0,11.6,0.0,0.0,3.0,25.1,Dubai
2022-02-13,21.8,17.4,21.3,15.4,0.0,0.0,3.0,29.6,Dubai
2022-02-14,22.5,13.1,21.9,11.7,0.0,0.0,3.0,19.6,Dubai
2022-02-15,25.2,16.5,26.2,16.5,0.0,0.0,0.0,20.4,Dubai
2022-02-16,24.6,18.0,25.2,17.8,0.0,0.0,0.0,23.7,Dubai
2022-02-17,23.0,14.8,22.1,14.2,0.0,0.0,0.0,23.1,Dubai
2022-02-18,24.4,14.3,24.4,13.0,0.0,0.0,0.0,21.6,Dubai
2022-02-19,25.9,12.8,25.6,12.2,0.0,0.0,0.0,18.1,Dubai
2022-02-20,29.9,15.7,28.0,14.2,0.0,0.0,0.0,22.5,Dubai
2022-02-21,24.6,17.6,24.2,15.5,0.0,0.0,3.0,34.3,Dubai
2022-02-22,23.3,19.2,21.6,16.0,0.0,0.0,3.0,31.2,Dubai
2022-02-23,24.1,14.8,25.2,14.1,0.0,0.0,1.0,18.3,Dubai
2022-02-24,23.8,16.6,25.2,17.9,0.0,0.0,3.0,19.7,Dubai
2022-02-25,24.5,15.3,25.7,15.3,0.0,0.0,3.0,18.9,Dubai
2022-02-26,27.1,14.0,27.1,13.9,0.0,0.0,3.0,18.3,Dubai
2022-02-27,31.9,16.5,29.9,15.9,0.0,0.0,3.0,26.7,Dubai
2022-02-28,26.1,19.8,28.6,20.9,0.0,0.0,1.0,22.3,Dubai
2022-03-01,24.0,18.0,24.1,18.6,0.0,0.0,0.0,22.6,Dubai
2022-03-02,24.4,16.2,26.2,15.7,0.0,0.0,1.0,19.4,Dubai
2022-03-03,24.3,15.8,26.4,15.9,0.0,0.0,3.0,18.1,Dubai
2022-03-04,31.5,16.1,27.7,16.4,0.0,0.0,3.0,23.9,Dubai
2022-03-05,29.8,18.5,27.6,17.8,0.0,0.0,3.0,22.2,Dubai
2022-03-06,28.4,18.1,27.2,18.8,0.0,0.0,3.0,20.2,Dubai
2022-03-07,31.3,17.6,29.6,17.3,0.0,0.0,3.0,24.3,Dubai
2022-03-08,35.7,22.7,32.1,19.8,0.0,0.0,3.0,34.0,Dubai
2022-03-09,31.0,24.9,31.2,21.1,0.0,0.0,3.0,31.1,Dubai
2022-03-10,34.2,21.6,32.8,19.5,0.0,0.0,2.0,22.0,Dubai
2022-03-11,37.3,23.6,33.8,19.6,0.0,0.0,3.0,28.2,Dubai
2022-03-12,35.5,23.2,32.2,19.6,0.0,0.0,3.0,27.1,Dubai
2022-03-13,34.5,20.9,32.4,18.4,0.0,0.0,0.0,22.6,Dubai
2022-03-14,31.7,19.5,32.3,18.4,0.0,0.0,0.0,19.9,Dubai
2022-03-15,34.2,19.4,34.7,19.7,0.0,0.0,0.0,18.6,Dubai
2022-03-16,35.2,20.3,33.4,18.0,0.0,0.0,0.0,24.8,Dubai
2022-03-17,25.8,21.5,26.0,20.2,0.0,0.0,0.0,34.0,Dubai
2022-03-18,24.6,20.3,23.0,18.7,0.0,0.0,0.0,32.6,Dubai
2022-03-19,25.1,18.7,24.4,17.9,0.0,0.0,2.0,27.3,Dubai
2022-03-20,26.3,17.2,27.9,16.8,0.0,0.0,0.0,20.0,Dubai
2022-03-21,28.3,17.2,29.3,17.7,0.0,0.0,3.0,26.4,Dubai
2022-03-22,28.7,16.6,29.2,16.7,0.0,0.0,0.0,20.7,Dubai
2022-03-23,31.5,16.7,30.4,16.5,0.0,0.0,0.0,17.2,Dubai
2022-03-24,34.0,18.8,33.2,16.9,0.0,0.0,0.0,17.1,Dubai
2022-03-25,38.6,19.9,37.2,17.4,0.0,0.0,0.0,35.9,Dubai
2022-03-26,29.6,22.7,31.0,24.4,0.0,0.0,0.0,23.0,Dubai
2022-03-27,27.2,20.5,28.2,22.1,0.0,0.0,0.0,26.0,Dubai
2022-03-28,25.6,20.7,24.6,20.6,0.0,0.0,0.0,28.9,Dubai
2022-03-29,26.0,19.8,26.6,20.4,0.0,0.0,0.0,23.9,Dubai
2022-03-30,26.6,17.3,28.7,17.6,0.0,0.0,0.0,22.3,Dubai
2022-03-31,29.3,17.0,30.5,17.7,0.0,0.0,3.0,19.8,Dubai
2022-04-01,29.4,17.6,29.4,18.0,0.0,0.0,0.0,22.7,Dubai
2022-04-02,32.0,18.3,33.9,18.2,0.0,0.0,0.0,17.5,Dubai
2022-04-03,29.2,18.9,31.5,19.5,0.0,0.0,3.0,18.7,Dubai
2022-04-04,29.7,18.1,31.9,19.3,0.0,0.0,2.0,19.6,Dubai
2022-04-05,32.2,18.9,33.9,20.7,0.0,0.0,0.0,20.7,Dubai
2022-04-06,33.9,18.8,34.3,19.6,0.0,0.0,0.0,25.3,Dubai
2022-04-07,36.3,19.2,34.5,16.8,0.0,0.0,0.0,20.2,Dubai
2022-04-08,37.8,20.8,34.3,17.5,0.0,0.0,0.0,20.7,Dubai
2022-04-09,33.4,19.5,33.8,16.6,0.0,0.0,3.0,19.5,Dubai
2022-04-10,35.5,21.0,33.7,17.9,0.0,0.0,3.0,18.9,Dubai
2022-04-11,31.4,22.8,32.9,23.2,0.0,0.0,0.0,19.2,Dubai
2022-04-12,33.0,22.2,34.2,22.6,0.0,0.0,1.0,18.7,Dubai
2022-04-13,36.4,22.9,35.3,20.3,0.0,0.0,3.0,18.1,Dubai
2022-04-14,38.8,24.0,36.8,21.9,0.0,0.0,3.0,24.0,Dubai
2022-04-15,39.2,23.6,36.1,21.6,0.0,0.0,3.0,24.0,Dubai
2022-04-16,35.2,24.1,38.1,26.2,0.0,0.0,3.0,26.4,Dubai
2022-04-17,33.9,25.4,35.6,26.8,0.0,0.0,3.0,26.1,Dubai
2022-04-18,29.4,24.4,30.1,24.1,0.0,0.0,1.0,26.3,Dubai
2022-04-19,29.9,20.8,31.2,20.7,0.0,0.0,2.0,20.5,Dubai
2022-04-20,29.3,19.8,30.9,21.5,0.0,0.0,3.0,21.9,Dubai
2022-04-21,31.4,19.5,33.6,21.8,0.0,0.0,3.0,23.1,Dubai
2022-04-22,34.5,19.8,35.1,19.3,0.0,0.0,3.0,28.3,Dubai
2022-04-23,31.8,22.3,33.2,21.6,0.0,0.0,3.0,21.7,Dubai
2022-04-24,35.5,21.6,37.2,23.1,0.0,0.0,3.0,23.7,Dubai
2022-04-25,37.2,22.1,35.8,22.6,0.0,0.0,0.0,29.6,Dubai
2022-04-26,37.9,23.8,36.6,22.9,0.0,0.0,3.0,27.3,Dubai
2022-04-27,33.9,24.7,35.8,27.3,0.0,0.0,3.0,20.5,Dubai
2022-04-28,35.4,25.5,34.8,29.7,0.0,0.0,3.0,18.4,Dubai
2022-04-29,39.1,24.1,38.8,25.1,0.0,0.0,3.0,26.6,Dubai
2022-04-30,31.4,26.3,32.7,27.8,0.0,0.0,3.0,25.6,Dubai
2022-05-01,31.4,25.1,31.8,26.8,0.0,0.0,0.0,27.4,Dubai
2022-05-02,34.9,23.2,33.8,22.5,0.0,0.0,0.0,27.1,Dubai
2022-05-03,31.9,25.8,30.6,26.6,0.0,0.0,0.0,39.6,Dubai
2022-05-04,31.4,24.3,33.2,24.8,0.0,0.0,0.0,26.6,Dubai
2022-05-05,33.9,22.2,35.6,23.5,0.0,0.0,0.0,20.8,Dubai
2022-05-06,38.5,23.3,38.5,24.0,0.0,0.0,0.0,26.1,Dubai
2022-05-07,36.6,27.9,38.2,25.1,0.0,0.0,1.0,25.0,Dubai
2022-05-08,36.4,26.7,36.6,24.0,0.0,0.0,0.0,26.1,Dubai
2022-05-09,33.2,25.5,32.8,26.6,0.0,0.0,0.0,34.6,Dubai
2022-05-10,31.4,25.1,31.9,26.0,0.0,0.0,0.0,29.0,Dubai
2022-05-11,34.0,22.0,37.1,22.1,0.0,0.0,0.0,21.5,Dubai
2022-05-12,35.3,23.4,36.5,24.4,0.0,0.0,0.0,22.8,Dubai
2022-05-13,33.3,23.5,34.7,23.7,0.0,0.0,0.0,27.4,Dubai
2022-05-14,30.5,25.3,30.0,25.5,0.0,0.0,0.0,36.4,Dubai
2022-05-15,33.0,21.0,33.6,21.3,0.0,0.0,0.0,25.3,Dubai
2022-05-16,35.8,25.0,36.1,27.1,0.0,0.0,0.0,21.9,Dubai
2022-05-17,33.9,22.2,35.3,23.0,0.0,0.0,0.0,20.2,Dubai
2022-05-18,35.3,23.1,39.5,24.6,0.0,0.0,0.0,17.3,Dubai
2022-05-19,37.5,24.0,39.1,25.6,0.0,0.0,0.0,23.0,Dubai
2022-05-20,38.5,26.0,40.9,26.1,0.0,0.0,0.0,23.4,Dubai
2022-05-21,37.6,23.5,40.9,26.7,0.0,0.0,0.0,20.5,Dubai
2022-05-22,38.4,26.4,40.1,26.9,0.0,0.0,0.0,22.2,Dubai
2022-05-23,38.8,24.3,42.3,26.6,0.0,0.0,0.0,26.0,Dubai
2022-05-24,36.0,26.3,38.1,29.0,0.0,0.0,0.0,23.1,Dubai
2022-05-25,35.6,26.0,36.9,27.6,0.0,0.0,0.0,25.8,Dubai
2022-05-26,35.2,26.8,36.9,28.3,0.0,0.0,0.0,30.1,Dubai
2022-05-27,35.5,27.4,37.2,28.5,0.0,0.0,0.0,23.7,Dubai
2022-05-28,35.2,26.4,36.7,27.4,0.0,0.0,0.0,22.2,Dubai
2022-05-29,37.5,26.2,38.4,27.2,0.0,0.0,0.0,27.6,Dubai
2022-05-30,34.0,27.1,34.0,26.3,0.0,0.0,0.0,29.8,Dubai
2022-05-31,36.0,24.1,36.6,25.3,0.0,0.0,0.0,21.2,Dubai
2022-06-01,41.8,25.6,40.6,23.4,0.0,0.0,0.0,27.3,Dubai
2022-06-02,38.8,27.7,41.2,26.2,0.0,0.0,1.0,25.0,Dubai
2022-06-03,39.4,25.7,39.7,27.3,0.0,0.0,0.0,27.6,Dubai
2022-06-04,39.4,24.1,38.5,24.2,0.0,0.0,0.0,26.8,Dubai
2022-06-05,41.2,24.6,39.1,25.4,0.0,0.0,0.0,23.0,Dubai
2022-06-06,39.5,25.1,39.1,24.7,0.0,0.0,0.0,24.0,Dubai
2022-06-07,42.8,25.6,42.2,24.5,0.0,0.0,0.0,27.7,Dubai
2022-06-08,41.4,26.5,41.2,25.4,0.0,0.0,0.0,26.1,Dubai
2022-06-09,39.6,27.0,39.1,26.0,0.0,0.0,0.0,19.7,Dubai
2022-06-10,41.1,28.3,43.1,28.0,0.0,0.0,0.0,26.6,Dubai
2022-06-11,36.3,30.0,38.2,32.1,0.0,0.0,0.0,29.1,Dubai
2022-06-12,39.6,26.6,43.0,27.7,0.0,0.0,0.0,28.7,Dubai
2022-06-13,40.1,30.0,43.0,33.6,0.0,0.0,1.0,30.5,Dubai
2022-06-14,39.2,30.1,42.8,32.9,0.0,0.0,0.0,22.4,Dubai
2022-06-15,39.4,29.8,41.7,35.6,0.0,0.0,0.0,22.2,Dubai
2022-06-16,37.0,27.8,40.1,30.1,0.0,0.0,0.0,20.5,Dubai
2022-06-17,38.0,26.9,42.9,32.4,0.0,0.0,0.0,23.8,Dubai
2022-06-18,37.8,26.0,42.4,31.6,0.0,0.0,0.0,26.2,Dubai
2022-06-19,41.3,29.3,45.4,30.1,0.0,0.0,0.0,21.7,Dubai
2022-06-20,42.2,30.5,44.0,30.9,0.0,0.0,0.0,26.5,Dubai
2022-06-21,39.1,27.9,40.0,31.9,0.0,0.0,3.0,21.4,Dubai
2022-06-22,42.4,27.2,41.4,26.8,0.0,0.0,0.0,23.5,Dubai
2022-06-23,43.3,31.1,45.8,33.2,0.0,0.0,0.0,31.8,Dubai
2022-06-24,40.8,31.0,43.4,34.2,0.0,0.0,0.0,27.1,Dubai
2022-06-25,36.6,28.7,41.9,33.6,0.0,0.0,0.0,18.8,Dubai
2022-06-26,38.0,27.9,43.1,33.5,0.0,0.0,3.0,17.6,Dubai
2022-06-27,41.3,27.7,46.9,32.9,0.0,0.0,3.0,30.9,Dubai
2022-06-28,39.8,29.8,44.8,38.0,0.0,0.0,3.0,25.1,Dubai
2022-06-29,37.2,30.5,43.1,37.7,0.0,0.0,3.0,24.5,Dubai
2022-06-30,36.0,28.4,41.1,32.8,0.0,0.0,3.0,21.4,Dubai
2022-07-01,39.8,27.2,42.5,29.6,0.0,0.0,3.0,21.4,Dubai
2022-07-02,40.7,30.9,47.6,37.0,0.0,0.0,3.0,25.4,Dubai
2022-07-03,37.9,30.3,46.0,38.8,0.0,0.0,3.0,23.3,Dubai
2022-07-04,40.5,31.1,45.6,38.8,0.0,0.0,1.0,25.6,Dubai
2022-07-05,38.4,32.7,43.6,37.0,0.0,0.0,3.0,24.0,Dubai
2022-07-06,41.9,33.1,44.5,39.9,0.0,0.0,3.0,26.4,Dubai
2022-07-07,40.9,33.3,45.7,35.7,0.6,0.6,51.0,26.1,Dubai
2022-07-08,36.9,31.0,41.3,34.2,0.0,0.0,3.0,27.8,Dubai
2022-07-09,37.1,30.3,41.3,35.8,0.0,0.0,3.0,24.4,Dubai
2022-07-10,41.6,32.1,46.3,37.0,0.0,0.0,3.0,33.7,Dubai
2022-07-11,39.5,32.0,41.7,35.3,0.0,0.0,3.0,27.6,Dubai
2022-07-12,36.3,31.8,40.8,35.5,0.0,0.0,3.0,26.0,Dubai
2022-07-13,37.0,31.5,41.3,38.9,0.0,0.0,3.0,24.8,Dubai
2022-07-14,39.9,31.3,44.7,38.9,0.0,0.0,3.0,24.2,Dubai
2022-07-15,41.0,30.2,45.8,38.4,0.0,0.0,3.0,24.7,Dubai
2022-07-16,41.6,31.9,43.5,35.9,0.0,0.0,1.0,18.8,Dubai
2022-07-17,42.2,31.7,43.2,35.6,0.0,0.0,3.0,21.5,Dubai
2022-07-18,40.2,30.4,42.5,32.9,0.0,0.0,3.0,29.0,Dubai
2022-07-19,39.2,31.3,42.3,32.9,0.0,0.0,3.0,21.3,Dubai
2022-07-20,41.0,33.3,44.7,36.4,0.0,0.0,3.0,25.6,Dubai
2022-07-21,41.8,32.5,46.4,36.3,0.0,0.0,3.0,27.1,Dubai
2022-07-22,43.3,33.1,46.0,36.5,0.0,0.0,3.0,28.5,Dubai
2022-07-23,41.7,33.3,43.8,38.2,0.0,0.0,3.0,33.2,Dubai
2022-07-24,42.3,31.8,45.1,37.5,0.0,0.0,3.0,28.5,Dubai
2022-07-25,40.9,32.3,44.6,37.3,0.0,0.0,3.0,24.3,Dubai
2022-07-26,38.0,30.5,39.9,31.8,0.0,0.0,3.0,28.7,Dubai
2022-07-27,32.2,27.5,38.3,31.2,16.7,16.7,63.0,21.5,Dubai
2022-07-28,33.5,28.0,39.6,31.6,2.4,2.4,53.0,25.4,Dubai
2022-07-29,35.0,27.2,41.2,31.1,0.0,0.0,3.0,21.0,Dubai
2022-07-30,36.5,27.7,43.5,31.9,0.0,0.0,3.0,19.9,Dubai
2022-07-31,39.3,29.4,42.5,34.5,0.0,0.0,3.0,23.5,Dubai
2022-08-01,41.2,32.0,43.0,35.3,0.0,0.0,3.0,28.0,Dubai
2022-08-02,40.2,31.9,43.2,34.7,0.0,0.0,3.0,20.4,Dubai
2022-08-03,40.7,31.6,42.8,33.5,0.0,0.0,3.0,21.4,Dubai
2022-08-04,42.9,31.3,46.4,37.4,0.0,0.0,2.0,30.1,Dubai
2022-08-05,39.6,29.7,43.0,36.3,0.0,0.0,2.0,23.3,Dubai
2022-08-06,37.9,30.0,42.7,34.8,0.0,0.0,0.0,18.9,Dubai
2022-08-07,40.6,31.8,43.5,34.3,0.0,0.0,3.0,19.2,Dubai
2022-08-08,42.9,32.0,45.8,34.1,0.0,0.0,3.0,20.9,Dubai
2022-08-09,41.7,30.6,43.0,33.0,0.0,0.0,3.0,21.1,Dubai
2022-08-10,42.2,31.1,45.1,34.0,0.0,0.0,3.0,25.6,Dubai
2022-08-11,43.2,30.3,44.3,34.6,0.0,0.0,3.0,22.9,Dubai
2022-08-12,42.3,31.2,44.4,34.9,0.0,0.0,3.0,23.0,Dubai
2022-08-13,46.0,33.2,43.2,30.8,0.0,0.0,3.0,28.9,Dubai
2022-08-14,41.0,30.6,42.7,29.3,0.0,0.0,3.0,24.9,Dubai
2022-08-15,40.5,28.8,40.7,33.1,0.0,0.0,3.0,20.8,Dubai
2022-08-16,42.6,28.1,44.9,33.4,0.0,0.0,3.0,27.6,Dubai
2022-08-17,37.5,29.7,42.9,33.5,0.0,0.0,3.0,21.5,Dubai
2022-08-18,39.9,27.5,42.0,33.5,0.0,0.0,3.0,23.7,Dubai
2022-08-19,38.7,27.9,43.1,31.1,0.0,0.0,3.0,24.8,Dubai
2022-08-20,41.7,27.4,43.1,28.5,0.0,0.0,2.0,25.2,Dubai
2022-08-21,40.9,28.8,42.3,30.7,0.0,0.0,3.0,24.0,Dubai
2022-08-22,40.3,29.6,42.9,30.9,0.0,0.0,0.0,22.1,Dubai
2022-08-23,40.6,28.1,44.6,30.8,0.0,0.0,3.0,23.7,Dubai
2022-08-24,43.7,30.4,43.1,28.9,0.0,0.0,3.0,31.0,Dubai
2022-08-25,42.7,28.7,42.1,25.3,0.0,0.0,3.0,32.9,Dubai
2022-08-26,42.9,28.3,41.1,23.6,0.0,0.0,0.0,26.1,Dubai
2022-08-27,39.6,27.1,40.4,26.7,0.0,0.0,0.0,24.7,Dubai
2022-08-28,39.2,27.2,40.6,24.4,0.0,0.0,0.0,24.5,Dubai
2022-08-29,40.2,26.2,41.6,29.2,0.0,0.0,3.0,22.2,Dubai
2022-08-30,37.8,26.2,40.5,25.7,0.0,0.0,3.0,18.4,Dubai
2022-08-31,40.0,26.9,40.9,28.2,0.0,0.0,3.0,27.1,Dubai
2022-09-01,37.6,26.9,39.9,31.4,0.0,0.0,3.0,22.8,Dubai
2022-09-02,38.3,26.3,41.1,32.3,0.0,0.0,3.0,24.0,Dubai
2022-09-03,41.0,26.3,42.6,28.7,0.0,0.0,3.0,21.7,Dubai
2022-09-04,39.5,28.1,40.4,29.6,0.0,0.0,0.0,28.4,Dubai
2022-09-05,39.3,26.1,39.8,27.9,0.0,0.0,0.0,27.8,Dubai
2022-09-06,39.5,26.3,40.6,27.2,0.0,0.0,0.0,25.8,Dubai
2022-09-07,40.7,28.4,43.5,31.1,0.0,0.0,0.0,29.2,Dubai
2022-09-08,38.9,28.8,43.7,31.5,0.0,0.0,1.0,22.7,Dubai
2022-09-09,38.9,29.0,41.1,29.8,0.0,0.0,0.0,25.9,Dubai
2022-09-10,39.7,27.7,41.7,30.7,0.0,0.0,3.0,24.3,Dubai
2022-09-11,37.0,26.8,40.3,29.6,0.0,0.0,3.0,18.8,Dubai
2022-09-12,36.6,26.0,42.9,31.1,0.0,0.0,3.0,23.2,Dubai
2022-09-13,41.0,26.5,43.6,31.9,0.0,0.0,3.0,23.5,Dubai
2022-09-14,40.3,28.4,42.5,34.2,0.0,0.0,0.0,19.3,Dubai
2022-09-15,39.3,27.1,40.4,30.8,0.0,0.0,2.0,24.8,Dubai
2022-09-16,36.4,30.2,43.0,34.1,0.0,0.0,0.0,27.7,Dubai
2022-09-17,37.4,30.2,40.4,34.3,0.0,0.0,0.0,19.5,Dubai
2022-09-18,36.4,28.2,41.3,31.2,0.0,0.0,0.0,26.4,Dubai
2022-09-19,41.0,28.8,43.7,31.1,0.0,0.0,2.0,23.8,Dubai
2022-09-20,38.3,28.6,40.9,29.9,0.0,0.0,0.0,21.7,Dubai
2022-09-21,39.5,27.1,40.8,31.3,0.0,0.0,1.0,22.6,Dubai
2022-09-22,38.7,26.6,40.8,28.7,0.0,0.0,0.0,20.7,Dubai
2022-09-23,37.4,26.1,39.0,28.9,0.0,0.0,0.0,22.0,Dubai
2022-09-24,36.2,26.0,39.9,30.0,0.0,0.0,0.0,20.7,Dubai
2022-09-25,35.1,27.3,41.1,33.3,0.0,0.0,3.0,16.8,Dubai
2022-09-26,40.2,26.6,42.2,32.3,0.0,0.0,1.0,24.0,Dubai
2022-09-27,37.5,27.2,40.6,31.1,0.0,0.0,0.0,17.3,Dubai
2022-09-28,34.2,27.1,40.4,32.8,0.0,0.0,1.0,18.6,Dubai
2022-09-29,34.4,26.8,39.8,32.0,0.0,0.0,1.0,22.9,Dubai
2022-09-30,36.1,27.9,40.6,33.2,0.0,0.0,1.0,23.3,Dubai
2022-10-01,35.8,27.0,37.8,32.6,0.0,0.0,0.0,22.6,Dubai
2022-10-02,34.3,26.4,40.1,31.1,0.0,0.0,0.0,17.9,Dubai
2022-10-03,38.9,27.0,41.4,31.9,0.0,0.0,1.0,27.4,Dubai
2022-10-04,36.6,25.7,39.0,26.1,0.0,0.0,1.0,18.7,Dubai
2022-10-05,36.3,26.1,37.5,28.1,0.0,0.0,0.0,22.7,Dubai
2022-10-06,34.2,25.5,39.1,30.4,0.0,0.0,3.0,20.7,Dubai
2022-10-07,41.5,26.0,37.5,26.3,0.0,0.0,0.0,29.8,Dubai
2022-10-08,38.8,25.8,38.4,25.2,0.0,0.0,0.0,26.7,Dubai
2022-10-09,37.4,21.3,36.8,18.0,0.0,0.0,0.0,23.6,Dubai
2022-10-10,34.6,22.5,36.4,23.3,0.0,0.0,0.0,17.9,Dubai
2022-10-11,32.5,24.0,37.7,27.7,0.0,0.0,0.0,17.8,Dubai
2022-10-12,33.3,23.2,37.4,26.8,0.0,0.0,0.0,23.2,Dubai
2022-10-13,36.5,22.2,35.1,21.0,0.0,0.0,0.0,21.1,Dubai
2022-10-14,36.6,21.4,34.1,19.2,0.0,0.0,0.0,23.8,Dubai
2022-10-15,35.2,22.5,35.3,24.0,0.0,0.0,0.0,20.2,Dubai
2022-10-16,34.0,23.9,37.5,27.5,0.0,0.0,0.0,19.1,Dubai
2022-10-17,34.6,24.0,38.8,27.6,0.0,0.0,0.0,20.8,Dubai
2022-10-18,36.8,22.6,36.9,24.8,0.0,0.0,3.0,21.4,Dubai
2022-10-19,33.1,24.4,38.5,28.7,0.0,0.0,3.0,15.1,Dubai
2022-10-20,33.5,22.5,36.6,26.0,0.0,0.0,3.0,15.7,Dubai
2022-10-21,34.7,24.1,37.9,27.9,0.0,0.0,1.0,19.3,Dubai
2022-10-22,37.3,23.3,36.5,26.5,0.0,0.0,0.0,30.1,Dubai
2022-10-23,34.6,23.7,34.3,25.9,0.0,0.0,0.0,22.5,Dubai
2022-10-24,34.8,23.8,35.4,26.8,0.0,0.0,0.0,22.1,Dubai
2022-10-25,33.2,23.0,35.7,25.9,0.0,0.0,0.0,20.6,Dubai
2022-10-26,33.2,23.7,35.7,26.3,0.0,0.0,0.0,21.0,Dubai
2022-10-27,32.8,23.0,35.1,25.9,0.0,0.0,3.0,17.3,Dubai
2022-10-28,32.2,22.7,35.6,25.9,0.0,0.0,3.0,16.4,Dubai
2022-10-29,32.1,22.9,35.7,25.2,0.0,0.0,3.0,17.6,Dubai
2022-10-30,33.6,23.0,34.5,25.4,0.0,0.0,1.0,16.6,Dubai
2022-10-31,31.3,22.7,36.0,26.3,0.0,0.0,2.0,19.1,Dubai
2022-11-01,31.2,22.3,34.6,25.1,0.0,0.0,3.0,15.0,Dubai
2022-11-02,33.1,21.7,34.2,23.7,0.0,0.0,3.0,16.8,Dubai
2022-11-03,34.9,21.8,33.9,23.1,0.0,0.0,3.0,21.1,Dubai
2022-11-04,33.4,22.3,31.0,22.3,0.0,0.0,3.0,25.5,Dubai
2022-11-05,31.1,24.2,33.3,24.6,0.0,0.0,3.0,19.5,Dubai
2022-11-06,30.7,25.1,32.3,27.3,0.0,0.0,3.0,25.0,Dubai
2022-11-07,31.6,26.2,33.3,28.2,5.2,5.2,63.0,20.4,Dubai
2022-11-08,33.0,23.4,33.9,25.5,0.0,0.0,0.0,16.8,Dubai
2022-11-09,34.2,24.5,32.0,22.7,0.0,0.0,1.0,22.5,Dubai
2022-11-10,32.3,23.6,33.9,25.5,0.0,0.0,0.0,18.5,Dubai
2022-11-11,34.0,21.8,34.6,21.3,0.0,0.0,0.0,22.5,Dubai
2022-11-12,33.7,21.7,33.2,24.1,0.0,0.0,0.0,19.2,Dubai
2022-11-13,31.9,22.3,33.6,25.2,0.0,0.0,0.0,24.2,Dubai
2022-11-14,31.0,26.1,32.3,27.9,0.0,0.0,0.0,20.9,Dubai
2022-11-15,31.4,24.3,30.9,26.7,0.0,0.0,0.0,29.6,Dubai
2022-11-16,31.3,24.7,32.8,27.9,0.0,0.0,0.0,22.9,Dubai
2022-11-17,33.9,21.6,34.4,23.1,0.0,0.0,2.0,20.9,Dubai
2022-11-18,32.1,21.2,31.9,22.7,0.0,0.0,3.0,14.3,Dubai
2022-11-19,30.3,21.5,33.2,22.9,0.0,0.0,3.0,19.0,Dubai
2022-11-20,30.3,24.7,32.0,27.2,0.0,0.0,3.0,24.3,Dubai
2022-11-21,28.8,23.4,30.6,25.5,0.0,0.0,3.0,14.6,Dubai
2022-11-22,32.5,22.4,30.4,23.4,0.0,0.0,3.0,26.5,Dubai
2022-11-23,30.6,20.5,32.0,20.8,0.0,0.0,1.0,18.0,Dubai
2022-11-24,29.0,21.9,30.9,23.0,0.0,0.0,1.0,16.9,Dubai
2022-11-25,28.1,20.0,29.9,21.0,0.0,0.0,3.0,16.1,Dubai
2022-11-26,29.4,20.6,30.5,21.1,0.0,0.0,3.0,15.2,Dubai
2022-11-27,29.4,19.9,31.8,20.0,0.0,0.0,3.0,16.1,Dubai
2022-11-28,29.8,19.7,31.9,20.8,0.0,0.0,3.0,14.9,Dubai
2022-11-29,32.7,18.8,31.6,16.8,0.0,0.0,3.0,26.9,Dubai
2022-11-30,30.2,21.5,32.2,22.2,0.0,0.0,3.0,16.6,Dubai
2022-12-01,28.5,20.1,30.0,21.4,0.0,0.0,3.0,15.6,Dubai
2022-12-02,28.8,20.2,30.8,20.7,0.0,0.0,3.0,14.8,Dubai
2022-12-03,28.8,19.4,30.3,20.6,0.0,0.0,0.0,16.3,Dubai
2022-12-04,27.9,19.5,29.3,20.7,0.0,0.0,2.0,15.5,Dubai
2022-12-05,28.7,20.3,30.1,20.1,0.0,0.0,3.0,14.2,Dubai
2022-12-06,29.6,19.4,30.7,19.8,0.0,0.0,3.0,17.1,Dubai
2022-12-07,29.7,18.8,28.0,19.1,0.0,0.0,0.0,20.6,Dubai
2022-12-08,27.9,19.0,28.5,19.7,0.0,0.0,1.0,17.2,Dubai
2022-12-09,27.4,22.5,27.7,21.8,5.5,5.5,61.0,22.0,Dubai
2022-12-10,25.8,22.9,23.4,20.8,0.4,0.4,51.0,29.8,Dubai
2022-12-11,25.7,22.3,22.8,20.1,0.0,0.0,1.0,26.5,Dubai
2022-12-12,26.1,16.9,25.4,15.2,0.0,0.0,0.0,16.9,Dubai
2022-12-13,26.7,15.5,26.8,14.4,0.0,0.0,1.0,25.2,Dubai
2022-12-14,28.1,18.8,28.4,18.5,0.0,0.0,3.0,22.0,Dubai
2022-12-15,27.5,18.3,27.1,18.8,0.0,0.0,1.0,23.8,Dubai
2022-12-16,27.0,19.5,26.5,20.1,0.0,0.0,0.0,15.4,Dubai
2022-12-17,27.2,18.6,26.8,18.0,0.1,0.1,51.0,19.5,Dubai
2022-12-18,26.5,19.9,25.8,19.8,0.0,0.0,0.0,16.2,Dubai
2022-12-19,26.3,17.1,26.5,16.6,0.0,0.0,1.0,19.3,Dubai
2022-12-20,26.8,16.6,25.3,15.5,0.0,0.0,1.0,30.3,Dubai
2022-12-21,28.3,18.4,27.3,16.6,0.0,0.0,2.0,33.7,Dubai
2022-12-22,26.9,17.1,24.4,16.1,0.0,0.0,3.0,20.8,Dubai
2022-12-23,27.8,16.5,26.6,15.4,0.0,0.0,3.0,24.7,Dubai
2022-12-24,28.2,19.8,26.1,18.5,0.0,0.0,3.0,30.4,Dubai
2022-12-25,27.1,20.6,25.8,20.0,0.1,0.1,51.0,22.3,Dubai
2022-12-26,23.8,18.6,23.9,16.9,7.4,7.4,63.0,28.6,Dubai
2022-12-27,21.8,17.8,23.3,17.8,20.7,20.7,63.0,16.2,Dubai
2022-12-28,22.2,17.5,20.4,17.4,1.1,1.1,51.0,33.8,Dubai
2022-12-29,22.8,16.2,22.1,15.3,0.0,0.0,2.0,25.3,Dubai
2022-12-30,23.9,14.1,23.2,12.5,0.0,0.0,3.0,21.7,Dubai
2022-12-31,23.3,15.2,22.9,15.0,0.0,0.0,3.0,17.1,Dubai
2023-01-01,23.8,18.0,24.0,17.9,0.0,0.0,3.0,15.8,Dubai
2023-01-02,25.0,15.9,25.4,15.5,0.0,0.0,3.0,19.6,Dubai
2023-01-03,24.2,16.9,22.9,15.3,1.5,1.5,53.0,16.6,Dubai
2023-01-04,26.5,15.6,22.9,12.9,0.0,0.0,3.0,26.5,Dubai
2023-01-05,27.2,17.8,25.0,15.6,0.0,0.0,3.0,25.7,Dubai
2023-01-06,25.1,18.7,23.3,19.1,0.0,0.0,3.0,26.0,Dubai
2023-01-07,22.1,17.3,22.9,17.2,2.9,2.9,61.0,15.9,Dubai
2023-01-08,22.8,15.5,22.9,15.5,0.6,0.6,53.0,17.4,Dubai
2023-01-09,22.8,17.6,22.9,17.7,0.0,0.0,1.0,14.6,Dubai
2023-01-10,27.5,16.3,24.3,16.5,0.0,0.0,3.0,35.7,Dubai
2023-01-11,22.7,19.5,20.9,18.6,0.0,0.0,3.0,27.1,Dubai
2023-01-12,22.6,16.1,20.7,14.7,0.0,0.0,2.0,36.4,Dubai
2023-01-13,23.8,14.8,20.3,12.2,0.0,0.0,3.0,26.9,Dubai
2023-01-14,24.4,15.1,22.2,12.6,0.0,0.0,3.0,26.4,Dubai
2023-01-15,25.8,16.6,24.2,14.6,0.0,0.0,3.0,23.8,Dubai
2023-01-16,24.2,16.7,23.8,17.1,0.0,0.0,3.0,15.6,Dubai
2023-01-17,28.5,16.7,28.3,15.9,0.0,0.0,3.0,25.2,Dubai
2023-01-18,23.1,20.5,23.0,17.0,0.0,0.0,3.0,33.9,Dubai
2023-01-19,23.0,19.6,22.2,17.7,0.0,0.0,3.0,25.3,Dubai
2023-01-20,24.1,14.5,22.7,13.3,0.0,0.0,3.0,27.4,Dubai
2023-01-21,25.2,14.2,22.1,11.5,0.0,0.0,2.0,26.3,Dubai
2023-01-22,24.4,14.0,22.3,11.7,0.0,0.0,0.0,23.8,Dubai
2023-01-23,23.8,16.0,20.8,13.5,0.0,0.0,3.0,25.8,Dubai
2023-01-24,23.9,15.2,21.0,13.3,0.0,0.0,1.0,26.3,Dubai
2023-01-25,21.7,16.0,18.9,13.9,3.0,3.0,61.0,24.7,Dubai
2023-01-26,19.6,15.0,17.9,13.6,9.8,9.8,61.0,21.6,Dubai
2023-01-27,19.5,15.1,18.3,12.7,16.5,16.5,63.0,26.9,Dubai
2023-01-28,19.6,15.0,19.0,12.9,0.4,0.4,51.0,19.7,Dubai
2023-01-29,20.5,12.6,20.6,10.5,0.0,0.0,0.0,14.3,Dubai
2023-01-30,20.9,13.3,21.2,11.3,0.0,0.0,2.0,17.0,Dubai
2023-01-31,24.6,13.2,24.5,11.8,0.0,0.0,1.0,17.4,Dubai
2023-02-01,25.4,16.2,25.4,14.8,0.0,0.0,1.0,19.9,Dubai
2023-02-02,24.9,16.3,25.6,14.7,0.0,0.0,0.0,20.4,Dubai
2023-02-03,23.5,17.4,25.6,17.8,0.0,0.0,0.0,15.0,Dubai
2023-02-04,21.9,17.3,21.5,17.6,0.4,0.4,51.0,20.5,Dubai
2023-02-05,22.4,16.2,23.0,16.4,0.0,0.0,2.0,19.2,Dubai
2023-02-06,24.3,14.8,26.2,14.7,0.0,0.0,2.0,15.8,Dubai
2023-02-07,28.8,15.1,28.2,14.0,0.0,0.0,2.0,16.7,Dubai
2023-02-08,27.6,18.9,25.1,15.2,0.0,0.0,3.0,23.8,Dubai
2023-02-09,22.4,19.1,20.0,14.6,0.0,0.0,3.0,39.3,Dubai
2023-02-10,20.7,17.8,17.3,13.6,0.0,0.0,3.0,37.0,Dubai
2023-02-11,22.7,15.6,22.9,15.3,0.0,0.0,1.0,16.5,Dubai
2023-02-12,25.1,13.8,25.1,13.1,0.0,0.0,1.0,17.1,Dubai
2023-02-13,29.7,15.8,27.9,14.6,0.0,0.0,3.0,20.0,Dubai
2023-02-14,31.8,16.7,30.0,16.1,0.0,0.0,1.0,23.4,Dubai
2023-02-15,32.2,17.2,28.7,14.2,0.0,0.0,3.0,26.4,Dubai
2023-02-16,29.1,18.7,26.4,15.1,0.0,0.0,3.0,20.6,Dubai
2023-02-17,24.0,15.7,26.4,16.3,0.0,0.0,3.0,16.1,Dubai
2023-02-18,23.7,18.0,23.3,18.5,0.0,0.0,0.0,24.9,Dubai
2023-02-19,22.5,18.2,21.0,17.3,0.0,0.0,3.0,29.5,Dubai
2023-02-20,22.2,18.7,21.0,16.9,0.0,0.0,3.0,25.3,Dubai
2023-02-21,22.8,16.7,22.2,16.5,0.0,0.0,3.0,24.1,Dubai
2023-02-22,24.7,16.6,23.9,16.2,0.0,0.0,3.0,21.7,Dubai
2023-02-23,26.7,15.0,25.2,13.2,0.0,0.0,2.0,14.8,Dubai
2023-02-24,29.9,14.3,28.1,11.8,0.0,0.0,1.0,18.5,Dubai
2023-02-25,32.0,17.9,30.9,14.9,0.0,0.0,3.0,25.6,Dubai
2023-02-26,31.2,19.3,31.3,17.7,0.0,0.0,0.0,23.3,Dubai
2023-02-27,31.2,18.5,28.7,17.0,0.0,0.0,3.0,21.1,Dubai
2023-02-28,30.3,20.5,29.1,19.4,0.0,0.0,3.0,26.6,Dubai
2023-03-01,26.8,20.2,27.8,20.6,0.1,0.1,51.0,22.6,Dubai
2023-03-02,26.2,20.0,27.6,21.4,0.4,0.4,51.0,20.6,Dubai
2023-03-03,27.6,20.0,29.6,20.3,0.0,0.0,3.0,23.7,Dubai
2023-03-04,25.9,19.5,28.2,21.9,0.0,0.0,3.0,21.0,Dubai
2023-03-05,26.2,17.3,27.2,18.6,0.0,0.0,3.0,18.2,Dubai
2023-03-06,28.4,16.8,27.5,16.6,0.0,0.0,0.0,16.3,Dubai
2023-03-07,28.7,16.0,28.0,14.5,0.0,0.0,1.0,18.3,Dubai
2023-03-08,31.2,15.6,31.8,15.2,0.0,0.0,3.0,22.1,Dubai
2023-03-09,34.4,19.8,32.4,18.7,0.0,0.0,3.0,24.0,Dubai
2023-03-10,33.4,23.3,31.8,20.0,0.0,0.0,3.0,26.3,Dubai
2023-03-11,28.8,20.4,29.2,21.5,0.0,0.0,3.0,18.8,Dubai
2023-03-12,32.5,20.5,31.6,21.5,0.0,0.0,3.0,20.5,Dubai
2023-03-13,33.9,21.2,31.3,19.2,0.2,0.2,51.0,31.1,Dubai
2023-03-14,30.5,22.7,30.9,24.4,0.0,0.0,3.0,24.3,Dubai
2023-03-15,29.4,20.1,30.2,22.4,0.0,0.0,3.0,14.8,Dubai
2023-03-16,29.6,20.2,29.1,20.8,0.0,0.0,0.0,19.4,Dubai
2023-03-17,26.5,22.0,27.0,21.0,0.0,0.0,0.0,32.0,Dubai
2023-03-18,25.4,19.9,26.4,20.4,0.0,0.0,1.0,22.6,Dubai
2023-03-19,26.4,17.7,26.6,17.8,0.0,0.0,3.0,22.7,Dubai
2023-03-20,28.8,18.2,27.5,18.1,0.0,0.0,0.0,20.5,Dubai
2023-03-21,33.8,20.5,31.3,18.0,0.0,0.0,2.0,29.1,Dubai
2023-03-22,25.9,22.2,23.8,17.9,0.0,0.0,0.0,33.6,Dubai
2023-03-23,24.7,21.3,20.6,16.7,0.0,0.0,1.0,38.9,Dubai
2023-03-24,25.1,20.5,25.3,19.7,0.0,0.0,3.0,24.4,Dubai
2023-03-25,25.2,17.7,26.6,17.7,0.0,0.0,3.0,20.7,Dubai
2023-03-26,30.1,18.2,31.5,19.5,0.0,0.0,3.0,24.5,Dubai
2023-03-27,30.9,23.1,31.8,23.1,0.0,0.0,3.0,25.3,Dubai
2023-03-28,28.0,22.4,27.8,19.9,0.3,0.3,51.0,32.5,Dubai
2023-03-29,25.8,21.6,26.0,18.4,0.0,0.0,0.0,35.0,Dubai
2023-03-30,25.9,18.9,26.7,19.2,0.0,0.0,2.0,20.2,Dubai
2023-03-31,26.5,18.5,28.3,19.3,0.0,0.0,3.0,25.0,Dubai
2023-04-01,27.5,18.2,28.1,19.8,0.0,0.0,1.0,22.9,Dubai
2023-04-02,24.5,20.9,23.1,18.4,0.0,0.0,3.0,34.2,Dubai
2023-04-03,24.4,20.1,21.9,17.6,0.0,0.0,0.0,36.1,Dubai
2023-04-04,25.7,19.3,24.6,18.8,0.0,0.0,2.0,30.4,Dubai
2023-04-05,25.6,17.6,27.1,17.2,0.0,0.0,0.0,19.9,Dubai
2023-04-06,26.9,17.4,29.0,17.6,0.0,0.0,3.0,22.7,Dubai
2023-04-07,28.3,17.2,30.4,18.9,0.0,0.0,3.0,28.6,Dubai
2023-04-08,30.5,20.0,31.0,21.0,0.0,0.0,3.0,24.8,Dubai
2023-04-09,28.3,21.2,30.3,22.6,0.0,0.0,3.0,21.0,Dubai
2023-04-10,30.9,18.5,32.7,20.0,0.0,0.0,0.0,23.1,Dubai
2023-04-11,34.8,19.9,34.3,21.1,0.0,0.0,3.0,30.0,Dubai
2023-04-12,33.2,21.0,34.0,21.3,0.0,0.0,3.0,22.2,Dubai
2023-04-13,35.6,24.7,34.5,24.1,0.0,0.0,3.0,42.5,Dubai
2023-04-14,29.0,24.1,31.5,25.9,0.0,0.0,3.0,46.8,Dubai
2023-04-15,27.7,22.9,27.1,22.1,0.0,0.0,3.0,31.6,Dubai
2023-04-16,26.9,20.7,28.1,20.6,0.0,0.0,3.0,32.1,Dubai
2023-04-17,27.6,22.6,26.7,22.9,0.0,0.0,3.0,28.1,Dubai
2023-04-18,28.0,22.0,27.8,22.6,0.0,0.0,3.0,22.8,Dubai
2023-04-19,27.7,18.4,29.4,18.6,0.0,0.0,3.0,21.8,Dubai
2023-04-20,27.9,19.0,28.3,19.2,0.0,0.0,3.0,19.5,Dubai
2023-04-21,29.4,19.8,28.9,19.9,0.0,0.0,0.0,22.1,Dubai
2023-04-22,31.5,19.5,30.7,18.0,0.0,0.0,3.0,24.4,Dubai
2023-04-23,31.2,19.2,30.3,18.8,0.0,0.0,3.0,25.0,Dubai
2023-04-24,31.2,21.1,32.1,18.7,0.0,0.0,3.0,17.7,Dubai
2023-04-25,33.4,21.9,34.3,21.7,0.0,0.0,3.0,23.8,Dubai
2023-04-26,32.9,22.5,33.3,22.4,0.0,0.0,3.0,25.2,Dubai
2023-04-27,30.5,23.1,29.3,24.8,0.0,0.0,3.0,25.9,Dubai
2023-04-28,29.4,21.4,31.0,20.2,0.0,0.0,0.0,18.8,Dubai
2023-04-29,31.4,21.3,31.1,21.1,0.0,0.0,0.0,25.7,Dubai
2023-04-30,33.8,21.3,31.7,19.3,0.0,0.0,0.0,20.3,Dubai
2023-05-01,33.5,22.0,33.3,20.1,0.0,0.0,0.0,21.3,Dubai
2023-05-02,32.3,23.0,34.5,23.5,0.0,0.0,0.0,21.7,Dubai
2023-05-03,30.5,23.2,32.4,23.3,0.0,0.0,0.0,26.4,Dubai
2023-05-04,31.6,21.3,34.1,21.4,0.0,0.0,0.0,22.7,Dubai
2023-05-05,31.9,22.0,34.6,23.4,0.0,0.0,0.0,20.6,Dubai
2023-05-06,30.5,20.5,34.6,22.7,0.0,0.0,3.0,21.4,Dubai
2023-05-07,31.3,21.6,36.0,25.0,0.0,0.0,3.0,21.1,Dubai
2023-05-08,33.4,18.4,35.7,20.0,0.0,0.0,3.0,22.5,Dubai
2023-05-09,37.0,21.5,36.3,19.4,0.0,0.0,3.0,22.5,Dubai
2023-05-10,35.1,23.6,36.3,20.4,0.0,0.0,0.0,19.0,Dubai
2023-05-11,38.7,24.7,36.4,22.1,0.0,0.0,1.0,28.3,Dubai
2023-05-12,34.7,25.1,37.1,23.9,0.0,0.0,3.0,19.6,Dubai
2023-05-13,36.2,26.5,37.8,27.4,0.0,0.0,0.0,30.2,Dubai
2023-05-14,37.7,26.2,36.4,24.9,0.0,0.0,0.0,26.7,Dubai
2023-05-15,34.2,26.9,35.0,28.3,0.0,0.0,0.0,29.4,Dubai
2023-05-16,34.0,24.6,34.7,25.1,0.0,0.0,3.0,27.6,Dubai
2023-05-17,36.4,28.1,36.9,29.7,0.0,0.0,3.0,24.5,Dubai
2023-05-18,38.2,26.2,37.4,26.4,0.0,0.0,3.0,26.9,Dubai
2023-05-19,37.9,26.3,38.0,25.8,0.0,0.0,3.0,19.7,Dubai
2023-05-20,40.1,26.8,38.0,29.3,0.0,0.0,3.0,29.1,Dubai
2023-05-21,37.6,29.4,39.4,30.7,0.0,0.0,3.0,23.7,Dubai
2023-05-22,37.3,29.2,38.3,30.1,0.0,0.0,3.0,22.1,Dubai
2023-05-23,37.0,27.7,37.9,29.5,0.0,0.0,3.0,19.5,Dubai
2023-05-24,35.9,26.0,36.8,27.5,0.0,0.0,3.0,22.5,Dubai
2023-05-25,38.1,25.9,39.3,28.8,0.0,0.0,3.0,27.9,Dubai
2023-05-26,37.7,27.2,38.0,29.3,0.0,0.0,3.0,28.5,Dubai
2023-05-27,36.7,28.3,37.6,31.3,0.0,0.0,0.0,30.8,Dubai
2023-05-28,35.5,28.5,37.4,31.8,0.0,0.0,0.0,26.6,Dubai
2023-05-29,37.7,26.1,40.4,27.5,0.0,0.0,3.0,21.6,Dubai
2023-05-30,41.8,26.2,41.4,28.0,0.0,0.0,1.0,27.7,Dubai
2023-05-31,39.3,27.1,39.9,28.7,0.0,0.0,3.0,31.7,Dubai
2023-06-01,35.3,28.8,37.3,32.3,0.0,0.0,3.0,31.3,Dubai
2023-06-02,35.3,29.7,36.4,31.5,0.0,0.0,3.0,32.9,Dubai
2023-06-03,37.9,26.8,39.6,26.5,0.0,0.0,3.0,25.0,Dubai
2023-06-04,36.1,26.6,41.7,30.3,0.0,0.0,0.0,22.8,Dubai
2023-06-05,42.9,27.4,41.3,28.4,0.0,0.0,0.0,29.4,Dubai
2023-06-06,41.2,29.5,40.8,28.2,0.0,0.0,0.0,29.8,Dubai
2023-06-07,37.1,28.1,40.6,29.6,0.0,0.0,0.0,19.6,Dubai
2023-06-08,36.7,27.0,39.4,29.1,0.0,0.0,1.0,24.0,Dubai
2023-06-09,37.7,28.1,39.2,28.0,0.0,0.0,0.0,23.5,Dubai
2023-06-10,37.7,26.7,40.0,27.0,0.0,0.0,3.0,23.6,Dubai
2023-06-11,37.1,26.3,41.2,30.2,0.0,0.0,0.0,24.5,Dubai
2023-06-12,39.4,26.3,41.4,28.6,0.0,0.0,2.0,19.7,Dubai
2023-06-13,38.3,27.7,42.0,31.9,0.0,0.0,3.0,20.3,Dubai
2023-06-14,37.1,30.9,42.2,35.8,0.0,0.0,2.0,24.1,Dubai
2023-06-15,41.5,28.2,44.7,30.5,0.0,0.0,3.0,24.4,Dubai
2023-06-16,38.3,28.9,42.1,32.4,0.0,0.0,2.0,24.9,Dubai
2023-06-17,36.2,30.0,40.2,33.0,0.0,0.0,3.0,28.1,Dubai
2023-06-18,35.8,27.2,39.3,30.0,0.0,0.0,1.0,19.3,Dubai
2023-06-19,38.1,29.3,43.4,34.8,0.0,0.0,2.0,26.9,Dubai
2023-06-20,40.4,30.1,42.6,36.3,0.0,0.0,1.0,23.0,Dubai
2023-06-21,37.8,29.1,40.8,32.2,0.0,0.0,2.0,20.6,Dubai
2023-06-22,37.7,28.7,42.7,34.3,0.0,0.0,3.0,20.6,Dubai
2023-06-23,37.4,28.1,41.5,32.5,0.0,0.0,2.0,21.9,Dubai
2023-06-24,38.3,29.0,44.9,31.0,0.0,0.0,3.0,27.4,Dubai
2023-06-25,38.8,29.7,43.9,30.6,0.0,0.0,1.0,21.4,Dubai
2023-06-26,41.6,28.7,44.3,33.8,0.0,0.0,1.0,23.9,Dubai
2023-06-27,43.4,30.9,48.6,35.8,0.0,0.0,2.0,30.5,Dubai
2023-06-28,40.5,32.3,44.8,36.2,0.0,0.0,3.0,24.6,Dubai
2023-06-29,40.7,31.6,44.4,38.6,0.0,0.0,3.0,29.6,Dubai
2023-06-30,37.7,29.1,41.6,36.6,0.0,0.0,3.0,22.8,Dubai
2023-07-01,38.9,28.5,41.1,32.1,0.0,0.0,2.0,22.2,Dubai
2023-07-02,39.1,28.4,42.0,31.1,0.0,0.0,0.0,21.8,Dubai
2023-07-03,38.5,28.0,43.8,34.1,0.0,0.0,0.0,22.8,Dubai
2023-07-04,38.8,29.3,43.3,36.9,0.0,0.0,3.0,21.2,Dubai
2023-07-05,37.6,28.7,42.4,34.4,0.0,0.0,1.0,20.2,Dubai
2023-07-06,38.3,28.2,44.3,34.2,0.0,0.0,0.0,21.2,Dubai
2023-07-07,44.4,32.5,47.0,34.8,0.0,0.0,3.0,24.5,Dubai
2023-07-08,42.6,33.1,45.1,35.9,0.0,0.0,3.0,26.8,Dubai
2023-07-09,43.8,32.0,45.1,37.0,0.0,0.0,1.0,27.9,Dubai
2023-07-10,43.2,32.0,45.8,37.0,0.0,0.0,0.0,24.5,Dubai
2023-07-11,41.4,32.4,42.3,35.6,0.0,0.0,3.0,25.4,Dubai
2023-07-12,39.0,30.1,41.8,34.4,0.0,0.0,2.0,22.4,Dubai
2023-07-13,42.2,30.3,45.7,37.1,0.0,0.0,3.0,20.1,Dubai
2023-07-14,43.7,32.8,46.3,39.0,0.0,0.0,3.0,26.4,Dubai
2023-07-15,43.8,33.7,45.5,36.5,0.0,0.0,2.0,25.9,Dubai
2023-07-16,44.1,33.1,44.7,36.0,0.0,0.0,3.0,29.4,Dubai
2023-07-17,38.8,31.7,43.6,33.6,0.0,0.0,3.0,23.2,Dubai
2023-07-18,41.6,29.5,44.6,37.3,0.0,0.0,1.0,22.9,Dubai
2023-07-19,38.8,30.8,44.3,38.8,0.0,0.0,3.0,21.3,Dubai
2023-07-20,39.9,30.2,43.2,35.8,0.0,0.0,3.0,20.7,Dubai
2023-07-21,44.0,29.6,46.8,33.3,0.0,0.0,3.0,28.4,Dubai
2023-07-22,43.9,33.0,47.1,35.6,0.0,0.0,3.0,26.7,Dubai
2023-07-23,44.3,33.0,47.7,36.4,0.0,0.0,3.0,27.6,Dubai
2023-07-24,41.1,32.5,45.0,34.9,0.0,0.0,3.0,21.9,Dubai
2023-07-25,43.0,33.4,46.8,37.3,0.0,0.0,3.0,31.5,Dubai
2023-07-26,42.7,33.1,46.7,35.3,0.0,0.0,3.0,27.7,Dubai
2023-07-27,40.9,32.1,45.9,34.9,0.0,0.0,3.0,29.9,Dubai
2023-07-28,41.5,32.7,46.6,35.7,0.0,0.0,3.0,25.3,Dubai
2023-07-29,40.6,33.0,45.7,38.7,0.0,0.0,3.0,25.8,Dubai
2023-07-30,37.3,31.1,44.7,38.2,0.0,0.0,3.0,19.5,Dubai
2023-07-31,37.2,30.0,42.9,36.5,0.0,0.0,3.0,20.5,Dubai
2023-08-01,38.5,29.7,42.7,35.7,0.0,0.0,3.0,21.0,Dubai
2023-08-02,38.5,30.8,44.5,36.8,0.0,0.0,3.0,23.6,Dubai
2023-08-03,45.1,32.5,47.0,37.8,0.0,0.0,2.0,27.4,Dubai
2023-08-04,41.6,31.9,47.6,36.1,0.0,0.0,3.0,20.4,Dubai
2023-08-05,45.7,33.6,48.6,37.0,0.0,0.0,3.0,28.8,Dubai
2023-08-06,43.9,34.3,46.6,36.5,0.0,0.0,0.0,26.3,Dubai
2023-08-07,43.1,32.5,44.2,35.9,0.0,0.0,0.0,27.4,Dubai
2023-08-08,40.4,31.4,43.1,37.0,0.0,0.0,3.0,19.5,Dubai
2023-08-09,41.2,30.3,45.0,36.4,0.0,0.0,0.0,24.2,Dubai
2023-08-10,42.4,33.0,45.4,37.3,0.0,0.0,3.0,22.9,Dubai
2023-08-11,43.0,32.2,45.0,37.0,0.0,0.0,1.0,22.2,Dubai
2023-08-12,41.7,32.0,43.6,35.5,0.0,0.0,1.0,26.0,Dubai
2023-08-13,41.4,32.1,42.2,34.3,0.0,0.0,3.0,26.1,Dubai
2023-08-14,38.8,30.9,43.1,36.4,0.0,0.0,0.0,20.7,Dubai
2023-08-15,44.4,30.2,45.7,34.0,0.0,0.0,3.0,29.2,Dubai
2023-08-16,43.3,33.7,45.9,31.0,0.0,0.0,3.0,21.6,Dubai
2023-08-17,39.9,32.3,44.2,33.4,0.0,0.0,3.0,27.3,Dubai
2023-08-18,38.3,30.2,41.9,33.3,0.0,0.0,0.0,25.6,Dubai
2023-08-19,38.6,30.3,41.4,35.7,0.0,0.0,0.0,23.9,Dubai
2023-08-20,41.4,30.6,44.6,35.9,0.0,0.0,1.0,23.5,Dubai
2023-08-21,39.8,29.4,42.6,32.6,0.0,0.0,1.0,21.1,Dubai
2023-08-22,39.6,29.1,42.7,33.4,0.0,0.0,1.0,19.1,Dubai
2023-08-23,38.7,29.7,43.3,36.1,0.0,0.0,0.0,24.9,Dubai
2023-08-24,37.3,30.6,45.9,38.5,0.0,0.0,3.0,21.6,Dubai
2023-08-25,45.5,30.9,47.6,37.2,0.0,0.0,3.0,30.8,Dubai
2023-08-26,43.7,30.9,45.6,34.0,0.0,0.0,1.0,25.5,Dubai
2023-08-27,43.7,29.7,44.9,32.2,0.0,0.0,3.0,23.9,Dubai
2023-08-28,43.4,30.1,47.1,37.1,0.0,0.0,2.0,27.6,Dubai
2023-08-29,37.6,29.6,44.5,32.4,0.0,0.0,0.0,25.7,Dubai
2023-08-30,43.2,30.2,44.9,28.0,0.0,0.0,0.0,29.6,Dubai
2023-08-31,39.8,30.2,42.3,34.7,0.0,0.0,0.0,22.0,Dubai
2023-09-01,36.8,30.2,44.7,37.3,0.0,0.0,0.0,19.3,Dubai
2023-09-02,41.5,31.4,46.0,36.6,0.0,0.0,0.0,24.6,Dubai
2023-09-03,40.7,30.1,45.2,33.7,0.0,0.0,0.0,25.0,Dubai
2023-09-04,39.6,30.4,43.0,34.5,0.0,0.0,0.0,24.7,Dubai
2023-09-05,37.5,30.4,44.0,38.3,0.0,0.0,0.0,20.3,Dubai
2023-09-06,42.4,30.4,45.7,37.9,0.0,0.0,2.0,26.2,Dubai
2023-09-07,43.3,29.7,45.3,31.6,0.0,0.0,1.0,27.4,Dubai
2023-09-08,41.8,29.4,43.2,32.2,0.0,0.0,0.0,27.5,Dubai
2023-09-09,39.3,28.5,41.2,31.5,0.0,0.0,0.0,22.8,Dubai
2023-09-10,38.2,30.0,44.3,35.0,0.0,0.0,0.0,21.5,Dubai
2023-09-11,40.2,30.8,41.9,34.1,0.0,0.0,1.0,22.8,Dubai
2023-09-12,41.4,30.2,42.9,33.6,0.0,0.0,1.0,24.8,Dubai
2023-09-13,40.5,28.2,41.9,32.0,0.0,0.0,1.0,24.5,Dubai
2023-09-14,38.9,29.6,44.4,35.9,0.0,0.0,1.0,21.5,Dubai
2023-09-15,42.1,30.7,45.5,36.2,0.0,0.0,3.0,22.5,Dubai
2023-09-16,39.0,30.5,44.8,34.8,0.0,0.0,3.0,24.0,Dubai
2023-09-17,37.4,31.4,44.2,36.2,0.0,0.0,3.0,22.3,Dubai
2023-09-18,39.6,31.4,45.0,38.9,0.0,0.0,3.0,25.8,Dubai
2023-09-19,40.1,30.8,45.3,38.5,0.0,0.0,3.0,22.0,Dubai
2023-09-20,39.7,30.8,42.6,36.5,0.0,0.0,3.0,24.2,Dubai
2023-09-21,37.0,28.2,42.9,34.4,0.0,0.0,3.0,20.8,Dubai
2023-09-22,38.2,28.2,44.1,35.3,0.0,0.0,3.0,23.0,Dubai
2023-09-23,44.0,28.7,40.1,30.3,0.0,0.0,1.0,33.0,Dubai
2023-09-24,43.2,30.0,40.9,28.0,0.0,0.0,1.0,31.8,Dubai
2023-09-25,40.7,27.6,41.6,24.3,0.0,0.0,0.0,23.9,Dubai
2023-09-26,42.3,29.0,41.4,27.6,0.0,0.0,0.0,23.8,Dubai
2023-09-27,41.1,28.3,41.6,26.3,0.0,0.0,0.0,24.0,Dubai
2023-09-28,39.9,27.2,37.8,26.2,0.0,0.0,0.0,26.8,Dubai
2023-09-29,36.4,27.0,39.5,30.6,0.0,0.0,0.0,19.3,Dubai
2023-09-30,36.5,26.2,39.3,31.0,0.0,0.0,0.0,24.6,Dubai
2023-10-01,35.3,27.4,38.8,32.0,0.0,0.0,0.0,22.9,Dubai
2023-10-02,35.6,28.1,38.3,30.4,0.0,0.0,0.0,21.3,Dubai
2023-10-03,38.1,27.3,41.0,31.1,0.0,0.0,0.0,26.4,Dubai
2023-10-04,37.3,26.8,41.0,31.5,0.0,0.0,0.0,21.7,Dubai
2023-10-05,35.5,26.1,41.5,30.8,0.0,0.0,0.0,19.7,Dubai
2023-10-06,38.8,27.4,42.2,33.0,0.0,0.0,3.0,21.1,Dubai
2023-10-07,42.0,27.3,42.0,32.6,0.0,0.0,0.0,26.1,Dubai
2023-10-08,36.9,28.1,42.9,29.1,0.0,0.0,0.0,22.5,Dubai
2023-10-09,38.8,26.3,39.0,28.5,0.0,0.0,0.0,25.9,Dubai
2023-10-10,35.2,27.3,40.5,32.8,0.0,0.0,0.0,22.4,Dubai
2023-10-11,34.8,26.5,38.6,32.2,0.0,0.0,2.0,16.2,Dubai
2023-10-12,36.2,25.8,39.9,30.9,0.0,0.0,0.0,18.6,Dubai
2023-10-13,36.0,25.8,39.8,29.4,0.0,0.0,0.0,18.8,Dubai
2023-10-14,35.5,25.7,39.9,30.7,0.0,0.0,0.0,21.5,Dubai
2023-10-15,34.4,25.4,39.5,30.4,0.0,0.0,0.0,21.6,Dubai
2023-10-16,36.0,26.4,38.9,31.3,0.0,0.0,0.0,21.8,Dubai
2023-10-17,37.5,25.1,36.4,28.0,0.0,0.0,0.0,25.2,Dubai
2023-10-18,34.6,25.7,36.5,29.0,0.0,0.0,0.0,18.1,Dubai
2023-10-19,34.6,25.4,37.5,30.3,0.0,0.0,0.0,22.2,Dubai
2023-10-20,33.5,26.5,37.8,30.0,0.0,0.0,0.0,21.3,Dubai
2023-10-21,34.7,26.3,38.8,31.2,0.0,0.0,0.0,20.9,Dubai
2023-10-22,37.0,26.6,37.2,28.1,0.0,0.0,0.0,21.1,Dubai
2023-10-23,35.7,26.0,38.1,29.6,0.0,0.0,0.0,20.2,Dubai
2023-10-24,34.5,25.8,37.5,30.2,0.0,0.0,1.0,21.7,Dubai
2023-10-25,33.7,25.6,37.8,30.4,0.0,0.0,2.0,17.7,Dubai
2023-10-26,31.9,25.3,33.8,27.4,4.3,4.3,61.0,26.9,Dubai
2023-10-27,29.2,23.9,33.6,27.8,0.0,0.0,3.0,13.4,Dubai
2023-10-28,31.3,23.9,35.0,26.7,0.0,0.0,1.0,14.3,Dubai
2023-10-29,32.4,24.6,35.4,27.4,0.5,0.5,53.0,18.4,Dubai
2023-10-30,34.3,24.6,35.8,26.7,0.0,0.0,3.0,24.5,Dubai
2023-10-31,35.2,24.7,36.0,26.6,0.0,0.0,3.0,24.2,Dubai
2023-11-01,36.9,24.0,36.2,24.0,0.0,0.0,1.0,24.1,Dubai
2023-11-02,35.9,23.4,35.5,23.8,0.0,0.0,3.0,25.7,Dubai
2023-11-03,33.2,22.5,33.4,22.1,0.0,0.0,3.0,19.0,Dubai
2023-11-04,32.1,27.8,32.6,29.8,0.0,0.0,3.0,24.2,Dubai
2023-11-05,32.3,25.9,32.0,26.6,0.0,0.0,3.0,23.5,Dubai
2023-11-06,32.6,24.2,31.7,24.0,0.0,0.0,1.0,27.4,Dubai
2023-11-07,30.7,24.2,31.6,25.4,0.0,0.0,2.0,19.7,Dubai
2023-11-08,31.0,22.9,32.8,23.7,0.1,0.1,51.0,19.0,Dubai
2023-11-09,33.6,23.5,32.5,24.9,0.0,0.0,1.0,17.2,Dubai
2023-11-10,33.3,23.1,34.0,23.3,0.0,0.0,3.0,22.1,Dubai
2023-11-11,33.3,21.8,32.8,21.7,0.0,0.0,3.0,26.9,Dubai
2023-11-12,33.9,20.5,31.8,20.1,0.0,0.0,3.0,22.1,Dubai
2023-11-13,32.3,18.7,31.2,16.4,0.0,0.0,3.0,24.3,Dubai
2023-11-14,33.3,18.0,31.6,15.1,0.0,0.0,3.0,19.4,Dubai
2023-11-15,34.0,22.2,31.9,20.3,0.0,0.0,3.0,26.6,Dubai
2023-11-16,32.4,24.5,31.7,24.9,1.7,1.7,55.0,26.4,Dubai
2023-11-17,25.8,21.6,29.5,22.6,18.1,18.1,63.0,20.6,Dubai
2023-11-18,27.8,21.3,29.6,22.5,0.0,0.0,2.0,14.5,Dubai
2023-11-19,28.2,20.1,31.0,21.5,0.0,0.0,0.0,17.1,Dubai
2023-11-20,31.5,21.5,30.6,23.2,0.0,0.0,3.0,23.4,Dubai
2023-11-21,32.0,22.4,31.2,23.7,0.0,0.0,3.0,27.0,Dubai
2023-11-22,29.8,21.5,32.1,23.7,0.1,0.1,51.0,23.7,Dubai
2023-11-23,29.6,23.1,31.0,24.8,0.0,0.0,0.0,20.5,Dubai
2023-11-24,28.2,20.4,28.3,21.0,0.0,0.0,3.0,17.5,Dubai
2023-11-25,27.3,22.3,28.1,24.5,0.6,0.6,51.0,20.0,Dubai
2023-11-26,29.5,20.4,30.7,21.2,0.0,0.0,3.0,22.3,Dubai
2023-11-27,27.8,21.3,29.2,22.4,0.0,0.0,3.0,17.0,Dubai
2023-11-28,28.6,21.4,30.5,22.4,0.0,0.0,2.0,15.4,Dubai
2023-11-29,29.2,21.9,30.5,23.2,0.0,0.0,2.0,21.1,Dubai
2023-11-30,27.5,22.1,27.8,21.7,0.0,0.0,2.0,18.8,Dubai
2023-12-01,27.8,18.7,29.1,18.8,0.0,0.0,0.0,16.5,Dubai
2023-12-02,28.0,19.1,29.8,19.9,0.0,0.0,0.0,19.7,Dubai
2023-12-03,28.5,20.1,29.8,21.0,0.0,0.0,1.0,22.6,Dubai
2023-12-04,28.9,19.6,30.1,20.8,0.0,0.0,3.0,20.6,Dubai
2023-12-05,29.4,20.5,30.5,21.8,0.0,0.0,3.0,16.2,Dubai
2023-12-06,28.6,20.3,29.8,21.3,0.0,0.0,0.0,20.3,Dubai
2023-12-07,27.4,19.1,28.8,19.8,0.0,0.0,0.0,17.3,Dubai
2023-12-08,27.1,18.8,28.3,19.1,0.0,0.0,0.0,14.2,Dubai
2023-12-09,28.7,17.0,27.9,17.1,0.0,0.0,3.0,28.2,Dubai
2023-12-10,27.4,18.6,27.9,19.1,0.0,0.0,3.0,14.1,Dubai
2023-12-11,27.0,18.0,27.8,17.1,0.0,0.0,3.0,15.8,Dubai
2023-12-12,26.6,16.3,26.3,15.0,0.0,0.0,3.0,14.0,Dubai
2023-12-13,27.6,16.7,26.3,16.2,0.0,0.0,3.0,19.5,Dubai
2023-12-14,27.0,17.2,23.9,15.5,0.2,0.2,51.0,28.3,Dubai
2023-12-15,25.5,22.1,22.2,19.4,0.0,0.0,1.0,29.3,Dubai
2023-12-16,26.8,16.6,25.6,15.4,0.0,0.0,2.0,27.0,Dubai
2023-12-17,28.3,17.7,25.1,15.0,0.0,0.0,0.0,24.6,Dubai
2023-12-18,28.3,15.6,25.0,11.7,0.0,0.0,0.0,23.9,Dubai
2023-12-19,26.6,15.1,24.9,13.4,0.0,0.0,3.0,17.3,Dubai
2023-12-20,26.7,16.0,26.1,14.9,0.0,0.0,3.0,23.0,Dubai
2023-12-21,25.4,17.1,24.3,16.3,0.1,0.1,51.0,19.7,Dubai
2023-12-22,25.7,18.1,24.8,17.7,0.0,0.0,3.0,18.9,Dubai
2023-12-23,25.1,16.6,24.8,15.4,0.0,0.0,3.0,16.1,Dubai
2023-12-24,26.3,16.6,25.9,16.2,0.0,0.0,3.0,17.2,Dubai
2023-12-25,27.0,18.1,28.1,18.8,0.0,0.0,3.0,16.7,Dubai
2023-12-26,28.0,20.4,28.9,21.9,0.0,0.0,1.0,18.8,Dubai
2023-12-27,26.7,19.0,28.7,19.8,0.0,0.0,0.0,16.3,Dubai
2023-12-28,24.7,17.5,26.1,18.5,0.0,0.0,3.0,15.4,Dubai
2023-12-29,25.9,16.8,27.7,17.4,0.0,0.0,3.0,18.7,Dubai
2023-12-30,27.3,16.6,27.7,17.0,0.0,0.0,1.0,18.9,Dubai
2023-12-31,26.2,17.6,27.4,18.5,0.0,0.0,3.0,24.3,Dubai
2024-01-01,26.7,20.7,27.4,22.5,0.0,0.0,1.0,24.3,Dubai
2024-01-02,25.9,21.6,24.8,21.7,0.0,0.0,1.0,23.6,Dubai
2024-01-03,25.7,18.9,23.6,18.4,0.0,0.0,1.0,24.1,Dubai
2024-01-04,24.5,21.2,21.3,18.9,0.4,0.4,51.0,38.1,Dubai
2024-01-05,25.1,18.5,24.6,17.8,0.0,0.0,1.0,21.1,Dubai
2024-01-06,24.9,17.6,24.5,16.8,0.0,0.0,0.0,21.2,Dubai
2024-01-07,24.2,17.4,23.9,15.9,0.0,0.0,0.0,17.1,Dubai
2024-01-08,27.5,14.8,25.5,14.2,0.0,0.0,0.0,23.7,Dubai
2024-01-09,25.1,14.0,24.4,11.8,0.0,0.0,0.0,16.6,Dubai
2024-01-10,23.6,13.7,23.8,12.7,0.0,0.0,1.0,17.1,Dubai
2024-01-11,22.8,14.8,22.9,13.8,0.0,0.0,3.0,14.0,Dubai
2024-01-12,23.0,13.5,21.9,12.5,0.0,0.0,3.0,15.5,Dubai
2024-01-13,24.9,13.3,23.3,12.2,0.0,0.0,3.0,13.2,Dubai
2024-01-14,26.5,14.0,24.7,12.9,0.0,0.0,3.0,11.9,Dubai
2024-01-15,27.6,14.3,25.4,12.2,0.0,0.0,3.0,14.2,Dubai
2024-01-16,26.9,17.1,26.6,17.5,0.0,0.0,2.0,25.4,Dubai
2024-01-17,25.7,21.0,23.6,18.8,0.0,0.0,3.0,36.8,Dubai
2024-01-18,24.4,18.7,23.9,18.7,0.0,0.0,3.0,21.6,Dubai
2024-01-19,24.5,19.1,23.7,20.0,0.0,0.0,3.0,24.0,Dubai
2024-01-20,24.3,16.0,25.3,15.7,0.0,0.0,3.0,18.4,Dubai
2024-01-21,24.2,17.9,23.4,18.7,0.0,0.0,3.0,20.3,Dubai
2024-01-22,24.4,16.0,25.1,14.7,0.0,0.0,0.0,19.3,Dubai
2024-01-23,24.7,16.0,25.9,15.9,0.0,0.0,0.0,18.9,Dubai
2024-01-24,24.2,15.3,23.5,15.2,0.0,0.0,3.0,17.7,Dubai
2024-01-25,26.3,13.1,23.7,10.9,0.0,0.0,3.0,15.6,Dubai
2024-01-26,29.0,15.6,25.3,13.0,0.0,0.0,3.0,15.5,Dubai
2024-01-27,28.7,17.5,26.7,14.7,0.0,0.0,3.0,31.7,Dubai
2024-01-28,24.7,19.8,23.8,18.9,0.1,0.1,51.0,27.6,Dubai
2024-01-29,23.9,20.0,21.3,17.9,0.0,0.0,3.0,27.3,Dubai
2024-01-30,25.7,17.3,25.8,16.6,0.0,0.0,3.0,12.6,Dubai
2024-01-31,26.3,17.8,26.2,17.2,0.0,0.0,3.0,15.1,Dubai
2024-02-01,27.7,20.5,27.3,20.2,3.0,3.0,63.0,29.7,Dubai
2024-02-02,25.8,19.2,25.2,16.2,6.3,6.3,61.0,38.5,Dubai
2024-02-03,21.3,18.0,16.2,14.6,0.0,0.0,3.0,36.1,Dubai
2024-02-04,21.8,18.6,17.5,15.0,0.0,0.0,1.0,32.6,Dubai
2024-02-05,23.3,18.9,19.3,15.8,0.0,0.0,3.0,32.3,Dubai
2024-02-06,23.7,19.7,18.9,15.8,0.0,0.0,3.0,35.8,Dubai
2024-02-07,23.1,18.6,20.3,15.7,0.0,0.0,2.0,27.4,Dubai
2024-02-08,22.8,18.1,20.4,16.9,0.0,0.0,3.0,22.0,Dubai
2024-02-09,22.9,16.1,21.3,15.4,0.0,0.0,2.0,19.5,Dubai
2024-02-10,22.7,14.4,23.2,13.1,0.0,0.0,3.0,17.8,Dubai
2024-02-11,19.9,16.9,20.4,16.0,6.9,6.9,61.0,18.1,Dubai
2024-02-12,21.1,17.3,21.4,17.1,55.6,55.6,65.0,36.9,Dubai
2024-02-13,24.3,17.3,23.9,16.1,1.6,1.6,51.0,27.1,Dubai
2024-02-14,25.5,18.9,26.4,19.0,0.9,0.9,51.0,24.2,Dubai
2024-02-15,26.5,18.9,30.4,19.8,0.0,0.0,3.0,19.1,Dubai
2024-02-16,27.8,19.4,30.8,19.9,0.0,0.0,3.0,16.3,Dubai
2024-02-17,27.6,20.2,28.4,21.3,0.0,0.0,3.0,26.2,Dubai
2024-02-18,24.3,19.3,25.5,16.1,0.0,0.0,3.0,34.3,Dubai
2024-02-19,22.8,19.1,21.0,15.4,0.0,0.0,0.0,32.8,Dubai
2024-02-20,23.8,17.4,23.1,17.1,0.0,0.0,1.0,25.4,Dubai
2024-02-21,23.5,19.8,21.6,17.3,0.0,0.0,0.0,29.3,Dubai
2024-02-22,24.1,16.8,24.9,17.3,0.0,0.0,0.0,23.6,Dubai
2024-02-23,23.5,14.8,24.3,13.9,0.0,0.0,0.0,18.8,Dubai
2024-02-24,25.9,16.4,25.7,16.5,0.0,0.0,3.0,19.8,Dubai
2024-02-25,28.3,17.8,27.3,17.7,0.4,0.4,51.0,33.6,Dubai
2024-02-26,22.6,20.0,22.7,18.0,0.2,0.2,51.0,32.8,Dubai
2024-02-27,23.0,18.2,22.7,18.2,0.0,0.0,3.0,19.7,Dubai
2024-02-28,23.4,14.7,24.0,14.1,0.0,0.0,3.0,22.9,Dubai
2024-02-29,24.0,18.7,21.9,14.4,0.0,0.0,3.0,37.2,Dubai
2024-03-01,21.9,16.5,19.9,13.2,0.0,0.0,3.0,35.0,Dubai
2024-03-02,23.4,14.2,22.5,10.6,0.0,0.0,3.0,24.9,Dubai
2024-03-03,24.1,12.9,23.1,10.7,0.0,0.0,0.0,23.2,Dubai
2024-03-04,28.0,15.8,26.7,13.9,0.6,0.6,51.0,28.6,Dubai
2024-03-05,24.2,18.3,25.4,17.3,2.7,2.7,61.0,29.1,Dubai
2024-03-06,22.9,17.1,22.9,17.4,0.0,0.0,0.0,18.7,Dubai
2024-03-07,23.6,15.4,24.6,14.9,0.0,0.0,3.0,14.5,Dubai
2024-03-08,30.0,18.1,33.4,18.4,0.0,0.0,3.0,23.2,Dubai
2024-03-09,24.2,19.0,25.6,19.5,28.6,28.6,65.0,24.0,Dubai
2024-03-10,23.0,17.2,26.1,17.5,0.0,0.0,0.0,14.7,Dubai
2024-03-11,26.4,14.1,30.3,14.3,0.0,0.0,3.0,17.1,Dubai
2024-03-12,24.0,17.9,23.9,16.7,0.0,0.0,3.0,32.3,Dubai
2024-03-13,25.8,15.8,29.2,15.5,0.0,0.0,0.0,15.5,Dubai
2024-03-14,28.8,16.6,30.1,15.1,0.0,0.0,1.0,15.7,Dubai
2024-03-15,27.6,17.6,29.9,18.3,0.0,0.0,3.0,23.1,Dubai
2024-03-16,28.6,17.9,32.4,18.6,0.0,0.0,2.0,15.4,Dubai
2024-03-17,29.4,19.7,31.8,20.1,0.0,0.0,3.0,14.4,Dubai
2024-03-18,28.8,20.2,31.6,21.7,0.0,0.0,3.0,21.4,Dubai
2024-03-19,31.3,19.0,33.2,20.5,0.0,0.0,3.0,16.0,Dubai
2024-03-20,32.9,23.5,30.7,24.0,0.0,0.0,3.0,31.8,Dubai
2024-03-21,26.7,20.5,28.3,22.5,0.0,0.0,1.0,19.8,Dubai
2024-03-22,26.1,17.7,28.5,18.2,0.0,0.0,3.0,20.9,Dubai
2024-03-23,32.0,21.6,32.7,24.3,0.9,0.9,53.0,16.9,Dubai
2024-03-24,33.0,22.6,33.9,24.7,0.1,0.1,51.0,22.9,Dubai
2024-03-25,32.1,25.5,32.3,24.8,0.0,0.0,3.0,40.4,Dubai
2024-03-26,25.6,21.5,27.5,19.2,0.1,0.1,51.0,35.0,Dubai
2024-03-27,24.5,20.5,22.3,18.0,0.0,0.0,3.0,33.4,Dubai
2024-03-28,26.1,18.7,25.3,18.0,0.0,0.0,2.0,35.3,Dubai
2024-03-29,26.0,21.4,25.4,19.4,0.0,0.0,2.0,30.2,Dubai
2024-03-30,26.4,17.9,29.0,17.9,0.0,0.0,3.0,25.6,Dubai
2024-03-31,27.5,20.9,27.3,22.9,0.3,0.3,51.0,22.0,Dubai
2024-04-01,26.3,18.4,25.7,18.7,0.0,0.0,3.0,24.9,Dubai
2024-04-02,27.2,19.3,26.9,19.2,0.0,0.0,3.0,22.9,Dubai
2024-04-03,28.9,18.7,27.7,18.2,0.0,0.0,3.0,21.8,Dubai
2024-04-04,28.8,19.6,26.2,18.3,0.0,0.0,3.0,25.6,Dubai
2024-04-05,27.8,18.4,27.8,17.9,0.0,0.0,0.0,21.0,Dubai
2024-04-06,28.2,18.2,28.6,17.4,0.0,0.0,0.0,20.2,Dubai
2024-04-07,28.8,17.9,29.0,17.2,0.0,0.0,3.0,22.8,Dubai
2024-04-08,31.2,20.3,30.7,22.4,0.0,0.0,3.0,20.5,Dubai
2024-04-09,30.0,23.9,30.4,25.8,0.0,0.0,3.0,19.0,Dubai
2024-04-10,31.1,24.3,32.1,25.9,0.0,0.0,3.0,22.0,Dubai
2024-04-11,31.2,23.5,31.5,23.6,0.0,0.0,3.0,25.2,Dubai
2024-04-12,29.3,24.5,31.4,26.8,0.5,0.5,53.0,22.5,Dubai
2024-04-13,30.7,23.2,28.5,23.6,3.0,3.0,61.0,31.5,Dubai
2024-04-14,28.3,21.7,28.1,23.0,0.0,0.0,1.0,25.6,Dubai
2024-04-15,31.5,19.5,33.6,18.8,0.0,0.0,3.0,31.3,Dubai
2024-04-16,27.4,21.1,28.9,21.1,87.8,87.8,65.0,35.6,Dubai
2024-04-17,25.2,21.4,27.2,21.6,1.5,1.5,51.0,28.4,Dubai
2024-04-18,27.0,20.4,29.1,20.9,0.0,0.0,0.0,19.1,Dubai
2024-04-19,27.7,18.7,31.1,19.3,0.0,0.0,0.0,15.6,Dubai
2024-04-20,27.3,18.2,31.4,19.2,0.0,0.0,0.0,17.4,Dubai
2024-04-21,28.3,18.7,33.7,20.8,0.0,0.0,2.0,16.1,Dubai
2024-04-22,30.9,19.9,36.3,21.1,0.0,0.0,0.0,16.1,Dubai
2024-04-23,35.4,22.1,39.6,21.7,0.0,0.0,2.0,24.4,Dubai
2024-04-24,29.1,22.7,30.3,24.7,0.0,0.0,0.0,25.2,Dubai
2024-04-25,30.8,19.3,30.5,18.9,0.0,0.0,0.0,27.7,Dubai
2024-04-26,30.7,22.2,31.4,21.3,0.0,0.0,0.0,30.7,Dubai
2024-04-27,33.3,22.3,33.7,25.2,0.0,0.0,3.0,29.7,Dubai
2024-04-28,36.3,22.7,34.8,24.4,0.0,0.0,3.0,32.1,Dubai
2024-04-29,37.1,26.0,39.0,25.1,0.0,0.0,2.0,24.1,Dubai
2024-04-30,35.8,25.6,39.0,27.4,0.0,0.0,1.0,22.3,Dubai
2024-05-01,37.3,26.5,37.0,29.4,1.1,1.1,55.0,31.7,Dubai
2024-05-02,31.3,23.9,30.5,24.3,14.1,14.1,63.0,37.8,Dubai
2024-05-03,29.7,22.4,33.0,24.3,0.1,0.1,51.0,17.3,Dubai
2024-05-04,33.5,21.9,37.6,23.7,0.0,0.0,0.0,25.6,Dubai
2024-05-05,33.6,23.0,36.0,25.5,0.0,0.0,3.0,14.2,Dubai
2024-05-06,34.2,24.1,37.2,27.5,0.0,0.0,0.0,19.8,Dubai
2024-05-07,38.3,23.7,39.0,23.6,0.0,0.0,0.0,26.8,Dubai
2024-05-08,37.1,26.2,39.3,26.9,0.0,0.0,0.0,25.3,Dubai
2024-05-09,35.1,25.8,36.9,28.1,0.0,0.0,0.0,25.4,Dubai
2024-05-10,30.9,25.3,33.4,27.0,0.0,0.0,0.0,25.4,Dubai
2024-05-11,32.2,22.1,36.3,24.1,0.0,0.0,0.0,20.4,Dubai
2024-05-12,35.2,22.7,39.7,26.4,0.0,0.0,3.0,23.6,Dubai
2024-05-13,39.9,24.5,39.9,24.3,0.0,0.0,0.0,27.1,Dubai
2024-05-14,40.8,27.0,40.6,26.3,0.0,0.0,1.0,27.3,Dubai
2024-05-15,39.7,29.1,39.3,28.3,0.0,0.0,0.0,31.5,Dubai
2024-05-16,40.2,27.8,39.4,27.1,0.0,0.0,0.0,31.6,Dubai
2024-05-17,39.1,27.0,38.7,27.3,0.0,0.0,0.0,27.4,Dubai
2024-05-18,36.9,27.0,37.4,27.3,0.0,0.0,0.0,20.3,Dubai
2024-05-19,33.3,26.8,35.4,30.8,0.0,0.0,0.0,26.0,Dubai
2024-05-20,34.9,25.3,37.2,26.9,0.0,0.0,0.0,29.0,Dubai
2024-05-21,32.9,24.8,36.5,27.7,0.0,0.0,0.0,20.6,Dubai
2024-05-22,35.4,24.6,36.9,28.2,0.0,0.0,0.0,20.9,Dubai
2024-05-23,37.6,26.0,37.7,24.8,0.0,0.0,0.0,25.9,Dubai
2024-05-24,35.7,29.4,37.5,31.9,0.0,0.0,0.0,29.7,Dubai
2024-05-25,36.4,27.6,39.1,30.1,0.0,0.0,0.0,20.8,Dubai
2024-05-26,37.6,25.1,41.0,28.2,0.0,0.0,0.0,16.4,Dubai
2024-05-27,38.5,26.9,41.4,29.8,0.0,0.0,0.0,20.8,Dubai
2024-05-28,37.7,28.3,40.6,29.8,0.0,0.0,0.0,25.9,Dubai
2024-05-29,37.4,24.9,42.2,28.6,0.0,0.0,1.0,19.5,Dubai
2024-05-30,37.2,26.5,42.4,31.6,0.0,0.0,0.0,17.6,Dubai
2024-05-31,39.2,29.1,45.0,34.5,0.0,0.0,0.0,21.1,Dubai
2024-06-01,42.3,28.2,41.7,31.7,0.0,0.0,0.0,18.4,Dubai
2024-06-02,37.9,28.4,42.0,30.0,0.0,0.0,0.0,19.3,Dubai
2024-06-03,38.5,28.8,42.5,33.7,0.0,0.0,0.0,21.3,Dubai
2024-06-04,36.0,27.8,41.8,32.9,0.0,0.0,0.0,20.6,Dubai
2024-06-05,36.0,28.2,40.2,34.7,0.0,0.0,0.0,23.1,Dubai
2024-06-06,35.5,25.9,39.5,28.0,0.0,0.0,0.0,20.0,Dubai
2024-06-07,38.9,25.0,40.6,25.5,0.0,0.0,0.0,26.7,Dubai
2024-06-08,40.0,26.5,43.7,27.4,0.0,0.0,0.0,26.4,Dubai
2024-06-09,41.1,30.6,45.0,34.2,0.0,0.0,0.0,28.9,Dubai
2024-06-10,40.4,31.3,42.3,33.7,0.0,0.0,0.0,22.1,Dubai
2024-06-11,41.5,29.0,41.4,30.2,0.0,0.0,0.0,28.4,Dubai
2024-06-12,39.3,28.6,40.5,30.5,0.0,0.0,0.0,26.7,Dubai
2024-06-13,38.1,30.2,43.0,30.4,0.0,0.0,0.0,24.8,Dubai
2024-06-14,36.6,30.6,40.5,32.1,0.0,0.0,0.0,25.9,Dubai
2024-06-15,39.5,26.8,39.6,26.3,0.0,0.0,0.0,18.7,Dubai
2024-06-16,40.9,28.1,43.5,24.6,0.0,0.0,0.0,23.5,Dubai
2024-06-17,42.5,28.2,44.1,34.3,0.0,0.0,0.0,21.7,Dubai
2024-06-18,41.1,29.7,42.7,31.7,0.0,0.0,3.0,25.1,Dubai
2024-06-19,39.9,29.3,43.7,33.8,0.0,0.0,3.0,30.6,Dubai
2024-06-20,40.1,31.3,43.6,33.3,0.0,0.0,3.0,19.8,Dubai
2024-06-21,40.7,31.0,43.7,35.2,0.0,0.0,3.0,23.0,Dubai
2024-06-22,43.7,30.3,46.1,38.4,0.0,0.0,3.0,22.9,Dubai
2024-06-23,43.6,29.7,47.1,36.2,0.0,0.0,1.0,18.7,Dubai
2024-06-24,44.9,30.5,45.5,35.6,0.0,0.0,3.0,23.2,Dubai
2024-06-25,40.8,29.5,42.3,33.5,0.0,0.0,1.0,22.3,Dubai
2024-06-26,41.0,29.7,44.5,35.8,0.0,0.0,0.0,22.0,Dubai
2024-06-27,38.0,30.1,43.0,30.9,0.0,0.0,3.0,18.0,Dubai
2024-06-28,37.7,29.3,42.4,33.9,0.0,0.0,3.0,21.8,Dubai
2024-06-29,39.0,30.3,44.6,38.0,0.0,0.0,3.0,27.2,Dubai
2024-06-30,37.8,29.0,41.3,35.3,0.0,0.0,3.0,23.5,Dubai
2024-07-01,37.5,29.5,41.9,32.2,0.0,0.0,3.0,24.4,Dubai
2024-07-02,40.6,30.2,43.6,30.4,0.0,0.0,3.0,21.4,Dubai
2024-07-03,40.9,29.1,45.6,35.1,0.0,0.0,0.0,24.6,Dubai
2024-07-04,38.1,32.3,43.4,35.7,0.0,0.0,0.0,31.0,Dubai
2024-07-05,38.9,30.7,42.6,31.6,0.0,0.0,3.0,23.7,Dubai
2024-07-06,37.7,30.3,42.9,34.6,0.0,0.0,3.0,21.7,Dubai
2024-07-07,42.3,29.8,41.5,35.1,0.0,0.0,0.0,21.9,Dubai
2024-07-08,41.9,30.5,44.6,35.6,0.0,0.0,3.0,22.5,Dubai
2024-07-09,45.7,32.3,47.5,36.3,0.0,0.0,3.0,27.5,Dubai
2024-07-10,42.1,32.7,45.0,35.4,0.0,0.0,3.0,24.5,Dubai
2024-07-11,42.5,33.8,45.8,38.6,0.0,0.0,3.0,26.8,Dubai
2024-07-12,41.6,31.3,45.0,37.4,0.0,0.0,3.0,27.5,Dubai
2024-07-13,40.7,30.4,42.9,35.3,0.0,0.0,3.0,18.8,Dubai
2024-07-14,40.6,30.2,45.6,31.4,0.0,0.0,0.0,21.1,Dubai
2024-07-15,38.7,30.6,46.6,39.2,0.0,0.0,2.0,21.1,Dubai
2024-07-16,45.2,32.5,48.2,38.6,0.0,0.0,3.0,30.0,Dubai
2024-07-17,42.5,33.0,45.1,40.1,0.0,0.0,3.0,27.1,Dubai
2024-07-18,39.8,33.0,43.7,36.2,0.0,0.0,3.0,24.6,Dubai
2024-07-19,38.5,31.9,46.4,39.4,0.0,0.0,3.0,22.0,Dubai
2024-07-20,38.7,30.2,46.6,39.3,0.0,0.0,3.0,25.9,Dubai
2024-07-21,42.0,33.2,49.9,42.3,0.0,0.0,3.0,26.2,Dubai
2024-07-22,38.6,32.3,46.9,41.8,0.0,0.0,3.0,25.1,Dubai
2024-07-23,38.0,31.5,44.5,40.0,0.0,0.0,3.0,20.3,Dubai
2024-07-24,39.2,31.2,42.5,38.2,0.0,0.0,3.0,23.5,Dubai
2024-07-25,39.7,30.9,43.3,32.9,0.0,0.0,3.0,22.5,Dubai
2024-07-26,40.1,31.3,43.8,37.9,0.0,0.0,3.0,20.5,Dubai
2024-07-27,39.7,31.8,43.6,34.0,0.0,0.0,3.0,25.9,Dubai
2024-07-28,38.8,33.2,44.1,38.6,0.0,0.0,3.0,30.2,Dubai
2024-07-29,39.7,31.7,45.3,34.6,0.0,0.0,3.0,22.1,Dubai
2024-07-30,44.4,31.5,47.9,38.1,0.0,0.0,3.0,28.7,Dubai
2024-07-31,42.9,33.2,45.6,37.3,0.0,0.0,3.0,21.9,Dubai
2024-08-01,42.3,34.1,44.2,40.8,0.0,0.0,3.0,28.0,Dubai
2024-08-02,38.8,32.4,45.2,39.6,0.0,0.0,3.0,21.3,Dubai
2024-08-03,41.1,32.8,47.2,39.8,0.0,0.0,3.0,22.9,Dubai
2024-08-04,37.9,32.2,45.2,38.3,0.0,0.0,3.0,21.0,Dubai
2024-08-05,42.5,31.6,46.9,36.7,0.0,0.0,3.0,42.6,Dubai
2024-08-06,37.6,31.8,40.2,33.8,0.0,0.0,3.0,23.9,Dubai
2024-08-07,40.8,32.8,46.7,37.5,0.0,0.0,3.0,25.0,Dubai
2024-08-08,42.5,32.3,47.5,35.4,0.0,0.0,1.0,32.0,Dubai
2024-08-09,42.8,31.5,46.5,33.6,0.0,0.0,3.0,33.0,Dubai
2024-08-10,42.2,30.5,46.1,32.5,0.0,0.0,3.0,29.6,Dubai
2024-08-11,40.8,30.6,45.4,34.3,0.0,0.0,3.0,22.5,Dubai
2024-08-12,41.3,32.5,45.2,38.7,0.0,0.0,3.0,22.9,Dubai
2024-08-13,42.9,32.5,46.3,37.1,0.0,0.0,3.0,23.7,Dubai
2024-08-14,42.8,32.4,46.4,36.3,0.0,0.0,0.0,24.4,Dubai
2024-08-15,42.0,32.7,45.5,37.7,0.0,0.0,3.0,22.3,Dubai
2024-08-16,38.3,31.2,44.3,37.7,0.0,0.0,3.0,19.8,Dubai
2024-08-17,43.3,31.4,46.6,34.1,0.0,0.0,3.0,30.1,Dubai
2024-08-18,42.0,30.8,45.6,32.3,0.0,0.0,3.0,35.3,Dubai
2024-08-19,40.7,31.5,46.5,34.4,0.0,0.0,3.0,28.4,Dubai
2024-08-20,40.0,31.1,44.7,34.0,0.0,0.0,3.0,28.6,Dubai
2024-08-21,39.8,30.1,44.0,31.8,0.0,0.0,3.0,27.5,Dubai
2024-08-22,37.8,30.6,42.5,33.8,0.0,0.0,1.0,22.1,Dubai
2024-08-23,38.7,31.2,43.4,36.5,0.0,0.0,0.0,22.7,Dubai
2024-08-24,39.4,31.0,44.2,38.3,0.0,0.0,1.0,19.2,Dubai
2024-08-25,41.6,31.9,43.7,38.3,0.0,0.0,0.0,26.0,Dubai
2024-08-26,36.9,30.0,43.0,34.8,0.0,0.0,3.0,20.2,Dubai
2024-08-27,40.0,30.0,44.5,37.4,0.0,0.0,3.0,24.2,Dubai
2024-08-28,43.2,29.6,45.1,38.1,0.0,0.0,2.0,28.7,Dubai
2024-08-29,40.9,29.5,44.0,34.8,0.0,0.0,3.0,19.0,Dubai
2024-08-30,38.9,29.9,47.8,37.4,0.0,0.0,3.0,20.2,Dubai
2024-08-31,43.2,30.3,41.8,32.7,0.0,0.0,3.0,37.7,Dubai
2024-09-01,41.7,29.9,44.6,32.1,0.0,0.0,3.0,27.5,Dubai
2024-09-02,41.4,29.3,43.0,31.7,0.0,0.0,3.0,28.0,Dubai
2024-09-03,42.5,30.2,44.8,32.8,0.0,0.0,0.0,26.1,Dubai
2024-09-04,41.0,29.3,44.0,30.5,0.0,0.0,0.0,27.8,Dubai
2024-09-05,40.2,29.4,41.7,32.7,0.0,0.0,0.0,30.5,Dubai
2024-09-06,35.2,27.3,40.9,32.2,0.0,0.0,0.0,18.8,Dubai
2024-09-07,38.8,27.8,42.4,33.2,0.0,0.0,2.0,25.3,Dubai
2024-09-08,41.9,28.8,44.3,32.3,0.0,0.0,1.0,23.5,Dubai
2024-09-09,38.3,28.4,41.3,32.4,0.0,0.0,0.0,20.7,Dubai
2024-09-10,36.4,28.3,43.4,34.9,0.0,0.0,3.0,17.1,Dubai
2024-09-11,42.3,28.1,42.6,28.1,0.0,0.0,0.0,26.6,Dubai
2024-09-12,43.7,28.8,43.7,25.8,0.0,0.0,0.0,27.7,Dubai
2024-09-13,39.9,28.5,41.2,27.3,0.0,0.0,0.0,22.8,Dubai
2024-09-14,40.3,28.4,40.4,30.8,0.0,0.0,0.0,27.8,Dubai
2024-09-15,39.0,28.3,39.7,34.7,0.0,0.0,1.0,19.6,Dubai
2024-09-16,37.8,27.4,40.5,31.8,0.0,0.0,0.0,20.5,Dubai
2024-09-17,36.1,26.9,40.0,30.6,0.0,0.0,0.0,21.9,Dubai
2024-09-18,37.3,27.1,40.9,33.0,0.0,0.0,0.0,23.8,Dubai
2024-09-19,35.5,28.5,41.6,32.6,0.0,0.0,0.0,24.5,Dubai
2024-09-20,35.6,28.7,42.7,34.5,0.0,0.0,0.0,24.7,Dubai
2024-09-21,36.0,28.3,40.9,34.7,0.0,0.0,0.0,20.9,Dubai
2024-09-22,37.9,28.1,41.3,33.1,0.0,0.0,0.0,18.4,Dubai
2024-09-23,39.7,28.0,41.0,29.0,0.0,0.0,0.0,21.0,Dubai
2024-09-24,37.7,28.1,42.0,32.6,0.0,0.0,0.0,21.0,Dubai
2024-09-25,37.9,28.1,43.3,33.3,0.0,0.0,1.0,21.7,Dubai
2024-09-26,35.7,28.5,42.3,35.4,0.0,0.0,3.0,21.8,Dubai
2024-09-27,35.8,27.2,42.5,33.6,0.0,0.0,3.0,17.1,Dubai
2024-09-28,36.1,28.4,42.9,35.5,0.0,0.0,3.0,20.2,Dubai
2024-09-29,38.5,28.8,41.5,34.9,0.0,0.0,1.0,25.5,Dubai
2024-09-30,38.0,29.4,41.4,32.2,0.6,0.6,53.0,24.9,Dubai
2024-10-01,36.5,28.7,40.1,32.4,0.0,0.0,1.0,23.8,Dubai
2024-10-02,37.4,29.4,41.2,34.8,0.0,0.0,0.0,22.5,Dubai
2024-10-03,36.1,28.2,39.4,33.8,0.0,0.0,0.0,21.8,Dubai
2024-10-04,36.5,28.6,40.6,33.0,0.0,0.0,0.0,28.2,Dubai
2024-10-05,35.2,29.6,37.5,33.2,0.0,0.0,0.0,21.6,Dubai
2024-10-06,33.9,26.6,38.5,29.8,0.0,0.0,0.0,20.4,Dubai
2024-10-07,37.0,27.8,39.3,31.0,0.1,0.1,51.0,24.1,Dubai
2024-10-08,38.5,27.5,39.6,29.7,0.0,0.0,2.0,22.8,Dubai
2024-10-09,36.4,26.9,37.7,28.8,0.0,0.0,1.0,23.7,Dubai
2024-10-10,35.5,27.0,39.1,31.6,0.0,0.0,0.0,20.5,Dubai
2024-10-11,35.9,27.0,37.6,31.8,0.0,0.0,1.0,17.7,Dubai
2024-10-12,34.9,26.5,38.1,31.3,0.0,0.0,1.0,21.1,Dubai
2024-10-13,34.9,26.3,36.5,29.7,0.0,0.0,0.0,18.8,Dubai
2024-10-14,37.8,26.5,38.5,29.3,0.0,0.0,1.0,26.2,Dubai
2024-10-15,38.0,26.5,37.5,28.8,0.0,0.0,3.0,22.5,Dubai
2024-10-16,35.2,26.6,36.7,28.1,0.1,0.1,51.0,23.9,Dubai
2024-10-17,33.8,26.7,37.4,29.4,0.0,0.0,3.0,24.4,Dubai
2024-10-18,34.4,26.7,37.8,31.6,0.0,0.0,3.0,20.1,Dubai
2024-10-19,36.4,27.3,39.4,32.9,0.0,0.0,0.0,22.3,Dubai
2024-10-20,35.1,29.0,38.7,34.7,0.0,0.0,0.0,18.9,Dubai
2024-10-21,36.9,27.4,38.6,32.7,0.0,0.0,0.0,23.4,Dubai
2024-10-22,35.4,26.7,39.1,31.4,0.0,0.0,0.0,23.8,Dubai
2024-10-23,37.4,25.3,38.5,29.7,0.0,0.0,1.0,22.6,Dubai
2024-10-24,38.3,27.6,38.3,30.7,0.1,0.1,51.0,26.7,Dubai
2024-10-25,34.3,26.5,37.0,29.6,0.0,0.0,3.0,22.4,Dubai
2024-10-26,33.6,27.6,37.8,32.6,0.0,0.0,0.0,21.2,Dubai
2024-10-27,33.0,26.0,36.9,29.0,0.0,0.0,0.0,23.5,Dubai
2024-10-28,32.5,28.5,33.6,29.7,0.0,0.0,0.0,24.8,Dubai
2024-10-29,32.7,25.7,33.7,26.8,0.0,0.0,0.0,27.2,Dubai
2024-10-30,32.4,25.1,33.6,27.1,0.0,0.0,0.0,18.9,Dubai
2024-10-31,33.6,23.8,35.6,25.5,0.0,0.0,3.0,20.0,Dubai
2024-11-01,33.2,24.0,35.5,26.6,0.0,0.0,0.0,22.0,Dubai
2024-11-02,32.3,24.5,35.7,28.1,0.0,0.0,3.0,18.8,Dubai
2024-11-03,32.6,23.1,35.7,26.1,0.0,0.0,0.0,19.1,Dubai
2024-11-04,32.5,22.9,34.8,26.2,0.0,0.0,0.0,18.1,Dubai
2024-11-05,33.9,23.5,35.4,27.1,0.0,0.0,0.0,21.7,Dubai
2024-11-06,32.7,23.5,36.5,25.5,0.0,0.0,0.0,21.3,Dubai
2024-11-07,32.3,24.7,36.2,28.9,0.0,0.0,0.0,19.4,Dubai
2024-11-08,31.2,23.1,34.1,26.6,0.0,0.0,0.0,17.0,Dubai
2024-11-09,31.3,22.0,32.5,24.1,0.0,0.0,0.0,17.7,Dubai
2024-11-10,32.0,22.6,34.5,24.6,0.0,0.0,1.0,18.5,Dubai
2024-11-11,31.5,23.0,34.7,26.0,0.0,0.0,1.0,18.6,Dubai
2024-11-12,31.1,22.9,34.2,25.7,0.0,0.0,0.0,18.1,Dubai
2024-11-13,31.4,23.9,33.7,26.6,0.0,0.0,0.0,12.5,Dubai
2024-11-14,31.9,23.7,35.8,27.2,0.0,0.0,0.0,13.4,Dubai
2024-11-15,31.0,26.0,32.9,29.4,0.0,0.0,0.0,12.4,Dubai
2024-11-16,29.4,24.6,30.0,26.6,0.0,0.0,0.0,16.6,Dubai
2024-11-17,30.9,22.5,32.2,23.0,0.0,0.0,0.0,12.0,Dubai
2024-11-18,31.8,21.8,32.3,21.9,0.0,0.0,0.0,11.5,Dubai
2024-11-19,31.5,22.2,32.9,23.3,0.0,0.0,0.0,13.8,Dubai
2024-11-20,30.5,22.2,31.0,24.5,0.0,0.0,0.0,10.4,Dubai
2024-11-21,29.9,20.5,31.9,21.1,0.0,0.0,2.0,11.9,Dubai
2024-11-22,30.1,22.2,33.1,24.6,0.0,0.0,1.0,11.5,Dubai
2024-11-23,30.9,21.8,34.9,25.2,0.0,0.0,3.0,10.2,Dubai
2024-11-24,29.6,22.5,33.0,24.6,0.0,0.0,0.0,11.1,Dubai
2024-11-25,31.3,21.6,33.1,23.9,0.0,0.0,0.0,12.4,Dubai
2024-11-26,31.2,23.3,32.4,25.3,0.0,0.0,3.0,10.2,Dubai
2024-11-27,31.1,21.0,32.9,23.8,0.0,0.0,0.0,8.3,Dubai
2024-11-28,29.3,22.4,32.0,25.4,1.0,1.0,53.0,19.5,Dubai
2024-11-29,26.9,23.9,27.4,23.6,0.0,0.0,3.0,19.6,Dubai
2024-11-30,26.6,23.4,25.3,22.8,0.0,0.0,1.0,22.7,Dubai
2024-12-01,25.8,22.9,24.9,22.1,0.0,0.0,1.0,19.9,Dubai
2024-12-02,27.1,20.5,26.0,20.1,0.0,0.0,3.0,15.1,Dubai
2024-12-03,27.0,17.6,26.5,16.7,0.0,0.0,0.0,12.8,Dubai
2024-12-04,27.2,17.7,25.8,16.8,0.0,0.0,0.0,13.6,Dubai
2024-12-05,26.8,16.8,27.4,15.2,0.0,0.0,0.0,10.7,Dubai
2024-12-06,27.5,18.6,29.8,19.3,0.0,0.0,0.0,10.8,Dubai
2024-12-07,29.1,22.7,30.6,22.7,0.0,0.0,0.0,13.2,Dubai
2024-12-08,29.7,18.6,28.5,18.9,0.0,0.0,0.0,12.3,Dubai
2024-12-09,28.8,18.9,27.8,17.7,0.0,0.0,3.0,14.8,Dubai
2024-12-10,27.0,18.6,27.7,18.3,0.0,0.0,3.0,9.8,Dubai
2024-12-11,28.7,19.7,28.1,19.5,0.0,0.0,1.0,16.9,Dubai
2024-12-12,28.7,19.5,27.5,18.6,0.0,0.0,3.0,12.7,Dubai
2024-12-13,26.7,18.0,26.1,17.5,0.0,0.0,0.0,11.0,Dubai
2024-12-14,26.1,19.3,25.8,19.6,0.0,0.0,0.0,15.1,Dubai
2024-12-15,25.0,18.3,24.4,16.7,0.5,0.5,51.0,19.1,Dubai
2024-12-16,25.2,18.9,24.5,19.2,0.0,0.0,1.0,9.4,Dubai
2024-12-17,24.5,16.7,23.1,16.2,0.0,0.0,3.0,12.7,Dubai
2024-12-18,24.1,20.7,22.4,20.0,0.0,0.0,3.0,17.5,Dubai
2024-12-19,24.2,16.7,23.9,15.8,0.0,0.0,3.0,9.0,Dubai
2024-12-20,25.7,15.7,24.7,15.2,0.0,0.0,3.0,12.0,Dubai
2024-12-21,24.5,15.5,23.6,14.5,0.0,0.0,1.0,15.2,Dubai
2024-12-22,24.9,17.0,23.9,15.0,0.0,0.0,1.0,17.9,Dubai
2024-12-23,24.5,16.7,24.7,14.9,0.0,0.0,2.0,11.2,Dubai
2024-12-24,26.9,16.2,27.5,15.8,0.0,0.0,2.0,10.7,Dubai
2024-12-25,24.8,20.0,24.4,20.9,0.0,0.0,1.0,9.7,Dubai
2024-12-26,24.9,17.2,25.7,17.2,0.5,0.5,51.0,9.3,Dubai
2024-12-27,27.5,16.8,26.2,16.8,0.0,0.0,0.0,13.6,Dubai
2024-12-28,27.2,16.9,26.2,15.6,0.0,0.0,3.0,11.8,Dubai
2024-12-29,25.5,16.7,25.2,16.1,0.0,0.0,3.0,9.9,Dubai
2024-12-30,26.3,17.6,27.3,18.1,0.0,0.0,3.0,8.5,Dubai
2024-12-31,26.8,18.6,28.0,21.1,0.0,0.0,3.0,9.2,Dubai
2025-01-01,25.2,19.1,25.0,18.0,0.9,0.9,53.0,18.8,Dubai
2025-01-02,22.6,20.0,18.9,16.5,0.0,0.0,3.0,24.6,Dubai
2025-01-03,21.4,17.5,19.2,15.4,0.0,0.0,2.0,16.1,Dubai
2025-01-04,22.5,14.4,20.6,10.9,0.0,0.0,1.0,10.1,Dubai
2025-01-05,22.8,15.2,21.7,13.6,0.0,0.0,1.0,11.6,Dubai
2025-01-06,24.9,13.6,22.6,11.9,0.0,0.0,0.0,13.9,Dubai
2025-01-07,25.8,15.4,24.5,13.2,0.0,0.0,3.0,12.3,Dubai
2025-01-08,24.4,14.6,22.5,13.8,0.0,0.0,3.0,8.3,Dubai
2025-01-09,22.7,18.2,21.8,18.6,0.4,0.4,51.0,11.5,Dubai
2025-01-10,24.9,15.1,24.3,14.9,0.0,0.0,3.0,12.7,Dubai
2025-01-11,26.9,14.5,24.8,12.6,0.0,0.0,1.0,13.7,Dubai
2025-01-12,25.5,14.4,23.9,12.6,0.0,0.0,3.0,8.9,Dubai
2025-01-13,23.3,18.0,22.8,17.7,0.4,0.4,51.0,16.4,Dubai
2025-01-14,23.6,19.4,23.0,19.4,0.1,0.1,51.0,14.1,Dubai
2025-01-15,24.4,14.5,24.2,14.1,0.0,0.0,0.0,15.5,Dubai
2025-01-16,24.8,15.9,25.2,15.8,0.0,0.0,3.0,13.6,Dubai
2025-01-17,22.4,16.6,22.1,16.0,0.0,0.0,2.0,15.3,Dubai
2025-01-18,22.5,17.3,20.1,15.3,1.0,1.0,53.0,24.0,Dubai
2025-01-19,22.3,20.0,19.3,17.1,0.0,0.0,3.0,19.1,Dubai
2025-01-20,21.7,18.8,20.2,17.2,0.0,0.0,2.0,16.8,Dubai
2025-01-21,22.2,19.6,18.8,16.8,0.0,0.0,0.0,25.3,Dubai
2025-01-22,24.9,16.4,22.2,14.5,0.0,0.0,0.0,20.9,Dubai
2025-01-23,25.2,15.4,21.6,12.1,0.0,0.0,0.0,17.2,Dubai
2025-01-24,25.6,14.5,23.4,11.3,0.0,0.0,0.0,16.4,Dubai
2025-01-25,23.9,13.6,22.6,11.3,0.0,0.0,0.0,11.3,Dubai
2025-01-26,24.4,14.2,23.9,13.6,0.0,0.0,0.0,12.0,Dubai
2025-01-27,25.3,14.3,25.9,14.0,0.0,0.0,3.0,10.8,Dubai
2025-01-28,23.9,20.2,24.3,20.2,0.0,0.0,2.0,16.4,Dubai
2025-01-29,23.0,19.5,22.7,19.1,0.0,0.0,0.0,16.8,Dubai
2025-01-30,23.6,14.8,23.7,14.1,0.0,0.0,2.0,16.2,Dubai
2025-01-31,23.3,18.5,22.0,16.9,0.0,0.0,2.0,16.5,Dubai
2025-02-01,24.6,13.7,23.1,12.2,0.0,0.0,0.0,14.6,Dubai
2025-02-02,21.9,14.6,19.8,13.3,1.6,1.6,53.0,20.6,Dubai
2025-02-03,23.1,19.4,21.0,17.2,0.0,0.0,2.0,13.8,Dubai
2025-02-04,23.0,15.7,22.5,14.8,0.0,0.0,0.0,13.2,Dubai
2025-02-05,23.7,13.8,24.2,12.5,0.0,0.0,2.0,11.2,Dubai
2025-02-06,28.1,15.7,25.3,15.0,0.0,0.0,3.0,14.1,Dubai
2025-02-07,28.1,18.7,26.5,18.5,0.0,0.0,3.0,17.3,Dubai
2025-02-08,26.8,20.1,26.4,19.8,0.0,0.0,1.0,24.7,Dubai
2025-02-09,22.9,19.1,22.6,17.9,0.0,0.0,3.0,15.9,Dubai
2025-02-10,21.7,18.0,21.1,17.6,0.0,0.0,3.0,15.3,Dubai
2025-02-11,24.6,14.6,24.8,13.8,0.0,0.0,3.0,12.8,Dubai
2025-02-12,28.1,18.7,28.1,17.0,0.0,0.0,3.0,11.1,Dubai
2025-02-13,30.1,20.0,30.3,19.5,0.0,0.0,3.0,12.4,Dubai
2025-02-14,27.8,21.6,27.2,21.9,0.0,0.0,3.0,13.0,Dubai
2025-02-15,24.8,19.3,26.5,22.2,0.0,0.0,3.0,11.3,Dubai
2025-02-16,24.6,20.8,26.0,22.7,0.8,0.8,51.0,11.7,Dubai
2025-02-17,28.0,20.5,28.6,22.1,1.8,1.8,51.0,15.8,Dubai
2025-02-18,26.4,20.6,26.7,21.9,1.2,1.2,53.0,11.0,Dubai
2025-02-19,24.7,19.6,25.3,21.4,0.0,0.0,2.0,13.6,Dubai
2025-02-20,25.6,17.3,26.7,18.6,0.1,0.1,51.0,13.3,Dubai
2025-02-21,30.0,19.0,29.5,18.1,0.5,0.5,51.0,14.3,Dubai
2025-02-22,26.4,18.6,28.4,20.8,0.0,0.0,3.0,11.0,Dubai
2025-02-23,32.8,18.9,34.9,18.8,0.0,0.0,3.0,11.7,Dubai
2025-02-24,27.4,22.0,29.1,22.1,0.5,0.5,53.0,16.2,Dubai
2025-02-25,23.2,19.3,24.9,17.6,0.5,0.5,51.0,24.9,Dubai
2025-02-26,22.1,18.4,21.2,17.2,0.0,0.0,3.0,15.7,Dubai
2025-02-27,21.7,19.6,21.1,16.8,0.0,0.0,3.0,22.7,Dubai
2025-02-28,22.2,18.6,20.4,17.0,0.0,0.0,3.0,21.9,Dubai
2025-03-01,22.6,18.0,22.9,17.5,0.0,0.0,3.0,14.6,Dubai
2025-03-02,23.3,17.5,22.6,17.3,0.4,0.4,51.0,23.2,Dubai
2025-03-03,23.4,18.0,23.4,16.2,0.0,0.0,1.0,21.1,Dubai
2025-03-04,28.9,16.1,26.4,13.4,0.7,0.7,53.0,20.7,Dubai
2025-03-05,29.7,20.7,29.9,19.6,0.0,0.0,3.0,19.1,Dubai
2025-03-06,28.6,20.0,29.1,19.5,0.0,0.0,3.0,17.0,Dubai
2025-03-07,31.8,22.4,32.0,19.8,0.0,0.0,3.0,14.5,Dubai
2025-03-08,36.0,24.3,33.4,21.0,0.0,0.0,3.0,13.9,Dubai
2025-03-09,29.8,22.9,28.2,21.3,0.0,0.0,3.0,20.5,Dubai
2025-03-10,29.7,21.6,30.6,22.8,0.0,0.0,3.0,17.1,Dubai
2025-03-11,32.5,23.2,32.7,22.9,0.9,0.9,53.0,17.8,Dubai
2025-03-12,30.0,22.8,31.5,24.6,0.0,0.0,3.0,13.0,Dubai
2025-03-13,26.3,21.3,26.6,22.7,0.0,0.0,3.0,16.8,Dubai
2025-03-14,27.4,17.8,30.5,18.3,0.0,0.0,3.0,12.3,Dubai
2025-03-15,28.9,18.4,30.9,20.4,0.0,0.0,3.0,14.7,Dubai
2025-03-16,32.7,19.0,32.1,19.2,0.0,0.0,3.0,13.7,Dubai
2025-03-17,26.8,21.6,27.6,24.1,0.1,0.1,51.0,16.6,Dubai
2025-03-18,26.7,19.4,27.6,21.7,0.0,0.0,2.0,14.9,Dubai
2025-03-19,28.2,18.0,28.0,17.9,0.0,0.0,0.0,11.7,Dubai
2025-03-20,31.1,16.7,31.8,17.2,0.0,0.0,0.0,12.9,Dubai
2025-03-21,37.0,19.9,34.7,18.4,0.0,0.0,3.0,16.6,Dubai
2025-03-22,34.6,23.0,32.2,21.2,0.0,0.0,1.0,16.5,Dubai
2025-03-23,33.0,23.9,32.2,21.7,0.1,0.1,51.0,16.2,Dubai
2025-03-24,26.5,20.9,28.3,19.5,0.0,0.0,3.0,22.7,Dubai
2025-03-25,23.8,20.1,22.5,18.4,0.0,0.0,0.0,25.3,Dubai
2025-03-26,26.7,18.4,28.2,18.8,0.0,0.0,1.0,16.8,Dubai
2025-03-27,27.1,16.6,29.2,17.5,0.0,0.0,1.0,15.9,Dubai
2025-03-28,29.3,18.8,30.4,20.9,0.0,0.0,3.0,12.3,Dubai
2025-03-29,31.0,20.1,31.6,20.1,0.0,0.0,0.0,13.3,Dubai
2025-03-30,32.2,20.0,33.5,21.3,0.0,0.0,3.0,13.0,Dubai
2025-03-31,34.2,21.0,33.6,20.5,0.0,0.0,3.0,13.7,Dubai
2025-04-01,32.3,20.2,31.3,20.7,0.0,0.0,3.0,13.2,Dubai
2025-04-02,32.0,19.8,33.3,18.5,0.0,0.0,0.0,11.9,Dubai
2025-04-03,36.5,20.0,36.6,20.0,0.0,0.0,3.0,17.6,Dubai
2025-04-04,38.5,22.8,36.5,21.5,0.0,0.0,1.0,14.0,Dubai
2025-04-05,38.4,24.1,35.7,21.7,0.0,0.0,2.0,15.7,Dubai
2025-04-06,37.8,22.7,36.4,20.2,0.0,0.0,3.0,13.1,Dubai
2025-04-07,36.2,22.1,35.6,21.5,0.0,0.0,3.0,13.8,Dubai
2025-04-08,34.1,23.9,36.9,23.0,0.0,0.0,3.0,16.2,Dubai
2025-04-09,31.5,24.1,34.0,24.9,0.0,0.0,0.0,15.4,Dubai
2025-04-10,31.2,20.8,34.7,23.1,0.0,0.0,0.0,12.9,Dubai
2025-04-11,34.0,21.8,36.0,24.8,0.0,0.0,1.0,15.9,Dubai
2025-04-12,38.1,22.9,36.7,22.4,0.0,0.0,0.0,15.6,Dubai
2025-04-13,40.3,26.2,40.6,24.3,0.0,0.0,0.0,21.3,Dubai
2025-04-14,39.1,25.0,40.1,24.3,0.0,0.0,3.0,14.0,Dubai
2025-04-15,36.8,26.4,36.1,26.0,0.0,0.0,3.0,20.3,Dubai
2025-04-16,32.6,24.8,35.9,28.0,0.0,0.0,0.0,18.2,Dubai
2025-04-17,30.0,25.1,32.1,26.8,0.0,0.0,0.0,19.6,Dubai
2025-04-18,28.3,24.0,29.7,25.2,0.0,0.0,0.0,20.4,Dubai
2025-04-19,28.9,22.4,30.9,24.8,0.0,0.0,0.0,14.5,Dubai
2025-04-20,29.4,23.1,31.6,24.4,0.0,0.0,3.0,13.7,Dubai
2025-04-21,33.3,21.5,33.9,24.4,0.0,0.0,3.0,12.8,Dubai
2025-04-22,33.9,21.7,34.4,22.2,0.0,0.0,0.0,13.8,Dubai
2025-04-23,36.8,23.3,36.8,23.6,0.0,0.0,0.0,12.0,Dubai
2025-04-24,32.5,24.6,35.6,27.1,0.0,0.0,2.0,15.9,Dubai
2025-04-25,37.1,22.2,38.9,24.3,0.0,0.0,3.0,13.8,Dubai
2025-04-26,41.0,23.6,41.0,26.2,0.0,0.0,3.0,15.3,Dubai
2025-04-27,42.6,26.5,42.3,24.8,0.0,0.0,3.0,16.6,Dubai
2025-04-28,41.8,27.3,40.1,25.9,0.0,0.0,3.0,15.6,Dubai
2025-04-29,41.4,26.6,40.2,25.0,0.0,0.0,0.0,11.7,Dubai
2025-04-30,41.1,26.5,40.4,24.8,0.0,0.0,3.0,12.8,Dubai
2025-05-01,38.8,26.2,38.9,25.2,0.0,0.0,2.0,13.3,Dubai
2025-05-02,37.6,25.6,40.0,26.4,0.0,0.0,0.0,12.4,Dubai
2025-05-03,37.1,27.0,39.1,29.2,0.0,0.0,3.0,16.5,Dubai
2025-05-04,40.5,27.2,39.2,27.1,0.0,0.0,3.0,16.3,Dubai
2025-05-05,38.8,26.5,39.0,26.4,0.0,0.0,3.0,18.1,Dubai
2025-05-06,35.6,29.1,39.7,31.7,0.0,0.0,1.0,27.3,Dubai
2025-05-07,32.1,27.2,34.4,28.7,0.0,0.0,1.0,26.2,Dubai
2025-05-08,31.7,25.2,35.1,27.0,0.0,0.0,0.0,20.2,Dubai
2025-05-09,34.2,22.8,38.9,23.9,0.0,0.0,0.0,11.5,Dubai
2025-05-10,33.1,23.5,39.8,28.4,0.0,0.0,3.0,13.6,Dubai
2025-05-11,35.3,25.8,40.6,29.6,0.0,0.0,0.0,13.8,Dubai
2025-05-12,38.2,26.4,40.7,29.7,0.0,0.0,0.0,15.0,Dubai
2025-05-13,40.4,26.3,40.8,27.5,0.0,0.0,0.0,15.0,Dubai
2025-05-14,40.6,26.9,42.3,26.8,0.0,0.0,0.0,15.7,Dubai
2025-05-15,39.1,27.8,39.4,28.3,0.0,0.0,0.0,15.8,Dubai
2025-05-16,37.1,26.6,39.4,27.3,0.0,0.0,0.0,16.1,Dubai
2025-05-17,35.3,26.8,40.2,30.1,0.0,0.0,0.0,17.6,Dubai
2025-05-18,35.1,26.0,38.2,29.5,0.0,0.0,0.0,13.2,Dubai
2025-05-19,35.8,24.5,41.1,29.5,0.0,0.0,0.0,11.9,Dubai
2025-05-20,36.2,25.7,42.6,31.7,0.0,0.0,3.0,11.1,Dubai
2025-05-21,39.8,25.5,44.2,29.7,0.0,0.0,0.0,11.6,Dubai
2025-05-22,40.8,26.2,43.8,31.4,0.0,0.0,0.0,12.7,Dubai
2025-05-23,43.8,27.8,45.2,29.7,0.0,0.0,0.0,12.1,Dubai
2025-05-24,43.8,28.0,43.8,28.4,0.0,0.0,0.0,11.7,Dubai
2025-05-25,41.6,27.7,43.0,28.8,0.0,0.0,0.0,16.6,Dubai
2025-05-26,41.9,27.9,45.3,32.9,0.0,0.0,0.0,18.3,Dubai
2025-05-27,36.3,29.5,40.6,32.3,0.0,0.0,0.0,17.5,Dubai
2025-05-28,38.3,27.4,43.0,29.2,0.0,0.0,0.0,13.9,Dubai
2025-05-29,39.7,26.2,44.3,31.0,0.0,0.0,2.0,14.5,Dubai
2025-05-30,39.4,27.4,41.9,30.5,0.0,0.0,1.0,14.8,Dubai
2025-05-31,37.6,28.7,41.8,32.4,0.0,0.0,2.0,14.1,Dubai
2025-06-01,38.0,27.0,42.3,30.2,0.0,0.0,3.0,14.0,Dubai
2025-06-02,38.3,27.0,42.6,30.2,0.0,0.0,3.0,14.9,Dubai
2025-06-03,37.7,26.2,43.6,30.4,0.0,0.0,2.0,13.0,Dubai
2025-06-04,35.9,27.8,40.5,32.4,0.0,0.0,1.0,16.6,Dubai
2025-06-05,36.8,26.8,41.0,29.6,0.0,0.0,0.0,15.0,Dubai
2025-06-06,34.9,26.7,39.2,28.8,0.0,0.0,0.0,17.2,Dubai
2025-06-07,35.8,25.2,41.2,30.0,0.2,0.2,51.0,16.7,Dubai
2025-06-08,37.0,28.4,42.5,36.0,0.0,0.0,1.0,16.6,Dubai
2025-06-09,39.4,28.5,43.2,35.7,0.0,0.0,1.0,17.4,Dubai
2025-06-10,41.8,29.9,43.1,33.9,0.0,0.0,0.0,18.6,Dubai
2025-06-11,41.2,29.1,42.1,30.3,0.0,0.0,0.0,13.8,Dubai
2025-06-12,42.5,29.1,44.1,33.0,0.0,0.0,0.0,14.3,Dubai
2025-06-13,42.1,29.2,46.4,33.2,0.0,0.0,0.0,14.8,Dubai
2025-06-14,42.6,28.1,43.7,33.9,0.0,0.0,0.0,17.4,Dubai
2025-06-15,38.7,28.6,42.3,29.6,0.0,0.0,1.0,13.8,Dubai
2025-06-16,41.9,29.0,48.4,31.7,0.0,0.0,0.0,11.5,Dubai
2025-06-17,41.1,30.1,45.5,35.0,0.0,0.0,0.0,13.9,Dubai
2025-06-18,41.1,29.8,45.7,32.6,0.0,0.0,0.0,13.0,Dubai
2025-06-19,40.8,28.4,46.2,36.0,0.0,0.0,3.0,13.3,Dubai
2025-06-20,41.2,29.0,44.8,36.6,0.0,0.0,3.0,12.6,Dubai
2025-06-21,38.5,28.2,44.9,34.2,0.0,0.0,3.0,10.7,Dubai
2025-06-22,38.0,28.3,42.9,35.3,0.0,0.0,3.0,12.1,Dubai
2025-06-23,38.2,28.8,42.4,35.0,0.0,0.0,2.0,16.2,Dubai
2025-06-24,38.1,29.4,41.6,32.7,0.0,0.0,3.0,16.2,Dubai
2025-06-25,40.7,28.4,43.5,29.8,0.0,0.0,3.0,12.2,Dubai
2025-06-26,39.5,28.2,45.8,35.1,0.0,0.0,3.0,14.6,Dubai
2025-06-27,42.1,28.9,46.0,34.7,0.0,0.0,3.0,14.5,Dubai
2025-06-28,41.4,29.5,46.9,34.9,0.0,0.0,3.0,14.7,Dubai
2025-06-29,36.6,28.5,42.9,37.0,0.0,0.0,3.0,11.9,Dubai
2025-06-30,37.7,28.4,43.3,33.4,0.0,0.0,3.0,12.8,Dubai
2025-07-01,39.8,28.5,44.9,34.1,0.0,0.0,3.0,11.6,Dubai
2025-07-02,38.1,28.5,45.6,34.3,0.0,0.0,3.0,13.2,Dubai
2025-07-03,40.3,29.6,45.3,36.4,0.0,0.0,3.0,14.1,Dubai
2025-07-04,41.7,29.2,45.8,34.9,0.0,0.0,3.0,12.8,Dubai
2025-07-05,38.9,30.2,44.9,37.4,0.0,0.0,3.0,15.8,Dubai
2025-07-06,37.3,30.0,42.6,34.2,0.0,0.0,3.0,18.0,Dubai
2025-07-07,36.8,29.3,39.9,33.2,0.0,0.0,3.0,16.6,Dubai
2025-07-08,36.8,28.8,41.0,32.8,0.0,0.0,3.0,14.7,Dubai
2025-07-09,37.2,27.5,39.6,31.4,0.0,0.0,3.0,11.7,Dubai
2025-07-10,37.5,28.1,42.3,30.2,0.0,0.0,3.0,11.8,Dubai
2025-07-11,43.5,28.9,47.1,33.9,0.0,0.0,3.0,22.8,Dubai
2025-07-12,42.8,31.7,47.3,36.3,0.0,0.0,3.0,16.8,Dubai
2025-07-13,44.3,32.7,49.1,35.0,0.0,0.0,1.0,16.4,Dubai
2025-07-14,43.7,33.6,47.4,36.1,0.0,0.0,3.0,15.8,Dubai
2025-07-15,46.4,33.4,48.4,36.5,0.0,0.0,3.0,16.8,Dubai
2025-07-16,44.0,33.3,45.6,34.2,0.0,0.0,3.0,17.9,Dubai
2025-07-17,40.7,30.3,43.2,34.1,0.0,0.0,0.0,14.6,Dubai
2025-07-18,44.9,32.8,48.4,35.1,0.0,0.0,2.0,16.6,Dubai
2025-07-19,43.9,33.7,46.1,36.9,0.0,0.0,3.0,12.9,Dubai
2025-07-20,39.7,31.8,46.9,38.6,0.0,0.0,3.0,13.8,Dubai
2025-07-21,46.5,32.1,49.4,38.3,0.0,0.0,3.0,18.0,Dubai
2025-07-22,46.0,32.5,49.2,37.6,0.0,0.0,3.0,17.1,Dubai
2025-07-23,38.3,32.2,47.8,38.9,0.0,0.0,3.0,12.4,Dubai
2025-07-24,37.9,30.0,46.5,37.3,0.0,0.0,1.0,17.4,Dubai
2025-07-25,46.3,32.7,49.0,36.6,0.0,0.0,2.0,16.2,Dubai
2025-07-26,44.4,33.0,48.7,36.3,0.0,0.0,3.0,15.1,Dubai
2025-07-27,43.6,31.5,46.9,37.7,0.0,0.0,3.0,15.6,Dubai
2025-07-28,,,,,,,,,Dubai
2025-07-29,,,,,,,,,Dubai
2019-01-01,14.4,4.3,10.6,-0.2,7.5,7.5,63.0,35.6,New York
2019-01-02,3.7,-0.4,0.6,-4.7,0.0,0.0,3.0,16.0,New York
2019-01-03,7.0,0.2,2.2,-3.3,0.0,0.0,3.0,25.7,New York
2019-01-04,8.0,-1.3,3.6,-5.4,0.0,0.0,3.0,20.4,New York
2019-01-05,6.7,3.8,3.7,-0.4,20.0,20.0,63.0,23.8,New York
2019-01-06,9.0,0.2,3.5,-5.6,0.2,0.2,51.0,31.3,New York
2019-01-07,0.3,-5.3,-4.1,-10.4,0.2,0.1,71.0,19.1,New York
2019-01-08,8.0,0.0,5.1,-5.2,0.3,0.3,51.0,15.4,New York
2019-01-09,7.0,0.7,2.2,-5.8,3.0,3.0,61.0,35.3,New York
2019-01-10,0.8,-2.1,-6.4,-9.4,0.0,0.0,3.0,36.7,New York
2019-01-11,-1.2,-5.8,-8.8,-12.4,0.0,0.0,3.0,28.3,New York
2019-01-12,2.2,-6.4,-2.3,-11.7,0.0,0.0,3.0,11.8,New York
2019-01-13,0.0,-4.0,-5.6,-9.5,0.8,0.0,71.0,16.9,New York
2019-01-14,1.0,-6.2,-4.1,-12.5,0.0,0.0,3.0,21.5,New York
2019-01-15,3.6,-5.0,-1.1,-9.3,0.0,0.0,3.0,10.4,New York
2019-01-16,4.5,-4.3,-1.6,-8.7,0.0,0.0,3.0,22.8,New York
2019-01-17,0.0,-5.5,-4.6,-10.1,0.0,0.0,3.0,18.6,New York
2019-01-18,3.4,-1.9,0.4,-6.6,1.5,0.0,73.0,11.9,New York
2019-01-19,3.2,-3.1,-1.6,-7.3,3.0,1.7,73.0,20.4,New York
2019-01-20,9.5,-10.8,7.8,-18.8,30.9,28.7,75.0,33.8,New York
2019-01-21,-11.2,-15.9,-18.7,-23.8,0.0,0.0,3.0,35.9,New York
2019-01-22,-1.8,-11.6,-6.1,-18.1,0.0,0.0,3.0,21.8,New York
2019-01-23,7.4,-3.0,3.5,-8.9,0.0,0.0,3.0,22.9,New York
2019-01-24,12.4,1.2,9.4,-5.2,33.1,33.1,63.0,44.4,New York
2019-01-25,2.8,-3.5,-4.0,-8.7,0.0,0.0,3.0,35.0,New York
2019-01-26,1.1,-6.5,-4.1,-11.0,0.0,0.0,3.0,13.4,New York
2019-01-27,9.2,-2.9,2.9,-7.1,0.0,0.0,3.0,29.2,New York
2019-01-28,2.1,-5.6,-2.4,-9.9,0.0,0.0,3.0,19.1,New York
2019-01-29,4.3,-6.2,-0.5,-10.4,5.1,4.8,73.0,23.4,New York
2019-01-30,0.5,-14.1,-4.0,-22.1,0.6,0.1,71.0,39.8,New York
2019-01-31,-8.4,-16.6,-15.4,-23.5,0.0,0.0,0.0,25.4,New York
2019-02-01,-5.0,-11.9,-9.9,-17.5,0.0,0.0,3.0,13.5,New York
2019-02-02,2.2,-9.6,-4.2,-14.0,0.0,0.0,3.0,23.8,New York
2019-02-03,9.9,-3.8,6.3,-7.5,0.0,0.0,2.0,18.3,New York
2019-02-04,11.6,-2.2,9.0,-6.1,0.0,0.0,0.0,14.4,New York
2019-02-05,17.6,0.3,15.6,-3.1,0.0,0.0,3.0,13.8,New York
2019-02-06,6.8,-1.3,2.8,-6.0,6.5,6.5,63.0,17.7,New York
2019-02-07,7.8,2.3,5.2,-1.2,7.0,7.0,63.0,16.9,New York
2019-02-08,11.0,0.1,5.8,-8.2,8.3,8.3,61.0,33.8,New York
2019-02-09,0.6,-5.1,-6.7,-12.2,0.0,0.0,2.0,32.8,New York
2019-02-10,2.9,-6.4,-2.3,-10.8,0.0,0.0,3.0,13.4,New York
2019-02-11,2.8,-2.0,-1.4,-6.0,0.4,0.0,71.0,11.0,New York
2019-02-12,0.6,-3.2,-4.1,-9.2,16.9,11.4,75.0,25.4,New York
2019-02-13,5.7,-1.5,-1.5,-7.3,2.7,2.7,53.0,34.0,New York
2019-02-14,7.0,-2.9,2.0,-8.3,0.0,0.0,3.0,19.5,New York
2019-02-15,13.1,3.0,8.5,-1.2,0.2,0.2,51.0,25.0,New York
2019-02-16,8.1,-1.9,3.3,-6.6,0.0,0.0,3.0,23.8,New York
2019-02-17,1.9,-5.4,-1.6,-10.2,0.5,0.5,51.0,15.5,New York
2019-02-18,6.8,-3.0,1.0,-9.3,4.9,3.9,73.0,30.5,New York
2019-02-19,2.5,-5.5,-3.0,-10.8,0.0,0.0,3.0,19.6,New York
2019-02-20,-0.8,-4.1,-4.8,-8.4,9.8,1.6,75.0,16.1,New York
2019-02-21,11.5,-0.6,6.8,-5.0,8.9,8.7,71.0,19.8,New York
2019-02-22,7.0,0.4,2.1,-4.0,0.0,0.0,3.0,18.2,New York
2019-02-23,4.3,-2.5,0.4,-6.7,1.1,1.1,53.0,12.9,New York
2019-02-24,9.6,1.9,6.7,-1.6,20.9,20.9,63.0,40.1,New York
2019-02-25,5.5,-2.1,-2.8,-9.7,0.0,0.0,3.0,45.7,New York
2019-02-26,3.4,-4.8,-3.5,-11.0,0.0,0.0,3.0,28.0,New York
2019-02-27,-1.8,-5.5,-6.6,-11.1,0.4,0.0,71.0,19.1,New York
2019-02-28,2.6,-3.8,-2.5,-8.9,0.3,0.0,71.0,27.7,New York
2019-03-01,2.7,-3.7,-1.2,-8.4,2.0,0.0,73.0,13.3,New York
2019-03-02,3.2,-1.1,0.1,-6.3,10.4,0.1,75.0,19.9,New York
2019-03-03,5.3,-1.3,1.9,-5.2,8.6,0.5,75.0,14.4,New York
2019-03-04,2.1,-4.9,-2.2,-9.6,17.9,0.0,75.0,22.2,New York
2019-03-05,-1.6,-15.4,-6.6,-20.8,0.0,0.0,2.0,15.8,New York
2019-03-06,-3.0,-9.8,-10.2,-15.8,0.0,0.0,3.0,27.3,New York
2019-03-07,0.7,-9.3,-5.8,-14.4,0.2,0.0,71.0,27.2,New York
2019-03-08,2.3,-7.2,-2.0,-11.3,0.0,0.0,3.0,15.0,New York
2019-03-09,7.8,-4.3,5.7,-8.1,0.0,0.0,3.0,13.8,New York
2019-03-10,9.0,1.1,7.5,-3.7,14.7,13.6,73.0,24.9,New York
2019-03-11,10.9,2.1,5.6,-2.3,0.0,0.0,3.0,26.4,New York
2019-03-12,5.0,-1.4,-1.4,-6.9,0.0,0.0,3.0,26.2,New York
2019-03-13,6.1,-4.7,2.7,-8.7,0.0,0.0,3.0,19.1,New York
2019-03-14,10.8,0.9,6.7,-2.6,0.0,0.0,3.0,22.5,New York
2019-03-15,21.9,9.6,19.5,5.7,19.6,19.6,65.0,31.6,New York
2019-03-16,12.8,3.1,9.5,-3.2,0.0,0.0,3.0,31.6,New York
2019-03-17,5.8,-2.0,0.8,-6.6,0.0,0.0,3.0,21.5,New York
2019-03-18,7.1,-4.0,2.1,-7.9,0.0,0.0,3.0,15.7,New York
2019-03-19,8.2,-3.4,3.8,-7.3,0.0,0.0,3.0,15.1,New York
2019-03-20,9.4,-1.9,5.8,-5.6,0.0,0.0,3.0,26.6,New York
2019-03-21,8.8,2.8,4.7,-0.2,14.7,14.7,61.0,24.3,New York
2019-03-22,9.3,3.8,2.3,-3.2,18.1,18.1,63.0,39.0,New York
2019-03-23,8.6,-0.2,1.5,-8.3,0.4,0.1,71.0,34.5,New York
2019-03-24,13.5,-1.8,8.3,-6.0,0.0,0.0,3.0,21.6,New York
2019-03-25,9.8,5.3,5.8,0.7,1.2,1.2,51.0,16.3,New York
2019-03-26,8.0,-2.4,2.6,-9.1,0.0,0.0,3.0,22.9,New York
2019-03-27,5.9,-2.5,3.5,-7.2,0.0,0.0,3.0,16.2,New York
2019-03-28,8.7,-2.3,4.7,-6.3,0.0,0.0,3.0,26.9,New York
2019-03-29,12.7,5.2,11.0,1.7,0.6,0.6,51.0,14.6,New York
2019-03-30,16.1,6.5,13.3,4.1,0.0,0.0,3.0,32.1,New York
2019-03-31,17.7,4.4,14.7,-1.1,4.3,4.3,61.0,24.1,New York
2019-04-01,7.6,-1.0,1.5,-7.5,0.0,0.0,3.0,32.3,New York
2019-04-02,8.5,-1.4,4.1,-5.7,0.9,0.9,51.0,25.0,New York
2019-04-03,16.9,2.2,10.1,-2.1,0.8,0.8,51.0,38.6,New York
2019-04-04,14.2,2.1,9.0,-1.8,0.0,0.0,3.0,28.2,New York
2019-04-05,5.4,1.6,1.1,-2.9,6.9,6.9,61.0,18.0,New York
2019-04-06,19.5,3.7,17.6,0.6,0.4,0.4,51.0,14.8,New York
2019-04-07,15.6,4.4,13.3,2.0,0.0,0.0,3.0,19.4,New York
2019-04-08,24.6,9.8,23.1,7.6,10.0,10.0,63.0,25.2,New York
2019-04-09,11.0,6.3,8.3,4.2,0.8,0.8,53.0,21.5,New York
2019-04-10,14.2,4.8,9.0,1.2,0.0,0.0,3.0,26.0,New York
2019-04-11,10.0,2.6,8.8,-1.0,0.0,0.0,3.0,14.9,New York
2019-04-12,18.9,6.4,17.6,3.3,12.3,12.3,63.0,32.4,New York
2019-04-13,22.9,14.4,22.9,12.5,12.6,12.6,63.0,21.3,New York
2019-04-14,18.3,11.7,18.9,11.1,2.6,2.6,61.0,24.2,New York
2019-04-15,18.9,7.2,17.2,0.3,17.2,17.2,63.0,39.6,New York
2019-04-16,17.2,4.9,12.4,-0.6,0.0,0.0,3.0,29.0,New York
2019-04-17,14.3,7.8,13.2,4.4,0.6,0.6,51.0,21.9,New York
2019-04-18,16.2,8.6,13.7,5.0,1.7,1.7,53.0,24.6,New York
2019-04-19,24.1,15.2,22.8,12.4,6.1,6.1,63.0,33.5,New York
2019-04-20,17.5,12.1,16.3,9.3,10.7,10.7,61.0,33.5,New York
2019-04-21,16.6,9.6,14.9,8.6,0.1,0.1,51.0,20.9,New York
2019-04-22,17.1,9.5,15.3,7.4,7.4,7.4,61.0,23.6,New York
2019-04-23,22.8,10.0,24.0,8.4,0.2,0.2,51.0,23.8,New York
2019-04-24,19.7,11.5,16.5,10.1,0.2,0.2,51.0,22.3,New York
2019-04-25,15.5,7.5,14.7,4.8,2.3,2.3,53.0,17.0,New York
2019-04-26,16.5,10.3,14.2,8.6,16.6,16.6,61.0,28.0,New York
2019-04-27,12.6,7.7,8.2,3.1,2.9,2.9,61.0,40.4,New York
2019-04-28,11.1,5.8,7.7,2.8,1.7,1.7,55.0,21.0,New York
2019-04-29,12.8,3.3,11.3,-0.7,0.1,0.1,51.0,19.7,New York
2019-04-30,19.4,8.6,17.7,6.4,3.7,3.7,55.0,12.9,New York
2019-05-01,12.2,8.9,9.5,7.6,1.6,1.6,51.0,20.2,New York
2019-05-02,22.9,10.1,26.7,8.5,5.7,5.7,61.0,19.4,New York
2019-05-03,13.5,9.4,12.7,7.5,0.6,0.6,51.0,12.7,New York
2019-05-04,19.9,10.9,20.7,10.6,11.6,11.6,61.0,10.9,New York
2019-05-05,13.5,10.9,13.7,7.4,36.0,36.0,63.0,24.6,New York
2019-05-06,20.9,9.6,20.3,7.4,0.9,0.9,53.0,20.9,New York
2019-05-07,18.4,10.1,18.3,9.0,4.4,4.4,61.0,20.0,New York
2019-05-08,19.6,10.5,19.0,8.7,1.0,1.0,53.0,17.5,New York
2019-05-09,14.4,9.5,10.7,6.5,0.0,0.0,3.0,23.3,New York
2019-05-10,22.9,11.8,23.0,8.7,2.0,2.0,55.0,22.4,New York
2019-05-11,19.6,11.3,19.7,7.8,4.5,4.5,61.0,20.7,New York
2019-05-12,12.5,7.1,12.5,2.8,29.2,29.2,63.0,31.0,New York
2019-05-13,11.1,7.0,7.7,3.2,20.5,20.5,63.0,20.4,New York
2019-05-14,12.1,7.1,10.1,4.6,4.0,4.0,53.0,15.0,New York
2019-05-15,19.7,6.1,17.8,2.9,0.4,0.4,51.0,23.4,New York
2019-05-16,20.9,9.4,19.7,8.0,0.4,0.4,51.0,15.2,New York
2019-05-17,24.7,11.9,25.1,10.5,0.9,0.9,53.0,18.0,New York
2019-05-18,23.0,11.4,22.7,9.1,0.0,0.0,3.0,17.1,New York
2019-05-19,23.3,12.1,22.8,10.9,0.7,0.7,51.0,27.4,New York
2019-05-20,28.2,19.1,28.5,18.9,1.8,1.8,53.0,26.5,New York
2019-05-21,20.0,12.4,16.4,8.7,0.0,0.0,3.0,27.8,New York
2019-05-22,22.4,10.3,21.8,7.6,0.0,0.0,3.0,18.9,New York
2019-05-23,25.2,14.5,25.3,12.2,2.1,2.1,53.0,23.5,New York
2019-05-24,23.3,15.7,20.4,14.2,0.0,0.0,3.0,34.7,New York
2019-05-25,19.3,12.1,18.1,11.6,0.0,0.0,3.0,29.1,New York
2019-05-26,29.6,15.1,31.7,13.5,2.0,2.0,55.0,21.3,New York
2019-05-27,25.7,15.9,25.6,14.5,0.0,0.0,3.0,17.1,New York
2019-05-28,21.5,16.0,23.0,15.0,6.5,6.5,61.0,30.8,New York
2019-05-29,20.6,13.6,23.0,13.1,2.7,2.7,53.0,21.0,New York
2019-05-30,19.8,13.1,20.3,13.5,14.1,14.1,63.0,17.8,New York
2019-05-31,25.5,17.3,26.0,18.0,0.5,0.5,51.0,14.8,New York
2019-06-01,25.6,15.8,28.9,15.6,0.0,0.0,3.0,19.5,New York
2019-06-02,26.2,16.8,27.4,17.9,2.1,2.1,53.0,20.6,New York
2019-06-03,20.4,13.2,17.3,11.1,0.0,0.0,2.0,27.0,New York
2019-06-04,21.3,11.0,19.1,8.7,0.0,0.0,3.0,20.0,New York
2019-06-05,26.1,16.4,28.2,13.3,3.9,3.9,61.0,23.4,New York
2019-06-06,27.3,19.7,29.6,21.0,15.8,15.8,63.0,21.1,New York
2019-06-07,25.4,17.3,26.2,18.5,0.0,0.0,3.0,16.8,New York
2019-06-08,25.9,15.4,26.8,15.4,0.0,0.0,3.0,21.7,New York
2019-06-09,23.3,13.4,21.5,12.8,0.0,0.0,3.0,24.9,New York
2019-06-10,20.2,13.5,21.8,12.1,15.4,15.4,61.0,25.2,New York
2019-06-11,23.4,16.5,23.3,14.7,8.7,8.7,61.0,29.2,New York
2019-06-12,22.1,12.6,22.0,11.3,0.0,0.0,3.0,23.0,New York
2019-06-13,19.3,14.9,19.9,12.2,22.8,22.8,63.0,32.8,New York
2019-06-14,22.5,14.2,18.3,12.0,0.7,0.7,51.0,28.7,New York
2019-06-15,26.8,12.5,25.5,11.4,0.0,0.0,3.0,24.7,New York
2019-06-16,26.8,17.3,28.7,17.7,3.2,3.2,53.0,20.9,New York
2019-06-17,23.6,19.4,26.3,21.3,5.2,5.2,53.0,12.3,New York
2019-06-18,24.8,19.1,28.1,21.3,10.9,10.9,63.0,14.8,New York
2019-06-19,21.0,17.8,22.9,19.6,11.7,11.7,61.0,16.9,New York
2019-06-20,26.2,19.1,29.6,21.0,10.9,10.9,63.0,15.4,New York
2019-06-21,24.1,18.7,25.4,16.6,15.9,15.9,63.0,26.4,New York
2019-06-22,24.2,15.7,22.9,13.6,0.0,0.0,1.0,24.3,New York
2019-06-23,26.8,15.3,27.4,13.8,0.0,0.0,3.0,18.3,New York
2019-06-24,28.3,15.9,29.2,16.5,0.0,0.0,3.0,13.8,New York
2019-06-25,27.5,20.3,33.1,23.1,9.0,9.0,61.0,11.8,New York
2019-06-26,30.2,20.4,32.1,20.7,0.2,0.2,51.0,18.4,New York
2019-06-27,30.4,19.7,32.5,21.6,0.0,0.0,3.0,17.4,New York
2019-06-28,29.9,19.5,33.5,21.7,0.3,0.3,51.0,13.6,New York
2019-06-29,31.1,21.7,35.0,25.1,1.4,1.4,53.0,19.3,New York
2019-06-30,27.1,21.2,26.1,19.4,0.0,0.0,3.0,29.0,New York
2019-07-01,29.3,17.2,30.0,16.6,0.0,0.0,3.0,17.7,New York
2019-07-02,29.8,18.6,32.0,19.5,0.4,0.4,51.0,17.5,New York
2019-07-03,28.7,22.2,32.4,26.0,0.7,0.7,51.0,10.1,New York
2019-07-04,29.9,21.3,33.9,24.5,0.0,0.0,3.0,17.7,New York
2019-07-05,27.2,20.2,30.7,22.7,0.4,0.4,51.0,20.9,New York
2019-07-06,30.2,23.8,34.2,27.7,8.5,8.5,63.0,18.8,New York
2019-07-07,27.8,22.2,31.1,25.0,2.3,2.3,53.0,18.7,New York
2019-07-08,24.5,20.5,25.8,22.6,11.2,11.2,61.0,9.4,New York
2019-07-09,31.2,19.4,33.2,21.7,0.0,0.0,3.0,12.1,New York
2019-07-10,31.1,20.6,33.9,23.3,0.0,0.0,3.0,22.3,New York
2019-07-11,28.2,21.7,30.7,24.6,8.6,8.6,63.0,25.2,New York
2019-07-12,30.1,22.3,32.2,23.9,3.0,3.0,61.0,24.0,New York
2019-07-13,30.3,19.8,32.5,21.1,0.0,0.0,0.0,17.2,New York
2019-07-14,30.8,21.8,33.0,23.8,0.0,0.0,3.0,22.6,New York
2019-07-15,30.4,18.9,31.2,19.5,0.0,0.0,3.0,13.9,New York
2019-07-16,33.0,20.1,35.5,22.4,0.1,0.1,51.0,21.3,New York
2019-07-17,32.7,23.6,37.6,27.2,17.1,17.1,63.0,16.3,New York
2019-07-18,28.3,21.9,33.6,23.9,11.4,11.4,63.0,18.0,New York
2019-07-19,33.0,21.6,37.1,24.8,0.1,0.1,51.0,15.8,New York
2019-07-20,35.0,25.3,41.1,30.1,0.7,0.7,51.0,19.3,New York
2019-07-21,34.3,25.2,39.1,29.3,0.1,0.1,51.0,20.4,New York
2019-07-22,29.7,23.9,34.9,28.2,27.5,27.5,63.0,21.2,New York
2019-07-23,24.1,20.0,28.2,21.0,24.1,24.1,63.0,18.4,New York
2019-07-24,26.5,20.1,27.4,22.4,1.2,1.2,53.0,12.4,New York
2019-07-25,28.4,20.1,29.1,21.8,0.0,0.0,2.0,11.2,New York
2019-07-26,28.3,18.7,31.0,20.3,0.0,0.0,1.0,13.3,New York
2019-07-27,28.1,20.6,31.3,22.7,0.0,0.0,2.0,17.9,New York
2019-07-28,31.7,21.5,33.4,23.4,0.0,0.0,3.0,18.1,New York
2019-07-29,31.8,21.4,34.7,23.6,0.7,0.7,53.0,17.7,New York
2019-07-30,31.7,23.3,36.7,27.2,0.4,0.4,51.0,19.9,New York
2019-07-31,29.9,22.4,35.2,26.1,12.0,12.0,65.0,14.7,New York
2019-08-01,29.4,22.0,32.4,26.0,0.0,0.0,3.0,10.5,New York
2019-08-02,28.6,22.3,30.9,25.3,0.1,0.1,51.0,16.9,New York
2019-08-03,27.7,20.8,31.5,24.1,1.7,1.7,51.0,18.1,New York
2019-08-04,30.6,21.2,32.3,24.6,2.0,2.0,55.0,9.1,New York
2019-08-05,27.1,20.5,29.8,20.8,0.0,0.0,3.0,15.6,New York
2019-08-06,26.4,21.1,28.7,24.7,1.0,1.0,53.0,16.1,New York
2019-08-07,28.2,21.1,31.7,23.7,17.4,17.4,63.0,19.2,New York
2019-08-08,29.2,19.0,31.1,21.5,1.0,1.0,53.0,21.3,New York
2019-08-09,28.8,20.2,28.4,21.3,0.3,0.3,51.0,17.3,New York
2019-08-10,27.2,18.3,26.2,18.1,0.0,0.0,3.0,22.3,New York
2019-08-11,27.5,15.8,26.7,15.6,0.0,0.0,3.0,15.1,New York
2019-08-12,29.7,16.7,30.7,17.3,0.0,0.0,3.0,25.6,New York
2019-08-13,25.2,21.5,28.3,23.7,8.0,8.0,63.0,13.8,New York
2019-08-14,25.5,20.8,29.8,24.2,10.1,10.1,61.0,11.2,New York
2019-08-15,26.8,20.6,30.1,23.5,1.1,1.1,51.0,17.1,New York
2019-08-16,25.6,19.8,28.7,22.2,0.9,0.9,53.0,15.3,New York
2019-08-17,27.7,21.3,32.8,25.1,2.8,2.8,61.0,13.4,New York
2019-08-18,27.8,22.1,32.0,26.2,13.5,13.5,65.0,13.8,New York
2019-08-19,31.4,22.3,35.8,26.2,1.9,1.9,61.0,14.2,New York
2019-08-20,28.9,22.2,32.8,25.2,0.0,0.0,3.0,14.9,New York
2019-08-21,30.7,23.3,33.4,28.0,7.5,7.5,63.0,25.8,New York
2019-08-22,31.7,22.7,34.2,26.3,5.3,5.3,63.0,16.6,New York
2019-08-23,23.3,18.4,27.9,19.3,16.8,16.8,63.0,18.5,New York
2019-08-24,23.7,16.9,23.3,16.1,0.0,0.0,3.0,16.6,New York
2019-08-25,23.6,17.6,21.7,16.8,0.0,0.0,3.0,23.7,New York
2019-08-26,23.0,14.7,23.9,13.4,0.0,0.0,3.0,17.6,New York
2019-08-27,21.3,16.4,21.4,17.2,0.0,0.0,3.0,13.0,New York
2019-08-28,23.3,17.9,25.9,19.8,11.3,11.3,61.0,14.3,New York
2019-08-29,27.4,17.8,27.1,17.9,0.0,0.0,3.0,21.1,New York
2019-08-30,30.5,15.7,30.8,15.6,0.0,0.0,2.0,20.9,New York
2019-08-31,27.4,19.0,27.3,18.8,0.0,0.0,3.0,15.2,New York
2019-09-01,24.3,17.2,24.5,16.8,0.0,0.0,3.0,20.4,New York
2019-09-02,25.2,20.0,28.0,20.6,8.4,8.4,61.0,17.5,New York
2019-09-03,26.2,17.8,28.8,19.2,0.0,0.0,3.0,13.6,New York
2019-09-04,31.0,18.1,31.3,19.5,1.8,1.8,53.0,27.2,New York
2019-09-05,23.8,17.0,24.8,16.6,0.0,0.0,3.0,20.5,New York
2019-09-06,20.2,15.7,19.3,13.3,1.7,1.7,53.0,29.5,New York
2019-09-07,24.1,13.6,22.0,11.4,8.1,8.1,63.0,22.3,New York
2019-09-08,25.8,15.1,25.5,14.9,0.0,0.0,3.0,15.9,New York
2019-09-09,24.0,16.4,25.7,15.6,1.5,1.5,53.0,13.9,New York
2019-09-10,23.6,17.6,24.8,19.5,0.6,0.6,51.0,21.6,New York
2019-09-11,31.8,19.1,35.6,19.9,0.1,0.1,51.0,22.4,New York
2019-09-12,25.8,17.0,28.8,15.8,7.8,7.8,61.0,20.2,New York
2019-09-13,19.7,14.2,17.3,13.2,0.0,0.0,3.0,20.7,New York
2019-09-14,23.3,16.4,23.7,15.8,0.0,0.0,3.0,26.9,New York
2019-09-15,27.1,19.3,28.3,20.9,0.5,0.5,51.0,9.0,New York
2019-09-16,24.6,19.1,26.9,20.3,0.8,0.8,51.0,11.5,New York
2019-09-17,23.2,15.2,21.6,14.9,0.0,0.0,3.0,17.9,New York
2019-09-18,19.9,12.7,17.4,11.3,0.3,0.3,51.0,16.4,New York
2019-09-19,20.0,10.6,19.2,8.6,0.0,0.0,0.0,9.8,New York
2019-09-20,24.9,10.9,23.7,9.3,0.0,0.0,3.0,13.0,New York
2019-09-21,27.0,13.9,28.0,13.6,0.0,0.0,3.0,10.1,New York
2019-09-22,27.3,15.0,29.1,15.1,0.0,0.0,3.0,20.5,New York
2019-09-23,30.9,20.7,31.8,21.7,0.1,0.1,51.0,20.7,New York
2019-09-24,24.9,16.0,24.7,15.1,0.7,0.7,51.0,25.0,New York
2019-09-25,25.0,12.9,24.7,12.2,0.0,0.0,3.0,20.1,New York
2019-09-26,27.9,15.3,28.5,15.4,0.7,0.7,53.0,19.0,New York
2019-09-27,21.9,12.6,22.1,12.2,0.0,0.0,3.0,15.5,New York
2019-09-28,27.0,16.3,28.0,16.9,0.0,0.0,3.0,19.9,New York
2019-09-29,24.4,16.8,23.9,14.8,0.0,0.0,3.0,18.6,New York
2019-09-30,20.3,15.6,19.3,12.5,0.2,0.2,51.0,17.4,New York
2019-10-01,27.7,16.4,28.7,16.8,0.3,0.3,51.0,20.4,New York
2019-10-02,32.1,17.6,32.8,15.9,2.3,2.3,61.0,26.0,New York
2019-10-03,16.0,12.7,15.1,10.2,10.0,10.0,61.0,23.7,New York
2019-10-04,18.3,10.4,15.7,7.0,0.6,0.6,51.0,30.2,New York
2019-10-05,14.3,7.4,12.9,3.8,0.0,0.0,3.0,17.0,New York
2019-10-06,21.0,13.0,19.7,11.6,2.1,2.1,53.0,23.8,New York
2019-10-07,25.2,15.6,25.6,14.8,4.6,4.6,61.0,29.9,New York
2019-10-08,18.3,14.2,15.5,11.5,2.1,2.1,53.0,20.5,New York
2019-10-09,14.3,11.5,11.1,8.8,13.3,13.3,63.0,23.9,New York
2019-10-10,20.1,11.1,16.4,7.5,0.6,0.6,51.0,25.9,New York
2019-10-11,17.0,11.7,12.6,7.0,0.0,0.0,3.0,28.0,New York
2019-10-12,19.9,11.0,20.0,8.3,0.0,0.0,3.0,19.0,New York
2019-10-13,17.6,10.3,16.5,8.7,0.1,0.1,51.0,15.1,New York
2019-10-14,22.2,11.8,19.2,11.4,0.2,0.2,51.0,17.6,New York
2019-10-15,16.5,9.0,14.9,6.6,0.0,0.0,3.0,14.9,New York
2019-10-16,18.5,11.7,15.9,5.2,28.7,28.7,63.0,49.9,New York
2019-10-17,13.7,9.9,7.6,3.7,0.5,0.5,51.0,44.1,New York
2019-10-18,14.8,7.9,9.7,4.6,0.0,0.0,3.0,28.3,New York
2019-10-19,15.3,5.2,12.7,2.6,0.0,0.0,3.0,10.6,New York
2019-10-20,15.2,6.6,14.6,4.4,10.8,10.8,61.0,16.8,New York
2019-10-21,18.5,9.5,16.7,6.3,2.3,2.3,55.0,18.7,New York
2019-10-22,16.6,10.9,15.5,9.2,6.8,6.8,63.0,27.5,New York
2019-10-23,17.8,11.0,16.5,7.7,4.1,4.1,61.0,22.5,New York
2019-10-24,17.8,6.6,14.8,3.8,0.0,0.0,1.0,18.7,New York
2019-10-25,16.7,8.3,15.5,6.1,0.0,0.0,3.0,12.7,New York
2019-10-26,16.3,9.9,14.4,8.2,0.1,0.1,51.0,13.1,New York
2019-10-27,20.6,12.8,21.6,10.8,29.2,29.2,65.0,34.2,New York
2019-10-28,17.5,10.8,16.3,8.6,0.0,0.0,3.0,17.1,New York
2019-10-29,15.9,12.2,15.3,11.0,2.1,2.1,51.0,13.8,New York
2019-10-30,18.4,12.9,18.7,12.5,0.8,0.8,51.0,11.6,New York
2019-10-31,20.7,15.5,20.1,15.0,22.2,22.2,63.0,39.7,New York
2019-11-01,20.9,6.6,17.5,1.2,5.7,5.7,63.0,46.0,New York
2019-11-02,10.4,3.2,7.9,0.4,0.0,0.0,3.0,11.3,New York
2019-11-03,10.9,4.4,6.4,1.1,0.0,0.0,3.0,18.4,New York
2019-11-04,12.6,2.6,8.1,-0.4,0.0,0.0,3.0,20.1,New York
2019-11-05,15.1,7.0,14.0,4.7,0.6,0.6,51.0,15.1,New York
2019-11-06,11.5,5.5,7.8,2.6,0.0,0.0,1.0,15.3,New York
2019-11-07,13.8,5.2,11.1,1.7,4.0,4.0,61.0,21.1,New York
2019-11-08,4.9,-0.8,-0.1,-5.8,0.1,0.1,51.0,31.9,New York
2019-11-09,4.6,-3.5,-0.1,-7.2,0.0,0.0,3.0,14.0,New York
2019-11-10,10.9,-0.0,6.9,-3.6,0.0,0.0,3.0,15.3,New York
2019-11-11,13.9,3.9,12.1,0.9,0.0,0.0,3.0,12.8,New York
2019-11-12,12.0,-2.8,8.6,-9.3,3.8,2.9,73.0,26.3,New York
2019-11-13,1.0,-4.9,-4.9,-11.6,0.0,0.0,3.0,26.0,New York
2019-11-14,6.0,-3.2,1.6,-7.2,0.0,0.0,3.0,14.3,New York
2019-11-15,10.2,-1.2,5.4,-4.7,0.0,0.0,3.0,20.3,New York
2019-11-16,4.3,-1.3,-1.1,-8.2,0.0,0.0,1.0,28.2,New York
2019-11-17,4.2,-2.6,-1.9,-8.4,0.0,0.0,3.0,26.7,New York
2019-11-18,4.9,2.5,1.7,-2.2,8.8,8.8,63.0,21.0,New York
2019-11-19,10.9,3.6,7.8,1.1,4.1,4.1,61.0,12.4,New York
2019-11-20,8.2,3.1,3.6,-0.5,0.0,0.0,3.0,18.8,New York
2019-11-21,10.7,1.5,8.0,-1.7,0.0,0.0,3.0,17.1,New York
2019-11-22,11.4,3.2,7.5,-1.8,3.0,3.0,61.0,28.7,New York
2019-11-23,6.9,-0.7,2.9,-4.3,1.2,1.2,55.0,15.0,New York
2019-11-24,7.3,3.5,3.7,-1.3,23.6,23.6,63.0,28.4,New York
2019-11-25,10.6,1.8,7.3,-2.7,0.0,0.0,3.0,19.3,New York
2019-11-26,13.6,1.4,11.0,-1.9,0.0,0.0,3.0,11.5,New York
2019-11-27,14.1,2.8,11.3,0.1,1.1,1.1,53.0,25.0,New York
2019-11-28,11.5,2.3,6.3,-4.5,0.0,0.0,3.0,37.5,New York
2019-11-29,5.3,-1.5,0.3,-7.0,0.0,0.0,3.0,27.5,New York
2019-11-30,5.9,-2.0,1.5,-6.5,0.0,0.0,3.0,16.2,New York
2019-12-01,3.5,-3.0,-2.5,-8.0,17.2,13.3,73.0,34.8,New York
2019-12-02,2.8,-0.0,-2.6,-6.4,15.0,3.3,75.0,31.5,New York
2019-12-03,3.2,-1.9,-3.3,-7.1,2.5,0.0,73.0,27.7,New York
2019-12-04,4.4,-2.4,0.2,-6.8,0.0,0.0,3.0,15.0,New York
2019-12-05,5.2,0.2,-0.6,-4.2,0.0,0.0,3.0,31.4,New York
2019-12-06,8.8,-2.2,3.5,-5.7,0.0,0.0,3.0,26.7,New York
2019-12-07,2.7,-2.9,-3.1,-6.8,0.0,0.0,3.0,22.8,New York
2019-12-08,4.5,-4.8,-0.9,-8.7,0.0,0.0,3.0,18.4,New York
2019-12-09,11.2,4.1,9.0,0.6,21.4,21.4,63.0,28.0,New York
2019-12-10,13.5,6.2,11.1,1.6,8.8,8.8,55.0,28.3,New York
2019-12-11,5.2,-0.3,0.9,-6.7,8.4,3.6,75.0,23.2,New York
2019-12-12,1.3,-3.9,-2.4,-8.8,0.0,0.0,3.0,21.9,New York
2019-12-13,9.7,-1.0,7.3,-4.1,14.6,14.6,61.0,15.6,New York
2019-12-14,12.9,7.2,10.1,1.9,22.1,22.1,63.0,28.0,New York
2019-12-15,8.4,1.3,2.4,-2.9,0.0,0.0,3.0,32.4,New York
2019-12-16,2.0,-0.7,-1.1,-4.3,1.3,0.2,73.0,13.0,New York
2019-12-17,0.8,-0.7,-3.1,-5.9,25.1,22.3,73.0,21.7,New York
2019-12-18,3.4,-4.5,-3.2,-11.7,0.3,0.0,71.0,30.8,New York
2019-12-19,-2.9,-8.9,-10.0,-16.4,0.0,0.0,2.0,34.2,New York
2019-12-20,1.4,-5.8,-4.3,-11.4,0.0,0.0,0.0,17.6,New York
2019-12-21,0.3,-5.8,-3.8,-10.8,0.0,0.0,3.0,14.8,New York
2019-12-22,8.5,-4.2,3.5,-8.3,0.0,0.0,1.0,18.1,New York
2019-12-23,11.4,-0.7,7.4,-4.7,0.0,0.0,3.0,17.6,New York
2019-12-24,7.3,-0.1,2.3,-4.9,0.0,0.0,3.0,21.4,New York
2019-12-25,6.0,-3.4,2.9,-7.3,0.0,0.0,3.0,10.0,New York
2019-12-26,6.9,-1.8,3.6,-4.8,0.3,0.3,51.0,12.0,New York
2019-12-27,9.8,5.5,7.1,3.0,0.1,0.1,51.0,16.2,New York
2019-12-28,8.8,1.4,5.1,-1.9,0.0,0.0,3.0,18.8,New York
2019-12-29,5.5,-0.4,2.5,-4.4,4.8,4.8,55.0,12.5,New York
2019-12-30,5.3,3.1,1.5,-2.4,22.7,22.7,61.0,28.3,New York
2019-12-31,6.6,2.1,2.5,-2.3,0.2,0.2,51.0,23.5,New York
2020-01-01,4.3,-0.6,-0.2,-5.2,0.0,0.0,3.0,28.2,New York
2020-01-02,8.9,-2.3,4.8,-6.5,0.0,0.0,3.0,17.3,New York
2020-01-03,9.3,2.2,7.1,-1.6,4.0,4.0,53.0,12.4,New York
2020-01-04,10.0,5.5,8.2,0.6,6.2,6.2,53.0,24.9,New York
2020-01-05,5.1,-1.5,-1.2,-5.5,0.9,0.9,53.0,37.1,New York
2020-01-06,7.6,-0.5,1.5,-4.3,1.3,0.0,73.0,25.9,New York
2020-01-07,6.0,-0.7,2.7,-5.2,0.8,0.6,71.0,18.9,New York
2020-01-08,5.0,-1.7,-2.1,-8.4,0.1,0.0,71.0,33.1,New York
2020-01-09,0.5,-5.0,-3.1,-10.9,0.0,0.0,3.0,23.2,New York
2020-01-10,11.1,-1.2,7.0,-5.8,0.0,0.0,3.0,24.8,New York
2020-01-11,18.3,7.8,14.5,5.5,0.2,0.2,51.0,34.2,New York
2020-01-12,18.7,6.7,14.6,2.8,2.7,2.7,61.0,45.6,New York
2020-01-13,8.8,1.1,7.8,-2.9,0.2,0.2,51.0,18.4,New York
2020-01-14,6.7,0.9,3.4,-1.6,0.3,0.3,51.0,15.3,New York
2020-01-15,9.3,2.9,5.9,-0.5,0.1,0.1,51.0,16.1,New York
2020-01-16,8.6,1.3,3.9,-5.9,1.8,1.8,53.0,38.8,New York
2020-01-17,0.7,-5.4,-7.3,-12.9,0.0,0.0,3.0,34.9,New York
2020-01-18,2.4,-6.3,-2.6,-11.6,8.4,0.6,75.0,24.2,New York
2020-01-19,7.0,-1.3,1.0,-6.8,1.5,1.5,53.0,28.7,New York
2020-01-20,-0.9,-7.2,-7.5,-13.7,0.0,0.0,3.0,26.1,New York
2020-01-21,1.1,-6.7,-4.2,-12.1,0.0,0.0,3.0,17.4,New York
2020-01-22,2.9,-5.4,-1.1,-9.4,0.0,0.0,2.0,9.4,New York
2020-01-23,6.9,-4.5,2.7,-8.8,0.0,0.0,3.0,9.9,New York
2020-01-24,9.5,-2.8,5.7,-6.6,0.0,0.0,3.0,12.7,New York
2020-01-25,9.6,0.8,6.6,-3.4,25.5,25.5,63.0,34.2,New York
2020-01-26,7.8,0.7,2.3,-2.9,0.0,0.0,3.0,22.7,New York
2020-01-27,7.2,-0.5,2.0,-5.3,0.0,0.0,3.0,22.3,New York
2020-01-28,5.4,-0.5,-0.3,-4.8,0.0,0.0,3.0,22.4,New York
2020-01-29,4.3,-2.4,-1.0,-6.7,0.0,0.0,3.0,19.0,New York
2020-01-30,1.2,-5.6,-2.2,-11.2,0.0,0.0,3.0,16.3,New York
2020-01-31,6.3,-2.8,3.1,-6.4,1.0,1.0,53.0,11.9,New York
2020-02-01,5.5,-0.9,3.4,-4.0,0.4,0.4,51.0,6.6,New York
2020-02-02,6.1,0.4,1.2,-2.5,3.2,2.3,73.0,20.3,New York
2020-02-03,12.4,0.0,8.2,-3.6,0.5,0.4,71.0,18.5,New York
2020-02-04,13.1,2.6,10.5,-0.3,2.3,2.3,53.0,17.6,New York
2020-02-05,9.0,3.3,7.7,-0.9,0.8,0.8,51.0,21.3,New York
2020-02-06,6.5,2.1,4.8,-1.6,16.1,16.1,63.0,19.1,New York
2020-02-07,13.9,0.9,9.5,-5.5,10.2,9.6,73.0,46.6,New York
2020-02-08,4.8,-2.4,-1.2,-7.8,0.0,0.0,3.0,26.2,New York
2020-02-09,6.5,-2.2,3.7,-6.0,0.0,0.0,3.0,13.2,New York
2020-02-10,8.8,2.7,4.2,-1.5,9.8,9.8,61.0,25.5,New York
2020-02-11,7.5,4.8,5.9,2.0,9.1,9.1,61.0,16.3,New York
2020-02-12,7.2,0.8,3.0,-4.4,0.3,0.3,51.0,23.3,New York
2020-02-13,6.5,2.2,4.4,-1.8,19.6,19.6,61.0,21.4,New York
2020-02-14,2.9,-6.9,-2.0,-13.5,0.0,0.0,3.0,27.2,New York
2020-02-15,-1.7,-9.3,-6.8,-14.7,0.0,0.0,3.0,20.9,New York
2020-02-16,7.6,-3.2,3.0,-8.6,0.0,0.0,3.0,16.8,New York
2020-02-17,9.7,-1.2,6.4,-5.0,0.0,0.0,3.0,15.3,New York
2020-02-18,9.2,0.4,7.5,-4.4,1.3,1.3,51.0,17.7,New York
2020-02-19,8.0,-0.6,3.6,-5.0,0.0,0.0,3.0,24.7,New York
2020-02-20,3.2,-3.3,-2.5,-8.7,0.0,0.0,3.0,19.4,New York
2020-02-21,1.7,-6.5,-2.9,-11.7,0.0,0.0,0.0,19.4,New York
2020-02-22,8.8,-3.6,2.9,-8.7,0.0,0.0,1.0,22.0,New York
2020-02-23,11.8,-2.8,6.4,-7.2,0.0,0.0,1.0,18.2,New York
2020-02-24,12.8,-1.4,9.1,-5.4,0.0,0.0,3.0,14.8,New York
2020-02-25,10.0,4.4,8.3,1.7,2.7,2.7,61.0,11.8,New York
2020-02-26,10.2,5.3,7.6,2.0,0.1,0.1,51.0,20.9,New York
2020-02-27,8.5,-1.0,4.7,-8.3,12.1,12.1,63.0,39.9,New York
2020-02-28,4.9,-2.7,-3.1,-9.6,0.0,0.0,3.0,34.8,New York
2020-02-29,2.5,-4.0,-5.2,-9.4,0.0,0.0,3.0,30.5,New York
2020-03-01,6.8,-4.7,0.9,-10.5,0.0,0.0,2.0,22.7,New York
2020-03-02,13.5,-1.5,10.0,-5.6,0.0,0.0,3.0,29.2,New York
2020-03-03,13.5,6.4,11.1,3.5,6.6,6.6,61.0,25.5,New York
2020-03-04,13.1,5.0,6.1,-0.5,3.3,3.3,63.0,34.3,New York
2020-03-05,10.5,1.2,6.9,-3.6,0.0,0.0,3.0,19.7,New York
2020-03-06,7.1,0.2,3.2,-3.0,4.2,4.2,53.0,21.4,New York
2020-03-07,8.2,1.0,1.6,-4.5,0.5,0.5,51.0,28.0,New York
2020-03-08,13.8,-2.5,8.6,-6.6,0.0,0.0,2.0,21.3,New York
2020-03-09,20.1,3.5,15.5,-0.4,0.0,0.0,3.0,21.4,New York
2020-03-10,15.8,8.4,12.1,4.5,0.3,0.3,51.0,28.0,New York
2020-03-11,12.5,2.7,9.9,-0.5,0.0,0.0,3.0,26.4,New York
2020-03-12,8.9,1.8,5.4,-1.0,0.7,0.7,51.0,18.4,New York
2020-03-13,19.6,6.9,15.7,3.3,10.6,10.6,61.0,35.3,New York
2020-03-14,12.4,3.9,8.0,-1.4,0.1,0.1,51.0,22.7,New York
2020-03-15,11.2,2.4,7.5,-0.9,0.3,0.3,51.0,13.6,New York
2020-03-16,6.6,-1.8,2.9,-7.2,0.0,0.0,3.0,22.3,New York
2020-03-17,12.1,3.6,8.5,-0.4,6.2,5.2,73.0,19.1,New York
2020-03-18,10.0,0.7,7.5,-2.9,0.0,0.0,3.0,18.7,New York
2020-03-19,12.5,4.7,11.7,0.2,17.9,17.9,63.0,20.9,New York
2020-03-20,23.6,6.9,20.4,5.0,3.8,3.8,61.0,36.7,New York
2020-03-21,17.1,4.2,14.6,-1.2,0.0,0.0,3.0,26.4,New York
2020-03-22,5.9,-0.6,2.1,-6.7,0.0,0.0,3.0,21.9,New York
2020-03-23,5.3,2.0,1.1,-3.3,29.6,27.8,73.0,27.6,New York
2020-03-24,14.0,0.6,10.8,-3.1,0.0,0.0,3.0,21.2,New York
2020-03-25,7.8,2.9,3.3,-1.5,0.5,0.5,51.0,26.7,New York
2020-03-26,13.8,0.5,11.0,-2.7,0.0,0.0,3.0,21.3,New York
2020-03-27,18.1,7.6,15.0,4.2,0.2,0.2,51.0,16.7,New York
2020-03-28,9.9,5.5,7.3,1.5,15.4,15.4,63.0,17.6,New York
2020-03-29,11.7,6.9,9.6,2.8,3.4,3.4,61.0,23.7,New York
2020-03-30,11.8,4.1,10.3,1.7,5.0,5.0,61.0,13.8,New York
2020-03-31,8.4,4.4,5.5,0.7,2.1,2.1,51.0,17.4,New York
2020-04-01,12.5,2.5,7.5,-2.2,0.0,0.0,3.0,19.1,New York
2020-04-02,13.5,2.6,7.2,-3.2,0.0,0.0,3.0,34.5,New York
2020-04-03,10.2,5.8,5.1,0.5,9.2,8.7,73.0,29.8,New York
2020-04-04,14.4,7.0,11.7,3.4,0.7,0.7,51.0,19.7,New York
2020-04-05,15.9,5.5,14.1,3.3,0.0,0.0,3.0,17.6,New York
2020-04-06,17.4,7.4,14.7,5.0,1.4,1.4,53.0,17.4,New York
2020-04-07,17.1,7.3,15.7,3.9,0.3,0.3,51.0,22.4,New York
2020-04-08,18.9,8.5,17.8,6.4,5.6,5.6,63.0,18.2,New York
2020-04-09,16.4,6.5,13.8,1.6,9.6,9.6,61.0,33.6,New York
2020-04-10,9.2,3.4,1.7,-3.3,1.4,1.3,71.0,39.1,New York
2020-04-11,11.2,2.2,5.7,-3.6,0.0,0.0,3.0,28.7,New York
2020-04-12,15.4,2.2,11.5,-1.3,0.0,0.0,3.0,28.8,New York
2020-04-13,18.7,12.2,15.8,7.5,41.5,41.5,63.0,50.9,New York
2020-04-14,13.4,6.2,10.8,1.2,0.0,0.0,3.0,23.6,New York
2020-04-15,10.9,4.5,6.7,-0.3,1.5,1.5,51.0,25.2,New York
2020-04-16,8.9,3.3,2.4,-1.5,0.2,0.2,51.0,27.9,New York
2020-04-17,10.3,-0.5,5.1,-4.2,1.7,1.7,53.0,21.1,New York
2020-04-18,8.7,3.8,5.1,-0.9,8.1,8.1,55.0,26.1,New York
2020-04-19,15.5,1.5,10.4,-2.6,0.0,0.0,3.0,31.6,New York
2020-04-20,11.9,6.0,8.5,2.7,0.0,0.0,3.0,21.5,New York
2020-04-21,15.5,4.8,11.6,-1.0,6.9,6.9,63.0,27.8,New York
2020-04-22,9.5,0.7,2.5,-4.3,0.0,0.0,3.0,31.7,New York
2020-04-23,9.8,0.9,7.0,-2.8,0.3,0.3,51.0,15.1,New York
2020-04-24,9.0,4.8,6.8,1.8,15.6,15.6,63.0,25.7,New York
2020-04-25,16.6,2.9,16.7,-0.1,0.0,0.0,3.0,18.1,New York
2020-04-26,9.5,6.0,5.9,1.3,8.8,8.8,55.0,36.7,New York
2020-04-27,8.2,4.4,3.0,-0.3,1.4,1.4,51.0,27.0,New York
2020-04-28,17.6,2.3,14.0,-1.3,0.0,0.0,3.0,22.4,New York
2020-04-29,13.6,4.1,9.3,1.7,1.5,1.5,53.0,25.8,New York
2020-04-30,15.4,9.4,11.0,5.1,24.6,24.6,63.0,43.5,New York
2020-05-01,18.5,11.1,18.4,9.7,10.8,10.8,63.0,21.1,New York
2020-05-02,21.5,8.9,18.5,5.3,0.0,0.0,3.0,26.7,New York
2020-05-03,24.6,11.1,23.1,8.9,4.7,4.7,63.0,19.0,New York
2020-05-04,20.1,9.2,18.3,5.2,0.5,0.5,51.0,31.6,New York
2020-05-05,15.0,6.7,12.1,2.0,0.0,0.0,3.0,21.4,New York
2020-05-06,11.6,6.4,7.3,3.7,3.4,3.4,53.0,19.3,New York
2020-05-07,17.0,5.5,12.1,1.8,0.0,0.0,3.0,23.1,New York
2020-05-08,10.9,5.5,8.5,2.9,9.5,9.5,61.0,13.8,New York
2020-05-09,8.1,0.6,1.6,-6.5,2.4,2.0,71.0,36.7,New York
2020-05-10,16.0,2.6,10.4,-2.5,0.0,0.0,3.0,30.5,New York
2020-05-11,15.0,5.8,12.3,2.5,2.5,2.5,55.0,25.6,New York
2020-05-12,14.8,4.9,9.1,0.4,0.0,0.0,3.0,30.5,New York
2020-05-13,15.8,2.6,10.9,-1.0,0.0,0.0,3.0,25.1,New York
2020-05-14,16.3,3.7,14.8,0.5,0.0,0.0,3.0,18.7,New York
2020-05-15,27.7,12.5,27.7,11.6,3.8,3.8,61.0,23.5,New York
2020-05-16,23.4,15.4,23.9,13.8,1.2,1.2,53.0,23.1,New York
2020-05-17,16.5,10.3,15.3,8.8,0.0,0.0,3.0,18.4,New York
2020-05-18,20.3,10.3,19.4,8.7,0.0,0.0,3.0,20.2,New York
2020-05-19,18.3,10.5,13.5,7.0,0.0,0.0,3.0,32.0,New York
2020-05-20,17.2,7.9,15.1,5.8,0.0,0.0,3.0,20.9,New York
2020-05-21,16.0,5.9,15.9,3.6,0.0,0.0,1.0,16.7,New York
2020-05-22,22.1,11.5,22.5,10.6,3.1,3.1,61.0,19.4,New York
2020-05-23,20.3,12.1,22.0,9.0,12.1,12.1,55.0,27.9,New York
2020-05-24,18.8,10.1,19.4,5.9,0.0,0.0,3.0,19.1,New York
2020-05-25,19.9,12.5,20.9,10.9,0.0,0.0,3.0,12.2,New York
2020-05-26,21.8,12.8,23.9,13.0,0.0,0.0,3.0,15.3,New York
2020-05-27,22.2,14.7,23.7,15.0,0.0,0.0,3.0,19.7,New York
2020-05-28,22.9,15.8,23.6,16.4,0.9,0.9,51.0,27.4,New York
2020-05-29,25.8,17.9,28.1,18.4,1.0,1.0,51.0,20.3,New York
2020-05-30,26.1,19.8,25.5,17.9,4.6,4.6,63.0,19.4,New York
2020-05-31,20.5,12.7,16.9,8.9,0.0,0.0,2.0,29.7,New York
2020-06-01,19.6,9.1,16.7,6.4,0.3,0.3,51.0,22.6,New York
2020-06-02,21.6,12.1,19.6,10.3,0.0,0.0,3.0,23.4,New York
2020-06-03,28.8,15.0,30.0,14.5,8.3,8.3,61.0,21.7,New York
2020-06-04,29.1,17.1,30.1,18.4,0.0,0.0,3.0,21.8,New York
2020-06-05,24.2,20.2,27.5,21.9,22.7,22.7,63.0,16.6,New York
2020-06-06,29.4,20.5,32.0,18.0,4.1,4.1,55.0,23.7,New York
2020-06-07,24.6,15.9,22.4,13.3,0.0,0.0,3.0,28.0,New York
2020-06-08,25.4,13.6,24.1,11.5,0.0,0.0,3.0,16.6,New York
2020-06-09,30.4,14.2,31.1,14.1,0.0,0.0,3.0,18.0,New York
2020-06-10,26.9,19.2,29.5,20.7,0.0,0.0,3.0,26.9,New York
2020-06-11,28.4,22.3,30.3,23.3,21.7,21.7,65.0,26.2,New York
2020-06-12,28.5,19.0,28.1,19.1,0.0,0.0,3.0,19.3,New York
2020-06-13,22.8,14.9,22.3,11.7,0.0,0.0,1.0,23.6,New York
2020-06-14,22.1,12.1,23.2,9.0,0.0,0.0,2.0,21.0,New York
2020-06-15,22.7,14.5,21.5,14.3,0.0,0.0,3.0,18.4,New York
2020-06-16,24.2,14.0,23.3,14.1,0.0,0.0,3.0,21.8,New York
2020-06-17,24.6,14.4,26.0,14.5,0.0,0.0,3.0,18.5,New York
2020-06-18,23.5,17.6,25.1,18.6,2.0,2.0,53.0,15.7,New York
2020-06-19,24.9,18.6,27.0,20.6,0.8,0.8,51.0,17.5,New York
2020-06-20,27.1,18.6,30.4,20.8,0.6,0.6,53.0,18.2,New York
2020-06-21,27.6,19.3,31.1,22.1,0.2,0.2,51.0,18.7,New York
2020-06-22,30.5,20.3,34.3,23.0,0.0,0.0,2.0,21.6,New York
2020-06-23,27.8,20.3,30.0,22.8,0.0,0.0,3.0,25.4,New York
2020-06-24,30.1,21.5,29.8,22.0,0.1,0.1,51.0,23.7,New York
2020-06-25,28.6,18.4,29.4,19.1,0.0,0.0,3.0,23.3,New York
2020-06-26,30.3,18.5,29.6,19.9,0.1,0.1,51.0,14.6,New York
2020-06-27,26.5,18.4,28.2,19.3,5.9,5.9,63.0,24.3,New York
2020-06-28,28.8,20.0,32.9,22.6,2.5,2.5,53.0,17.3,New York
2020-06-29,29.1,20.1,30.5,21.6,0.7,0.7,51.0,18.7,New York
2020-06-30,25.5,19.1,27.9,19.5,11.3,11.3,63.0,14.0,New York
2020-07-01,26.6,19.7,30.7,22.1,7.2,7.2,63.0,11.6,New York
2020-07-02,31.8,19.9,33.5,22.2,0.0,0.0,3.0,13.7,New York
2020-07-03,31.6,22.0,35.1,24.3,13.5,13.5,63.0,12.3,New York
2020-07-04,28.9,20.7,31.5,22.7,5.6,5.6,63.0,18.2,New York
2020-07-05,32.5,21.6,36.8,23.9,0.1,0.1,51.0,22.3,New York
2020-07-06,32.7,20.9,36.5,22.4,0.4,0.4,51.0,18.2,New York
2020-07-07,26.7,22.2,28.3,23.6,1.9,1.9,51.0,21.9,New York
2020-07-08,28.2,22.8,31.6,26.5,1.1,1.1,51.0,20.2,New York
2020-07-09,29.7,21.9,33.8,25.8,0.0,0.0,3.0,20.6,New York
2020-07-10,24.4,22.5,27.5,23.1,37.7,37.7,65.0,38.5,New York
2020-07-11,28.3,22.4,31.8,23.3,9.5,9.5,63.0,32.2,New York
2020-07-12,31.0,20.8,32.4,21.2,0.0,0.0,3.0,21.4,New York
2020-07-13,31.2,21.3,32.3,23.6,1.2,1.2,53.0,17.9,New York
2020-07-14,28.2,20.0,29.0,20.9,0.1,0.1,51.0,15.0,New York
2020-07-15,25.3,20.3,29.3,22.3,0.7,0.7,51.0,18.5,New York
2020-07-16,24.1,20.5,24.5,20.4,0.0,0.0,3.0,22.5,New York
2020-07-17,29.3,20.3,33.1,20.4,4.4,4.4,55.0,16.1,New York
2020-07-18,32.7,20.9,36.0,23.1,0.0,0.0,3.0,17.6,New York
2020-07-19,33.8,21.8,36.3,24.2,0.0,0.0,3.0,29.4,New York
2020-07-20,35.8,25.6,37.7,27.5,0.0,0.0,3.0,20.2,New York
2020-07-21,31.8,22.0,35.3,24.4,0.0,0.0,3.0,21.5,New York
2020-07-22,31.8,23.7,36.6,27.4,3.4,3.4,61.0,21.4,New York
2020-07-23,31.1,23.1,35.0,26.6,8.5,8.5,63.0,18.9,New York
2020-07-24,25.9,22.6,28.9,25.2,22.1,22.1,63.0,19.2,New York
2020-07-25,29.9,21.2,33.2,24.8,0.0,0.0,3.0,15.0,New York
2020-07-26,34.2,23.0,34.8,26.0,0.0,0.0,3.0,22.4,New York
2020-07-27,35.5,21.6,37.0,22.7,0.0,0.0,3.0,19.8,New York
2020-07-28,34.2,25.1,38.5,27.7,1.8,1.8,55.0,20.1,New York
2020-07-29,31.3,22.9,34.7,26.8,0.0,0.0,3.0,18.4,New York
2020-07-30,32.5,22.9,35.6,25.2,0.0,0.0,3.0,12.9,New York
2020-07-31,27.1,22.1,30.5,24.8,13.6,13.6,61.0,10.6,New York
2020-08-01,29.5,19.9,32.6,22.2,0.0,0.0,3.0,20.5,New York
2020-08-02,29.0,23.4,33.6,27.6,4.4,4.4,61.0,20.5,New York
2020-08-03,31.6,23.6,33.5,25.0,2.3,2.3,61.0,20.8,New York
2020-08-04,26.7,23.1,28.4,20.3,21.1,21.1,65.0,60.4,New York
2020-08-05,30.7,21.7,31.8,23.8,0.0,0.0,2.0,19.5,New York
2020-08-06,25.4,18.8,27.3,20.3,2.6,2.6,61.0,13.8,New York
2020-08-07,27.2,21.6,29.7,24.4,2.7,2.7,55.0,13.9,New York
2020-08-08,26.4,20.6,31.0,23.3,13.1,13.1,63.0,13.5,New York
2020-08-09,29.1,20.7,32.5,24.2,0.5,0.5,51.0,19.2,New York
2020-08-10,31.4,22.3,35.9,26.4,0.0,0.0,1.0,18.1,New York
2020-08-11,29.2,23.9,33.7,28.4,0.7,0.7,53.0,22.2,New York
2020-08-12,30.7,23.3,36.9,27.9,7.6,7.6,63.0,11.6,New York
2020-08-13,25.6,23.6,30.3,25.6,5.4,5.4,61.0,13.4,New York
2020-08-14,29.6,22.1,31.1,26.0,0.2,0.2,51.0,18.3,New York
2020-08-15,28.8,21.0,29.2,22.2,0.3,0.3,51.0,17.4,New York
2020-08-16,21.7,19.0,22.6,19.3,13.4,13.4,61.0,26.1,New York
2020-08-17,25.9,16.6,28.4,17.7,6.0,6.0,63.0,23.3,New York
2020-08-18,28.3,18.4,28.5,20.5,0.0,0.0,3.0,13.1,New York
2020-08-19,23.8,19.0,27.1,20.6,5.5,5.5,61.0,11.5,New York
2020-08-20,25.7,16.7,27.2,16.9,0.0,0.0,3.0,13.5,New York
2020-08-21,28.6,18.0,29.2,18.9,0.0,0.0,3.0,19.4,New York
2020-08-22,29.9,21.3,33.4,23.7,2.6,2.6,61.0,16.7,New York
2020-08-23,28.3,20.4,32.2,23.6,0.0,0.0,3.0,16.3,New York
2020-08-24,31.7,21.7,33.9,25.4,0.1,0.1,51.0,15.6,New York
2020-08-25,33.0,22.6,34.4,22.8,0.3,0.3,51.0,29.1,New York
2020-08-26,26.0,19.2,23.8,18.2,0.0,0.0,3.0,24.1,New York
2020-08-27,33.4,19.3,33.5,20.1,1.5,1.5,53.0,28.3,New York
2020-08-28,31.5,20.6,32.6,22.9,0.6,0.6,51.0,25.4,New York
2020-08-29,25.5,22.2,28.4,25.5,21.0,21.0,63.0,21.3,New York
2020-08-30,25.6,18.0,23.7,17.7,0.1,0.1,51.0,25.6,New York
2020-08-31,23.2,15.7,23.0,15.8,0.0,0.0,3.0,14.5,New York
2020-09-01,24.9,19.8,25.4,21.5,0.2,0.2,51.0,18.8,New York
2020-09-02,25.0,19.8,28.4,21.1,10.4,10.4,61.0,16.3,New York
2020-09-03,29.5,22.7,32.4,24.6,22.9,22.9,63.0,24.0,New York
2020-09-04,28.7,19.4,30.4,20.6,0.0,0.0,3.0,16.5,New York
2020-09-05,25.6,16.4,25.1,16.8,0.0,0.0,3.0,18.9,New York
2020-09-06,26.5,16.8,28.0,16.8,0.0,0.0,3.0,20.3,New York
2020-09-07,24.9,16.7,25.8,17.4,0.0,0.0,2.0,25.3,New York
2020-09-08,26.9,17.0,30.7,18.7,0.0,0.0,3.0,16.9,New York
2020-09-09,26.4,19.0,29.3,21.4,0.6,0.6,51.0,12.1,New York
2020-09-10,27.1,22.0,31.4,25.7,17.2,17.2,63.0,14.5,New York
2020-09-11,24.5,17.4,27.3,16.5,0.7,0.7,51.0,21.3,New York
2020-09-12,21.0,16.0,20.4,15.6,0.0,0.0,3.0,18.6,New York
2020-09-13,23.0,16.2,23.3,16.1,1.5,1.5,61.0,21.3,New York
2020-09-14,24.8,15.8,23.8,12.5,0.0,0.0,3.0,22.2,New York
2020-09-15,18.9,11.4,18.8,8.5,0.0,0.0,0.0,18.6,New York
2020-09-16,22.1,11.8,21.5,11.0,0.0,0.0,3.0,22.2,New York
2020-09-17,22.2,16.2,23.8,16.6,0.0,0.0,3.0,14.7,New York
2020-09-18,19.8,14.6,20.2,9.4,0.0,0.0,3.0,25.6,New York
2020-09-19,16.9,9.5,13.9,5.2,0.0,0.0,0.0,28.6,New York
2020-09-20,16.6,9.5,13.2,5.7,0.0,0.0,3.0,20.0,New York
2020-09-21,18.3,8.4,15.5,5.4,0.0,0.0,0.0,17.3,New York
2020-09-22,22.1,9.0,18.4,6.0,0.0,0.0,0.0,20.6,New York
2020-09-23,26.0,11.9,23.7,9.6,0.0,0.0,0.0,24.2,New York
2020-09-24,24.5,12.7,24.1,11.7,0.0,0.0,3.0,16.1,New York
2020-09-25,24.7,13.3,26.2,13.0,0.0,0.0,3.0,13.6,New York
2020-09-26,22.6,15.1,23.0,15.2,1.3,1.3,55.0,18.1,New York
2020-09-27,25.2,17.3,27.6,18.8,0.3,0.3,51.0,17.8,New York
2020-09-28,23.8,19.4,24.2,20.5,1.6,1.6,51.0,21.9,New York
2020-09-29,23.6,18.1,24.9,19.7,12.3,12.3,61.0,23.0,New York
2020-09-30,21.2,15.7,22.3,13.8,29.2,29.2,65.0,29.9,New York
2020-10-01,22.0,14.2,19.9,13.1,0.0,0.0,3.0,17.8,New York
2020-10-02,18.2,13.0,15.9,10.2,4.3,4.3,55.0,16.9,New York
2020-10-03,18.5,9.9,16.8,8.1,0.0,0.0,1.0,12.7,New York
2020-10-04,18.6,9.6,17.2,8.2,0.5,0.5,53.0,13.1,New York
2020-10-05,19.6,11.0,18.3,9.6,0.0,0.0,3.0,13.5,New York
2020-10-06,20.0,11.2,17.6,10.5,0.2,0.2,51.0,18.4,New York
2020-10-07,24.3,13.1,20.3,11.6,0.2,0.2,51.0,30.6,New York
2020-10-08,17.7,10.2,13.0,7.9,0.0,0.0,0.0,29.1,New York
2020-10-09,19.4,9.1,18.1,7.1,0.0,0.0,3.0,20.7,New York
2020-10-10,23.7,13.7,22.1,10.7,0.0,0.0,3.0,25.0,New York
2020-10-11,19.2,15.0,17.9,13.3,0.6,0.6,51.0,22.0,New York
2020-10-12,14.6,11.2,12.8,8.5,23.7,23.7,61.0,26.7,New York
2020-10-13,15.1,12.7,14.1,9.3,10.5,10.5,63.0,27.4,New York
2020-10-14,20.4,9.1,17.9,7.2,0.0,0.0,1.0,17.3,New York
2020-10-15,22.1,11.3,19.9,10.0,0.0,0.0,3.0,27.3,New York
2020-10-16,17.2,10.3,17.5,7.3,23.8,23.8,63.0,23.7,New York
2020-10-17,15.2,7.2,11.7,4.3,3.8,3.8,55.0,18.1,New York
2020-10-18,16.8,7.1,13.2,4.7,0.0,0.0,3.0,24.6,New York
2020-10-19,17.7,9.1,16.3,7.8,0.0,0.0,3.0,17.3,New York
2020-10-20,21.4,12.9,22.6,12.5,0.0,0.0,3.0,11.3,New York
2020-10-21,19.8,14.1,21.5,14.3,0.3,0.3,51.0,13.3,New York
2020-10-22,20.9,16.3,22.8,17.6,0.0,0.0,3.0,10.5,New York
2020-10-23,20.0,16.0,20.5,16.4,0.3,0.3,51.0,14.6,New York
2020-10-24,21.1,9.9,20.6,5.5,0.4,0.4,51.0,21.5,New York
2020-10-25,10.8,7.0,7.7,2.6,1.1,1.1,51.0,18.0,New York
2020-10-26,16.6,10.6,16.5,8.6,1.7,1.7,51.0,21.3,New York
2020-10-27,15.4,12.5,15.3,10.8,0.8,0.8,51.0,14.8,New York
2020-10-28,16.3,11.3,15.8,10.2,2.9,2.9,53.0,13.0,New York
2020-10-29,12.4,8.4,11.9,3.9,37.6,37.6,63.0,32.4,New York
2020-10-30,8.3,3.0,4.3,-2.2,18.6,18.6,63.0,33.3,New York
2020-10-31,7.0,-0.0,3.8,-3.7,0.0,0.0,3.0,16.5,New York
2020-11-01,13.8,4.6,10.3,1.7,7.9,7.9,63.0,30.7,New York
2020-11-02,6.5,2.9,1.2,-3.3,0.5,0.5,51.0,42.5,New York
2020-11-03,12.2,4.0,7.7,-2.1,0.0,0.0,3.0,27.4,New York
2020-11-04,16.6,4.0,14.0,0.5,0.0,0.0,2.0,18.9,New York
2020-11-05,18.8,7.1,16.2,4.9,0.0,0.0,3.0,19.8,New York
2020-11-06,20.3,9.5,18.3,7.9,0.0,0.0,3.0,15.8,New York
2020-11-07,21.7,7.8,20.4,5.7,0.0,0.0,2.0,10.6,New York
2020-11-08,21.6,7.8,21.8,5.4,0.0,0.0,2.0,11.0,New York
2020-11-09,21.5,7.8,21.5,5.7,0.0,0.0,0.0,10.6,New York
2020-11-10,21.7,11.4,21.5,10.5,0.0,0.0,3.0,14.6,New York
2020-11-11,21.8,15.4,22.2,15.1,14.6,14.6,63.0,19.7,New York
2020-11-12,18.4,8.5,19.8,5.4,11.0,11.0,61.0,23.8,New York
2020-11-13,11.1,6.0,9.8,3.6,3.6,3.6,55.0,16.3,New York
2020-11-14,11.2,4.2,6.4,1.3,0.0,0.0,3.0,19.0,New York
2020-11-15,17.3,2.4,11.2,-0.9,6.0,6.0,61.0,47.0,New York
2020-11-16,11.3,4.7,7.2,1.5,0.1,0.1,51.0,25.9,New York
2020-11-17,8.6,2.6,5.1,-3.1,1.3,1.3,53.0,23.2,New York
2020-11-18,2.0,-1.6,-4.3,-6.6,0.0,0.0,3.0,26.3,New York
2020-11-19,7.2,-2.7,2.1,-6.8,0.0,0.0,3.0,22.4,New York
2020-11-20,14.7,5.1,11.3,0.9,0.0,0.0,3.0,19.9,New York
2020-11-21,15.6,6.6,12.6,3.9,0.0,0.0,3.0,17.3,New York
2020-11-22,12.6,4.6,9.2,-0.2,0.1,0.1,51.0,25.8,New York
2020-11-23,13.9,4.9,12.0,0.2,15.9,15.9,63.0,31.5,New York
2020-11-24,8.4,2.9,4.1,-1.7,0.0,0.0,3.0,18.6,New York
2020-11-25,11.7,4.0,9.5,1.4,0.4,0.4,51.0,18.0,New York
2020-11-26,17.1,9.3,16.9,7.6,12.7,12.7,63.0,19.6,New York
2020-11-27,15.9,6.5,14.0,4.2,0.0,0.0,2.0,14.4,New York
2020-11-28,13.0,4.6,9.2,1.5,0.0,0.0,3.0,18.3,New York
2020-11-29,10.9,1.8,6.9,-1.5,0.0,0.0,3.0,12.8,New York
2020-11-30,16.5,4.5,14.7,1.3,35.8,35.8,65.0,51.9,New York
2020-12-01,14.6,3.3,13.8,-2.7,0.9,0.9,53.0,29.6,New York
2020-12-02,6.9,1.5,-0.0,-3.9,0.0,0.0,3.0,31.4,New York
2020-12-03,9.7,0.4,4.7,-4.1,0.1,0.1,51.0,20.0,New York
2020-12-04,11.4,4.4,6.7,0.9,3.9,3.9,53.0,21.1,New York
2020-12-05,6.9,3.6,5.3,-2.6,22.4,22.4,63.0,34.4,New York
2020-12-06,3.8,0.5,-3.1,-4.8,0.0,0.0,3.0,31.0,New York
2020-12-07,4.2,-1.9,-0.3,-5.8,0.0,0.0,3.0,15.7,New York
2020-12-08,3.5,-1.4,-2.6,-6.5,0.0,0.0,3.0,22.6,New York
2020-12-09,4.0,-2.3,-1.7,-6.1,0.5,0.2,71.0,21.1,New York
2020-12-10,9.3,0.1,4.4,-3.4,0.0,0.0,2.0,20.1,New York
2020-12-11,11.1,-0.4,8.1,-4.1,0.0,0.0,3.0,13.1,New York
2020-12-12,12.6,2.4,11.6,-1.0,0.8,0.8,51.0,13.0,New York
2020-12-13,14.7,5.6,12.2,2.2,0.1,0.1,51.0,20.6,New York
2020-12-14,4.5,1.8,1.3,-2.2,6.7,6.7,53.0,19.9,New York
2020-12-15,3.7,-1.8,-1.7,-6.6,0.0,0.0,3.0,19.0,New York
2020-12-16,0.6,-4.1,-5.5,-10.8,12.3,0.0,75.0,33.8,New York
2020-12-17,0.5,-4.5,-6.2,-13.2,17.9,0.4,75.0,43.2,New York
2020-12-18,-1.8,-7.5,-6.0,-12.2,0.0,0.0,3.0,17.9,New York
2020-12-19,-1.7,-9.6,-5.4,-14.5,0.0,0.0,3.0,14.5,New York
2020-12-20,3.2,-7.4,1.0,-12.0,0.8,0.2,71.0,9.4,New York
2020-12-21,3.2,-1.1,0.4,-4.2,0.0,0.0,3.0,12.4,New York
2020-12-22,5.6,-0.9,1.0,-4.2,0.0,0.0,3.0,21.3,New York
2020-12-23,3.2,-4.6,0.1,-9.3,0.0,0.0,3.0,14.8,New York
2020-12-24,14.4,3.1,8.5,-0.6,4.9,4.9,61.0,45.7,New York
2020-12-25,14.6,-1.1,11.9,-8.2,35.8,35.8,63.0,57.5,New York
2020-12-26,-0.2,-5.1,-6.5,-12.1,0.0,0.0,0.0,27.1,New York
2020-12-27,2.7,-4.7,-1.6,-9.9,0.0,0.0,3.0,16.9,New York
2020-12-28,9.4,-0.6,5.6,-4.6,0.0,0.0,3.0,18.8,New York
2020-12-29,3.6,-3.0,-0.7,-7.2,0.0,0.0,3.0,27.8,New York
2020-12-30,3.9,-3.7,-0.9,-7.6,0.0,0.0,3.0,21.9,New York
2020-12-31,8.5,0.9,4.7,-3.4,9.7,9.7,63.0,29.8,New York
2021-01-01,3.6,-2.5,0.0,-6.3,8.1,8.1,63.0,17.1,New York
2021-01-02,9.9,1.4,4.4,-2.5,4.1,4.1,61.0,31.2,New York
2021-01-03,3.6,-1.2,-0.7,-5.4,6.5,6.4,71.0,24.5,New York
2021-01-04,6.6,0.7,3.3,-3.3,1.5,1.3,71.0,18.1,New York
2021-01-05,5.0,0.9,1.3,-3.0,0.0,0.0,3.0,12.2,New York
2021-01-06,4.8,-1.1,-1.4,-4.6,0.0,0.0,3.0,23.1,New York
2021-01-07,6.0,-1.7,0.9,-6.7,0.0,0.0,1.0,18.0,New York
2021-01-08,5.3,-3.6,1.2,-8.2,0.0,0.0,3.0,21.6,New York
2021-01-09,2.0,-4.1,-2.6,-10.2,0.0,0.0,3.0,28.8,New York
2021-01-10,5.3,-2.9,0.8,-7.6,0.0,0.0,3.0,17.2,New York
2021-01-11,2.2,-4.5,-1.6,-8.3,0.0,0.0,3.0,10.2,New York
2021-01-12,5.9,-2.8,2.4,-6.6,0.0,0.0,2.0,11.6,New York
2021-01-13,6.2,-3.8,1.3,-7.7,0.0,0.0,3.0,16.4,New York
2021-01-14,9.0,-0.7,6.9,-4.0,0.0,0.0,3.0,10.5,New York
2021-01-15,7.8,-0.9,3.0,-4.6,2.6,2.6,61.0,28.1,New York
2021-01-16,8.2,1.9,4.4,-3.2,21.8,21.8,63.0,37.6,New York
2021-01-17,7.5,-0.0,1.0,-5.9,0.0,0.0,3.0,32.0,New York
2021-01-18,6.7,0.2,1.2,-4.2,0.0,0.0,3.0,23.8,New York
2021-01-19,4.8,-1.6,-1.8,-6.3,0.0,0.0,3.0,27.7,New York
2021-01-20,4.5,-3.5,-1.6,-8.2,1.0,0.0,73.0,30.5,New York
2021-01-21,5.4,-4.9,0.3,-9.0,0.0,0.0,3.0,21.4,New York
2021-01-22,6.8,-0.8,0.1,-5.2,0.0,0.0,3.0,27.4,New York
2021-01-23,-0.2,-4.5,-4.7,-11.3,0.0,0.0,3.0,35.4,New York
2021-01-24,0.2,-5.6,-6.6,-12.9,0.0,0.0,3.0,27.2,New York
2021-01-25,3.5,-4.8,0.1,-9.6,0.0,0.0,3.0,12.5,New York
2021-01-26,1.4,-1.5,-2.5,-6.0,4.5,0.6,73.0,18.3,New York
2021-01-27,4.3,-2.2,-0.8,-7.2,0.6,0.6,51.0,23.9,New York
2021-01-28,0.1,-6.5,-7.4,-14.0,0.0,0.0,3.0,34.2,New York
2021-01-29,-4.0,-9.2,-12.8,-17.4,0.0,0.0,3.0,38.5,New York
2021-01-30,0.9,-8.9,-5.1,-15.0,0.0,0.0,0.0,21.9,New York
2021-01-31,-2.8,-7.8,-7.2,-13.1,2.6,0.1,73.0,21.4,New York
2021-02-01,0.6,-4.3,-7.2,-11.6,38.6,0.0,75.0,45.7,New York
2021-02-02,1.4,-1.9,-5.2,-9.9,4.1,0.1,73.0,40.9,New York
2021-02-03,1.4,-2.2,-3.6,-7.4,0.1,0.0,71.0,21.0,New York
2021-02-04,3.4,-3.5,-0.9,-8.5,0.0,0.0,3.0,19.8,New York
2021-02-05,5.0,-3.1,1.9,-7.1,2.2,1.6,73.0,20.1,New York
2021-02-06,4.1,-5.0,-1.7,-9.4,0.0,0.0,3.0,28.3,New York
2021-02-07,0.1,-4.7,-4.4,-8.6,7.7,0.1,75.0,23.7,New York
2021-02-08,-3.5,-10.9,-7.5,-16.1,0.0,0.0,3.0,21.9,New York
2021-02-09,0.9,-9.9,-2.3,-14.3,2.0,0.8,73.0,17.5,New York
2021-02-10,0.1,-9.2,-3.7,-14.0,0.1,0.0,71.0,12.3,New York
2021-02-11,0.3,-5.1,-3.9,-9.3,4.5,0.0,73.0,15.9,New York
2021-02-12,-2.7,-11.6,-6.7,-16.3,0.0,0.0,3.0,14.5,New York
2021-02-13,-2.7,-7.6,-7.5,-13.4,1.3,0.6,71.0,18.8,New York
2021-02-14,2.4,-2.7,-0.5,-7.6,0.5,0.5,51.0,15.5,New York
2021-02-15,0.5,-2.6,-3.2,-8.0,1.3,1.3,51.0,18.3,New York
2021-02-16,8.5,-0.7,5.7,-6.8,31.3,31.3,65.0,26.1,New York
2021-02-17,-1.2,-6.8,-5.5,-12.1,0.0,0.0,3.0,22.7,New York
2021-02-18,-2.5,-5.2,-7.9,-10.1,13.2,0.0,75.0,20.8,New York
2021-02-19,-0.5,-3.4,-4.6,-8.6,5.4,0.0,73.0,18.0,New York
2021-02-20,-0.0,-5.4,-5.3,-10.9,0.0,0.0,3.0,18.8,New York
2021-02-21,0.5,-8.4,-3.8,-13.7,0.0,0.0,3.0,15.3,New York
2021-02-22,2.5,-7.7,-1.7,-12.5,13.9,8.0,75.0,24.2,New York
2021-02-23,5.8,-1.6,1.3,-6.0,0.6,0.6,51.0,21.7,New York
2021-02-24,11.1,-0.9,6.6,-4.8,0.0,0.0,3.0,23.2,New York
2021-02-25,8.1,-1.2,2.4,-5.2,0.0,0.0,3.0,26.3,New York
2021-02-26,6.2,-3.2,3.0,-7.2,0.0,0.0,3.0,16.0,New York
2021-02-27,11.9,1.8,9.1,-2.3,11.5,11.5,61.0,19.6,New York
2021-02-28,7.9,0.4,4.5,-3.0,5.2,5.2,61.0,19.3,New York
2021-03-01,9.0,1.8,5.1,-5.5,7.7,7.7,55.0,38.8,New York
2021-03-02,0.2,-7.1,-7.0,-14.7,0.0,0.0,1.0,34.7,New York
2021-03-03,10.7,-2.9,5.5,-7.9,0.0,0.0,2.0,21.7,New York
2021-03-04,5.8,-2.6,-0.6,-9.5,0.0,0.0,3.0,33.6,New York
2021-03-05,2.2,-6.5,-5.2,-12.9,0.0,0.0,0.0,30.3,New York
2021-03-06,1.5,-4.9,-5.3,-9.2,0.0,0.0,3.0,24.7,New York
2021-03-07,4.5,-5.1,-0.5,-10.0,0.0,0.0,2.0,16.6,New York
2021-03-08,6.1,-6.5,1.3,-11.0,0.0,0.0,3.0,14.6,New York
2021-03-09,16.1,0.3,12.2,-4.5,0.0,0.0,3.0,22.7,New York
2021-03-10,10.5,-1.1,7.4,-4.7,0.0,0.0,3.0,20.2,New York
2021-03-11,20.1,2.6,17.7,-0.6,0.0,0.0,3.0,18.0,New York
2021-03-12,18.8,9.8,14.7,4.7,0.1,0.1,51.0,26.1,New York
2021-03-13,9.6,-1.4,3.5,-7.9,0.0,0.0,0.0,30.9,New York
2021-03-14,10.2,-0.6,3.6,-7.7,0.0,0.0,3.0,40.5,New York
2021-03-15,2.9,-6.0,-3.3,-12.9,0.0,0.0,3.0,33.6,New York
2021-03-16,2.5,-3.8,-1.5,-8.4,0.1,0.0,71.0,15.3,New York
2021-03-17,7.9,0.3,4.7,-3.9,0.0,0.0,3.0,13.4,New York
2021-03-18,7.6,4.1,5.1,-0.6,17.7,17.7,63.0,28.0,New York
2021-03-19,5.7,-2.4,-1.4,-10.8,3.6,3.0,73.0,35.6,New York
2021-03-20,12.7,-3.6,10.2,-7.8,0.0,0.0,0.0,14.8,New York
2021-03-21,15.1,-0.5,13.2,-4.5,0.0,0.0,1.0,13.3,New York
2021-03-22,13.2,-0.9,11.9,-4.3,0.0,0.0,0.0,14.7,New York
2021-03-23,16.2,1.5,16.4,-1.9,0.0,0.0,3.0,13.2,New York
2021-03-24,13.2,4.1,11.0,1.9,29.7,29.7,65.0,18.1,New York
2021-03-25,19.6,8.9,20.1,7.0,1.8,1.8,53.0,17.4,New York
2021-03-26,25.7,9.8,22.1,7.2,1.9,1.9,55.0,41.1,New York
2021-03-27,17.7,6.7,16.1,3.7,0.0,0.0,3.0,23.2,New York
2021-03-28,19.1,7.9,16.7,4.8,16.7,16.7,63.0,31.6,New York
2021-03-29,11.6,4.1,6.5,-1.2,0.0,0.0,3.0,36.5,New York
2021-03-30,12.6,0.7,8.6,-2.9,0.0,0.0,3.0,29.4,New York
2021-03-31,16.8,7.5,13.7,4.6,13.4,13.4,61.0,28.3,New York
2021-04-01,11.2,3.1,10.7,-2.5,6.8,6.8,63.0,29.9,New York
2021-04-02,3.6,-3.3,-2.0,-10.6,0.0,0.0,3.0,27.0,New York
2021-04-03,11.0,-2.1,6.5,-7.2,0.0,0.0,3.0,17.1,New York
2021-04-04,15.9,3.6,13.3,-0.4,0.0,0.0,3.0,19.1,New York
2021-04-05,18.2,5.8,12.9,0.7,0.0,0.0,2.0,27.7,New York
2021-04-06,18.4,5.1,14.0,0.2,0.0,0.0,1.0,22.4,New York
2021-04-07,20.0,6.7,18.8,2.9,1.2,1.2,55.0,16.4,New York
2021-04-08,17.9,5.2,17.6,3.0,0.0,0.0,3.0,18.6,New York
2021-04-09,12.3,5.7,9.9,3.6,0.0,0.0,3.0,15.6,New York
2021-04-10,16.5,8.0,15.0,6.5,1.3,1.3,53.0,14.8,New York
2021-04-11,14.7,8.7,14.1,6.3,27.7,27.7,63.0,23.6,New York
2021-04-12,9.1,6.8,7.1,2.5,12.7,12.7,61.0,22.8,New York
2021-04-13,18.5,5.9,15.9,3.0,4.7,4.7,61.0,13.8,New York
2021-04-14,20.1,5.8,18.1,3.6,0.0,0.0,3.0,20.6,New York
2021-04-15,13.0,7.8,12.9,5.0,15.0,15.0,63.0,18.8,New York
2021-04-16,12.3,3.7,8.0,0.3,1.9,1.9,53.0,25.5,New York
2021-04-17,12.1,5.1,9.1,2.6,0.3,0.3,51.0,18.9,New York
2021-04-18,15.5,5.4,13.0,2.4,0.0,0.0,3.0,14.2,New York
2021-04-19,17.0,5.8,16.1,3.3,0.0,0.0,3.0,16.2,New York
2021-04-20,21.6,6.5,18.6,4.1,0.0,0.0,3.0,26.8,New York
2021-04-21,18.3,4.0,16.7,-2.1,2.2,2.2,61.0,31.1,New York
2021-04-22,8.2,1.4,1.4,-5.2,0.0,0.0,3.0,34.7,New York
2021-04-23,15.6,2.0,9.8,-2.7,0.0,0.0,3.0,30.1,New York
2021-04-24,20.1,5.2,18.3,2.0,0.0,0.0,3.0,29.0,New York
2021-04-25,16.7,8.6,13.7,6.3,13.0,13.0,63.0,19.7,New York
2021-04-26,14.0,3.7,8.5,-0.9,0.0,0.0,2.0,28.4,New York
2021-04-27,14.6,3.9,11.9,0.6,0.6,0.4,71.0,16.4,New York
2021-04-28,27.1,8.2,27.9,6.7,0.0,0.0,3.0,17.6,New York
2021-04-29,22.9,12.6,24.0,12.0,2.9,2.9,55.0,27.2,New York
2021-04-30,19.6,7.9,18.6,1.3,0.4,0.4,51.0,40.0,New York
2021-05-01,17.5,5.1,13.1,-1.6,0.0,0.0,3.0,33.0,New York
2021-05-02,26.3,11.3,25.4,6.9,0.0,0.0,3.0,24.1,New York
2021-05-03,16.2,11.6,15.5,10.4,6.2,6.2,61.0,14.7,New York
2021-05-04,22.3,11.3,24.0,9.4,10.9,10.9,63.0,22.8,New York
2021-05-05,15.5,10.9,15.3,8.5,9.2,9.2,61.0,22.7,New York
2021-05-06,17.4,8.8,15.1,5.2,0.0,0.0,3.0,23.6,New York
2021-05-07,16.6,7.9,16.1,4.5,0.0,0.0,3.0,16.8,New York
2021-05-08,11.6,7.8,9.9,5.4,2.7,2.7,55.0,20.1,New York
2021-05-09,16.9,5.8,13.9,3.3,8.3,8.3,61.0,20.4,New York
2021-05-10,15.2,8.2,12.1,5.1,2.9,2.9,53.0,20.3,New York
2021-05-11,16.9,8.1,12.6,4.7,0.3,0.3,51.0,27.0,New York
2021-05-12,18.0,5.9,15.3,1.4,0.0,0.0,2.0,20.3,New York
2021-05-13,19.3,7.4,18.3,4.2,0.0,0.0,2.0,16.6,New York
2021-05-14,22.1,7.6,21.8,5.2,0.0,0.0,1.0,15.8,New York
2021-05-15,22.8,8.4,22.9,6.6,0.0,0.0,3.0,13.3,New York
2021-05-16,21.8,10.2,20.7,8.3,0.0,0.0,3.0,22.3,New York
2021-05-17,23.0,9.7,23.1,8.1,0.0,0.0,3.0,19.0,New York
2021-05-18,26.6,11.2,25.1,9.4,0.0,0.0,3.0,14.8,New York
2021-05-19,28.7,13.1,27.7,12.0,0.0,0.0,3.0,19.1,New York
2021-05-20,21.7,12.5,20.0,11.8,0.0,0.0,3.0,20.2,New York
2021-05-21,23.1,11.8,23.0,10.6,0.0,0.0,3.0,19.7,New York
2021-05-22,30.9,16.8,29.9,15.9,0.0,0.0,3.0,21.4,New York
2021-05-23,31.7,19.7,30.1,17.7,0.0,0.0,3.0,28.1,New York
2021-05-24,19.1,13.9,16.3,10.8,0.0,0.0,3.0,22.7,New York
2021-05-25,21.7,13.2,20.9,11.5,0.0,0.0,3.0,26.0,New York
2021-05-26,29.4,17.5,32.2,17.5,1.8,1.8,61.0,25.3,New York
2021-05-27,27.8,18.7,26.6,16.6,2.6,2.6,61.0,21.4,New York
2021-05-28,19.0,10.5,15.9,6.5,25.5,25.5,63.0,26.8,New York
2021-05-29,11.2,8.5,6.9,3.7,28.1,28.1,63.0,32.4,New York
2021-05-30,11.6,8.5,8.4,4.8,14.1,14.1,61.0,30.3,New York
2021-05-31,20.6,9.5,20.3,6.3,0.8,0.8,51.0,21.4,New York
2021-06-01,23.9,9.6,23.1,8.1,0.0,0.0,3.0,18.4,New York
2021-06-02,21.8,12.7,23.0,11.9,0.0,0.0,3.0,17.0,New York
2021-06-03,22.5,13.2,25.0,13.1,13.8,13.8,63.0,13.0,New York
2021-06-04,25.5,17.7,27.5,18.2,5.1,5.1,61.0,17.1,New York
2021-06-05,31.6,17.2,33.4,18.2,0.0,0.0,2.0,21.3,New York
2021-06-06,31.5,20.3,34.7,20.7,0.0,0.0,1.0,16.3,New York
2021-06-07,30.4,20.9,34.1,23.2,0.3,0.3,51.0,17.0,New York
2021-06-08,30.3,21.9,34.8,25.4,5.8,5.8,61.0,16.3,New York
2021-06-09,30.5,21.5,35.4,24.6,1.4,1.4,53.0,11.6,New York
2021-06-10,26.6,17.0,27.8,16.1,0.2,0.2,51.0,23.7,New York
2021-06-11,20.8,15.4,19.8,13.9,0.5,0.5,51.0,14.9,New York
2021-06-12,21.4,16.2,22.0,16.8,0.4,0.4,51.0,15.2,New York
2021-06-13,23.7,14.8,25.6,15.4,0.1,0.1,51.0,19.1,New York
2021-06-14,21.4,17.7,21.1,18.0,17.8,17.8,63.0,22.4,New York
2021-06-15,25.5,17.4,26.3,17.1,0.6,0.6,53.0,17.9,New York
2021-06-16,23.4,15.4,21.7,14.2,0.0,0.0,2.0,20.5,New York
2021-06-17,24.1,12.4,23.1,10.9,0.0,0.0,3.0,13.6,New York
2021-06-18,27.6,13.4,27.1,12.3,0.0,0.0,3.0,20.5,New York
2021-06-19,32.4,19.6,33.5,19.0,2.0,2.0,53.0,22.9,New York
2021-06-20,29.3,17.3,30.8,18.5,0.3,0.3,51.0,21.6,New York
2021-06-21,27.9,21.7,31.3,24.8,0.5,0.5,51.0,27.3,New York
2021-06-22,24.6,15.2,27.7,13.3,8.8,8.8,63.0,24.3,New York
2021-06-23,23.3,12.4,21.8,10.5,0.0,0.0,3.0,17.3,New York
2021-06-24,22.8,13.6,23.1,13.0,0.0,0.0,3.0,20.8,New York
2021-06-25,24.3,15.9,25.8,16.0,0.0,0.0,3.0,22.8,New York
2021-06-26,26.3,18.6,29.2,20.4,1.8,1.8,53.0,25.3,New York
2021-06-27,29.3,22.2,33.4,24.3,0.5,0.5,51.0,19.6,New York
2021-06-28,32.6,23.0,36.8,24.9,0.0,0.0,3.0,23.1,New York
2021-06-29,33.6,24.1,38.9,26.3,0.0,0.0,1.0,23.1,New York
2021-06-30,35.5,25.0,38.3,28.1,0.0,0.0,2.0,19.0,New York
2021-07-01,28.7,21.9,31.7,25.2,22.9,22.9,65.0,13.6,New York
2021-07-02,24.5,20.0,28.4,22.8,28.0,28.0,63.0,10.2,New York
2021-07-03,19.6,16.6,18.9,15.5,16.7,16.7,63.0,27.1,New York
2021-07-04,25.1,15.7,25.8,16.6,1.7,1.7,51.0,12.0,New York
2021-07-05,26.4,18.1,30.1,20.2,0.2,0.2,51.0,22.5,New York
2021-07-06,33.4,22.0,35.5,22.4,0.6,0.6,51.0,29.8,New York
2021-07-07,31.9,22.1,36.7,25.7,1.0,1.0,55.0,19.5,New York
2021-07-08,28.0,21.5,32.6,22.3,12.2,12.2,63.0,23.9,New York
2021-07-09,30.1,21.9,32.7,22.2,37.2,37.2,65.0,33.6,New York
2021-07-10,25.9,20.9,28.9,22.6,1.0,1.0,51.0,15.5,New York
2021-07-11,24.8,20.0,27.4,22.7,2.5,2.5,53.0,17.3,New York
2021-07-12,28.5,22.3,35.5,25.3,16.2,16.2,65.0,13.1,New York
2021-07-13,25.8,21.2,29.4,23.6,1.8,1.8,53.0,13.8,New York
2021-07-14,30.6,21.6,34.9,24.1,1.3,1.3,53.0,14.9,New York
2021-07-15,29.4,21.2,34.5,24.5,0.1,0.1,51.0,15.0,New York
2021-07-16,32.5,23.4,36.5,27.0,0.4,0.4,51.0,13.1,New York
2021-07-17,30.8,23.5,36.0,27.6,8.7,8.7,63.0,22.3,New York
2021-07-18,28.5,23.3,30.1,24.7,15.0,15.0,65.0,20.4,New York
2021-07-19,27.8,21.0,30.8,22.3,0.2,0.2,51.0,13.2,New York
2021-07-20,31.1,21.2,34.4,23.7,0.0,0.0,1.0,17.4,New York
2021-07-21,28.1,21.1,31.1,22.9,5.3,5.3,63.0,14.9,New York
2021-07-22,26.8,17.8,27.8,18.3,0.0,0.0,3.0,15.6,New York
2021-07-23,26.4,17.5,27.7,17.3,0.0,0.0,1.0,12.4,New York
2021-07-24,26.8,18.2,29.5,20.0,0.0,0.0,3.0,17.2,New York
2021-07-25,28.8,20.0,31.8,21.2,7.9,7.9,63.0,20.7,New York
2021-07-26,31.9,21.7,34.0,24.5,0.0,0.0,3.0,13.5,New York
2021-07-27,30.6,19.5,33.7,20.9,0.1,0.1,51.0,24.2,New York
2021-07-28,27.0,20.4,28.7,22.0,1.1,1.1,51.0,17.7,New York
2021-07-29,25.5,19.8,26.7,22.2,32.2,32.2,65.0,27.2,New York
2021-07-30,28.0,19.4,27.3,17.4,0.0,0.0,1.0,25.2,New York
2021-07-31,25.9,14.5,26.5,14.0,0.0,0.0,2.0,22.3,New York
2021-08-01,24.2,16.5,23.6,17.0,0.7,0.7,51.0,21.7,New York
2021-08-02,26.6,17.3,25.9,17.4,0.0,0.0,3.0,19.7,New York
2021-08-03,24.3,15.8,24.3,15.8,0.0,0.0,3.0,11.3,New York
2021-08-04,24.5,17.6,24.6,18.5,0.8,0.8,53.0,14.0,New York
2021-08-05,27.1,17.5,29.1,18.5,0.1,0.1,51.0,14.2,New York
2021-08-06,28.8,17.2,31.7,18.0,0.0,0.0,3.0,21.7,New York
2021-08-07,29.7,19.7,31.3,21.4,0.0,0.0,3.0,26.5,New York
2021-08-08,22.8,18.9,24.1,20.4,13.2,13.2,63.0,20.4,New York
2021-08-09,26.4,20.2,29.4,21.1,0.7,0.7,51.0,18.7,New York
2021-08-10,27.3,20.4,31.0,23.6,5.9,5.9,61.0,18.2,New York
2021-08-11,31.8,23.1,36.0,27.2,3.4,3.4,55.0,22.1,New York
2021-08-12,35.2,23.0,38.0,26.4,0.0,0.0,3.0,21.2,New York
2021-08-13,33.1,24.8,38.7,28.5,0.0,0.0,3.0,20.0,New York
2021-08-14,31.5,24.3,36.4,25.1,5.2,5.2,61.0,18.5,New York
2021-08-15,27.7,20.4,29.4,19.5,0.0,0.0,3.0,18.2,New York
2021-08-16,26.6,20.1,28.4,21.6,0.0,0.0,3.0,18.0,New York
2021-08-17,26.2,22.0,27.5,23.8,2.3,2.3,61.0,21.8,New York
2021-08-18,27.0,21.1,29.9,24.3,1.9,1.9,61.0,26.2,New York
2021-08-19,30.4,23.5,32.0,26.2,8.3,8.3,55.0,25.7,New York
2021-08-20,26.7,22.1,30.2,24.6,1.8,1.8,53.0,12.0,New York
2021-08-21,27.1,22.1,30.1,26.0,1.2,1.2,53.0,15.6,New York
2021-08-22,23.6,22.4,27.2,24.6,67.3,67.3,65.0,19.5,New York
2021-08-23,28.6,21.9,31.5,22.5,35.1,35.1,65.0,28.8,New York
2021-08-24,30.9,21.9,33.5,24.8,0.0,0.0,1.0,14.2,New York
2021-08-25,31.3,20.2,35.4,22.6,0.0,0.0,3.0,10.0,New York
2021-08-26,31.9,22.6,37.4,26.2,0.1,0.1,51.0,16.2,New York
2021-08-27,32.4,23.5,38.2,28.0,1.6,1.6,53.0,10.0,New York
2021-08-28,26.0,20.1,31.0,20.3,3.3,3.3,53.0,24.8,New York
2021-08-29,24.5,19.2,27.8,20.6,2.0,2.0,53.0,13.8,New York
2021-08-30,28.7,21.7,32.4,25.4,5.2,5.2,63.0,16.1,New York
2021-08-31,28.9,21.3,31.1,24.7,0.0,0.0,3.0,16.8,New York
2021-09-01,23.3,18.4,25.5,14.4,111.5,111.5,65.0,45.2,New York
2021-09-02,24.5,15.2,22.7,12.5,22.4,22.4,65.0,41.9,New York
2021-09-03,22.0,14.3,21.2,13.6,0.0,0.0,3.0,15.3,New York
2021-09-04,25.0,14.8,26.1,14.9,0.0,0.0,3.0,15.9,New York
2021-09-05,24.6,17.0,26.5,17.6,1.2,1.2,53.0,15.5,New York
2021-09-06,27.1,19.1,26.7,20.6,0.0,0.0,3.0,20.2,New York
2021-09-07,26.1,15.5,26.2,15.9,0.0,0.0,1.0,13.3,New York
2021-09-08,26.6,19.8,27.2,20.2,0.6,0.6,51.0,26.3,New York
2021-09-09,22.8,19.8,25.0,21.3,19.4,19.4,63.0,18.5,New York
2021-09-10,23.0,16.2,20.7,15.4,0.0,0.0,3.0,25.3,New York
2021-09-11,24.8,13.4,23.7,12.9,0.0,0.0,3.0,16.5,New York
2021-09-12,29.0,18.5,28.7,17.6,0.0,0.0,2.0,25.2,New York
2021-09-13,29.1,21.8,31.1,22.3,1.6,1.6,53.0,21.3,New York
2021-09-14,25.8,19.3,27.7,21.4,0.1,0.1,51.0,18.8,New York
2021-09-15,30.0,20.8,31.6,23.4,0.8,0.8,53.0,23.1,New York
2021-09-16,24.1,19.3,24.6,20.5,4.0,4.0,55.0,20.9,New York
2021-09-17,23.8,20.2,25.5,21.0,1.6,1.6,51.0,20.5,New York
2021-09-18,27.4,19.3,29.7,21.6,0.4,0.4,51.0,15.3,New York
2021-09-19,23.6,16.9,23.0,16.5,0.0,0.0,2.0,18.8,New York
2021-09-20,22.8,15.2,23.4,15.9,0.3,0.3,51.0,17.1,New York
2021-09-21,23.1,16.9,23.5,17.6,0.1,0.1,51.0,16.0,New York
2021-09-22,25.1,19.7,26.5,22.4,4.9,4.9,61.0,30.1,New York
2021-09-23,26.1,17.7,24.8,18.3,18.4,18.4,63.0,40.9,New York
2021-09-24,22.4,15.6,21.2,15.1,26.2,26.2,63.0,15.5,New York
2021-09-25,22.7,14.0,24.6,13.7,0.0,0.0,3.0,7.7,New York
2021-09-26,21.5,15.6,18.5,13.7,0.0,0.0,3.0,24.3,New York
2021-09-27,26.0,14.7,23.4,12.3,0.0,0.0,3.0,25.5,New York
2021-09-28,22.5,16.6,23.4,14.6,15.3,15.3,63.0,19.4,New York
2021-09-29,20.2,11.6,17.5,9.0,0.1,0.1,51.0,22.2,New York
2021-09-30,19.1,13.2,15.9,11.5,0.0,0.0,3.0,20.7,New York
2021-10-01,19.5,9.7,17.5,7.9,0.0,0.0,1.0,12.6,New York
2021-10-02,23.9,10.8,22.7,9.8,0.0,0.0,3.0,17.7,New York
2021-10-03,26.0,13.0,25.9,12.8,0.0,0.0,3.0,13.6,New York
2021-10-04,21.2,16.8,22.7,16.3,22.8,22.8,63.0,19.2,New York
2021-10-05,20.0,15.2,20.7,15.0,0.0,0.0,3.0,15.9,New York
2021-10-06,20.5,16.2,21.9,16.7,0.0,0.0,3.0,6.9,New York
2021-10-07,22.5,16.1,23.8,17.0,0.4,0.4,51.0,11.0,New York
2021-10-08,24.0,14.0,25.9,14.1,0.0,0.0,3.0,12.6,New York
2021-10-09,20.3,15.3,18.4,14.4,0.4,0.4,51.0,22.3,New York
2021-10-10,18.9,16.6,17.7,15.2,2.8,2.8,53.0,28.1,New York
2021-10-11,21.6,16.4,20.5,15.1,0.0,0.0,3.0,27.8,New York
2021-10-12,21.6,15.4,22.2,15.4,0.0,0.0,3.0,12.8,New York
2021-10-13,21.7,15.1,22.4,15.9,0.1,0.1,51.0,12.9,New York
2021-10-14,25.1,15.3,24.3,15.9,0.0,0.0,3.0,16.8,New York
2021-10-15,25.1,15.0,25.6,15.3,0.0,0.0,3.0,18.5,New York
2021-10-16,24.6,15.1,23.6,13.4,17.8,17.8,63.0,27.9,New York
2021-10-17,17.5,11.2,13.2,7.8,0.2,0.2,51.0,24.5,New York
2021-10-18,16.0,9.2,9.9,6.0,0.0,0.0,2.0,33.5,New York
2021-10-19,19.2,8.3,14.5,4.7,0.0,0.0,0.0,24.9,New York
2021-10-20,24.3,13.8,22.2,10.0,0.0,0.0,3.0,21.1,New York
2021-10-21,23.1,11.9,21.5,10.7,0.0,0.0,3.0,17.8,New York
2021-10-22,20.3,14.3,18.6,12.6,0.0,0.0,3.0,17.9,New York
2021-10-23,16.2,10.6,14.2,7.8,0.4,0.4,51.0,14.9,New York
2021-10-24,15.6,7.4,13.7,5.6,0.7,0.7,53.0,13.0,New York
2021-10-25,23.2,14.0,23.9,14.1,10.9,10.9,63.0,20.1,New York
2021-10-26,17.1,13.7,16.6,10.9,78.8,78.8,65.0,31.3,New York
2021-10-27,16.2,12.2,11.4,8.0,6.8,6.8,61.0,36.5,New York
2021-10-28,15.2,8.1,14.1,5.6,0.0,0.0,3.0,20.2,New York
2021-10-29,14.3,8.8,9.6,5.5,9.3,9.3,63.0,38.0,New York
2021-10-30,17.8,12.4,16.2,8.3,6.7,6.7,61.0,40.9,New York
2021-10-31,18.4,12.5,15.2,10.4,5.9,5.9,63.0,22.1,New York
2021-11-01,14.6,7.9,10.3,5.7,0.0,0.0,3.0,21.9,New York
2021-11-02,11.5,7.1,8.4,4.3,0.7,0.7,51.0,14.6,New York
2021-11-03,11.0,3.6,6.6,0.8,0.1,0.1,51.0,17.1,New York
2021-11-04,9.9,2.8,7.0,0.1,0.0,0.0,3.0,10.3,New York
2021-11-05,10.7,3.4,6.5,-0.1,0.0,0.0,0.0,15.5,New York
2021-11-06,10.6,3.1,7.5,-0.1,0.0,0.0,0.0,9.5,New York
2021-11-07,11.9,2.8,9.2,-0.1,0.0,0.0,3.0,11.2,New York
2021-11-08,16.6,6.7,13.9,2.4,0.0,0.0,3.0,19.2,New York
2021-11-09,19.6,6.0,18.1,3.6,0.0,0.0,3.0,10.1,New York
2021-11-10,17.4,7.8,14.0,4.8,0.4,0.4,51.0,22.5,New York
2021-11-11,15.1,4.0,12.5,1.0,0.4,0.4,51.0,25.1,New York
2021-11-12,18.6,8.7,16.7,6.0,16.1,16.1,63.0,40.7,New York
2021-11-13,16.2,4.9,11.8,-0.4,3.8,3.8,63.0,37.8,New York
2021-11-14,8.5,3.0,4.5,-1.0,0.7,0.7,53.0,20.7,New York
2021-11-15,8.7,2.1,3.4,-0.9,1.1,1.1,53.0,31.0,New York
2021-11-16,9.6,2.0,4.2,-2.5,0.0,0.0,3.0,21.3,New York
2021-11-17,12.4,0.4,10.0,-3.1,0.0,0.0,3.0,21.6,New York
2021-11-18,19.0,9.6,16.6,7.5,2.6,2.6,61.0,24.0,New York
2021-11-19,9.8,3.7,5.8,-1.0,3.0,3.0,55.0,29.8,New York
2021-11-20,6.8,0.3,3.2,-3.0,0.0,0.0,3.0,15.5,New York
2021-11-21,12.0,4.8,8.9,2.1,0.7,0.7,53.0,20.5,New York
2021-11-22,11.4,2.6,8.9,-2.7,1.4,1.4,51.0,23.5,New York
2021-11-23,5.6,-0.3,-1.0,-5.4,0.5,0.1,73.0,28.6,New York
2021-11-24,7.1,-1.5,2.7,-6.5,0.0,0.0,3.0,18.2,New York
2021-11-25,11.4,1.1,7.9,-2.2,0.0,0.0,3.0,11.8,New York
2021-11-26,7.5,1.8,4.9,-4.1,8.4,8.4,61.0,29.7,New York
2021-11-27,4.6,0.6,-2.3,-5.2,0.0,0.0,3.0,30.4,New York
2021-11-28,4.6,0.4,2.1,-3.8,2.0,0.0,73.0,10.9,New York
2021-11-29,6.0,-0.6,0.3,-4.6,0.3,0.3,51.0,21.6,New York
2021-11-30,4.8,-2.5,0.3,-6.0,0.2,0.2,51.0,19.0,New York
2021-12-01,8.7,1.1,4.5,-3.5,0.1,0.1,51.0,16.6,New York
2021-12-02,13.7,5.8,10.5,3.2,2.1,2.1,53.0,28.1,New York
2021-12-03,9.4,1.1,4.1,-2.4,0.0,0.0,3.0,27.7,New York
2021-12-04,8.5,0.4,4.5,-3.0,0.0,0.0,3.0,13.7,New York
2021-12-05,7.7,0.1,4.5,-3.6,0.0,0.0,3.0,15.2,New York
2021-12-06,16.4,8.4,12.5,4.3,5.5,5.5,61.0,36.0,New York
2021-12-07,8.8,0.8,3.7,-3.6,0.1,0.1,51.0,28.3,New York
2021-12-08,4.8,0.6,2.4,-2.6,0.5,0.5,51.0,14.7,New York
2021-12-09,3.7,-1.8,-0.2,-6.3,0.0,0.0,3.0,19.7,New York
2021-12-10,8.6,1.8,5.8,-1.6,0.0,0.0,3.0,10.7,New York
2021-12-11,17.5,5.0,14.4,2.8,6.0,6.0,63.0,35.7,New York
2021-12-12,12.7,3.4,7.2,-1.2,0.9,0.9,53.0,34.2,New York
2021-12-13,10.4,2.1,5.3,-3.1,0.0,0.0,3.0,20.1,New York
2021-12-14,10.5,2.3,6.8,-1.5,0.0,0.0,3.0,18.9,New York
2021-12-15,10.4,1.4,7.9,-2.1,1.0,1.0,51.0,22.9,New York
2021-12-16,14.6,9.9,10.4,6.5,0.0,0.0,3.0,24.1,New York
2021-12-17,14.2,6.2,10.3,2.1,0.0,0.0,3.0,22.0,New York
2021-12-18,6.9,4.5,4.9,1.0,3.7,3.7,61.0,12.7,New York
2021-12-19,7.3,-1.5,5.0,-7.4,0.4,0.4,51.0,27.6,New York
2021-12-20,1.9,-4.4,-2.7,-8.8,0.0,0.0,2.0,17.9,New York
2021-12-21,5.6,-2.1,2.9,-6.3,0.1,0.1,51.0,13.8,New York
2021-12-22,8.2,0.1,2.1,-5.8,4.1,4.1,61.0,26.7,New York
2021-12-23,2.3,-2.2,-2.3,-7.4,0.0,0.0,3.0,19.6,New York
2021-12-24,5.8,-1.5,2.9,-5.1,2.0,0.0,75.0,14.8,New York
2021-12-25,9.1,0.5,6.8,-2.8,4.7,4.7,53.0,14.4,New York
2021-12-26,8.8,3.2,5.7,-1.0,0.2,0.2,51.0,23.5,New York
2021-12-27,2.7,-1.3,-0.9,-4.8,1.7,0.9,73.0,13.7,New York
2021-12-28,8.5,2.8,5.3,-0.8,0.4,0.4,51.0,13.0,New York
2021-12-29,7.8,4.3,5.7,1.1,10.6,10.6,63.0,12.4,New York
2021-12-30,8.6,5.0,7.5,2.2,3.1,3.1,53.0,11.2,New York
2021-12-31,11.2,6.7,9.1,4.9,1.2,1.2,53.0,15.1,New York
2022-01-01,11.7,7.5,10.8,5.8,17.4,17.4,63.0,12.9,New York
2022-01-02,13.7,2.8,11.4,-2.8,17.9,17.9,65.0,26.6,New York
2022-01-03,2.1,-4.2,-3.3,-10.4,1.9,0.0,73.0,30.9,New York
2022-01-04,0.7,-6.5,-4.1,-12.2,0.0,0.0,3.0,21.4,New York
2022-01-05,7.1,-2.0,2.8,-7.3,0.3,0.3,51.0,23.0,New York
2022-01-06,4.2,-0.0,-1.0,-4.0,0.0,0.0,3.0,19.8,New York
2022-01-07,-0.2,-5.6,-4.4,-11.0,9.0,0.0,75.0,25.5,New York
2022-01-08,-2.5,-8.8,-6.8,-13.5,0.0,0.0,1.0,20.8,New York
2022-01-09,4.0,-4.9,0.0,-10.0,5.0,5.0,53.0,24.0,New York
2022-01-10,4.2,-3.9,-0.5,-10.2,0.0,0.0,3.0,26.3,New York
2022-01-11,-4.1,-8.6,-10.6,-16.0,0.0,0.0,2.0,28.0,New York
2022-01-12,4.7,-7.3,-0.9,-12.7,0.0,0.0,3.0,22.0,New York
2022-01-13,7.0,-3.2,3.4,-7.2,0.0,0.0,3.0,10.0,New York
2022-01-14,5.2,-4.4,-1.8,-11.5,0.0,0.0,3.0,36.4,New York
2022-01-15,-5.1,-11.0,-10.8,-17.6,0.0,0.0,3.0,22.9,New York
2022-01-16,2.1,-13.1,-4.2,-18.5,4.6,1.9,75.0,30.0,New York
2022-01-17,9.3,0.3,1.1,-6.2,35.8,35.6,71.0,54.0,New York
2022-01-18,2.1,-5.0,-4.8,-10.0,0.0,0.0,3.0,31.4,New York
2022-01-19,7.7,-4.3,2.3,-8.0,0.0,0.0,3.0,24.8,New York
2022-01-20,5.4,-5.3,0.6,-12.0,7.1,4.6,73.0,23.6,New York
2022-01-21,-5.1,-11.3,-11.6,-18.0,0.0,0.0,3.0,23.3,New York
2022-01-22,-1.4,-12.0,-5.3,-18.2,0.0,0.0,3.0,19.8,New York
2022-01-23,2.9,-6.0,-2.5,-11.2,0.3,0.0,71.0,14.4,New York
2022-01-24,0.4,-2.8,-3.7,-7.1,0.2,0.0,71.0,15.1,New York
2022-01-25,6.5,-3.7,1.7,-8.3,0.0,0.0,3.0,17.1,New York
2022-01-26,-2.9,-7.7,-9.1,-13.1,0.0,0.0,0.0,21.6,New York
2022-01-27,-0.1,-9.2,-5.8,-13.6,0.0,0.0,3.0,18.7,New York
2022-01-28,0.8,-2.9,-2.7,-7.9,2.5,0.0,73.0,19.6,New York
2022-01-29,-1.7,-12.6,-7.7,-20.7,18.6,0.0,75.0,43.9,New York
2022-01-30,-6.1,-13.6,-10.7,-21.3,0.0,0.0,3.0,29.0,New York
2022-01-31,-3.3,-17.4,-7.4,-22.6,0.0,0.0,3.0,13.4,New York
2022-02-01,-1.5,-13.4,-5.4,-18.8,0.0,0.0,3.0,12.4,New York
2022-02-02,3.6,-7.1,0.9,-11.3,0.0,0.0,3.0,11.1,New York
2022-02-03,9.5,2.4,6.9,-0.6,12.5,12.5,61.0,15.7,New York
2022-02-04,11.8,-2.0,8.8,-6.8,24.0,23.9,71.0,29.0,New York
2022-02-05,-1.7,-6.7,-6.8,-12.6,0.4,0.0,71.0,27.8,New York
2022-02-06,-1.3,-8.7,-6.7,-13.7,0.0,0.0,3.0,16.8,New York
2022-02-07,2.7,-4.6,-1.2,-9.4,4.6,3.9,73.0,14.4,New York
2022-02-08,8.1,-1.2,2.8,-6.6,4.3,4.3,61.0,24.4,New York
2022-02-09,4.9,-4.7,0.1,-8.9,0.0,0.0,0.0,17.6,New York
2022-02-10,11.2,-0.4,5.9,-4.4,0.1,0.1,51.0,32.2,New York
2022-02-11,12.3,-3.6,7.6,-7.5,0.0,0.0,2.0,27.2,New York
2022-02-12,13.5,6.1,9.2,1.1,0.0,0.0,3.0,25.4,New York
2022-02-13,5.1,-3.1,0.2,-8.9,5.7,0.0,73.0,19.4,New York
2022-02-14,-3.2,-10.1,-10.0,-16.6,0.0,0.0,3.0,27.6,New York
2022-02-15,-0.2,-9.1,-5.5,-14.4,0.0,0.0,3.0,13.5,New York
2022-02-16,6.3,-4.9,0.9,-9.0,0.0,0.0,3.0,21.3,New York
2022-02-17,17.1,5.4,12.5,0.6,1.9,1.9,61.0,33.4,New York
2022-02-18,15.5,-2.7,10.5,-6.9,12.9,12.9,63.0,44.6,New York
2022-02-19,3.7,-5.5,-3.4,-11.5,0.4,0.0,71.0,36.4,New York
2022-02-20,2.8,-6.4,-3.3,-13.6,0.0,0.0,3.0,25.2,New York
2022-02-21,10.0,-1.9,6.1,-6.8,0.0,0.0,3.0,19.8,New York
2022-02-22,14.4,0.4,11.6,-2.3,5.1,5.1,61.0,40.7,New York
2022-02-23,19.1,3.7,15.8,-2.6,0.1,0.1,51.0,29.7,New York
2022-02-24,2.3,-1.6,-3.9,-7.2,0.0,0.0,3.0,23.5,New York
2022-02-25,6.8,-2.0,0.9,-9.3,20.0,17.2,73.0,30.0,New York
2022-02-26,3.1,-6.5,-2.0,-12.1,0.0,0.0,3.0,28.4,New York
2022-02-27,8.2,-3.7,1.3,-8.5,0.0,0.0,3.0,33.2,New York
2022-02-28,1.6,-4.6,-3.6,-10.6,0.0,0.0,3.0,23.0,New York
2022-03-01,6.0,-3.6,2.2,-7.9,0.2,0.2,51.0,24.6,New York
2022-03-02,10.7,1.0,6.4,-2.4,0.0,0.0,3.0,17.4,New York
2022-03-03,5.5,-2.8,0.5,-9.2,3.5,3.5,61.0,25.5,New York
2022-03-04,3.3,-7.0,-2.2,-11.9,0.0,0.0,3.0,21.3,New York
2022-03-05,5.5,-4.4,1.3,-8.8,0.1,0.1,51.0,20.1,New York
2022-03-06,19.6,3.2,16.5,0.2,2.0,2.0,53.0,31.6,New York
2022-03-07,23.1,11.1,19.6,9.4,3.6,3.6,63.0,38.8,New York
2022-03-08,13.2,1.9,8.2,-3.8,0.0,0.0,3.0,34.8,New York
2022-03-09,3.9,1.1,0.2,-3.6,15.4,7.9,75.0,19.1,New York
2022-03-10,8.8,-1.8,6.1,-5.5,0.0,0.0,3.0,12.7,New York
2022-03-11,10.6,-0.6,7.0,-4.4,0.0,0.0,3.0,22.0,New York
2022-03-12,6.6,-4.2,4.3,-12.1,15.4,8.2,75.0,37.1,New York
2022-03-13,3.0,-6.0,-4.1,-14.1,0.2,0.0,71.0,34.4,New York
2022-03-14,13.4,-2.5,9.1,-6.4,0.0,0.0,3.0,21.7,New York
2022-03-15,15.8,3.2,13.7,-0.7,0.0,0.0,3.0,22.3,New York
2022-03-16,16.5,3.2,15.6,-0.1,0.1,0.1,51.0,19.8,New York
2022-03-17,12.1,3.9,10.3,1.6,6.6,6.6,61.0,18.6,New York
2022-03-18,20.9,7.4,20.9,4.3,0.0,0.0,3.0,16.9,New York
2022-03-19,17.8,6.8,17.1,3.8,3.3,3.3,63.0,18.8,New York
2022-03-20,15.1,7.1,12.1,1.0,0.1,0.1,51.0,28.8,New York
2022-03-21,15.8,5.1,9.7,-0.2,0.0,0.0,3.0,30.3,New York
2022-03-22,13.2,4.6,7.2,-0.6,0.0,0.0,3.0,24.3,New York
2022-03-23,8.0,1.6,3.4,-2.9,3.0,3.0,61.0,20.9,New York
2022-03-24,9.8,3.7,6.7,-0.5,23.1,23.1,63.0,26.4,New York
2022-03-25,16.0,4.7,12.4,2.3,6.1,6.1,63.0,29.3,New York
2022-03-26,10.2,4.9,7.0,-0.4,5.8,5.0,73.0,20.5,New York
2022-03-27,7.8,-0.6,1.5,-7.5,0.3,0.3,51.0,27.0,New York
2022-03-28,0.3,-5.2,-7.5,-12.3,0.1,0.0,71.0,32.3,New York
2022-03-29,3.3,-5.1,-3.0,-12.6,0.0,0.0,3.0,30.6,New York
2022-03-30,5.8,-3.4,1.1,-7.6,0.0,0.0,3.0,18.0,New York
2022-03-31,19.0,3.8,15.9,0.4,5.0,5.0,63.0,36.3,New York
2022-04-01,15.2,5.5,14.2,-0.4,1.9,1.9,55.0,34.6,New York
2022-04-02,11.2,1.5,8.2,-3.9,0.0,0.0,3.0,28.2,New York
2022-04-03,8.6,3.5,5.9,-1.0,3.5,3.5,61.0,22.7,New York
2022-04-04,12.4,2.8,8.1,-2.1,0.1,0.1,51.0,25.0,New York
2022-04-05,12.2,1.3,8.4,-1.6,1.9,1.9,53.0,17.2,New York
2022-04-06,12.7,6.4,9.2,2.3,19.9,19.9,63.0,33.6,New York
2022-04-07,11.3,6.0,7.7,2.5,58.2,58.2,65.0,38.6,New York
2022-04-08,16.8,7.0,13.0,2.8,13.8,13.8,65.0,22.4,New York
2022-04-09,14.0,5.3,10.5,2.9,5.6,5.6,61.0,22.1,New York
2022-04-10,10.0,3.7,3.6,-1.0,0.0,0.0,3.0,31.2,New York
2022-04-11,12.8,2.1,10.7,-2.5,0.0,0.0,3.0,19.4,New York
2022-04-12,20.7,7.6,18.4,4.3,1.6,1.6,55.0,19.7,New York
2022-04-13,18.4,7.3,18.3,5.2,0.0,0.0,3.0,18.6,New York
2022-04-14,28.7,14.2,28.3,11.9,0.1,0.1,51.0,27.1,New York
2022-04-15,19.7,6.3,15.7,3.3,0.1,0.1,51.0,27.3,New York
2022-04-16,19.9,7.3,17.5,4.0,4.1,4.1,61.0,26.0,New York
2022-04-17,10.3,4.2,4.8,-0.8,0.6,0.6,51.0,31.0,New York
2022-04-18,10.2,1.5,6.3,-1.7,7.0,7.0,63.0,30.2,New York
2022-04-19,11.3,4.8,5.8,-1.4,27.6,27.6,63.0,42.5,New York
2022-04-20,14.0,3.4,10.6,-2.0,0.0,0.0,3.0,26.6,New York
2022-04-21,13.0,4.8,9.2,2.4,0.3,0.3,51.0,34.2,New York
2022-04-22,18.3,8.4,15.1,5.9,0.0,0.0,3.0,22.3,New York
2022-04-23,14.6,6.6,13.0,3.2,0.0,0.0,3.0,14.2,New York
2022-04-24,15.6,7.1,12.1,4.8,0.0,0.0,3.0,25.4,New York
2022-04-25,14.5,6.2,11.2,3.9,0.0,0.0,3.0,22.4,New York
2022-04-26,16.3,9.9,15.8,7.4,4.1,4.1,61.0,12.5,New York
2022-04-27,13.3,5.1,12.5,-0.6,0.8,0.8,53.0,31.8,New York
2022-04-28,12.4,3.2,5.6,-2.4,0.0,0.0,3.0,34.7,New York
2022-04-29,15.4,3.2,9.7,-2.7,0.0,0.0,0.0,28.4,New York
2022-04-30,17.8,4.2,14.6,-0.2,0.0,0.0,3.0,20.1,New York
2022-05-01,18.7,5.4,17.7,2.2,1.0,1.0,53.0,17.9,New York
2022-05-02,14.9,9.9,14.0,7.6,2.8,2.8,61.0,16.5,New York
2022-05-03,18.4,7.3,18.2,5.5,0.0,0.0,3.0,22.7,New York
2022-05-04,20.6,9.2,20.0,6.8,5.3,5.3,61.0,18.1,New York
2022-05-05,21.9,11.2,22.5,9.1,0.0,0.0,3.0,17.6,New York
2022-05-06,14.1,9.5,13.9,7.5,21.7,21.7,63.0,13.7,New York
2022-05-07,10.5,6.8,6.8,1.4,28.6,28.6,63.0,33.0,New York
2022-05-08,12.9,6.9,7.0,0.9,2.4,2.4,53.0,30.4,New York
2022-05-09,18.7,5.9,15.5,0.1,0.0,0.0,3.0,24.4,New York
2022-05-10,20.0,7.8,16.6,2.3,0.0,0.0,3.0,24.1,New York
2022-05-11,21.2,8.7,19.8,3.9,0.0,0.0,3.0,23.3,New York
2022-05-12,21.0,10.7,22.1,9.9,0.0,0.0,3.0,16.1,New York
2022-05-13,21.4,13.8,22.8,13.1,1.8,1.8,51.0,14.1,New York
2022-05-14,20.7,14.0,22.4,13.5,7.0,7.0,61.0,15.8,New York
2022-05-15,24.7,14.4,26.5,14.6,1.0,1.0,53.0,21.0,New York
2022-05-16,23.2,15.3,25.5,14.7,6.9,6.9,63.0,24.9,New York
2022-05-17,23.2,11.6,19.1,10.3,0.0,0.0,1.0,32.5,New York
2022-05-18,21.4,11.4,19.6,8.2,0.0,0.0,3.0,18.2,New York
2022-05-19,21.9,12.5,21.6,11.2,14.1,14.1,63.0,13.3,New York
2022-05-20,21.4,11.0,21.6,10.5,5.8,5.8,63.0,22.3,New York
2022-05-21,32.1,16.2,37.7,17.3,0.0,0.0,3.0,20.8,New York
2022-05-22,30.6,20.6,34.6,22.0,1.1,1.1,55.0,18.9,New York
2022-05-23,22.5,15.6,20.9,12.6,0.0,0.0,3.0,22.6,New York
2022-05-24,19.2,13.3,17.9,12.7,0.1,0.1,51.0,19.5,New York
2022-05-25,19.1,11.1,18.8,10.1,0.0,0.0,3.0,19.1,New York
2022-05-26,19.6,11.1,18.4,10.2,0.0,0.0,3.0,25.4,New York
2022-05-27,23.7,16.3,25.2,16.2,12.3,12.3,63.0,23.6,New York
2022-05-28,23.1,17.8,24.4,18.4,6.8,6.8,61.0,21.3,New York
2022-05-29,24.6,13.8,24.8,13.6,0.0,0.0,3.0,17.6,New York
2022-05-30,29.1,15.0,31.5,15.4,0.0,0.0,3.0,24.7,New York
2022-05-31,33.7,20.9,35.7,21.6,0.0,0.0,3.0,17.1,New York
2022-06-01,21.6,15.7,22.7,15.7,8.8,8.8,63.0,19.1,New York
2022-06-02,26.9,16.0,29.5,15.7,7.5,7.5,61.0,13.7,New York
2022-06-03,24.4,18.3,27.6,17.8,2.2,2.2,55.0,19.4,New York
2022-06-04,26.4,13.4,27.3,12.6,0.0,0.0,1.0,23.1,New York
2022-06-05,23.8,13.2,24.3,11.8,0.0,0.0,3.0,19.1,New York
2022-06-06,26.0,13.2,25.8,12.2,0.0,0.0,3.0,23.5,New York
2022-06-07,24.6,14.5,23.7,13.5,0.9,0.9,53.0,34.2,New York
2022-06-08,29.4,19.2,29.4,18.4,0.4,0.4,51.0,22.3,New York
2022-06-09,28.2,18.8,27.3,17.2,9.4,9.4,63.0,29.2,New York
2022-06-10,26.2,15.0,24.6,14.4,0.0,0.0,3.0,23.6,New York
2022-06-11,24.3,15.7,24.8,16.1,0.8,0.8,51.0,11.2,New York
2022-06-12,22.7,16.0,22.6,16.5,8.3,8.3,61.0,24.5,New York
2022-06-13,27.5,17.2,31.2,18.8,4.6,4.6,55.0,15.5,New York
2022-06-14,27.8,18.9,29.5,17.9,0.0,0.0,3.0,23.7,New York
2022-06-15,26.9,17.5,29.4,18.5,0.0,0.0,3.0,27.6,New York
2022-06-16,23.1,17.6,22.7,17.3,13.1,13.1,63.0,30.0,New York
2022-06-17,32.0,19.3,31.5,19.9,0.0,0.0,3.0,31.3,New York
2022-06-18,21.9,15.6,20.1,12.0,0.0,0.0,3.0,31.9,New York
2022-06-19,22.2,12.6,17.2,8.3,0.0,0.0,3.0,32.5,New York
2022-06-20,26.4,13.1,24.4,10.7,0.0,0.0,3.0,18.9,New York
2022-06-21,26.4,14.1,25.6,13.0,2.1,2.1,53.0,13.5,New York
2022-06-22,20.4,16.9,20.3,15.2,2.7,2.7,53.0,25.5,New York
2022-06-23,22.3,15.9,22.2,16.0,1.0,1.0,51.0,17.4,New York
2022-06-24,25.9,14.8,28.3,15.5,0.6,0.6,51.0,21.3,New York
2022-06-25,32.4,18.1,35.1,19.7,0.0,0.0,2.0,23.3,New York
2022-06-26,30.8,20.0,31.9,21.5,0.0,0.0,3.0,32.4,New York
2022-06-27,26.6,19.6,29.0,20.7,8.5,8.5,61.0,24.0,New York
2022-06-28,27.8,19.2,27.5,17.0,0.2,0.2,51.0,16.0,New York
2022-06-29,29.1,17.1,29.6,17.9,0.0,0.0,3.0,29.7,New York
2022-06-30,31.6,17.4,32.1,17.6,0.0,0.0,2.0,23.0,New York
2022-07-01,33.7,20.4,34.8,21.4,0.0,0.0,3.0,33.9,New York
2022-07-02,30.2,22.9,32.7,24.9,14.6,14.6,63.0,20.9,New York
2022-07-03,31.1,21.3,32.2,21.5,0.1,0.1,51.0,17.0,New York
2022-07-04,30.1,18.0,30.4,16.7,0.0,0.0,3.0,19.1,New York
2022-07-05,30.2,20.1,29.7,21.0,0.9,0.9,51.0,32.5,New York
2022-07-06,31.8,21.8,32.3,23.6,0.1,0.1,51.0,21.4,New York
2022-07-07,27.0,20.3,27.6,22.4,0.0,0.0,3.0,23.7,New York
2022-07-08,28.9,19.6,31.5,22.0,1.4,1.4,51.0,17.0,New York
2022-07-09,29.6,20.7,32.1,21.2,0.0,0.0,3.0,24.2,New York
2022-07-10,27.2,18.6,29.0,16.8,0.0,0.0,3.0,23.2,New York
2022-07-11,28.4,17.6,28.7,19.1,0.0,0.0,1.0,35.2,New York
2022-07-12,33.9,19.4,34.5,19.2,0.6,0.6,51.0,36.2,New York
2022-07-13,32.7,21.4,34.3,23.6,0.0,0.0,3.0,30.0,New York
2022-07-14,31.5,21.6,35.3,24.0,0.3,0.3,51.0,20.8,New York
2022-07-15,28.5,20.6,29.2,21.0,0.1,0.1,51.0,20.1,New York
2022-07-16,27.7,20.2,30.7,22.1,13.1,13.1,63.0,17.7,New York
2022-07-17,27.9,20.0,31.1,22.6,1.0,1.0,53.0,19.2,New York
2022-07-18,30.1,22.4,32.2,26.2,13.0,13.0,63.0,24.7,New York
2022-07-19,33.7,21.3,35.3,22.9,0.0,0.0,3.0,22.2,New York
2022-07-20,33.9,22.4,38.2,24.7,0.0,0.0,1.0,20.7,New York
2022-07-21,33.6,24.7,36.7,27.4,2.6,2.6,63.0,25.2,New York
2022-07-22,34.2,21.6,36.8,23.9,0.0,0.0,2.0,28.9,New York
2022-07-23,34.4,22.9,37.9,26.1,0.0,0.0,3.0,25.4,New York
2022-07-24,35.9,24.0,37.5,26.6,0.0,0.0,3.0,29.2,New York
2022-07-25,31.5,25.1,34.6,27.1,24.0,24.0,65.0,25.5,New York
2022-07-26,28.9,20.0,29.2,20.7,0.1,0.1,51.0,21.1,New York
2022-07-27,28.1,18.1,29.5,19.2,0.0,0.0,3.0,20.2,New York
2022-07-28,30.6,22.2,35.1,25.3,1.3,1.3,53.0,25.1,New York
2022-07-29,30.6,22.3,31.6,24.3,0.4,0.4,51.0,18.3,New York
2022-07-30,32.1,22.1,30.6,23.9,0.8,0.8,53.0,22.0,New York
2022-07-31,28.6,19.0,29.3,20.8,0.0,0.0,3.0,20.0,New York
2022-08-01,26.2,20.8,28.5,22.0,7.4,7.4,63.0,22.3,New York
2022-08-02,33.3,21.3,35.1,23.9,0.0,0.0,3.0,16.9,New York
2022-08-03,32.4,21.3,34.4,22.2,0.0,0.0,3.0,22.2,New York
2022-08-04,33.1,21.3,36.1,23.9,0.0,0.0,3.0,29.3,New York
2022-08-05,32.8,23.1,36.9,25.7,0.4,0.4,51.0,14.0,New York
2022-08-06,32.5,23.4,34.8,27.7,1.2,1.2,53.0,27.2,New York
2022-08-07,34.2,23.6,35.0,26.7,5.1,5.1,63.0,27.4,New York
2022-08-08,34.6,25.4,36.9,28.3,0.7,0.7,51.0,24.0,New York
2022-08-09,37.4,26.2,40.7,29.5,7.1,7.1,63.0,19.6,New York
2022-08-10,32.7,23.1,34.6,24.6,0.1,0.1,51.0,23.7,New York
2022-08-11,32.2,23.1,32.5,25.3,0.8,0.8,53.0,13.5,New York
2022-08-12,29.1,21.3,27.8,20.1,0.0,0.0,3.0,23.5,New York
2022-08-13,27.1,17.7,26.2,16.6,0.0,0.0,1.0,22.2,New York
2022-08-14,27.0,16.7,26.1,16.6,0.0,0.0,3.0,24.9,New York
2022-08-15,27.4,18.0,28.0,18.4,0.1,0.1,51.0,17.0,New York
2022-08-16,28.1,18.2,26.2,19.2,0.0,0.0,3.0,26.1,New York
2022-08-17,27.0,18.3,26.0,18.8,0.2,0.2,51.0,19.6,New York
2022-08-18,30.7,17.2,29.2,18.5,0.1,0.1,51.0,16.8,New York
2022-08-19,31.6,17.8,32.1,18.1,0.0,0.0,3.0,28.0,New York
2022-08-20,31.6,21.1,33.5,23.2,0.3,0.3,51.0,22.2,New York
2022-08-21,27.8,20.0,30.0,22.5,0.0,0.0,3.0,22.2,New York
2022-08-22,24.4,21.6,27.7,23.9,17.8,17.8,63.0,15.9,New York
2022-08-23,29.1,20.8,32.6,23.5,5.8,5.8,63.0,15.6,New York
2022-08-24,31.3,19.6,32.0,21.7,0.0,0.0,2.0,13.6,New York
2022-08-25,31.6,19.3,34.0,21.1,0.0,0.0,3.0,20.5,New York
2022-08-26,29.4,21.1,32.4,23.6,16.5,16.5,65.0,20.7,New York
2022-08-27,29.6,20.3,31.8,22.4,0.0,0.0,2.0,13.7,New York
2022-08-28,27.3,21.7,29.1,24.2,1.3,1.3,51.0,19.3,New York
2022-08-29,28.5,21.2,31.8,24.5,0.2,0.2,51.0,25.5,New York
2022-08-30,30.0,21.7,33.2,25.1,1.7,1.7,53.0,29.7,New York
2022-08-31,28.9,20.7,28.5,20.4,0.6,0.6,53.0,22.9,New York
2022-09-01,29.9,19.4,28.7,18.7,0.0,0.0,2.0,19.5,New York
2022-09-02,25.0,15.8,26.5,14.7,0.0,0.0,3.0,15.6,New York
2022-09-03,26.2,17.7,28.2,18.9,0.0,0.0,3.0,18.4,New York
2022-09-04,30.2,20.3,33.1,22.5,1.3,1.3,53.0,12.6,New York
2022-09-05,28.4,21.1,32.3,24.5,5.2,5.2,63.0,20.0,New York
2022-09-06,22.3,20.2,25.8,20.8,31.8,31.8,63.0,22.5,New York
2022-09-07,22.9,18.7,22.8,18.5,2.3,2.3,55.0,22.3,New York
2022-09-08,23.9,18.0,23.7,18.5,0.1,0.1,51.0,17.1,New York
2022-09-09,26.3,16.3,26.1,16.9,0.0,0.0,0.0,11.6,New York
2022-09-10,27.4,15.4,27.9,15.7,0.0,0.0,3.0,14.7,New York
2022-09-11,24.6,18.5,26.4,20.0,15.5,15.5,61.0,13.4,New York
2022-09-12,27.9,20.5,30.7,22.9,10.2,10.2,63.0,15.6,New York
2022-09-13,26.0,20.5,29.5,19.2,6.9,6.9,61.0,18.0,New York
2022-09-14,26.8,15.8,25.5,15.5,0.0,0.0,3.0,19.7,New York
2022-09-15,22.1,15.9,20.8,14.0,0.0,0.0,1.0,18.9,New York
2022-09-16,24.1,11.9,22.6,10.9,0.0,0.0,3.0,12.2,New York
2022-09-17,22.5,16.9,23.8,16.5,0.0,0.0,3.0,17.4,New York
2022-09-18,29.0,17.2,28.4,17.5,0.0,0.0,3.0,20.7,New York
2022-09-19,30.1,19.1,29.7,19.7,1.8,1.8,55.0,23.9,New York
2022-09-20,25.8,17.9,24.5,19.0,0.0,0.0,2.0,19.6,New York
2022-09-21,26.0,16.1,27.7,16.6,0.0,0.0,3.0,20.5,New York
2022-09-22,25.3,14.5,25.8,11.2,7.5,7.5,63.0,26.9,New York
2022-09-23,16.6,10.2,11.2,5.2,0.0,0.0,1.0,32.5,New York
2022-09-24,20.7,9.6,18.7,5.2,0.0,0.0,3.0,19.1,New York
2022-09-25,24.4,11.8,23.2,10.8,2.4,2.4,61.0,22.7,New York
2022-09-26,23.7,13.3,20.4,12.1,0.0,0.0,3.0,26.1,New York
2022-09-27,21.4,13.4,18.0,10.9,0.0,0.0,3.0,21.5,New York
2022-09-28,21.0,10.3,18.1,8.2,0.0,0.0,3.0,19.0,New York
2022-09-29,19.2,11.4,16.5,8.5,0.0,0.0,3.0,20.9,New York
2022-09-30,16.7,10.7,14.0,7.6,0.1,0.1,51.0,17.4,New York
2022-10-01,17.4,11.6,14.5,7.8,21.7,21.7,65.0,32.3,New York
2022-10-02,15.0,10.5,12.0,4.9,12.6,12.6,63.0,32.1,New York
2022-10-03,11.9,9.0,7.2,4.5,18.6,18.6,63.0,30.3,New York
2022-10-04,12.7,8.2,9.7,2.9,187.2,187.2,65.0,31.9,New York
2022-10-05,15.9,12.3,14.7,9.1,7.7,7.7,63.0,28.7,New York
2022-10-06,22.6,11.0,22.0,9.8,0.0,0.0,3.0,12.1,New York
2022-10-07,24.0,11.5,23.1,10.8,0.2,0.2,51.0,17.0,New York
2022-10-08,14.8,7.1,11.9,4.8,0.5,0.5,53.0,21.1,New York
2022-10-09,16.4,5.9,12.3,3.1,0.0,0.0,1.0,19.6,New York
2022-10-10,19.9,7.3,17.0,5.3,0.0,0.0,3.0,18.3,New York
2022-10-11,19.6,7.5,18.7,5.7,0.0,0.0,0.0,15.0,New York
2022-10-12,19.2,9.1,17.6,7.2,0.0,0.0,3.0,25.5,New York
2022-10-13,20.9,13.1,19.3,12.4,5.6,5.6,61.0,28.2,New York
2022-10-14,19.2,10.4,17.3,8.4,8.5,8.5,63.0,24.1,New York
2022-10-15,19.0,7.6,16.5,5.6,0.0,0.0,1.0,25.3,New York
2022-10-16,17.6,10.0,16.4,8.2,0.0,0.0,3.0,13.7,New York
2022-10-17,18.8,10.7,17.2,9.2,4.1,4.1,55.0,18.0,New York
2022-10-18,13.6,7.3,12.5,4.3,0.7,0.7,51.0,17.9,New York
2022-10-19,12.2,4.3,6.4,1.0,0.0,0.0,3.0,27.0,New York
2022-10-20,14.3,5.3,8.7,1.5,0.0,0.0,0.0,26.4,New York
2022-10-21,15.9,5.9,13.4,3.4,0.0,0.0,0.0,11.5,New York
2022-10-22,17.6,6.1,15.6,3.3,0.0,0.0,3.0,11.7,New York
2022-10-23,15.4,9.8,13.1,8.2,17.6,17.6,63.0,20.8,New York
2022-10-24,16.4,12.0,16.0,9.9,12.1,12.1,63.0,20.8,New York
2022-10-25,20.6,14.7,22.5,14.4,2.6,2.6,53.0,12.9,New York
2022-10-26,21.1,15.6,22.5,14.8,0.4,0.4,51.0,16.2,New York
2022-10-27,17.4,10.3,14.4,6.1,0.0,0.0,0.0,25.6,New York
2022-10-28,13.0,6.6,9.0,2.3,0.0,0.0,3.0,20.0,New York
2022-10-29,14.3,5.1,11.4,2.6,0.0,0.0,1.0,11.5,New York
2022-10-30,16.1,4.3,13.8,1.4,0.0,0.0,3.0,11.2,New York
2022-10-31,17.3,10.2,15.7,8.9,6.6,6.6,63.0,13.3,New York
2022-11-01,19.7,13.0,19.1,13.1,7.5,7.5,63.0,15.6,New York
2022-11-02,20.0,10.5,19.1,9.2,0.0,0.0,0.0,16.3,New York
2022-11-03,17.8,8.4,16.5,7.0,0.0,0.0,0.0,11.8,New York
2022-11-04,19.6,8.0,19.7,7.0,0.0,0.0,3.0,13.3,New York
2022-11-05,22.9,14.9,22.6,15.0,0.0,0.0,3.0,27.3,New York
2022-11-06,23.6,17.7,23.8,16.8,2.8,2.8,63.0,22.3,New York
2022-11-07,23.8,14.5,23.5,9.4,0.8,0.8,51.0,25.7,New York
2022-11-08,13.4,7.8,8.7,3.6,0.0,0.0,2.0,23.5,New York
2022-11-09,10.4,4.3,7.7,0.1,0.0,0.0,3.0,19.5,New York
2022-11-10,17.3,6.7,15.3,4.5,0.0,0.0,3.0,13.2,New York
2022-11-11,18.8,11.7,18.9,10.6,25.3,25.3,65.0,33.5,New York
2022-11-12,20.6,14.3,19.4,14.4,1.8,1.8,53.0,33.1,New York
2022-11-13,14.0,5.9,13.9,0.8,2.9,2.9,55.0,27.2,New York
2022-11-14,7.6,2.3,2.7,-1.7,0.0,0.0,1.0,19.3,New York
2022-11-15,7.6,1.4,4.4,-2.2,6.0,6.0,61.0,23.5,New York
2022-11-16,11.2,4.0,7.3,-1.1,12.5,12.5,63.0,28.0,New York
2022-11-17,8.2,2.0,1.3,-3.2,0.0,0.0,3.0,31.2,New York
2022-11-18,6.5,0.3,-0.1,-4.2,0.2,0.1,71.0,31.1,New York
2022-11-19,4.3,-1.7,-1.6,-6.2,0.0,0.0,2.0,19.7,New York
2022-11-20,2.2,-2.0,-2.8,-7.5,0.1,0.0,71.0,34.0,New York
2022-11-21,4.1,-3.6,-1.9,-8.1,0.0,0.0,3.0,22.5,New York
2022-11-22,9.4,0.2,5.2,-3.8,0.0,0.0,1.0,20.6,New York
2022-11-23,11.7,1.4,7.7,-2.3,0.0,0.0,0.0,13.0,New York
2022-11-24,10.5,0.8,7.7,-2.5,0.0,0.0,3.0,13.0,New York
2022-11-25,11.9,4.6,8.6,1.6,3.8,3.8,61.0,25.9,New York
2022-11-26,12.3,4.4,8.1,0.2,0.0,0.0,3.0,19.7,New York
2022-11-27,13.8,5.1,12.1,1.6,12.2,12.2,63.0,27.2,New York
2022-11-28,11.9,4.8,8.0,0.6,0.0,0.0,3.0,27.8,New York
2022-11-29,6.1,0.2,2.7,-3.2,0.0,0.0,3.0,14.0,New York
2022-11-30,12.8,1.4,8.6,-1.4,14.9,14.9,63.0,37.4,New York
2022-12-01,6.1,0.4,-0.2,-5.4,0.0,0.0,3.0,28.7,New York
2022-12-02,5.0,-3.1,0.9,-6.9,0.0,0.0,3.0,10.9,New York
2022-12-03,13.3,4.1,9.8,0.8,8.8,8.8,63.0,33.3,New York
2022-12-04,6.8,0.2,2.5,-3.7,0.0,0.0,3.0,23.2,New York
2022-12-05,6.4,-2.6,2.7,-6.3,0.0,0.0,3.0,11.7,New York
2022-12-06,12.4,0.6,10.1,-2.1,11.5,11.5,61.0,22.6,New York
2022-12-07,14.4,11.3,15.0,8.6,10.5,10.5,61.0,22.8,New York
2022-12-08,11.5,5.8,8.8,1.9,0.0,0.0,3.0,20.4,New York
2022-12-09,7.0,0.7,1.8,-5.2,0.0,0.0,0.0,20.6,New York
2022-12-10,4.7,-1.5,0.2,-6.9,0.0,0.0,3.0,18.5,New York
2022-12-11,4.2,1.0,0.3,-3.6,10.7,7.8,75.0,17.7,New York
2022-12-12,4.2,-2.2,-1.5,-7.0,1.1,0.2,73.0,22.1,New York
2022-12-13,4.8,-4.5,0.6,-9.4,0.0,0.0,0.0,14.8,New York
2022-12-14,4.4,-1.8,-0.4,-7.3,0.0,0.0,3.0,19.5,New York
2022-12-15,4.7,-1.5,0.1,-6.5,17.3,17.3,63.0,30.1,New York
2022-12-16,6.5,3.4,0.9,-1.7,14.5,14.2,73.0,34.9,New York
2022-12-17,6.9,0.9,0.8,-3.4,0.3,0.3,51.0,24.8,New York
2022-12-18,4.0,-2.6,-1.9,-6.5,0.0,0.0,3.0,22.3,New York
2022-12-19,3.5,-2.3,-2.8,-7.9,0.0,0.0,1.0,23.4,New York
2022-12-20,3.7,-2.2,-0.9,-6.8,0.0,0.0,2.0,19.2,New York
2022-12-21,3.0,-4.0,-0.4,-7.8,0.0,0.0,3.0,9.3,New York
2022-12-22,6.7,-2.4,1.9,-5.8,9.5,9.5,63.0,30.4,New York
2022-12-23,12.6,-12.8,7.9,-21.8,23.0,22.4,73.0,46.0,New York
2022-12-24,-4.7,-13.6,-12.6,-22.6,0.0,0.0,3.0,35.7,New York
2022-12-25,-1.7,-10.1,-8.4,-17.5,0.0,0.0,0.0,25.2,New York
2022-12-26,-1.0,-8.1,-6.7,-14.0,0.0,0.0,3.0,19.5,New York
2022-12-27,2.8,-5.0,-2.3,-10.0,0.0,0.0,3.0,14.9,New York
2022-12-28,6.7,-4.0,1.3,-8.2,0.0,0.0,3.0,19.2,New York
2022-12-29,8.5,-1.1,4.6,-4.9,0.0,0.0,3.0,16.0,New York
2022-12-30,13.4,1.3,10.9,-2.2,0.0,0.0,3.0,13.6,New York
2022-12-31,11.0,5.8,10.1,3.2,6.3,6.3,61.0,13.2,New York
2023-01-01,11.8,4.8,9.5,1.7,2.1,2.1,55.0,17.4,New York
2023-01-02,12.7,4.4,10.8,1.6,0.5,0.5,51.0,9.0,New York
2023-01-03,12.7,6.2,11.3,4.1,9.5,9.5,63.0,19.4,New York
2023-01-04,17.9,9.4,18.1,8.3,2.3,2.3,53.0,18.2,New York
2023-01-05,13.0,7.3,12.6,5.7,0.0,0.0,3.0,12.1,New York
2023-01-06,8.6,3.2,5.3,-1.2,9.6,9.6,61.0,16.3,New York
2023-01-07,8.1,0.4,3.1,-3.8,0.0,0.0,3.0,20.2,New York
2023-01-08,4.1,-2.4,0.9,-6.2,0.0,0.0,3.0,13.7,New York
2023-01-09,7.1,0.6,2.2,-3.6,1.5,1.2,71.0,17.9,New York
2023-01-10,6.2,-0.0,2.0,-4.3,0.0,0.0,3.0,14.6,New York
2023-01-11,3.8,-1.3,-0.3,-5.9,0.0,0.0,3.0,13.8,New York
2023-01-12,9.6,-0.7,8.2,-4.6,11.9,11.9,63.0,21.0,New York
2023-01-13,12.6,3.0,9.9,-3.0,1.6,1.6,51.0,27.1,New York
2023-01-14,2.8,-0.6,-3.0,-7.3,0.0,0.0,3.0,26.3,New York
2023-01-15,5.0,-1.8,-2.0,-9.5,0.0,0.0,3.0,33.8,New York
2023-01-16,8.1,-2.5,3.3,-9.5,0.0,0.0,1.0,26.3,New York
2023-01-17,7.3,-2.1,3.4,-6.4,1.4,1.4,53.0,13.3,New York
2023-01-18,10.7,2.8,5.8,-0.7,1.7,1.7,53.0,25.5,New York
2023-01-19,5.5,2.3,2.4,-0.9,23.5,23.5,63.0,16.3,New York
2023-01-20,8.9,1.7,2.9,-2.2,0.6,0.6,53.0,30.7,New York
2023-01-21,6.0,-2.0,1.9,-5.8,0.2,0.2,51.0,19.9,New York
2023-01-22,5.5,-3.5,2.0,-7.3,5.4,5.4,61.0,15.8,New York
2023-01-23,2.9,1.1,-1.1,-4.4,16.9,16.5,73.0,25.0,New York
2023-01-24,7.6,-1.2,1.2,-5.8,0.0,0.0,3.0,27.7,New York
2023-01-25,10.5,-2.5,4.9,-6.2,20.0,19.4,73.0,44.7,New York
2023-01-26,11.8,2.8,9.8,-2.2,14.5,14.5,63.0,36.0,New York
2023-01-27,6.0,-1.7,0.7,-5.3,0.0,0.0,3.0,19.2,New York
2023-01-28,10.8,-0.9,5.3,-5.5,0.0,0.0,3.0,23.8,New York
2023-01-29,10.4,0.0,5.6,-3.9,0.0,0.0,3.0,22.5,New York
2023-01-30,11.6,2.3,8.7,-0.6,0.0,0.0,3.0,13.2,New York
2023-01-31,6.4,0.4,3.7,-5.0,2.5,1.9,73.0,19.1,New York
2023-02-01,3.1,-3.4,-1.9,-8.2,1.6,0.0,73.0,16.5,New York
2023-02-02,4.0,-4.5,-2.1,-8.6,0.0,0.0,3.0,19.1,New York
2023-02-03,0.2,-10.8,-5.6,-20.9,0.0,0.0,3.0,42.2,New York
2023-02-04,-4.0,-16.6,-9.9,-24.0,0.0,0.0,3.0,39.8,New York
2023-02-05,9.0,-4.8,3.5,-10.5,0.0,0.0,3.0,19.1,New York
2023-02-06,10.1,-1.1,4.1,-5.2,0.0,0.0,3.0,29.2,New York
2023-02-07,3.6,-4.2,-0.9,-9.0,2.6,2.4,71.0,21.6,New York
2023-02-08,10.3,1.0,5.8,-2.6,0.7,0.7,53.0,22.5,New York
2023-02-09,11.0,-1.9,8.1,-5.5,0.0,0.0,3.0,20.9,New York
2023-02-10,14.0,5.9,9.8,1.2,0.0,0.0,3.0,28.1,New York
2023-02-11,6.6,0.3,2.2,-5.0,0.0,0.0,3.0,23.5,New York
2023-02-12,6.7,-0.7,3.3,-4.1,0.8,0.2,73.0,18.7,New York
2023-02-13,13.2,2.4,8.7,-3.6,1.8,1.3,73.0,23.9,New York
2023-02-14,11.3,2.4,6.9,-3.2,0.0,0.0,3.0,23.2,New York
2023-02-15,16.9,2.9,12.6,-0.5,0.0,0.0,3.0,26.9,New York
2023-02-16,19.1,9.1,18.0,6.0,2.9,2.9,61.0,17.6,New York
2023-02-17,15.3,0.2,12.9,-6.9,8.1,8.1,61.0,33.8,New York
2023-02-18,5.6,-2.8,0.4,-8.7,0.0,0.0,2.0,28.9,New York
2023-02-19,8.0,-0.5,3.5,-4.3,0.0,0.0,3.0,29.8,New York
2023-02-20,15.2,5.4,10.9,2.9,0.0,0.0,3.0,25.3,New York
2023-02-21,8.2,1.9,5.6,-2.1,7.1,6.5,73.0,17.8,New York
2023-02-22,5.5,-0.9,2.3,-4.6,4.4,4.0,73.0,15.0,New York
2023-02-23,7.6,2.5,4.6,-1.7,0.6,0.6,51.0,16.1,New York
2023-02-24,7.3,-2.2,2.5,-8.2,0.0,0.0,3.0,35.3,New York
2023-02-25,0.1,-5.7,-3.7,-10.8,0.7,0.0,71.0,19.8,New York
2023-02-26,10.1,-3.9,4.0,-7.7,0.0,0.0,3.0,34.7,New York
2023-02-27,4.8,-2.3,1.6,-6.7,3.8,0.1,75.0,23.7,New York
2023-02-28,2.0,-0.7,-1.1,-5.2,13.1,2.7,75.0,24.8,New York
2023-03-01,5.7,-2.6,2.5,-6.8,3.4,0.9,75.0,22.0,New York
2023-03-02,13.6,2.1,9.8,-0.2,1.5,1.5,53.0,23.2,New York
2023-03-03,7.4,-1.7,3.0,-5.1,2.8,2.8,61.0,30.4,New York
2023-03-04,7.0,3.1,2.5,-1.5,41.8,41.8,65.0,38.4,New York
2023-03-05,12.1,-0.5,6.5,-4.1,0.0,0.0,3.0,27.4,New York
2023-03-06,10.1,1.3,4.7,-3.1,0.0,0.0,3.0,23.1,New York
2023-03-07,7.3,1.0,1.2,-5.7,2.7,0.2,73.0,36.3,New York
2023-03-08,9.3,-2.2,2.9,-8.9,0.0,0.0,3.0,34.6,New York
2023-03-09,10.3,-0.6,5.2,-6.0,0.0,0.0,3.0,22.3,New York
2023-03-10,7.3,-1.4,3.8,-5.6,7.3,7.3,63.0,16.8,New York
2023-03-11,6.9,1.6,2.1,-3.6,13.1,11.2,75.0,25.8,New York
2023-03-12,7.7,-1.2,4.5,-5.8,0.0,0.0,3.0,19.2,New York
2023-03-13,5.8,3.5,1.8,-0.2,16.7,16.7,61.0,20.5,New York
2023-03-14,3.3,1.0,-1.5,-6.8,12.2,8.0,73.0,44.3,New York
2023-03-15,6.9,0.7,-0.8,-7.3,0.0,0.0,3.0,38.7,New York
2023-03-16,13.3,-1.4,8.8,-6.2,0.0,0.0,3.0,19.9,New York
2023-03-17,14.2,2.4,10.5,-1.4,0.0,0.0,3.0,22.2,New York
2023-03-18,10.9,2.9,7.9,-1.2,0.7,0.7,51.0,26.1,New York
2023-03-19,3.6,-2.9,-2.3,-9.1,0.0,0.0,3.0,27.3,New York
2023-03-20,10.6,-3.4,5.3,-7.4,0.0,0.0,0.0,17.8,New York
2023-03-21,15.7,-1.1,10.7,-4.9,0.0,0.0,3.0,20.1,New York
2023-03-22,13.2,2.2,9.8,-1.5,0.0,0.0,3.0,23.1,New York
2023-03-23,14.8,5.1,12.9,2.4,2.8,2.8,61.0,24.5,New York
2023-03-24,12.9,5.5,10.6,1.1,0.2,0.2,51.0,19.1,New York
2023-03-25,7.4,2.8,4.1,-0.5,11.5,11.5,63.0,31.4,New York
2023-03-26,14.9,3.1,10.9,0.0,0.0,0.0,3.0,24.5,New York
2023-03-27,14.7,2.4,11.2,-1.1,2.6,2.6,61.0,23.7,New York
2023-03-28,11.1,3.0,7.6,-0.0,0.6,0.6,51.0,21.1,New York
2023-03-29,10.9,-0.2,8.4,-3.8,0.0,0.0,3.0,24.2,New York
2023-03-30,7.4,-1.6,2.5,-8.0,0.1,0.1,51.0,28.5,New York
2023-03-31,9.9,-0.9,7.3,-4.8,0.0,0.0,3.0,29.4,New York
2023-04-01,19.6,9.5,17.3,7.7,10.1,10.1,63.0,26.7,New York
2023-04-02,10.5,3.1,5.3,-2.8,0.0,0.0,3.0,35.3,New York
2023-04-03,13.3,-0.3,8.8,-4.3,0.0,0.0,3.0,30.9,New York
2023-04-04,18.6,5.8,18.6,3.8,0.0,0.0,3.0,16.8,New York
2023-04-05,13.5,9.2,12.3,6.3,0.4,0.4,51.0,20.5,New York
2023-04-06,26.4,10.5,25.4,9.8,3.3,3.3,61.0,18.7,New York
2023-04-07,13.8,6.7,11.8,0.7,0.0,0.0,3.0,21.9,New York
2023-04-08,10.3,1.6,8.5,-2.3,0.0,0.0,3.0,19.9,New York
2023-04-09,11.6,1.1,9.9,-2.3,0.0,0.0,3.0,24.2,New York
2023-04-10,17.7,2.1,15.9,-0.9,0.0,0.0,0.0,18.8,New York
2023-04-11,22.9,6.3,18.3,2.3,0.0,0.0,3.0,26.0,New York
2023-04-12,27.4,15.4,24.3,10.4,0.0,0.0,3.0,24.1,New York
2023-04-13,31.0,11.8,29.2,9.8,0.0,0.0,0.0,20.6,New York
2023-04-14,29.5,13.7,29.3,11.1,0.0,0.0,3.0,19.2,New York
2023-04-15,20.8,14.4,21.5,14.8,5.0,5.0,63.0,19.5,New York
2023-04-16,20.8,12.2,21.7,10.8,0.0,0.0,3.0,17.7,New York
2023-04-17,19.9,11.5,18.2,8.1,3.1,3.1,63.0,24.5,New York
2023-04-18,14.3,7.0,8.4,1.9,0.1,0.1,51.0,36.5,New York
2023-04-19,17.4,4.2,13.3,0.9,0.0,0.0,3.0,24.5,New York
2023-04-20,15.8,5.7,15.0,2.6,0.0,0.0,3.0,16.2,New York
2023-04-21,18.9,8.0,17.2,6.3,0.0,0.0,3.0,23.9,New York
2023-04-22,19.6,9.8,19.1,7.8,15.7,15.7,63.0,30.5,New York
2023-04-23,19.1,11.1,16.8,7.1,18.4,18.4,63.0,20.6,New York
2023-04-24,16.1,6.2,13.2,3.0,0.0,0.0,3.0,19.1,New York
2023-04-25,15.1,5.4,11.5,2.4,0.3,0.3,51.0,13.2,New York
2023-04-26,13.8,6.0,11.7,3.6,0.9,0.9,53.0,22.1,New York
2023-04-27,13.4,7.2,11.1,5.2,0.7,0.7,51.0,16.8,New York
2023-04-28,12.9,6.7,8.9,4.4,6.1,6.1,61.0,23.3,New York
2023-04-29,12.1,8.6,10.3,4.5,59.5,59.5,63.0,30.7,New York
2023-04-30,14.8,10.4,13.9,7.4,22.2,22.2,63.0,27.5,New York
2023-05-01,15.6,7.4,13.8,2.4,1.8,1.8,53.0,38.6,New York
2023-05-02,13.3,8.3,8.5,5.0,0.8,0.8,51.0,26.9,New York
2023-05-03,12.4,5.6,9.3,2.8,0.7,0.7,51.0,14.8,New York
2023-05-04,14.3,6.2,11.9,3.1,1.7,1.7,53.0,16.3,New York
2023-05-05,17.0,6.8,16.1,4.8,3.5,3.5,63.0,11.9,New York
2023-05-06,20.9,6.5,18.7,4.4,0.0,0.0,3.0,19.0,New York
2023-05-07,23.7,9.2,23.2,6.6,0.0,0.0,3.0,22.1,New York
2023-05-08,23.6,12.7,21.7,11.7,0.0,0.0,3.0,21.2,New York
2023-05-09,19.2,9.6,19.0,7.2,0.0,0.0,3.0,21.7,New York
2023-05-10,21.1,7.0,20.2,4.9,0.0,0.0,1.0,19.8,New York
2023-05-11,25.3,9.4,25.7,7.7,0.0,0.0,3.0,21.7,New York
2023-05-12,29.4,12.9,28.6,11.5,0.0,0.0,3.0,15.3,New York
2023-05-13,27.3,17.5,26.5,13.9,0.0,0.0,3.0,19.7,New York
2023-05-14,22.8,12.5,20.7,8.9,0.0,0.0,3.0,22.0,New York
2023-05-15,25.2,9.6,22.7,6.7,0.0,0.0,3.0,18.7,New York
2023-05-16,27.6,12.7,23.1,9.8,0.0,0.0,3.0,24.9,New York
2023-05-17,18.6,10.5,16.4,5.9,0.0,0.0,3.0,26.4,New York
2023-05-18,14.1,6.7,12.2,3.3,0.0,0.0,0.0,22.1,New York
2023-05-19,19.4,10.4,17.3,8.9,0.0,0.0,3.0,33.0,New York
2023-05-20,17.5,13.5,19.5,11.8,26.9,26.9,63.0,15.9,New York
2023-05-21,21.7,12.9,19.3,10.1,0.6,0.6,53.0,23.0,New York
2023-05-22,22.9,12.2,23.3,11.0,0.2,0.2,51.0,20.6,New York
2023-05-23,19.3,11.0,20.0,10.2,0.0,0.0,3.0,21.5,New York
2023-05-24,21.8,9.8,21.7,8.2,0.7,0.7,53.0,25.0,New York
2023-05-25,19.1,10.0,16.6,5.4,0.0,0.0,3.0,25.9,New York
2023-05-26,22.1,9.9,19.8,8.2,0.0,0.0,1.0,15.3,New York
2023-05-27,24.2,9.8,24.6,7.5,0.0,0.0,3.0,20.1,New York
2023-05-28,23.5,11.5,23.0,10.1,0.0,0.0,3.0,19.9,New York
2023-05-29,24.6,13.7,25.3,12.6,0.0,0.0,3.0,28.5,New York
2023-05-30,20.2,11.6,21.4,9.7,0.0,0.0,0.0,18.6,New York
2023-05-31,22.5,10.6,23.6,9.7,0.0,0.0,1.0,15.3,New York
2023-06-01,27.3,12.2,29.0,12.3,0.0,0.0,3.0,17.4,New York
2023-06-02,30.6,15.0,33.3,14.3,0.0,0.0,3.0,17.1,New York
2023-06-03,20.0,14.0,20.2,10.8,3.5,3.5,61.0,22.3,New York
2023-06-04,21.3,10.3,16.9,8.3,0.1,0.1,51.0,25.0,New York
2023-06-05,23.9,11.4,21.6,9.9,0.0,0.0,3.0,21.5,New York
2023-06-06,25.7,14.5,24.6,12.2,0.2,0.2,51.0,33.9,New York
2023-06-07,25.0,13.1,22.3,10.7,0.0,0.0,2.0,21.3,New York
2023-06-08,22.3,10.6,19.9,8.8,0.0,0.0,2.0,19.2,New York
2023-06-09,22.7,11.6,21.8,10.6,0.9,0.9,53.0,20.0,New York
2023-06-10,26.2,12.2,24.7,11.2,0.2,0.2,51.0,18.1,New York
2023-06-11,27.0,16.3,28.1,15.7,0.0,0.0,3.0,18.6,New York
2023-06-12,23.9,19.1,24.2,19.0,8.5,8.5,63.0,27.0,New York
2023-06-13,26.3,16.0,25.4,15.3,0.0,0.0,3.0,21.6,New York
2023-06-14,24.6,14.7,24.7,14.0,9.5,9.5,63.0,24.1,New York
2023-06-15,26.1,14.9,24.1,13.1,0.0,0.0,3.0,20.4,New York
2023-06-16,25.7,15.0,25.2,15.3,10.8,10.8,63.0,18.8,New York
2023-06-17,25.3,14.7,22.6,13.9,0.1,0.1,51.0,31.6,New York
2023-06-18,26.4,15.6,24.7,13.7,0.0,0.0,3.0,19.2,New York
2023-06-19,25.1,16.2,27.7,16.0,1.4,1.4,53.0,20.0,New York
2023-06-20,23.4,16.3,23.4,16.5,0.0,0.0,3.0,21.3,New York
2023-06-21,22.8,15.4,20.4,14.0,0.3,0.3,51.0,23.4,New York
2023-06-22,20.9,15.3,21.7,12.9,0.3,0.3,51.0,25.0,New York
2023-06-23,22.8,16.9,23.4,18.0,12.4,12.4,63.0,21.8,New York
2023-06-24,25.6,19.1,28.4,20.5,21.2,21.2,63.0,16.9,New York
2023-06-25,28.4,18.5,32.8,20.4,1.9,1.9,53.0,17.9,New York
2023-06-26,25.4,19.0,28.7,20.8,4.6,4.6,61.0,20.3,New York
2023-06-27,26.2,19.3,29.0,20.9,18.7,18.7,65.0,18.8,New York
2023-06-28,28.5,18.8,30.9,21.0,2.1,2.1,53.0,13.8,New York
2023-06-29,28.5,16.1,28.6,16.7,0.0,0.0,3.0,14.3,New York
2023-06-30,29.1,17.0,31.0,18.5,0.0,0.0,3.0,21.1,New York
2023-07-01,26.8,17.6,27.5,18.7,0.0,0.0,3.0,24.7,New York
2023-07-02,31.1,20.2,34.5,21.4,16.1,16.1,63.0,20.6,New York
2023-07-03,31.0,22.2,35.0,25.2,17.8,17.8,65.0,16.8,New York
2023-07-04,29.3,21.2,34.4,24.6,5.4,5.4,61.0,13.2,New York
2023-07-05,32.2,20.9,37.4,24.6,0.0,0.0,3.0,15.2,New York
2023-07-06,31.2,21.4,34.6,24.5,0.0,0.0,0.0,20.0,New York
2023-07-07,29.6,21.7,34.5,25.5,0.6,0.6,51.0,18.4,New York
2023-07-08,29.5,22.4,34.8,25.3,4.4,4.4,53.0,15.2,New York
2023-07-09,26.8,21.4,29.6,23.9,18.5,18.5,63.0,14.9,New York
2023-07-10,28.6,21.2,29.6,23.4,1.3,1.3,53.0,17.2,New York
2023-07-11,31.6,17.0,34.2,17.3,0.0,0.0,0.0,10.6,New York
2023-07-12,32.9,19.5,35.2,21.1,0.0,0.0,3.0,16.3,New York
2023-07-13,31.8,21.2,32.9,23.1,0.2,0.2,51.0,24.4,New York
2023-07-14,28.1,21.2,32.7,24.6,36.6,36.6,65.0,20.7,New York
2023-07-15,29.4,20.3,36.0,23.4,8.0,8.0,63.0,16.8,New York
2023-07-16,25.9,21.7,30.3,24.3,41.4,41.4,65.0,18.2,New York
2023-07-17,31.7,19.9,35.1,22.6,0.1,0.1,51.0,17.6,New York
2023-07-18,29.5,21.3,33.6,24.4,8.3,8.3,63.0,17.1,New York
2023-07-19,27.4,18.7,31.1,20.2,3.8,3.8,55.0,10.9,New York
2023-07-20,28.4,19.9,32.1,22.7,0.5,0.5,51.0,14.9,New York
2023-07-21,29.4,21.7,32.3,24.1,3.5,3.5,53.0,15.6,New York
2023-07-22,28.3,18.4,29.7,18.6,0.0,0.0,3.0,15.1,New York
2023-07-23,30.0,17.2,31.8,18.0,0.5,0.5,51.0,19.3,New York
2023-07-24,28.6,18.5,30.9,19.1,1.9,1.9,61.0,23.1,New York
2023-07-25,28.6,19.1,32.9,21.5,9.0,9.0,63.0,15.1,New York
2023-07-26,30.0,17.0,33.4,18.0,0.4,0.4,51.0,20.9,New York
2023-07-27,33.8,22.2,36.0,24.4,0.7,0.7,51.0,27.5,New York
2023-07-28,34.1,21.3,37.1,24.7,0.0,0.0,3.0,17.3,New York
2023-07-29,33.8,23.2,35.6,22.2,4.3,4.3,61.0,32.8,New York
2023-07-30,26.2,17.6,25.1,16.6,0.0,0.0,3.0,19.6,New York
2023-07-31,29.4,15.4,30.0,15.2,0.0,0.0,2.0,14.9,New York
2023-08-01,26.9,16.9,25.1,16.3,0.0,0.0,1.0,18.9,New York
2023-08-02,27.6,14.4,26.6,13.8,0.0,0.0,3.0,16.9,New York
2023-08-03,26.2,15.5,25.8,15.4,0.9,0.9,51.0,30.0,New York
2023-08-04,27.4,18.3,27.3,19.6,0.9,0.9,51.0,21.3,New York
2023-08-05,30.6,18.2,31.8,20.4,0.2,0.2,51.0,12.9,New York
2023-08-06,29.8,18.0,30.9,18.4,0.0,0.0,3.0,21.8,New York
2023-08-07,27.6,21.9,29.2,24.0,37.9,37.9,65.0,31.2,New York
2023-08-08,27.0,21.5,28.2,20.9,15.2,15.2,65.0,30.6,New York
2023-08-09,29.4,19.6,28.7,18.5,0.1,0.1,51.0,22.4,New York
2023-08-10,25.4,18.7,28.2,20.3,11.9,11.9,63.0,14.9,New York
2023-08-11,29.1,18.0,29.3,19.2,0.1,0.1,51.0,20.2,New York
2023-08-12,28.0,17.0,31.1,18.4,8.6,8.6,63.0,16.6,New York
2023-08-13,30.6,21.4,32.3,24.6,2.9,2.9,53.0,20.8,New York
2023-08-14,30.8,18.6,32.4,20.4,1.3,1.3,55.0,20.5,New York
2023-08-15,26.9,21.1,29.8,23.4,20.3,20.3,65.0,17.5,New York
2023-08-16,26.5,20.7,30.5,22.5,4.0,4.0,55.0,14.4,New York
2023-08-17,25.6,20.2,28.5,23.2,5.9,5.9,61.0,20.3,New York
2023-08-18,26.8,19.5,27.4,18.2,3.1,3.1,61.0,25.3,New York
2023-08-19,26.3,15.3,24.6,14.6,0.0,0.0,3.0,21.0,New York
2023-08-20,29.8,15.1,30.1,15.5,0.0,0.0,3.0,14.4,New York
2023-08-21,31.0,18.3,34.2,19.5,0.1,0.1,51.0,15.1,New York
2023-08-22,26.0,17.8,25.7,15.7,0.0,0.0,3.0,22.7,New York
2023-08-23,25.4,15.9,26.4,15.5,0.0,0.0,3.0,18.1,New York
2023-08-24,24.3,19.4,23.2,20.2,2.2,2.2,53.0,26.4,New York
2023-08-25,27.9,20.4,30.8,21.0,11.1,11.1,63.0,19.7,New York
2023-08-26,30.1,19.8,33.0,22.7,0.4,0.4,51.0,14.8,New York
2023-08-27,28.2,18.3,30.1,19.0,0.5,0.5,51.0,13.3,New York
2023-08-28,24.9,18.8,25.8,21.3,1.1,1.1,51.0,18.4,New York
2023-08-29,27.5,17.6,30.0,19.4,1.6,1.6,53.0,13.5,New York
2023-08-30,29.5,20.9,30.0,19.4,0.7,0.7,53.0,20.7,New York
2023-08-31,25.0,17.0,23.0,15.0,0.0,0.0,3.0,22.5,New York
2023-09-01,24.3,13.6,23.7,11.8,0.0,0.0,0.0,13.7,New York
2023-09-02,26.8,12.8,27.1,12.1,0.0,0.0,3.0,24.2,New York
2023-09-03,32.2,17.9,33.6,18.4,0.3,0.3,51.0,16.8,New York
2023-09-04,33.7,19.7,35.9,22.2,1.2,1.2,55.0,18.1,New York
2023-09-05,35.2,22.0,37.9,24.6,0.0,0.0,3.0,14.1,New York
2023-09-06,35.8,22.8,38.1,26.3,0.0,0.0,3.0,9.4,New York
2023-09-07,35.1,21.4,38.3,24.4,3.8,3.8,63.0,18.5,New York
2023-09-08,31.6,20.3,36.7,23.7,14.3,14.3,63.0,16.1,New York
2023-09-09,29.1,20.6,33.3,23.0,8.5,8.5,63.0,12.6,New York
2023-09-10,24.4,19.5,27.3,22.7,16.5,16.5,63.0,10.7,New York
2023-09-11,27.5,19.8,31.3,22.5,4.4,4.4,61.0,10.5,New York
2023-09-12,28.8,19.0,30.3,20.9,0.2,0.2,51.0,11.9,New York
2023-09-13,26.5,19.6,29.0,22.3,17.1,17.1,63.0,11.9,New York
2023-09-14,24.9,16.9,24.1,14.9,0.0,0.0,3.0,16.9,New York
2023-09-15,21.3,13.5,18.9,10.4,0.0,0.0,3.0,23.3,New York
2023-09-16,24.3,15.1,21.3,12.2,0.0,0.0,3.0,22.0,New York
2023-09-17,24.1,11.7,24.6,10.0,0.5,0.5,51.0,14.8,New York
2023-09-18,21.4,16.5,21.6,15.8,13.9,13.9,63.0,17.3,New York
2023-09-19,23.3,13.3,21.1,12.1,0.0,0.0,0.0,21.5,New York
2023-09-20,23.4,11.6,21.7,10.5,0.0,0.0,3.0,14.3,New York
2023-09-21,22.7,11.4,22.8,9.9,0.0,0.0,3.0,13.0,New York
2023-09-22,22.3,12.9,20.4,12.4,0.0,0.0,3.0,22.6,New York
2023-09-23,16.0,13.5,13.5,10.0,42.3,42.3,65.0,31.4,New York
2023-09-24,19.7,15.9,17.6,13.0,17.3,17.3,63.0,31.9,New York
2023-09-25,17.2,14.2,16.9,11.9,17.5,17.5,63.0,30.8,New York
2023-09-26,16.9,13.3,14.5,11.3,8.5,8.5,61.0,24.6,New York
2023-09-27,17.6,9.2,15.0,5.9,0.0,0.0,3.0,19.4,New York
2023-09-28,18.6,10.6,17.3,8.3,0.1,0.1,51.0,17.5,New York
2023-09-29,17.0,13.1,15.3,10.9,69.9,69.9,65.0,25.5,New York
2023-09-30,21.6,12.9,20.8,11.2,1.0,1.0,53.0,20.4,New York
2023-10-01,24.9,14.0,24.2,12.8,0.0,0.0,0.0,18.7,New York
2023-10-02,25.3,15.7,25.6,15.3,0.0,0.0,3.0,16.0,New York
2023-10-03,27.3,13.0,29.2,13.3,0.0,0.0,3.0,8.6,New York
2023-10-04,27.7,14.7,31.5,15.5,0.0,0.0,3.0,12.6,New York
2023-10-05,23.9,12.9,24.4,12.6,0.0,0.0,3.0,17.4,New York
2023-10-06,22.3,17.4,23.8,18.4,2.6,2.6,53.0,15.0,New York
2023-10-07,20.5,11.7,22.7,8.2,60.4,60.4,65.0,29.1,New York
2023-10-08,16.8,9.3,12.5,5.6,0.0,0.0,3.0,24.5,New York
2023-10-09,15.5,7.2,11.3,3.7,0.1,0.1,51.0,23.9,New York
2023-10-10,17.9,7.7,14.4,6.0,0.0,0.0,3.0,19.7,New York
2023-10-11,20.6,8.0,17.8,6.3,0.0,0.0,3.0,14.2,New York
2023-10-12,20.9,7.1,19.6,5.2,0.0,0.0,3.0,11.0,New York
2023-10-13,17.5,8.6,14.6,6.4,0.0,0.0,3.0,14.0,New York
2023-10-14,11.8,9.3,10.3,7.1,15.1,15.1,63.0,16.7,New York
2023-10-15,16.5,9.4,12.1,5.7,1.2,1.2,53.0,24.8,New York
2023-10-16,17.6,6.9,14.8,4.4,0.2,0.2,51.0,19.9,New York
2023-10-17,16.7,8.1,14.8,6.0,0.6,0.6,51.0,12.1,New York
2023-10-18,17.1,6.7,16.3,5.2,0.3,0.3,51.0,8.9,New York
2023-10-19,17.9,7.1,15.9,5.1,0.0,0.0,3.0,19.6,New York
2023-10-20,17.2,12.7,16.6,11.6,27.2,27.2,65.0,25.7,New York
2023-10-21,17.6,12.7,15.3,8.6,5.9,5.9,61.0,25.6,New York
2023-10-22,13.8,9.0,8.8,4.1,0.0,0.0,3.0,27.5,New York
2023-10-23,16.0,7.3,13.3,3.1,0.0,0.0,3.0,22.2,New York
2023-10-24,17.6,4.2,15.4,1.7,0.0,0.0,3.0,11.9,New York
2023-10-25,21.9,7.6,20.5,5.3,0.0,0.0,3.0,14.7,New York
2023-10-26,25.8,9.2,25.4,7.3,0.0,0.0,3.0,14.4,New York
2023-10-27,24.5,12.3,24.3,10.7,0.0,0.0,3.0,14.8,New York
2023-10-28,26.9,16.2,26.5,15.2,0.0,0.0,3.0,18.7,New York
2023-10-29,16.1,10.5,13.6,8.6,6.9,6.9,63.0,19.2,New York
2023-10-30,19.0,10.2,18.4,6.5,2.0,2.0,53.0,25.0,New York
2023-10-31,10.5,6.6,7.9,3.3,0.2,0.2,51.0,18.1,New York
2023-11-01,9.6,3.3,5.2,-1.0,3.5,3.5,53.0,23.3,New York
2023-11-02,9.6,-0.4,5.5,-3.8,0.0,0.0,3.0,12.2,New York
2023-11-03,13.0,0.2,8.5,-3.5,0.0,0.0,1.0,17.7,New York
2023-11-04,14.9,3.5,12.3,0.5,0.0,0.0,3.0,11.0,New York
2023-11-05,16.9,4.4,14.7,1.7,0.0,0.0,3.0,14.8,New York
2023-11-06,12.0,3.8,9.9,0.4,0.1,0.1,51.0,12.6,New York
2023-11-07,20.2,10.5,17.9,8.2,5.7,5.7,63.0,20.3,New York
2023-11-08,10.7,4.4,7.5,0.2,0.0,0.0,3.0,19.3,New York
2023-11-09,15.2,2.6,14.2,-0.8,0.4,0.4,51.0,12.0,New York
2023-11-10,10.6,5.5,7.6,1.9,0.3,0.3,51.0,16.3,New York
2023-11-11,12.1,3.9,7.5,0.2,0.0,0.0,3.0,18.1,New York
2023-11-12,7.0,-0.3,3.5,-4.7,0.0,0.0,3.0,13.3,New York
2023-11-13,8.8,-2.2,4.8,-5.7,0.0,0.0,3.0,13.6,New York
2023-11-14,11.1,1.7,5.5,-1.9,0.0,0.0,3.0,27.9,New York
2023-11-15,10.7,-1.2,7.0,-4.8,0.0,0.0,3.0,14.7,New York
2023-11-16,17.7,1.8,14.9,-1.4,0.0,0.0,3.0,10.5,New York
2023-11-17,19.4,4.2,16.7,1.2,0.0,0.0,3.0,18.5,New York
2023-11-18,13.1,3.3,12.3,-0.8,1.2,1.2,51.0,25.9,New York
2023-11-19,12.3,1.0,7.3,-2.7,0.0,0.0,1.0,20.9,New York
2023-11-20,7.0,-1.0,2.9,-4.7,0.0,0.0,3.0,18.7,New York
2023-11-21,8.3,-1.4,3.2,-6.1,7.9,7.9,61.0,29.8,New York
2023-11-22,14.3,8.1,11.4,3.7,24.7,24.7,63.0,38.3,New York
2023-11-23,11.1,5.0,7.0,0.8,0.0,0.0,3.0,20.9,New York
2023-11-24,9.7,-0.0,4.9,-6.1,0.0,0.0,3.0,22.7,New York
2023-11-25,4.1,-3.2,0.8,-7.4,0.0,0.0,3.0,15.8,New York
2023-11-26,10.4,-2.7,6.2,-6.9,5.5,5.5,63.0,34.3,New York
2023-11-27,12.7,2.7,9.6,-2.8,4.4,4.4,63.0,37.6,New York
2023-11-28,3.8,-1.9,-3.1,-7.9,0.1,0.0,71.0,28.9,New York
2023-11-29,2.5,-4.5,-3.1,-9.1,0.0,0.0,3.0,21.0,New York
2023-11-30,9.5,-2.7,4.8,-7.2,0.0,0.0,3.0,17.6,New York
2023-12-01,7.7,-0.3,5.3,-4.1,5.3,5.3,61.0,14.3,New York
2023-12-02,16.1,4.3,15.1,1.5,0.1,0.1,51.0,16.3,New York
2023-12-03,10.0,5.6,8.0,4.0,16.2,16.2,63.0,19.1,New York
2023-12-04,10.8,4.7,6.2,0.2,0.0,0.0,3.0,21.0,New York
2023-12-05,6.5,1.4,2.7,-3.1,0.0,0.0,3.0,14.7,New York
2023-12-06,4.9,-2.3,0.2,-6.0,0.1,0.1,51.0,22.3,New York
2023-12-07,3.4,-3.4,-0.7,-7.8,0.0,0.0,3.0,17.5,New York
2023-12-08,9.0,-2.1,5.4,-6.1,0.0,0.0,3.0,11.0,New York
2023-12-09,13.4,1.0,11.9,-1.8,0.0,0.0,3.0,12.0,New York
2023-12-10,16.9,4.9,16.3,2.1,28.1,28.1,63.0,29.2,New York
2023-12-11,14.0,2.6,13.5,-2.2,26.9,26.9,65.0,35.1,New York
2023-12-12,6.1,-2.4,1.0,-6.5,0.0,0.0,1.0,18.1,New York
2023-12-13,7.4,-0.1,2.3,-4.2,0.0,0.0,0.0,18.2,New York
2023-12-14,4.5,-3.3,-0.2,-7.3,0.0,0.0,3.0,13.1,New York
2023-12-15,12.4,-0.7,8.4,-5.2,0.0,0.0,3.0,16.6,New York
2023-12-16,11.4,2.8,8.1,-0.8,0.0,0.0,3.0,12.6,New York
2023-12-17,13.0,5.1,10.6,2.4,16.8,16.8,63.0,23.0,New York
2023-12-18,15.5,5.7,14.1,0.9,78.9,78.9,65.0,53.5,New York
2023-12-19,6.0,-1.0,0.0,-6.5,0.0,0.0,3.0,24.0,New York
2023-12-20,7.5,-3.8,3.6,-7.9,0.0,0.0,1.0,16.4,New York
2023-12-21,4.3,-2.8,-1.7,-8.4,0.0,0.0,1.0,20.9,New York
2023-12-22,2.6,-5.7,-0.8,-10.5,0.0,0.0,3.0,13.1,New York
2023-12-23,5.9,-3.5,2.6,-7.1,0.5,0.5,51.0,9.7,New York
2023-12-24,8.6,1.0,6.9,-1.7,0.0,0.0,3.0,7.6,New York
2023-12-25,11.5,1.2,9.8,-1.6,0.0,0.0,3.0,8.6,New York
2023-12-26,7.6,2.9,5.6,0.2,0.0,0.0,3.0,7.3,New York
2023-12-27,8.9,5.2,7.0,2.8,5.2,5.2,61.0,16.1,New York
2023-12-28,11.6,8.4,10.1,5.1,40.1,40.1,65.0,23.8,New York
2023-12-29,13.3,7.1,10.1,4.1,0.4,0.4,51.0,18.1,New York
2023-12-30,7.9,1.2,4.5,-3.4,0.1,0.1,51.0,26.6,New York
2023-12-31,6.4,-2.1,1.7,-5.9,0.0,0.0,3.0,15.9,New York
2024-01-01,7.5,0.1,4.2,-4.1,0.0,0.0,3.0,14.3,New York
2024-01-02,5.6,-4.7,1.1,-8.6,0.0,0.0,0.0,13.7,New York
2024-01-03,7.6,-2.4,3.2,-6.3,0.0,0.0,3.0,14.4,New York
2024-01-04,6.7,-2.2,0.8,-8.7,0.0,0.0,3.0,26.9,New York
2024-01-05,3.0,-5.5,-1.8,-10.4,0.0,0.0,3.0,20.5,New York
2024-01-06,2.6,-5.3,-2.1,-9.5,11.0,3.4,75.0,29.1,New York
2024-01-07,2.4,-0.3,-1.1,-4.8,7.3,5.9,73.0,27.0,New York
2024-01-08,6.2,-3.3,1.8,-7.3,0.0,0.0,1.0,20.1,New York
2024-01-09,12.5,-4.7,5.1,-8.0,31.5,31.5,63.0,57.3,New York
2024-01-10,13.7,5.1,10.3,-0.1,28.2,28.2,65.0,48.6,New York
2024-01-11,8.0,-0.1,3.2,-4.4,0.0,0.0,3.0,22.9,New York
2024-01-12,8.0,-2.1,4.7,-6.1,0.8,0.8,53.0,22.1,New York
2024-01-13,14.5,1.7,12.6,-5.2,22.9,22.9,63.0,34.2,New York
2024-01-14,6.2,-3.9,-0.9,-9.8,0.5,0.1,71.0,36.4,New York
2024-01-15,-0.9,-6.0,-5.8,-10.6,0.8,0.0,73.0,11.4,New York
2024-01-16,-1.0,-5.8,-5.9,-12.2,9.5,4.2,73.0,23.2,New York
2024-01-17,-4.3,-9.1,-11.3,-14.9,0.0,0.0,0.0,23.8,New York
2024-01-18,0.3,-6.9,-4.7,-12.4,0.3,0.0,71.0,17.1,New York
2024-01-19,-1.0,-4.7,-6.0,-9.0,2.7,0.0,73.0,16.5,New York
2024-01-20,-3.5,-8.3,-9.7,-14.5,0.0,0.0,3.0,26.2,New York
2024-01-21,-1.3,-7.6,-8.1,-14.3,0.0,0.0,3.0,23.6,New York
2024-01-22,3.5,-7.1,-2.3,-11.5,0.0,0.0,3.0,17.6,New York
2024-01-23,4.4,-1.8,1.0,-7.6,1.7,1.7,53.0,18.8,New York
2024-01-24,5.4,-0.0,3.5,-3.1,3.2,3.2,51.0,10.5,New York
2024-01-25,11.2,5.0,10.2,2.5,5.6,5.6,55.0,21.2,New York
2024-01-26,8.2,3.1,6.8,1.0,4.6,4.6,53.0,15.7,New York
2024-01-27,8.4,2.6,5.9,-0.6,0.0,0.0,3.0,13.0,New York
2024-01-28,4.1,2.3,1.6,-3.2,21.3,21.3,63.0,28.8,New York
2024-01-29,5.7,0.4,-0.8,-3.5,0.7,0.7,51.0,27.6,New York
2024-01-30,4.2,-4.1,0.3,-8.2,0.0,0.0,3.0,12.1,New York
2024-01-31,4.3,-1.3,1.0,-4.9,0.2,0.2,51.0,11.2,New York
2024-02-01,8.9,-3.5,5.1,-7.3,0.6,0.6,51.0,19.8,New York
2024-02-02,5.9,1.8,2.2,-3.6,6.3,6.3,55.0,22.6,New York
2024-02-03,5.9,-3.3,0.5,-8.5,0.0,0.0,2.0,24.2,New York
2024-02-04,7.4,-3.9,3.6,-9.0,0.0,0.0,1.0,14.8,New York
2024-02-05,6.9,-3.4,1.7,-8.5,0.0,0.0,0.0,28.2,New York
2024-02-06,5.5,-5.0,0.9,-10.5,0.0,0.0,0.0,19.1,New York
2024-02-07,8.0,-3.8,4.4,-8.4,0.0,0.0,2.0,12.7,New York
2024-02-08,9.9,-3.9,6.7,-7.6,0.0,0.0,3.0,10.5,New York
2024-02-09,11.2,0.8,7.9,-2.3,0.0,0.0,3.0,14.9,New York
2024-02-10,15.7,1.7,12.9,-1.9,0.1,0.1,51.0,16.6,New York
2024-02-11,8.9,3.5,5.5,-0.2,0.0,0.0,3.0,15.6,New York
2024-02-12,9.0,-1.9,6.2,-5.2,0.1,0.1,51.0,11.3,New York
2024-02-13,3.3,-1.4,-0.7,-5.9,27.7,0.4,75.0,25.6,New York
2024-02-14,0.2,-4.4,-6.0,-10.4,0.0,0.0,2.0,25.7,New York
2024-02-15,2.7,-5.5,-1.6,-10.2,0.2,0.0,71.0,22.3,New York
2024-02-16,4.9,-2.1,-1.1,-8.7,0.0,0.0,3.0,31.2,New York
2024-02-17,2.1,-4.7,-3.2,-9.7,5.9,0.1,75.0,21.7,New York
2024-02-18,4.8,-6.4,-1.6,-11.6,0.0,0.0,0.0,29.4,New York
2024-02-19,4.0,-4.2,-1.3,-8.5,0.0,0.0,0.0,20.8,New York
2024-02-20,2.2,-6.6,-1.1,-11.6,0.0,0.0,1.0,13.1,New York
2024-02-21,4.4,-5.7,-0.2,-9.5,0.0,0.0,3.0,15.0,New York
2024-02-22,6.7,-5.2,2.2,-8.7,0.3,0.3,51.0,19.8,New York
2024-02-23,8.1,1.2,5.3,-1.8,3.1,3.1,53.0,12.8,New York
2024-02-24,5.4,-3.0,-0.6,-8.6,0.0,0.0,3.0,21.4,New York
2024-02-25,3.9,-7.5,-0.9,-11.7,0.0,0.0,2.0,16.2,New York
2024-02-26,11.3,-2.3,7.9,-6.8,2.9,0.5,75.0,13.5,New York
2024-02-27,13.8,-0.2,11.0,-3.6,3.8,3.8,61.0,26.1,New York
2024-02-28,17.0,10.0,14.9,4.1,15.7,15.7,63.0,34.2,New York
2024-02-29,6.6,-2.9,0.4,-9.0,0.1,0.1,51.0,30.7,New York
2024-03-01,5.8,-4.5,1.8,-9.0,0.0,0.0,3.0,20.3,New York
2024-03-02,10.0,1.7,8.1,-1.6,28.1,28.1,63.0,26.5,New York
2024-03-03,18.6,5.8,16.5,3.3,0.0,0.0,3.0,15.8,New York
2024-03-04,14.2,3.6,12.2,1.0,0.0,0.0,3.0,21.8,New York
2024-03-05,8.3,3.8,6.9,1.0,20.3,20.3,63.0,20.1,New York
2024-03-06,9.7,3.5,8.3,1.1,33.2,33.2,65.0,20.6,New York
2024-03-07,12.5,5.7,7.8,0.5,3.5,3.5,53.0,28.0,New York
2024-03-08,12.3,0.7,9.6,-3.4,0.0,0.0,3.0,21.6,New York
2024-03-09,7.8,3.6,4.1,-0.5,28.7,28.7,65.0,33.5,New York
2024-03-10,10.7,2.1,8.5,-4.7,20.9,20.9,65.0,30.6,New York
2024-03-11,10.0,0.9,1.8,-6.4,0.0,0.0,3.0,45.9,New York
2024-03-12,17.4,2.4,12.9,-2.5,0.0,0.0,3.0,21.5,New York
2024-03-13,15.3,2.3,12.4,-0.4,0.0,0.0,3.0,15.0,New York
2024-03-14,21.1,3.9,20.6,0.8,0.0,0.0,3.0,15.8,New York
2024-03-15,21.5,8.1,19.1,5.9,0.8,0.8,53.0,24.1,New York
2024-03-16,14.2,4.7,10.2,1.7,0.1,0.1,51.0,20.7,New York
2024-03-17,15.7,7.1,10.3,3.3,0.4,0.4,51.0,28.8,New York
2024-03-18,9.1,2.3,3.7,-2.8,0.0,0.0,3.0,20.6,New York
2024-03-19,7.4,0.1,1.0,-4.9,0.5,0.3,71.0,27.8,New York
2024-03-20,11.8,1.0,8.9,-5.1,2.8,2.8,55.0,30.7,New York
2024-03-21,5.4,-3.8,-1.3,-9.5,0.0,0.0,3.0,30.3,New York
2024-03-22,5.5,-5.3,2.3,-9.8,0.0,0.0,3.0,18.9,New York
2024-03-23,9.9,1.0,8.4,-6.5,63.6,63.6,65.0,33.3,New York
2024-03-24,8.5,-2.5,3.6,-8.1,0.0,0.0,0.0,33.5,New York
2024-03-25,10.1,-1.6,6.0,-6.8,0.0,0.0,0.0,22.1,New York
2024-03-26,9.8,-0.0,6.5,-5.2,0.0,0.0,3.0,18.8,New York
2024-03-27,10.8,4.7,8.9,2.0,0.6,0.6,53.0,11.2,New York
2024-03-28,10.6,6.3,8.1,2.5,21.5,21.5,63.0,18.5,New York
2024-03-29,12.5,3.8,6.6,-2.6,0.4,0.4,51.0,34.5,New York
2024-03-30,14.5,2.3,9.3,-2.8,0.1,0.1,51.0,24.3,New York
2024-03-31,16.1,4.4,12.3,0.6,0.2,0.2,51.0,20.3,New York
2024-04-01,12.5,5.4,11.3,2.3,3.3,3.3,53.0,13.2,New York
2024-04-02,8.8,6.1,7.2,2.1,19.0,19.0,63.0,20.7,New York
2024-04-03,6.8,4.3,2.0,-3.0,25.6,25.6,63.0,39.8,New York
2024-04-04,9.1,2.9,4.7,-2.7,9.1,9.1,63.0,38.8,New York
2024-04-05,9.4,1.5,3.0,-2.5,0.0,0.0,3.0,28.5,New York
2024-04-06,11.4,3.0,5.0,-1.5,0.2,0.2,51.0,27.9,New York
2024-04-07,14.2,1.4,8.6,-2.4,0.1,0.1,51.0,24.1,New York
2024-04-08,17.9,0.7,15.9,-2.8,1.0,1.0,53.0,14.2,New York
2024-04-09,23.9,4.8,23.5,2.3,0.0,0.0,3.0,18.2,New York
2024-04-10,15.8,8.1,14.6,5.9,0.6,0.6,53.0,16.6,New York
2024-04-11,17.0,9.2,15.4,7.2,6.5,6.5,61.0,29.4,New York
2024-04-12,19.5,12.5,17.8,7.9,14.9,14.9,63.0,39.0,New York
2024-04-13,12.0,7.6,7.6,1.9,2.0,2.0,53.0,35.3,New York
2024-04-14,22.1,5.8,18.4,1.7,0.9,0.9,53.0,23.8,New York
2024-04-15,24.6,10.3,23.3,8.8,0.0,0.0,3.0,24.6,New York
2024-04-16,20.4,6.8,17.4,3.7,0.0,0.0,0.0,18.5,New York
2024-04-17,15.5,7.3,12.5,3.9,3.0,3.0,53.0,18.4,New York
2024-04-18,9.2,5.5,6.5,3.2,6.2,6.2,63.0,25.0,New York
2024-04-19,13.1,3.9,10.5,1.1,0.0,0.0,3.0,20.4,New York
2024-04-20,20.0,8.2,17.2,2.7,2.3,2.3,53.0,28.8,New York
2024-04-21,11.9,2.0,6.4,-1.5,0.0,0.0,3.0,23.0,New York
2024-04-22,14.9,2.0,12.0,-1.7,0.0,0.0,3.0,17.0,New York
2024-04-23,14.7,2.0,11.9,-1.5,0.0,0.0,3.0,27.8,New York
2024-04-24,21.3,8.5,19.1,4.9,1.6,1.6,61.0,32.0,New York
2024-04-25,12.2,3.1,10.1,-1.7,0.0,0.0,3.0,22.0,New York
2024-04-26,14.4,1.6,13.9,-1.6,0.0,0.0,2.0,19.2,New York
2024-04-27,14.4,2.9,10.9,-0.4,0.3,0.3,51.0,27.1,New York
2024-04-28,22.7,8.7,23.9,5.9,0.6,0.6,51.0,16.3,New York
2024-04-29,28.2,13.3,32.2,11.8,3.4,3.4,61.0,15.5,New York
2024-04-30,22.8,11.1,24.2,9.3,2.2,2.2,55.0,14.6,New York
2024-05-01,24.6,10.3,24.8,8.4,1.5,1.5,53.0,19.8,New York
2024-05-02,27.7,10.1,29.6,8.7,0.0,0.0,3.0,22.7,New York
2024-05-03,17.1,9.6,16.2,8.3,0.0,0.0,3.0,19.2,New York
2024-05-04,16.4,7.7,14.5,6.3,0.0,0.0,3.0,21.2,New York
2024-05-05,11.9,9.0,11.7,5.7,8.6,8.6,61.0,23.7,New York
2024-05-06,22.5,11.8,23.6,11.7,0.8,0.8,51.0,11.6,New York
2024-05-07,26.0,12.1,26.3,10.3,0.0,0.0,3.0,15.2,New York
2024-05-08,30.7,15.8,29.7,16.3,0.0,0.0,3.0,26.6,New York
2024-05-09,20.9,14.2,19.2,12.0,0.0,0.0,3.0,16.6,New York
2024-05-10,14.9,9.3,13.1,6.0,12.9,12.9,63.0,19.7,New York
2024-05-11,16.4,6.4,14.4,4.5,0.0,0.0,3.0,19.8,New York
2024-05-12,13.3,8.5,11.2,6.8,7.6,7.6,61.0,14.8,New York
2024-05-13,19.9,5.7,18.1,3.6,0.0,0.0,3.0,23.6,New York
2024-05-14,22.4,9.3,22.1,7.9,3.2,3.2,61.0,21.3,New York
2024-05-15,19.6,13.4,17.1,12.4,6.8,6.8,55.0,26.0,New York
2024-05-16,18.9,14.8,17.6,12.1,4.8,4.8,53.0,31.4,New York
2024-05-17,22.5,12.0,21.8,10.8,0.0,0.0,3.0,18.3,New York
2024-05-18,22.7,13.1,22.7,12.6,2.2,2.2,51.0,15.7,New York
2024-05-19,23.2,12.4,23.0,12.1,0.2,0.2,51.0,19.7,New York
2024-05-20,23.7,10.6,26.2,9.9,0.0,0.0,3.0,19.0,New York
2024-05-21,27.0,12.2,30.4,11.8,0.0,0.0,3.0,17.0,New York
2024-05-22,28.4,15.6,30.8,15.7,0.0,0.0,3.0,22.8,New York
2024-05-23,27.0,18.8,28.3,20.4,3.0,3.0,61.0,16.1,New York
2024-05-24,29.2,15.7,28.2,16.0,0.0,0.0,3.0,15.5,New York
2024-05-25,25.9,13.8,27.3,12.9,0.0,0.0,3.0,17.5,New York
2024-05-26,25.9,15.6,28.7,16.6,0.2,0.2,51.0,16.0,New York
2024-05-27,22.4,17.0,22.3,17.2,34.6,34.6,65.0,26.5,New York
2024-05-28,27.0,17.7,26.3,17.1,0.0,0.0,3.0,26.7,New York
2024-05-29,25.0,13.9,26.1,13.6,12.4,12.4,63.0,17.6,New York
2024-05-30,21.6,13.8,20.2,12.9,2.2,2.2,61.0,21.7,New York
2024-05-31,24.9,13.1,22.5,10.4,0.0,0.0,3.0,20.4,New York
2024-06-01,28.0,13.0,27.8,10.6,0.0,0.0,3.0,16.0,New York
2024-06-02,27.2,14.1,27.2,12.1,0.0,0.0,3.0,21.3,New York
2024-06-03,29.9,17.4,32.5,18.3,0.2,0.2,51.0,15.2,New York
2024-06-04,25.5,16.4,27.5,17.5,0.0,0.0,3.0,18.4,New York
2024-06-05,26.1,14.6,28.2,14.8,6.6,6.6,63.0,23.6,New York
2024-06-06,27.6,19.3,30.9,18.8,40.5,40.5,65.0,32.8,New York
2024-06-07,28.4,17.4,27.7,17.6,0.5,0.5,51.0,23.4,New York
2024-06-08,25.2,15.3,22.4,13.6,0.0,0.0,3.0,26.3,New York
2024-06-09,25.3,14.4,23.5,14.3,0.1,0.1,51.0,27.0,New York
2024-06-10,24.3,14.5,22.1,12.9,0.0,0.0,3.0,17.7,New York
2024-06-11,23.2,13.8,23.1,13.5,1.1,1.1,51.0,11.4,New York
2024-06-12,25.7,14.4,25.2,14.2,0.0,0.0,3.0,18.0,New York
2024-06-13,28.9,13.8,30.0,13.6,0.0,0.0,3.0,31.2,New York
2024-06-14,29.5,19.3,34.1,19.8,18.9,18.9,65.0,15.5,New York
2024-06-15,27.3,17.0,26.1,15.8,0.0,0.0,3.0,22.6,New York
2024-06-16,23.9,14.4,25.0,12.5,0.0,0.0,3.0,18.6,New York
2024-06-17,29.4,16.0,31.1,16.8,0.0,0.0,3.0,25.8,New York
2024-06-18,29.8,20.4,33.4,21.4,0.0,0.0,3.0,24.4,New York
2024-06-19,31.0,19.7,34.7,20.9,0.0,0.0,3.0,25.0,New York
2024-06-20,33.3,19.7,35.7,20.7,0.0,0.0,3.0,21.3,New York
2024-06-21,35.4,22.6,38.9,23.0,0.0,0.0,3.0,21.2,New York
2024-06-22,34.5,22.2,40.0,25.2,5.0,5.0,61.0,16.7,New York
2024-06-23,36.2,22.5,36.5,24.7,0.1,0.1,51.0,26.7,New York
2024-06-24,27.1,22.2,27.9,19.1,0.0,0.0,3.0,39.0,New York
2024-06-25,33.7,20.0,33.9,17.3,0.0,0.0,3.0,23.7,New York
2024-06-26,35.7,23.1,38.3,22.4,0.1,0.1,51.0,28.0,New York
2024-06-27,30.3,21.5,29.4,19.1,10.6,10.6,63.0,19.2,New York
2024-06-28,25.3,15.3,26.7,14.3,0.0,0.0,3.0,21.6,New York
2024-06-29,26.8,17.7,26.5,18.4,1.7,1.7,53.0,34.1,New York
2024-06-30,33.3,21.9,35.8,22.4,20.8,20.8,65.0,24.0,New York
2024-07-01,26.8,16.4,24.8,15.0,0.1,0.1,51.0,24.7,New York
2024-07-02,28.6,16.3,31.2,15.2,0.0,0.0,3.0,15.5,New York
2024-07-03,28.0,17.1,27.7,17.2,0.0,0.0,3.0,27.9,New York
2024-07-04,30.4,19.3,33.8,19.1,1.8,1.8,55.0,19.7,New York
2024-07-05,32.1,22.0,37.2,25.8,1.7,1.7,53.0,18.2,New York
2024-07-06,33.1,22.8,39.3,25.7,3.2,3.2,61.0,16.6,New York
2024-07-07,32.5,23.7,36.8,25.9,1.6,1.6,55.0,15.9,New York
2024-07-08,32.9,23.2,37.1,27.2,0.0,0.0,3.0,15.3,New York
2024-07-09,30.9,22.3,35.7,26.4,0.2,0.2,51.0,24.9,New York
2024-07-10,32.0,24.6,36.3,27.8,0.3,0.3,51.0,34.5,New York
2024-07-11,34.4,24.1,33.9,26.1,5.6,5.6,63.0,28.2,New York
2024-07-12,29.4,21.7,31.9,24.1,6.0,6.0,61.0,19.9,New York
2024-07-13,30.7,21.5,35.7,23.5,27.5,27.5,65.0,17.1,New York
2024-07-14,31.3,21.8,36.1,25.0,1.2,1.2,53.0,15.9,New York
2024-07-15,35.1,23.0,38.3,27.3,0.5,0.5,51.0,20.8,New York
2024-07-16,35.1,22.6,37.3,25.5,0.8,0.8,51.0,24.5,New York
2024-07-17,32.0,23.8,36.8,28.1,33.7,33.7,65.0,18.3,New York
2024-07-18,30.8,21.3,32.2,22.7,0.4,0.4,51.0,13.7,New York
2024-07-19,28.8,17.9,29.0,16.9,0.0,0.0,2.0,15.6,New York
2024-07-20,28.7,17.7,29.1,18.5,2.1,2.1,61.0,17.6,New York
2024-07-21,31.3,19.6,34.6,21.6,0.1,0.1,51.0,21.6,New York
2024-07-22,28.3,21.0,31.8,23.9,4.5,4.5,61.0,20.7,New York
2024-07-23,29.5,21.0,33.4,24.8,3.3,3.3,55.0,8.5,New York
2024-07-24,29.4,21.1,32.4,23.2,8.8,8.8,65.0,14.9,New York
2024-07-25,30.6,20.6,31.9,21.5,0.0,0.0,3.0,16.3,New York
2024-07-26,29.3,18.1,29.0,16.0,0.0,0.0,3.0,21.1,New York
2024-07-27,29.9,17.6,30.0,17.6,0.0,0.0,3.0,15.0,New York
2024-07-28,31.4,18.0,31.9,18.5,0.0,0.0,3.0,23.1,New York
2024-07-29,29.4,21.5,31.8,24.9,4.0,4.0,63.0,17.9,New York
2024-07-30,32.0,21.3,33.6,24.9,0.0,0.0,3.0,28.8,New York
2024-07-31,31.9,23.1,34.6,25.9,9.9,9.9,63.0,18.2,New York
2024-08-01,34.8,20.4,38.2,23.4,0.1,0.1,51.0,16.9,New York
2024-08-02,32.9,23.6,36.7,27.4,10.0,10.0,63.0,21.6,New York
2024-08-03,33.0,23.4,37.2,27.2,13.1,13.1,63.0,19.5,New York
2024-08-04,28.2,23.0,31.4,26.5,13.7,13.7,65.0,14.3,New York
2024-08-05,31.9,20.3,35.7,22.3,0.0,0.0,3.0,19.8,New York
2024-08-06,32.5,22.0,37.8,24.3,37.5,37.5,65.0,15.9,New York
2024-08-07,22.6,18.5,25.7,19.2,24.0,24.0,63.0,21.2,New York
2024-08-08,23.3,18.1,24.2,19.0,5.7,5.7,53.0,24.3,New York
2024-08-09,28.4,22.0,28.7,23.7,23.7,23.7,63.0,44.3,New York
2024-08-10,29.4,21.7,30.8,23.7,1.0,1.0,53.0,18.2,New York
2024-08-11,27.4,19.0,28.7,19.5,0.0,0.0,3.0,19.7,New York
2024-08-12,26.3,16.3,25.0,17.1,0.0,0.0,3.0,20.4,New York
2024-08-13,27.0,16.4,26.7,15.8,0.0,0.0,3.0,14.7,New York
2024-08-14,28.4,17.5,28.3,18.4,0.1,0.1,51.0,15.8,New York
2024-08-15,30.2,17.1,31.3,18.5,0.0,0.0,2.0,11.6,New York
2024-08-16,30.3,18.3,33.5,19.8,0.0,0.0,3.0,18.4,New York
2024-08-17,26.4,20.7,27.7,23.8,4.6,4.6,63.0,24.3,New York
2024-08-18,25.6,21.0,26.7,23.1,27.5,27.5,63.0,25.1,New York
2024-08-19,28.4,20.2,32.3,20.1,29.7,29.7,65.0,19.8,New York
2024-08-20,22.4,16.4,20.6,14.5,0.1,0.1,51.0,22.7,New York
2024-08-21,22.6,12.9,20.3,11.4,0.0,0.0,1.0,20.9,New York
2024-08-22,24.5,12.5,22.6,11.6,0.0,0.0,3.0,19.2,New York
2024-08-23,27.4,13.3,27.1,13.3,0.0,0.0,2.0,14.0,New York
2024-08-24,29.8,14.7,30.8,15.1,0.0,0.0,3.0,14.8,New York
2024-08-25,30.1,16.3,31.6,17.0,0.2,0.2,51.0,17.3,New York
2024-08-26,29.8,18.1,32.6,19.0,0.9,0.9,53.0,22.7,New York
2024-08-27,29.8,17.7,32.7,19.4,0.0,0.0,3.0,20.2,New York
2024-08-28,34.1,21.4,36.9,22.7,0.0,0.0,3.0,15.9,New York
2024-08-29,26.9,20.1,29.2,20.4,4.6,4.6,61.0,19.1,New York
2024-08-30,23.8,18.2,23.3,18.4,3.9,3.9,61.0,18.1,New York
2024-08-31,25.7,17.7,26.9,19.1,0.9,0.9,51.0,17.7,New York
2024-09-01,29.0,20.8,30.5,23.4,4.8,4.8,61.0,19.8,New York
2024-09-02,26.1,17.5,25.9,14.1,0.0,0.0,3.0,19.9,New York
2024-09-03,22.9,12.2,21.5,10.3,0.0,0.0,0.0,17.1,New York
2024-09-04,25.0,12.2,25.7,11.2,0.0,0.0,0.0,14.0,New York
2024-09-05,25.5,12.6,25.7,12.3,0.0,0.0,0.0,17.4,New York
2024-09-06,26.4,14.5,27.9,14.2,0.1,0.1,51.0,17.7,New York
2024-09-07,24.4,14.1,24.1,13.9,3.1,3.1,55.0,25.2,New York
2024-09-08,21.7,11.3,18.4,9.6,0.0,0.0,0.0,21.0,New York
2024-09-09,24.9,10.4,22.8,8.4,0.0,0.0,2.0,20.9,New York
2024-09-10,26.0,13.6,25.4,12.1,0.0,0.0,0.0,14.5,New York
2024-09-11,25.4,11.9,26.0,10.9,0.0,0.0,3.0,12.7,New York
2024-09-12,26.2,14.7,27.3,15.6,0.0,0.0,3.0,16.3,New York
2024-09-13,27.3,13.8,28.7,14.3,0.0,0.0,3.0,13.7,New York
2024-09-14,29.5,14.8,30.3,15.0,0.0,0.0,3.0,14.0,New York
2024-09-15,28.0,15.4,28.7,15.0,0.0,0.0,1.0,19.1,New York
2024-09-16,25.6,13.0,25.5,12.8,0.0,0.0,3.0,14.4,New York
2024-09-17,27.1,14.7,27.7,14.8,0.0,0.0,3.0,18.1,New York
2024-09-18,23.7,17.8,22.8,18.8,0.0,0.0,3.0,17.5,New York
2024-09-19,29.6,16.2,28.5,15.7,0.0,0.0,3.0,17.3,New York
2024-09-20,27.6,17.3,27.5,17.0,0.0,0.0,3.0,20.3,New York
2024-09-21,27.0,15.3,25.4,14.6,0.0,0.0,3.0,18.1,New York
2024-09-22,25.2,13.5,24.1,12.7,0.0,0.0,3.0,17.2,New York
2024-09-23,21.0,13.1,19.1,12.2,0.1,0.1,51.0,16.9,New York
2024-09-24,20.1,13.8,18.6,12.5,0.0,0.0,3.0,17.2,New York
2024-09-25,20.6,15.9,18.9,14.7,1.1,1.1,53.0,20.8,New York
2024-09-26,23.2,17.0,25.8,17.1,4.4,4.4,55.0,17.7,New York
2024-09-27,22.2,18.5,24.6,19.1,0.9,0.9,53.0,15.4,New York
2024-09-28,19.9,15.9,19.9,14.7,13.7,13.7,63.0,19.8,New York
2024-09-29,18.5,16.4,17.8,15.1,1.2,1.2,51.0,17.8,New York
2024-09-30,22.8,14.2,21.2,13.8,0.0,0.0,3.0,18.5,New York
2024-10-01,22.1,14.4,20.5,13.8,0.0,0.0,3.0,16.5,New York
2024-10-02,20.6,12.9,19.9,12.1,0.0,0.0,3.0,14.3,New York
2024-10-03,22.2,14.9,21.7,15.4,0.1,0.1,51.0,15.1,New York
2024-10-04,23.3,12.2,23.3,12.0,0.2,0.2,51.0,16.9,New York
2024-10-05,23.9,13.6,21.8,12.5,0.4,0.4,51.0,18.0,New York
2024-10-06,21.7,9.9,20.9,8.4,0.0,0.0,3.0,17.2,New York
2024-10-07,23.5,15.5,21.2,13.1,5.5,5.5,63.0,19.7,New York
2024-10-08,20.8,10.3,17.6,8.4,0.0,0.0,3.0,16.7,New York
2024-10-09,20.1,9.1,16.3,7.3,0.1,0.1,51.0,22.2,New York
2024-10-10,17.9,7.6,12.9,4.3,0.0,0.0,1.0,21.3,New York
2024-10-11,21.0,6.3,17.0,4.0,0.0,0.0,0.0,18.9,New York
2024-10-12,23.0,12.2,19.4,9.3,0.0,0.0,2.0,24.0,New York
2024-10-13,23.5,9.6,22.9,7.0,0.0,0.0,3.0,16.4,New York
2024-10-14,19.4,8.4,17.6,3.7,0.0,0.0,3.0,36.2,New York
2024-10-15,14.6,5.3,9.9,1.8,0.2,0.2,51.0,20.6,New York
2024-10-16,15.4,5.3,10.5,1.6,0.0,0.0,3.0,22.0,New York
2024-10-17,15.1,3.5,11.0,0.5,0.0,0.0,3.0,23.1,New York
2024-10-18,19.4,6.7,14.4,2.6,0.0,0.0,0.0,20.4,New York
2024-10-19,21.5,6.9,20.0,4.1,0.0,0.0,0.0,11.5,New York
2024-10-20,24.5,5.7,21.5,2.8,0.0,0.0,2.0,11.0,New York
2024-10-21,27.7,7.6,25.0,5.3,0.0,0.0,0.0,13.6,New York
2024-10-22,27.6,12.6,27.0,11.6,0.0,0.0,0.0,12.5,New York
2024-10-23,25.2,10.8,23.9,9.2,0.0,0.0,3.0,17.8,New York
2024-10-24,20.6,11.5,16.4,7.8,0.6,0.6,53.0,25.8,New York
2024-10-25,18.0,6.3,14.3,3.4,0.0,0.0,3.0,15.8,New York
2024-10-26,18.2,9.5,12.8,6.8,0.0,0.0,3.0,24.8,New York
2024-10-27,14.7,4.7,10.1,1.8,0.0,0.0,3.0,18.6,New York
2024-10-28,16.1,2.8,12.9,-0.1,0.0,0.0,2.0,15.1,New York
2024-10-29,17.4,5.9,15.0,4.0,1.1,1.1,51.0,24.0,New York
2024-10-30,25.8,10.9,24.2,10.0,0.0,0.0,3.0,13.9,New York
2024-10-31,28.1,11.9,26.0,11.2,0.0,0.0,3.0,22.2,New York
2024-11-01,26.5,14.9,22.1,11.4,0.3,0.3,51.0,30.4,New York
2024-11-02,15.8,8.2,11.8,4.2,0.0,0.0,1.0,20.3,New York
2024-11-03,13.1,3.6,8.7,-0.6,0.0,0.0,3.0,14.5,New York
2024-11-04,14.2,3.3,10.6,0.0,0.0,0.0,3.0,19.2,New York
2024-11-05,22.4,8.6,20.4,7.0,0.0,0.0,3.0,21.3,New York
2024-11-06,26.8,16.3,25.1,14.4,0.0,0.0,2.0,22.8,New York
2024-11-07,22.9,12.4,19.8,9.2,0.0,0.0,3.0,21.3,New York
2024-11-08,20.5,6.6,14.7,4.3,0.0,0.0,3.0,27.6,New York
2024-11-09,12.9,4.4,7.9,0.1,0.0,0.0,3.0,23.5,New York
2024-11-10,14.3,2.2,10.7,-0.7,0.7,0.7,53.0,20.4,New York
2024-11-11,20.9,10.8,17.1,8.7,3.3,3.3,61.0,25.7,New York
2024-11-12,12.0,5.5,8.3,0.6,0.0,0.0,2.0,26.9,New York
2024-11-13,9.0,1.3,4.9,-2.9,0.0,0.0,2.0,13.6,New York
2024-11-14,7.7,1.2,4.6,-3.1,0.0,0.0,3.0,9.6,New York
2024-11-15,14.6,2.9,11.1,-0.6,0.0,0.0,3.0,14.5,New York
2024-11-16,16.3,6.1,11.4,1.9,0.0,0.0,0.0,16.6,New York
2024-11-17,17.9,6.4,14.3,2.6,0.0,0.0,3.0,14.5,New York
2024-11-18,17.8,7.5,14.5,4.2,0.0,0.0,3.0,14.0,New York
2024-11-19,14.6,5.8,11.6,3.4,0.0,0.0,3.0,13.1,New York
2024-11-20,15.8,7.1,13.4,4.9,0.0,0.0,3.0,11.5,New York
2024-11-21,12.1,4.1,9.6,0.4,42.3,42.3,63.0,17.5,New York
2024-11-22,4.8,2.0,0.3,-2.6,14.9,14.8,71.0,24.8,New York
2024-11-23,8.7,2.4,4.0,-1.6,1.4,1.4,53.0,25.4,New York
2024-11-24,10.8,5.4,6.3,1.5,0.0,0.0,3.0,22.3,New York
2024-11-25,10.7,2.1,8.0,-0.7,0.0,0.0,3.0,10.7,New York
2024-11-26,14.7,6.5,12.7,3.6,3.7,3.7,61.0,15.4,New York
2024-11-27,10.2,2.2,6.7,-0.8,0.0,0.0,3.0,9.6,New York
2024-11-28,11.6,4.8,9.8,0.5,13.1,13.1,63.0,20.0,New York
2024-11-29,7.7,1.0,3.2,-3.2,0.2,0.2,51.0,18.4,New York
2024-11-30,3.4,-2.3,-2.1,-6.7,0.0,0.0,3.0,16.9,New York
2024-12-01,2.6,-3.8,-3.3,-7.8,0.0,0.0,3.0,17.9,New York
2024-12-02,3.8,-3.3,-0.6,-7.0,0.0,0.0,2.0,10.5,New York
2024-12-03,5.0,-2.4,0.6,-6.0,0.0,0.0,1.0,11.8,New York
2024-12-04,3.7,-3.4,-1.1,-6.9,0.0,0.0,3.0,15.8,New York
2024-12-05,4.5,-0.2,-0.3,-6.3,3.6,2.1,73.0,27.3,New York
2024-12-06,0.0,-2.4,-5.5,-7.1,0.0,0.0,3.0,18.7,New York
2024-12-07,4.5,-2.8,-0.3,-7.6,0.0,0.0,3.0,13.9,New York
2024-12-08,11.2,1.3,6.5,-3.5,0.0,0.0,3.0,19.6,New York
2024-12-09,10.3,0.9,8.0,-1.9,7.4,7.4,61.0,11.6,New York
2024-12-10,10.9,5.6,9.4,3.9,2.1,2.1,55.0,13.2,New York
2024-12-11,16.0,5.8,14.7,1.0,34.3,34.3,63.0,24.0,New York
2024-12-12,5.0,-2.2,0.1,-6.7,0.1,0.1,51.0,25.1,New York
2024-12-13,0.1,-4.1,-4.7,-8.0,0.0,0.0,1.0,11.3,New York
2024-12-14,0.5,-5.7,-3.4,-9.6,0.0,0.0,3.0,8.3,New York
2024-12-15,2.9,-5.1,-0.6,-9.1,0.1,0.1,51.0,10.0,New York
2024-12-16,9.4,1.5,7.4,-1.8,15.4,15.4,63.0,12.5,New York
2024-12-17,14.6,7.3,12.9,4.3,4.7,4.7,61.0,15.8,New York
2024-12-18,9.8,1.3,7.6,-1.0,2.5,2.5,55.0,10.9,New York
2024-12-19,6.6,0.7,4.6,-2.6,2.6,2.6,55.0,15.0,New York
2024-12-20,2.4,-0.9,-1.5,-5.0,1.7,0.9,71.0,14.6,New York
2024-12-21,0.2,-6.7,-3.4,-12.2,4.1,0.0,73.0,19.9,New York
2024-12-22,-7.1,-12.2,-12.5,-16.7,0.0,0.0,1.0,14.5,New York
2024-12-23,-4.1,-15.0,-8.6,-19.2,0.0,0.0,3.0,9.2,New York
2024-12-24,1.3,-4.2,-1.5,-8.2,1.9,0.0,73.0,10.5,New York
2024-12-25,0.0,-6.4,-3.8,-10.3,0.0,0.0,3.0,10.2,New York
2024-12-26,-0.4,-8.3,-3.9,-12.7,0.0,0.0,3.0,8.3,New York
2024-12-27,1.9,-9.5,-1.2,-13.4,0.0,0.0,3.0,6.2,New York
2024-12-28,7.1,1.7,5.3,-1.1,5.6,5.6,53.0,6.7,New York
2024-12-29,16.0,4.3,15.8,2.3,2.7,2.7,53.0,22.4,New York
2024-12-30,12.9,7.6,10.7,4.1,5.8,5.8,63.0,25.5,New York
2024-12-31,9.6,1.3,6.8,-1.2,5.9,5.9,63.0,12.2,New York
2025-01-01,10.8,3.8,7.5,-1.7,4.5,4.5,63.0,23.2,New York
2025-01-02,5.3,0.2,-0.9,-5.0,0.0,0.0,3.0,25.1,New York
2025-01-03,3.1,-2.0,-1.6,-6.7,0.0,0.0,3.0,17.1,New York
2025-01-04,-0.2,-2.8,-6.3,-8.4,0.0,0.0,3.0,26.1,New York
2025-01-05,0.2,-3.7,-5.7,-9.1,0.0,0.0,3.0,19.9,New York
2025-01-06,-1.7,-4.6,-4.7,-10.2,1.7,0.0,73.0,16.7,New York
2025-01-07,-3.1,-8.8,-9.2,-15.3,0.0,0.0,3.0,29.9,New York
2025-01-08,-2.6,-6.7,-9.4,-13.1,0.0,0.0,3.0,25.4,New York
2025-01-09,-1.6,-6.9,-8.8,-13.2,0.0,0.0,3.0,29.0,New York
2025-01-10,3.2,-4.0,-1.6,-10.0,0.0,0.0,3.0,22.5,New York
2025-01-11,0.3,-3.0,-4.0,-7.4,2.0,0.0,73.0,17.3,New York
2025-01-12,4.7,-2.0,0.5,-6.7,0.0,0.0,3.0,14.9,New York
2025-01-13,6.5,-2.0,1.8,-5.8,0.0,0.0,3.0,18.3,New York
2025-01-14,0.2,-3.8,-4.6,-9.3,0.0,0.0,3.0,21.1,New York
2025-01-15,-1.2,-5.8,-7.6,-11.5,0.0,0.0,3.0,23.7,New York
2025-01-16,-0.7,-6.0,-5.7,-10.5,0.3,0.0,71.0,10.7,New York
2025-01-17,4.9,-5.1,1.2,-9.0,0.0,0.0,3.0,10.8,New York
2025-01-18,6.4,-1.0,3.3,-5.2,2.1,2.1,53.0,14.9,New York
2025-01-19,2.5,-2.2,-0.8,-7.2,8.8,0.3,75.0,18.3,New York
2025-01-20,-2.7,-10.6,-7.6,-15.5,0.2,0.0,71.0,16.3,New York
2025-01-21,-8.5,-15.9,-13.4,-20.6,0.4,0.0,71.0,10.0,New York
2025-01-22,-8.3,-16.8,-12.2,-21.4,0.0,0.0,3.0,11.0,New York
2025-01-23,-3.6,-13.2,-8.1,-17.6,0.0,0.0,3.0,8.3,New York
2025-01-24,-1.2,-10.8,-5.7,-15.2,0.0,0.0,3.0,10.7,New York
2025-01-25,-2.1,-13.1,-6.9,-17.0,0.0,0.0,3.0,11.6,New York
2025-01-26,4.0,-5.7,-0.7,-9.9,0.0,0.0,3.0,15.9,New York
2025-01-27,1.9,-5.0,-3.2,-9.4,0.0,0.0,3.0,17.7,New York
2025-01-28,4.3,-3.1,-1.6,-6.7,0.0,0.0,3.0,23.3,New York
2025-01-29,9.0,0.2,3.7,-5.3,0.0,0.0,3.0,23.3,New York
2025-01-30,0.9,-6.4,-3.4,-10.8,0.0,0.0,3.0,15.5,New York
2025-01-31,6.1,0.6,4.0,-3.7,10.3,10.3,61.0,13.5,New York
2025-02-01,6.1,-5.9,3.4,-11.3,2.4,2.4,53.0,19.4,New York
2025-02-02,1.2,-9.7,-2.7,-14.4,1.2,0.0,73.0,11.7,New York
2025-02-03,6.0,-3.2,3.1,-6.5,0.3,0.0,71.0,12.8,New York
2025-02-04,6.0,-0.6,1.4,-5.6,0.3,0.3,51.0,23.0,New York
2025-02-05,1.7,-3.6,-2.3,-8.2,0.0,0.0,3.0,14.5,New York
2025-02-06,4.3,-2.0,1.6,-5.7,8.5,3.6,75.0,14.1,New York
2025-02-07,5.0,-2.8,-0.5,-6.7,0.0,0.0,3.0,25.7,New York
2025-02-08,1.0,-4.5,-2.8,-9.3,7.8,0.4,75.0,10.1,New York
2025-02-09,1.3,-2.3,-2.9,-5.9,6.4,3.8,75.0,13.1,New York
2025-02-10,0.4,-5.3,-4.1,-9.4,0.0,0.0,3.0,12.9,New York
2025-02-11,-0.3,-9.3,-3.5,-12.9,1.2,0.0,73.0,5.7,New York
2025-02-12,0.3,-2.3,-3.4,-6.2,4.5,0.0,73.0,13.0,New York
2025-02-13,7.1,0.4,3.1,-3.4,6.6,6.4,71.0,19.4,New York
2025-02-14,0.9,-3.3,-4.4,-8.1,0.0,0.0,3.0,19.2,New York
2025-02-15,1.6,-4.1,-2.6,-7.8,6.9,3.8,73.0,12.7,New York
2025-02-16,7.3,0.7,2.8,-3.0,23.1,23.1,63.0,28.7,New York
2025-02-17,0.8,-3.6,-5.7,-9.6,0.0,0.0,3.0,27.2,New York
2025-02-18,-3.1,-8.5,-8.1,-14.6,0.0,0.0,3.0,20.5,New York
2025-02-19,-1.2,-9.3,-6.3,-14.8,0.0,0.0,3.0,16.5,New York
2025-02-20,-1.2,-8.8,-5.8,-13.3,0.9,0.0,71.0,19.3,New York
2025-02-21,-0.4,-6.5,-6.1,-12.5,0.0,0.0,3.0,20.6,New York
2025-02-22,3.6,-7.5,-0.7,-12.4,0.0,0.0,3.0,15.0,New York
2025-02-23,7.8,-1.9,4.1,-6.4,0.0,0.0,3.0,11.7,New York
2025-02-24,8.2,-1.9,4.2,-5.1,0.0,0.0,3.0,17.4,New York
2025-02-25,12.4,3.5,9.9,-0.1,0.0,0.0,3.0,12.9,New York
2025-02-26,13.7,2.3,9.8,-1.2,0.1,0.1,51.0,19.1,New York
2025-02-27,12.0,4.6,10.3,1.7,9.2,9.2,63.0,14.8,New York
2025-02-28,9.6,1.8,4.9,-2.1,0.0,0.0,3.0,17.8,New York
2025-03-01,15.9,-0.9,12.0,-7.0,0.0,0.0,3.0,26.3,New York
2025-03-02,0.5,-7.4,-4.9,-13.1,0.0,0.0,3.0,19.2,New York
2025-03-03,3.6,-5.7,-1.3,-10.6,0.0,0.0,3.0,13.0,New York
2025-03-04,12.8,-2.1,9.4,-6.2,0.0,0.0,3.0,13.1,New York
2025-03-05,12.5,5.6,9.4,2.8,39.2,39.2,65.0,28.0,New York
2025-03-06,12.1,2.2,10.4,-3.6,2.9,2.9,63.0,25.2,New York
2025-03-07,8.1,-0.9,2.2,-6.3,0.0,0.0,3.0,30.4,New York
2025-03-08,6.1,0.9,0.8,-3.5,0.0,0.0,3.0,22.7,New York
2025-03-09,10.3,-2.4,6.5,-6.4,0.0,0.0,3.0,24.4,New York
2025-03-10,17.0,3.6,15.1,-0.8,0.0,0.0,2.0,13.2,New York
2025-03-11,16.0,2.7,14.0,0.2,0.0,0.0,1.0,11.2,New York
2025-03-12,11.2,3.0,8.1,-1.5,0.0,0.0,3.0,15.0,New York
2025-03-13,10.3,1.9,7.9,-1.7,0.0,0.0,3.0,10.9,New York
2025-03-14,12.8,0.7,12.3,-2.5,0.0,0.0,3.0,10.5,New York
2025-03-15,9.1,3.5,6.6,1.3,0.5,0.5,51.0,11.9,New York
2025-03-16,15.8,7.3,13.9,5.6,8.2,8.2,63.0,24.3,New York
2025-03-17,14.7,3.2,14.6,-1.6,30.9,30.9,65.0,22.0,New York
2025-03-18,14.0,0.6,11.4,-4.6,0.0,0.0,3.0,17.8,New York
2025-03-19,14.1,2.7,12.4,0.4,0.0,0.0,3.0,10.3,New York
2025-03-20,10.0,5.4,7.4,3.1,11.4,11.4,63.0,16.4,New York
2025-03-21,9.2,2.4,7.0,-3.6,7.3,7.3,63.0,25.7,New York
2025-03-22,16.3,2.4,12.7,-1.0,0.0,0.0,3.0,22.1,New York
2025-03-23,8.2,-2.5,5.0,-7.9,0.0,0.0,3.0,18.0,New York
2025-03-24,10.5,4.0,9.5,0.1,13.7,13.7,63.0,16.5,New York
2025-03-25,14.1,4.8,8.7,1.3,0.0,0.0,3.0,26.2,New York
2025-03-26,10.1,2.0,6.4,-1.2,0.3,0.3,51.0,18.0,New York
2025-03-27,9.8,-0.6,5.2,-4.3,0.0,0.0,1.0,16.1,New York
2025-03-28,15.6,4.5,12.7,0.1,1.3,1.3,55.0,13.2,New York
2025-03-29,26.2,7.2,24.4,5.2,7.3,7.3,61.0,21.7,New York
2025-03-30,13.8,5.6,12.5,3.1,0.3,0.3,51.0,9.0,New York
2025-03-31,23.9,8.1,24.3,6.7,39.2,39.2,65.0,21.2,New York
2025-04-01,15.9,4.4,16.4,-0.6,6.6,6.6,63.0,22.6,New York
2025-04-02,8.4,0.1,5.4,-4.0,0.0,0.0,3.0,16.0,New York
2025-04-03,22.2,6.5,22.2,3.4,1.5,1.5,53.0,22.0,New York
2025-04-04,21.2,12.7,21.4,11.2,7.2,7.2,63.0,15.6,New York
2025-04-05,12.6,5.9,10.5,3.7,1.5,1.5,53.0,16.5,New York
2025-04-06,15.4,5.9,12.9,3.8,3.1,3.1,61.0,14.0,New York
2025-04-07,9.1,4.3,5.8,1.2,8.5,8.5,55.0,11.9,New York
2025-04-08,6.6,1.9,3.5,-3.7,0.0,0.0,3.0,27.0,New York
2025-04-09,8.3,-1.7,5.6,-6.6,0.0,0.0,1.0,15.0,New York
2025-04-10,9.4,1.6,6.2,-1.3,0.7,0.7,51.0,17.2,New York
2025-04-11,7.3,4.4,4.9,1.1,11.7,11.7,61.0,17.9,New York
2025-04-12,5.6,1.5,1.3,-3.7,17.2,15.3,73.0,23.0,New York
2025-04-13,13.9,3.8,10.0,-0.1,0.0,0.0,3.0,19.7,New York
2025-04-14,16.2,4.8,13.8,2.0,0.0,0.0,3.0,11.3,New York
2025-04-15,18.7,8.9,16.3,4.6,1.4,1.4,61.0,26.7,New York
2025-04-16,10.1,5.2,4.1,0.8,0.0,0.0,3.0,25.8,New York
2025-04-17,15.5,3.3,12.4,-0.4,0.0,0.0,2.0,14.7,New York
2025-04-18,18.3,4.0,16.6,1.6,0.0,0.0,3.0,17.6,New York
2025-04-19,27.0,15.6,26.8,13.9,0.1,0.1,51.0,19.5,New York
2025-04-20,21.9,10.7,21.8,6.3,0.0,0.0,3.0,19.6,New York
2025-04-21,13.4,7.2,9.4,4.5,0.3,0.3,51.0,14.6,New York
2025-04-22,27.0,10.9,25.7,9.5,0.1,0.1,51.0,15.5,New York
2025-04-23,25.0,9.6,22.7,7.8,0.0,0.0,3.0,14.7,New York
2025-04-24,26.1,11.3,24.8,9.7,0.0,0.0,3.0,15.7,New York
2025-04-25,24.8,14.2,24.3,12.4,0.0,0.0,3.0,16.4,New York
2025-04-26,22.1,13.8,22.8,9.6,13.2,13.2,63.0,21.4,New York
2025-04-27,14.1,8.2,9.5,4.3,0.0,0.0,3.0,30.4,New York
2025-04-28,22.5,9.0,21.8,5.8,0.0,0.0,3.0,12.7,New York
2025-04-29,27.0,11.0,26.0,8.5,0.0,0.0,3.0,19.3,New York
2025-04-30,22.7,16.3,20.6,13.1,0.0,0.0,3.0,17.9,New York
2025-05-01,21.1,10.1,19.4,7.2,0.0,0.0,3.0,14.6,New York
2025-05-02,30.0,14.1,30.5,12.6,0.0,0.0,3.0,16.0,New York
2025-05-03,28.9,18.2,30.1,18.5,8.7,8.7,63.0,14.7,New York
2025-05-04,21.2,15.2,22.5,15.0,13.6,13.6,63.0,13.1,New York
2025-05-05,20.1,14.2,20.5,13.9,12.7,12.7,63.0,13.5,New York
2025-05-06,19.0,13.9,19.1,13.4,21.3,21.3,65.0,15.2,New York
2025-05-07,22.4,13.7,20.9,13.2,0.3,0.3,51.0,11.8,New York
2025-05-08,24.2,13.4,27.8,13.6,0.4,0.4,51.0,11.0,New York
2025-05-09,16.8,12.1,17.1,10.2,14.6,14.6,63.0,12.5,New York
2025-05-10,20.5,10.0,18.1,7.3,0.0,0.0,3.0,23.3,New York
2025-05-11,23.3,11.2,23.9,10.0,0.0,0.0,3.0,12.3,New York
2025-05-12,20.2,10.7,19.8,9.4,0.0,0.0,3.0,11.6,New York
2025-05-13,20.3,14.7,21.0,15.3,3.9,3.9,55.0,11.0,New York
2025-05-14,19.1,14.8,18.5,14.4,26.5,26.5,65.0,17.1,New York
2025-05-15,22.8,15.5,25.5,16.2,4.1,4.1,63.0,10.9,New York
2025-05-16,22.2,15.1,23.8,16.3,0.9,0.9,53.0,13.4,New York
2025-05-17,26.7,17.2,29.4,19.1,2.5,2.5,61.0,19.2,New York
2025-05-18,23.0,14.8,21.3,12.6,0.5,0.5,51.0,24.9,New York
2025-05-19,20.0,12.0,18.2,8.0,0.0,0.0,3.0,21.8,New York
2025-05-20,18.5,8.5,16.5,5.7,0.0,0.0,3.0,15.2,New York
2025-05-21,13.9,9.4,13.2,7.2,4.0,4.0,53.0,18.1,New York
2025-05-22,12.4,8.9,10.2,6.6,22.8,22.8,63.0,20.4,New York
2025-05-23,16.7,8.6,14.8,7.1,3.2,3.2,61.0,13.9,New York
2025-05-24,16.9,8.4,14.6,5.7,0.5,0.5,51.0,18.2,New York
2025-05-25,19.1,10.2,15.8,7.9,0.0,0.0,3.0,17.6,New York
2025-05-26,22.1,10.3,20.2,8.6,0.0,0.0,1.0,13.1,New York
2025-05-27,25.5,11.7,25.4,11.0,0.0,0.0,3.0,14.7,New York
2025-05-28,18.8,12.3,17.3,11.4,10.6,10.6,63.0,11.6,New York
2025-05-29,21.5,12.6,22.5,11.9,2.9,2.9,53.0,12.2,New York
2025-05-30,23.3,16.1,25.3,16.7,7.7,7.7,61.0,11.8,New York
2025-05-31,19.3,12.2,17.6,9.3,39.4,39.4,65.0,25.6,New York
2025-06-01,18.7,9.5,16.3,6.7,0.0,0.0,3.0,20.8,New York
2025-06-02,21.5,9.8,20.2,8.6,0.0,0.0,3.0,12.3,New York
2025-06-03,26.6,11.2,27.5,10.7,0.0,0.0,1.0,10.8,New York
2025-06-04,29.6,14.5,31.5,13.8,0.0,0.0,3.0,14.2,New York
2025-06-05,34.8,20.1,37.0,21.3,0.0,0.0,3.0,16.2,New York
2025-06-06,31.7,21.5,33.4,23.5,3.5,3.5,63.0,13.8,New York
2025-06-07,26.6,20.2,29.2,21.7,3.6,3.6,53.0,17.2,New York
2025-06-08,24.1,16.5,25.7,16.7,1.7,1.7,53.0,15.2,New York
2025-06-09,21.3,15.1,22.8,15.1,3.1,3.1,53.0,10.5,New York
2025-06-10,25.5,17.0,27.0,18.3,17.5,17.5,63.0,12.5,New York
2025-06-11,28.9,16.8,28.5,18.1,0.0,0.0,3.0,18.7,New York
2025-06-12,33.7,19.7,34.5,19.6,0.3,0.3,51.0,16.4,New York
2025-06-13,29.7,20.1,29.7,19.6,0.0,0.0,3.0,12.5,New York
2025-06-14,20.8,15.7,19.8,15.6,5.3,5.3,61.0,14.4,New York
2025-06-15,19.5,15.1,20.2,14.8,5.4,5.4,61.0,11.0,New York
2025-06-16,19.9,15.6,20.6,15.7,3.0,3.0,55.0,12.1,New York
2025-06-17,21.2,17.0,22.8,18.5,5.2,5.2,61.0,10.8,New York
2025-06-18,28.5,18.1,32.8,20.2,11.6,11.6,63.0,12.1,New York
2025-06-19,31.3,21.9,35.7,24.0,4.7,4.7,61.0,17.1,New York
2025-06-20,28.1,18.4,28.2,17.0,0.3,0.3,51.0,17.8,New York
2025-06-21,33.0,20.0,34.8,21.7,0.0,0.0,3.0,15.2,New York
2025-06-22,33.9,24.2,36.2,25.5,0.3,0.3,51.0,19.3,New York
2025-06-23,40.1,26.4,44.5,31.5,0.0,0.0,3.0,7.1,New York
2025-06-24,40.3,28.9,41.4,32.3,0.0,0.0,2.0,17.6,New York
2025-06-25,38.3,28.3,40.6,30.6,0.3,0.3,51.0,15.9,New York
2025-06-26,30.5,19.9,34.2,19.3,0.3,0.3,51.0,17.3,New York
2025-06-27,22.9,17.7,20.8,18.1,7.4,7.4,63.0,13.5,New York
2025-06-28,30.4,18.0,32.5,19.0,0.7,0.7,51.0,14.2,New York
2025-06-29,33.0,23.1,35.0,27.5,0.0,0.0,3.0,12.5,New York
2025-06-30,34.9,22.6,37.4,24.6,0.7,0.7,51.0,16.5,New York
2025-07-01,32.6,23.8,36.1,28.0,8.2,8.2,63.0,17.7,New York
2025-07-02,29.6,22.7,32.1,26.5,2.7,2.7,53.0,7.5,New York
2025-07-03,31.3,21.4,32.2,23.3,0.2,0.2,51.0,18.0,New York
2025-07-04,28.2,18.2,28.7,17.9,0.0,0.0,0.0,11.6,New York
2025-07-05,32.3,19.0,32.8,20.3,0.0,0.0,3.0,15.0,New York
2025-07-06,34.4,21.5,35.1,22.6,0.0,0.0,3.0,13.3,New York
2025-07-07,31.5,24.1,35.1,28.2,4.1,4.1,61.0,16.3,New York
2025-07-08,36.9,23.5,40.3,27.4,15.6,15.6,65.0,14.6,New York
2025-07-09,32.2,22.8,36.0,26.8,1.6,1.6,61.0,9.5,New York
2025-07-10,27.1,22.6,30.5,26.8,18.6,18.6,63.0,6.6,New York
2025-07-11,29.0,21.4,33.9,25.6,0.2,0.2,51.0,12.1,New York
2025-07-12,30.5,22.5,34.4,25.9,0.2,0.2,51.0,13.2,New York
2025-07-13,29.7,22.4,32.1,25.6,0.2,0.2,51.0,14.5,New York
2025-07-14,31.4,23.0,35.7,27.2,17.5,17.5,63.0,13.7,New York
2025-07-15,28.7,22.7,35.5,27.5,2.7,2.7,53.0,8.7,New York
2025-07-16,30.5,23.0,36.5,28.0,2.2,2.2,53.0,11.6,New York
2025-07-17,33.4,23.6,36.9,28.3,1.9,1.9,61.0,18.6,New York
2025-07-18,29.7,22.3,30.8,21.7,0.0,0.0,3.0,15.0,New York
2025-07-19,28.2,21.0,29.5,21.9,0.0,0.0,3.0,14.0,New York
2025-07-20,34.0,22.2,36.8,25.8,4.1,4.1,61.0,15.3,New York
2025-07-21,31.7,21.4,31.3,23.0,0.0,0.0,2.0,19.2,New York
2025-07-22,28.0,19.5,29.3,18.1,0.0,0.0,3.0,14.0,New York
2025-07-23,28.7,19.5,29.8,21.9,0.0,0.0,3.0,13.2,New York
2025-07-24,31.0,19.8,32.6,20.7,0.0,0.0,3.0,14.0,New York
2025-07-25,37.6,24.4,41.2,27.0,5.4,5.4,63.0,22.7,New York
2025-07-26,30.5,23.5,33.6,24.6,0.0,0.0,3.0,14.4,New York
2025-07-27,,,,,,,,,New York
2025-07-28,,,,,,,,,New York
2025-07-29,,,,,,,,,New York
